<mesh>
  <submeshes>
    <submesh material="Material.745" usesharedvertices="false">
      <faces count="180">
        <face v1="0" v2="1" v3="2"></face>
        <face v1="2" v2="3" v3="0"></face>
        <face v1="4" v2="5" v3="6"></face>
        <face v1="6" v2="7" v3="4"></face>
        <face v1="8" v2="9" v3="10"></face>
        <face v1="10" v2="11" v3="8"></face>
        <face v1="12" v2="13" v3="14"></face>
        <face v1="14" v2="15" v3="12"></face>
        <face v1="16" v2="17" v3="18"></face>
        <face v1="18" v2="19" v3="16"></face>
        <face v1="20" v2="21" v3="22"></face>
        <face v1="22" v2="23" v3="20"></face>
        <face v1="3" v2="2" v3="24"></face>
        <face v1="24" v2="25" v3="3"></face>
        <face v1="16" v2="19" v3="26"></face>
        <face v1="26" v2="27" v3="16"></face>
        <face v1="6" v2="5" v3="28"></face>
        <face v1="28" v2="29" v3="6"></face>
        <face v1="30" v2="31" v3="32"></face>
        <face v1="32" v2="33" v3="30"></face>
        <face v1="1" v2="0" v3="34"></face>
        <face v1="34" v2="35" v3="1"></face>
        <face v1="36" v2="37" v3="38"></face>
        <face v1="38" v2="39" v3="36"></face>
        <face v1="4" v2="7" v3="40"></face>
        <face v1="40" v2="41" v3="4"></face>
        <face v1="18" v2="17" v3="42"></face>
        <face v1="42" v2="43" v3="18"></face>
        <face v1="17" v2="16" v3="44"></face>
        <face v1="44" v2="45" v3="17"></face>
        <face v1="16" v2="27" v3="46"></face>
        <face v1="46" v2="44" v3="16"></face>
        <face v1="13" v2="12" v3="47"></face>
        <face v1="47" v2="48" v3="13"></face>
        <face v1="32" v2="31" v3="49"></face>
        <face v1="49" v2="50" v3="32"></face>
        <face v1="31" v2="36" v3="51"></face>
        <face v1="51" v2="49" v3="31"></face>
        <face v1="36" v2="39" v3="52"></face>
        <face v1="52" v2="51" v3="36"></face>
        <face v1="21" v2="20" v3="53"></face>
        <face v1="53" v2="54" v3="21"></face>
        <face v1="42" v2="17" v3="45"></face>
        <face v1="45" v2="55" v3="42"></face>
        <face v1="37" v2="30" v3="56"></face>
        <face v1="56" v2="57" v3="37"></face>
        <face v1="30" v2="33" v3="58"></face>
        <face v1="58" v2="56" v3="30"></face>
        <face v1="15" v2="14" v3="59"></face>
        <face v1="59" v2="60" v3="15"></face>
        <face v1="26" v2="19" v3="61"></face>
        <face v1="61" v2="62" v3="26"></face>
        <face v1="19" v2="18" v3="63"></face>
        <face v1="63" v2="61" v3="19"></face>
        <face v1="18" v2="43" v3="64"></face>
        <face v1="64" v2="63" v3="18"></face>
        <face v1="23" v2="22" v3="65"></face>
        <face v1="65" v2="66" v3="23"></face>
        <face v1="38" v2="37" v3="57"></face>
        <face v1="57" v2="67" v3="38"></face>
      </faces>
      <geometry vertexcount="68">
        <vertexbuffer positions="true" normals="true" texture_coords="1">
          <vertex>
            <position x="-0.605" y="-0.003" z="0.049"></position>
            <normal x="0.0" y="-1.0" z="0.0"></normal>
            <texcoord u="0.597" v="0.994"></texcoord>
          </vertex>
          <vertex>
            <position x="-0.605" y="-0.003" z="-0.049"></position>
            <normal x="0.0" y="-1.0" z="0.0"></normal>
            <texcoord u="0.597" v="0.985"></texcoord>
          </vertex>
          <vertex>
            <position x="0.605" y="-0.003" z="-0.049"></position>
            <normal x="0.0" y="-1.0" z="0.0"></normal>
            <texcoord u="0.401" v="0.985"></texcoord>
          </vertex>
          <vertex>
            <position x="0.605" y="-0.003" z="0.049"></position>
            <normal x="0.0" y="-1.0" z="0.0"></normal>
            <texcoord u="0.401" v="0.994"></texcoord>
          </vertex>
          <vertex>
            <position x="-0.605" y="0.684" z="0.049"></position>
            <normal x="0.0" y="1.0" z="0.0"></normal>
            <texcoord u="0.401" v="0.994"></texcoord>
          </vertex>
          <vertex>
            <position x="0.605" y="0.684" z="0.049"></position>
            <normal x="0.0" y="1.0" z="0.0"></normal>
            <texcoord u="0.597" v="0.994"></texcoord>
          </vertex>
          <vertex>
            <position x="0.605" y="0.684" z="-0.049"></position>
            <normal x="0.0" y="1.0" z="0.0"></normal>
            <texcoord u="0.597" v="0.985"></texcoord>
          </vertex>
          <vertex>
            <position x="-0.605" y="0.684" z="-0.049"></position>
            <normal x="0.0" y="1.0" z="0.0"></normal>
            <texcoord u="0.401" v="0.985"></texcoord>
          </vertex>
          <vertex>
            <position x="-0.605" y="0.0" z="0.049"></position>
            <normal x="0.0" y="0.0" z="1.0"></normal>
            <texcoord u="0.993" v="-0.21099997"></texcoord>
          </vertex>
          <vertex>
            <position x="0.605" y="0.0" z="0.049"></position>
            <normal x="0.0" y="0.0" z="1.0"></normal>
            <texcoord u="2.004" v="-0.21099997"></texcoord>
          </vertex>
          <vertex>
            <position x="0.605" y="0.681" z="0.049"></position>
            <normal x="0.0" y="0.0" z="1.0"></normal>
            <texcoord u="2.004" v="-0.82000005"></texcoord>
          </vertex>
          <vertex>
            <position x="-0.605" y="0.681" z="0.049"></position>
            <normal x="0.0" y="0.0" z="1.0"></normal>
            <texcoord u="0.993" v="-0.82000005"></texcoord>
          </vertex>
          <vertex>
            <position x="0.608" y="0.0" z="0.049"></position>
            <normal x="1.0" y="0.0" z="0.0"></normal>
            <texcoord u="0.401" v="0.994"></texcoord>
          </vertex>
          <vertex>
            <position x="0.608" y="0.0" z="-0.049"></position>
            <normal x="1.0" y="0.0" z="0.0"></normal>
            <texcoord u="0.597" v="0.994"></texcoord>
          </vertex>
          <vertex>
            <position x="0.608" y="0.681" z="-0.049"></position>
            <normal x="1.0" y="0.0" z="0.0"></normal>
            <texcoord u="0.597" v="0.985"></texcoord>
          </vertex>
          <vertex>
            <position x="0.608" y="0.681" z="0.049"></position>
            <normal x="1.0" y="0.0" z="0.0"></normal>
            <texcoord u="0.401" v="0.985"></texcoord>
          </vertex>
          <vertex>
            <position x="0.605" y="0.0" z="-0.049"></position>
            <normal x="0.0" y="0.0" z="-1.0"></normal>
            <texcoord u="0.401" v="0.994"></texcoord>
          </vertex>
          <vertex>
            <position x="-0.605" y="0.0" z="-0.049"></position>
            <normal x="0.0" y="0.0" z="-1.0"></normal>
            <texcoord u="0.597" v="0.994"></texcoord>
          </vertex>
          <vertex>
            <position x="-0.605" y="0.681" z="-0.049"></position>
            <normal x="0.0" y="0.0" z="-1.0"></normal>
            <texcoord u="0.597" v="0.985"></texcoord>
          </vertex>
          <vertex>
            <position x="0.605" y="0.681" z="-0.049"></position>
            <normal x="0.0" y="0.0" z="-1.0"></normal>
            <texcoord u="0.401" v="0.985"></texcoord>
          </vertex>
          <vertex>
            <position x="-0.608" y="0.0" z="-0.049"></position>
            <normal x="-1.0" y="0.0" z="0.0"></normal>
            <texcoord u="0.401" v="0.994"></texcoord>
          </vertex>
          <vertex>
            <position x="-0.608" y="0.0" z="0.049"></position>
            <normal x="-1.0" y="0.0" z="0.0"></normal>
            <texcoord u="0.597" v="0.994"></texcoord>
          </vertex>
          <vertex>
            <position x="-0.608" y="0.681" z="0.049"></position>
            <normal x="-1.0" y="0.0" z="0.0"></normal>
            <texcoord u="0.597" v="0.985"></texcoord>
          </vertex>
          <vertex>
            <position x="-0.608" y="0.681" z="-0.049"></position>
            <normal x="-1.0" y="0.0" z="0.0"></normal>
            <texcoord u="0.401" v="0.985"></texcoord>
          </vertex>
          <vertex>
            <position x="0.608" y="-0.003" z="-0.049"></position>
            <normal x="0.0" y="-1.0" z="0.0"></normal>
            <texcoord u="0.597" v="0.994"></texcoord>
          </vertex>
          <vertex>
            <position x="0.608" y="-0.003" z="0.049"></position>
            <normal x="0.0" y="-1.0" z="0.0"></normal>
            <texcoord u="0.401" v="0.994"></texcoord>
          </vertex>
          <vertex>
            <position x="0.608" y="0.681" z="-0.049"></position>
            <normal x="0.0" y="0.0" z="-1.0"></normal>
            <texcoord u="0.597" v="0.985"></texcoord>
          </vertex>
          <vertex>
            <position x="0.608" y="0.0" z="-0.049"></position>
            <normal x="0.0" y="0.0" z="-1.0"></normal>
            <texcoord u="0.597" v="0.994"></texcoord>
          </vertex>
          <vertex>
            <position x="0.608" y="0.684" z="0.049"></position>
            <normal x="0.0" y="1.0" z="0.0"></normal>
            <texcoord u="0.401" v="0.985"></texcoord>
          </vertex>
          <vertex>
            <position x="0.608" y="0.684" z="-0.049"></position>
            <normal x="0.0" y="1.0" z="0.0"></normal>
            <texcoord u="0.597" v="0.985"></texcoord>
          </vertex>
          <vertex>
            <position x="0.605" y="0.681" z="0.049"></position>
            <normal x="0.0" y="0.0" z="1.0"></normal>
            <texcoord u="0.597" v="0.985"></texcoord>
          </vertex>
          <vertex>
            <position x="0.605" y="0.0" z="0.049"></position>
            <normal x="0.0" y="0.0" z="1.0"></normal>
            <texcoord u="0.597" v="0.994"></texcoord>
          </vertex>
          <vertex>
            <position x="0.608" y="0.0" z="0.049"></position>
            <normal x="0.0" y="0.0" z="1.0"></normal>
            <texcoord u="0.401" v="0.994"></texcoord>
          </vertex>
          <vertex>
            <position x="0.608" y="0.681" z="0.049"></position>
            <normal x="0.0" y="0.0" z="1.0"></normal>
            <texcoord u="0.401" v="0.985"></texcoord>
          </vertex>
          <vertex>
            <position x="-0.608" y="-0.003" z="0.049"></position>
            <normal x="0.0" y="-1.0" z="0.0"></normal>
            <texcoord u="0.597" v="0.994"></texcoord>
          </vertex>
          <vertex>
            <position x="-0.608" y="-0.003" z="-0.049"></position>
            <normal x="0.0" y="-1.0" z="0.0"></normal>
            <texcoord u="0.401" v="0.994"></texcoord>
          </vertex>
          <vertex>
            <position x="-0.605" y="0.0" z="0.049"></position>
            <normal x="0.0" y="0.0" z="1.0"></normal>
            <texcoord u="0.401" v="0.994"></texcoord>
          </vertex>
          <vertex>
            <position x="-0.605" y="0.681" z="0.049"></position>
            <normal x="0.0" y="0.0" z="1.0"></normal>
            <texcoord u="0.401" v="0.985"></texcoord>
          </vertex>
          <vertex>
            <position x="-0.608" y="0.681" z="0.049"></position>
            <normal x="0.0" y="0.0" z="1.0"></normal>
            <texcoord u="0.597" v="0.985"></texcoord>
          </vertex>
          <vertex>
            <position x="-0.608" y="0.0" z="0.049"></position>
            <normal x="0.0" y="0.0" z="1.0"></normal>
            <texcoord u="0.597" v="0.994"></texcoord>
          </vertex>
          <vertex>
            <position x="-0.608" y="0.684" z="-0.049"></position>
            <normal x="0.0" y="1.0" z="0.0"></normal>
            <texcoord u="0.401" v="0.985"></texcoord>
          </vertex>
          <vertex>
            <position x="-0.608" y="0.684" z="0.049"></position>
            <normal x="0.0" y="1.0" z="0.0"></normal>
            <texcoord u="0.597" v="0.985"></texcoord>
          </vertex>
          <vertex>
            <position x="-0.608" y="0.0" z="-0.049"></position>
            <normal x="0.0" y="0.0" z="-1.0"></normal>
            <texcoord u="0.401" v="0.994"></texcoord>
          </vertex>
          <vertex>
            <position x="-0.608" y="0.681" z="-0.049"></position>
            <normal x="0.0" y="0.0" z="-1.0"></normal>
            <texcoord u="0.401" v="0.985"></texcoord>
          </vertex>
          <vertex>
            <position x="0.605" y="-0.003" z="-0.049"></position>
            <normal x="0.0" y="0.0" z="-1.0"></normal>
            <texcoord u="0.401" v="0.985"></texcoord>
          </vertex>
          <vertex>
            <position x="-0.605" y="-0.003" z="-0.049"></position>
            <normal x="0.0" y="0.0" z="-1.0"></normal>
            <texcoord u="0.597" v="0.985"></texcoord>
          </vertex>
          <vertex>
            <position x="0.608" y="-0.003" z="-0.049"></position>
            <normal x="0.0" y="0.0" z="-1.0"></normal>
            <texcoord u="0.597" v="0.994"></texcoord>
          </vertex>
          <vertex>
            <position x="0.608" y="-0.003" z="0.049"></position>
            <normal x="1.0" y="0.0" z="0.0"></normal>
            <texcoord u="0.401" v="0.994"></texcoord>
          </vertex>
          <vertex>
            <position x="0.608" y="-0.003" z="-0.049"></position>
            <normal x="1.0" y="0.0" z="0.0"></normal>
            <texcoord u="0.597" v="0.994"></texcoord>
          </vertex>
          <vertex>
            <position x="0.605" y="-0.003" z="0.049"></position>
            <normal x="0.0" y="0.0" z="1.0"></normal>
            <texcoord u="0.401" v="0.994"></texcoord>
          </vertex>
          <vertex>
            <position x="0.608" y="-0.003" z="0.049"></position>
            <normal x="0.0" y="0.0" z="1.0"></normal>
            <texcoord u="0.401" v="0.994"></texcoord>
          </vertex>
          <vertex>
            <position x="-0.605" y="-0.003" z="0.049"></position>
            <normal x="0.0" y="0.0" z="1.0"></normal>
            <texcoord u="0.597" v="0.994"></texcoord>
          </vertex>
          <vertex>
            <position x="-0.608" y="-0.003" z="0.049"></position>
            <normal x="0.0" y="0.0" z="1.0"></normal>
            <texcoord u="0.597" v="0.994"></texcoord>
          </vertex>
          <vertex>
            <position x="-0.608" y="-0.003" z="-0.049"></position>
            <normal x="-1.0" y="0.0" z="0.0"></normal>
            <texcoord u="0.401" v="0.994"></texcoord>
          </vertex>
          <vertex>
            <position x="-0.608" y="-0.003" z="0.049"></position>
            <normal x="-1.0" y="0.0" z="0.0"></normal>
            <texcoord u="0.597" v="0.994"></texcoord>
          </vertex>
          <vertex>
            <position x="-0.608" y="-0.003" z="-0.049"></position>
            <normal x="0.0" y="0.0" z="-1.0"></normal>
            <texcoord u="0.401" v="0.994"></texcoord>
          </vertex>
          <vertex>
            <position x="0.605" y="0.684" z="0.049"></position>
            <normal x="0.0" y="0.0" z="1.0"></normal>
            <texcoord u="0.597" v="0.994"></texcoord>
          </vertex>
          <vertex>
            <position x="-0.605" y="0.684" z="0.049"></position>
            <normal x="0.0" y="0.0" z="1.0"></normal>
            <texcoord u="0.401" v="0.994"></texcoord>
          </vertex>
          <vertex>
            <position x="0.608" y="0.684" z="0.049"></position>
            <normal x="0.0" y="0.0" z="1.0"></normal>
            <texcoord u="0.401" v="0.985"></texcoord>
          </vertex>
          <vertex>
            <position x="0.608" y="0.684" z="-0.049"></position>
            <normal x="1.0" y="0.0" z="0.0"></normal>
            <texcoord u="0.597" v="0.985"></texcoord>
          </vertex>
          <vertex>
            <position x="0.608" y="0.684" z="0.049"></position>
            <normal x="1.0" y="0.0" z="0.0"></normal>
            <texcoord u="0.401" v="0.985"></texcoord>
          </vertex>
          <vertex>
            <position x="0.605" y="0.684" z="-0.049"></position>
            <normal x="0.0" y="0.0" z="-1.0"></normal>
            <texcoord u="0.597" v="0.985"></texcoord>
          </vertex>
          <vertex>
            <position x="0.608" y="0.684" z="-0.049"></position>
            <normal x="0.0" y="0.0" z="-1.0"></normal>
            <texcoord u="0.597" v="0.985"></texcoord>
          </vertex>
          <vertex>
            <position x="-0.605" y="0.684" z="-0.049"></position>
            <normal x="0.0" y="0.0" z="-1.0"></normal>
            <texcoord u="0.401" v="0.985"></texcoord>
          </vertex>
          <vertex>
            <position x="-0.608" y="0.684" z="-0.049"></position>
            <normal x="0.0" y="0.0" z="-1.0"></normal>
            <texcoord u="0.401" v="0.985"></texcoord>
          </vertex>
          <vertex>
            <position x="-0.608" y="0.684" z="0.049"></position>
            <normal x="-1.0" y="0.0" z="0.0"></normal>
            <texcoord u="0.597" v="0.985"></texcoord>
          </vertex>
          <vertex>
            <position x="-0.608" y="0.684" z="-0.049"></position>
            <normal x="-1.0" y="0.0" z="0.0"></normal>
            <texcoord u="0.401" v="0.985"></texcoord>
          </vertex>
          <vertex>
            <position x="-0.608" y="0.684" z="0.049"></position>
            <normal x="0.0" y="0.0" z="1.0"></normal>
            <texcoord u="0.597" v="0.985"></texcoord>
          </vertex>
        </vertexbuffer>
      </geometry>
    </submesh>
  </submeshes>
</mesh>
