<mesh>
  <submeshes>
    <submesh material="Material.749" usesharedvertices="false">
      <faces count="168">
        <face v1="0" v2="1" v3="2"></face>
        <face v1="2" v2="3" v3="0"></face>
        <face v1="4" v2="5" v3="6"></face>
        <face v1="6" v2="7" v3="4"></face>
        <face v1="8" v2="9" v3="10"></face>
        <face v1="10" v2="11" v3="8"></face>
        <face v1="12" v2="13" v3="14"></face>
        <face v1="14" v2="15" v3="12"></face>
        <face v1="16" v2="17" v3="18"></face>
        <face v1="18" v2="19" v3="16"></face>
        <face v1="20" v2="21" v3="22"></face>
        <face v1="22" v2="23" v3="20"></face>
        <face v1="1" v2="24" v3="25"></face>
        <face v1="25" v2="2" v3="1"></face>
        <face v1="26" v2="27" v3="28"></face>
        <face v1="28" v2="29" v3="26"></face>
        <face v1="30" v2="31" v3="9"></face>
        <face v1="9" v2="8" v3="30"></face>
        <face v1="32" v2="33" v3="17"></face>
        <face v1="17" v2="16" v3="32"></face>
        <face v1="10" v2="9" v3="34"></face>
        <face v1="34" v2="35" v3="10"></face>
        <face v1="36" v2="37" v3="38"></face>
        <face v1="38" v2="39" v3="36"></face>
        <face v1="17" v2="33" v3="40"></face>
        <face v1="40" v2="41" v3="17"></face>
        <face v1="23" v2="22" v3="42"></face>
        <face v1="42" v2="43" v3="23"></face>
        <face v1="44" v2="45" v3="46"></face>
        <face v1="46" v2="47" v3="44"></face>
        <face v1="48" v2="49" v3="50"></face>
        <face v1="50" v2="51" v3="48"></face>
        <face v1="52" v2="53" v3="54"></face>
        <face v1="54" v2="55" v3="52"></face>
        <face v1="56" v2="57" v3="58"></face>
        <face v1="58" v2="59" v3="56"></face>
        <face v1="60" v2="61" v3="62"></face>
        <face v1="62" v2="63" v3="60"></face>
        <face v1="64" v2="65" v3="66"></face>
        <face v1="66" v2="67" v3="64"></face>
        <face v1="47" v2="46" v3="68"></face>
        <face v1="68" v2="69" v3="47"></face>
        <face v1="70" v2="71" v3="72"></face>
        <face v1="72" v2="73" v3="70"></face>
        <face v1="74" v2="52" v3="55"></face>
        <face v1="55" v2="75" v3="74"></face>
        <face v1="76" v2="60" v3="63"></face>
        <face v1="63" v2="77" v3="76"></face>
        <face v1="54" v2="78" v3="79"></face>
        <face v1="79" v2="55" v3="54"></face>
        <face v1="80" v2="81" v3="82"></face>
        <face v1="82" v2="83" v3="80"></face>
        <face v1="63" v2="84" v3="85"></face>
        <face v1="85" v2="77" v3="63"></face>
        <face v1="65" v2="86" v3="87"></face>
        <face v1="87" v2="66" v3="65"></face>
      </faces>
      <geometry vertexcount="88">
        <vertexbuffer positions="true" normals="true">
          <vertex>
            <position x="-0.014" y="0.03" z="-0.127"></position>
            <normal x="0.0" y="-1.0" z="0.0"></normal>
          </vertex>
          <vertex>
            <position x="-0.006" y="0.03" z="-0.127"></position>
            <normal x="0.0" y="-1.0" z="0.0"></normal>
          </vertex>
          <vertex>
            <position x="-0.006" y="0.03" z="0.179"></position>
            <normal x="0.0" y="-1.0" z="0.0"></normal>
          </vertex>
          <vertex>
            <position x="-0.014" y="0.03" z="0.179"></position>
            <normal x="0.0" y="-1.0" z="0.0"></normal>
          </vertex>
          <vertex>
            <position x="-0.006" y="0.084" z="0.179"></position>
            <normal x="0.0" y="0.888" z="0.46"></normal>
          </vertex>
          <vertex>
            <position x="-0.006" y="0.243" z="-0.127"></position>
            <normal x="0.0" y="0.888" z="0.46"></normal>
          </vertex>
          <vertex>
            <position x="-0.014" y="0.243" z="-0.127"></position>
            <normal x="0.0" y="0.888" z="0.46"></normal>
          </vertex>
          <vertex>
            <position x="-0.014" y="0.084" z="0.179"></position>
            <normal x="0.0" y="0.888" z="0.46"></normal>
          </vertex>
          <vertex>
            <position x="-0.006" y="0.03" z="0.179"></position>
            <normal x="0.0" y="0.0" z="1.0"></normal>
          </vertex>
          <vertex>
            <position x="-0.006" y="0.037" z="0.179"></position>
            <normal x="0.0" y="0.0" z="1.0"></normal>
          </vertex>
          <vertex>
            <position x="-0.014" y="0.037" z="0.179"></position>
            <normal x="0.0" y="0.0" z="1.0"></normal>
          </vertex>
          <vertex>
            <position x="-0.014" y="0.03" z="0.179"></position>
            <normal x="0.0" y="0.0" z="1.0"></normal>
          </vertex>
          <vertex>
            <position x="0.049" y="0.03" z="0.179"></position>
            <normal x="0.977" y="0.0" z="0.215"></normal>
          </vertex>
          <vertex>
            <position x="0.116" y="0.03" z="-0.127"></position>
            <normal x="0.977" y="0.0" z="0.215"></normal>
          </vertex>
          <vertex>
            <position x="0.116" y="0.037" z="-0.127"></position>
            <normal x="0.977" y="0.0" z="0.215"></normal>
          </vertex>
          <vertex>
            <position x="0.049" y="0.037" z="0.179"></position>
            <normal x="0.977" y="0.0" z="0.215"></normal>
          </vertex>
          <vertex>
            <position x="-0.006" y="0.03" z="-0.127"></position>
            <normal x="0.0" y="0.0" z="-1.0"></normal>
          </vertex>
          <vertex>
            <position x="-0.006" y="0.037" z="-0.127"></position>
            <normal x="0.0" y="0.0" z="-1.0"></normal>
          </vertex>
          <vertex>
            <position x="0.116" y="0.037" z="-0.127"></position>
            <normal x="0.0" y="0.0" z="-1.0"></normal>
          </vertex>
          <vertex>
            <position x="0.116" y="0.03" z="-0.127"></position>
            <normal x="0.0" y="0.0" z="-1.0"></normal>
          </vertex>
          <vertex>
            <position x="-0.014" y="0.03" z="-0.127"></position>
            <normal x="-1.0" y="0.0" z="0.0"></normal>
          </vertex>
          <vertex>
            <position x="-0.014" y="0.03" z="0.179"></position>
            <normal x="-1.0" y="0.0" z="0.0"></normal>
          </vertex>
          <vertex>
            <position x="-0.014" y="0.037" z="0.179"></position>
            <normal x="-1.0" y="0.0" z="0.0"></normal>
          </vertex>
          <vertex>
            <position x="-0.014" y="0.037" z="-0.127"></position>
            <normal x="-1.0" y="0.0" z="0.0"></normal>
          </vertex>
          <vertex>
            <position x="0.116" y="0.03" z="-0.127"></position>
            <normal x="0.0" y="-1.0" z="0.0"></normal>
          </vertex>
          <vertex>
            <position x="0.049" y="0.03" z="0.179"></position>
            <normal x="0.0" y="-1.0" z="0.0"></normal>
          </vertex>
          <vertex>
            <position x="0.049" y="0.037" z="0.179"></position>
            <normal x="0.0" y="1.0" z="0.0"></normal>
          </vertex>
          <vertex>
            <position x="0.116" y="0.037" z="-0.127"></position>
            <normal x="0.0" y="1.0" z="0.0"></normal>
          </vertex>
          <vertex>
            <position x="-0.006" y="0.037" z="-0.127"></position>
            <normal x="0.0" y="1.0" z="0.0"></normal>
          </vertex>
          <vertex>
            <position x="-0.006" y="0.037" z="0.179"></position>
            <normal x="0.0" y="1.0" z="0.0"></normal>
          </vertex>
          <vertex>
            <position x="0.049" y="0.03" z="0.179"></position>
            <normal x="0.0" y="0.0" z="1.0"></normal>
          </vertex>
          <vertex>
            <position x="0.049" y="0.037" z="0.179"></position>
            <normal x="0.0" y="0.0" z="1.0"></normal>
          </vertex>
          <vertex>
            <position x="-0.014" y="0.03" z="-0.127"></position>
            <normal x="0.0" y="0.0" z="-1.0"></normal>
          </vertex>
          <vertex>
            <position x="-0.014" y="0.037" z="-0.127"></position>
            <normal x="0.0" y="0.0" z="-1.0"></normal>
          </vertex>
          <vertex>
            <position x="-0.006" y="0.084" z="0.179"></position>
            <normal x="0.0" y="0.0" z="1.0"></normal>
          </vertex>
          <vertex>
            <position x="-0.014" y="0.084" z="0.179"></position>
            <normal x="0.0" y="0.0" z="1.0"></normal>
          </vertex>
          <vertex>
            <position x="-0.006" y="0.037" z="0.179"></position>
            <normal x="1.0" y="0.0" z="0.0"></normal>
          </vertex>
          <vertex>
            <position x="-0.006" y="0.037" z="-0.127"></position>
            <normal x="1.0" y="0.0" z="0.0"></normal>
          </vertex>
          <vertex>
            <position x="-0.006" y="0.243" z="-0.127"></position>
            <normal x="1.0" y="0.0" z="0.0"></normal>
          </vertex>
          <vertex>
            <position x="-0.006" y="0.084" z="0.179"></position>
            <normal x="1.0" y="0.0" z="0.0"></normal>
          </vertex>
          <vertex>
            <position x="-0.014" y="0.243" z="-0.127"></position>
            <normal x="0.0" y="0.0" z="-1.0"></normal>
          </vertex>
          <vertex>
            <position x="-0.006" y="0.243" z="-0.127"></position>
            <normal x="0.0" y="0.0" z="-1.0"></normal>
          </vertex>
          <vertex>
            <position x="-0.014" y="0.084" z="0.179"></position>
            <normal x="-1.0" y="0.0" z="0.0"></normal>
          </vertex>
          <vertex>
            <position x="-0.014" y="0.243" z="-0.127"></position>
            <normal x="-1.0" y="0.0" z="0.0"></normal>
          </vertex>
          <vertex>
            <position x="1.097" y="0.03" z="-0.127"></position>
            <normal x="0.0" y="-1.0" z="0.0"></normal>
          </vertex>
          <vertex>
            <position x="1.097" y="0.03" z="0.179"></position>
            <normal x="0.0" y="-1.0" z="0.0"></normal>
          </vertex>
          <vertex>
            <position x="1.089" y="0.03" z="0.179"></position>
            <normal x="0.0" y="-1.0" z="0.0"></normal>
          </vertex>
          <vertex>
            <position x="1.089" y="0.03" z="-0.127"></position>
            <normal x="0.0" y="-1.0" z="0.0"></normal>
          </vertex>
          <vertex>
            <position x="1.089" y="0.084" z="0.179"></position>
            <normal x="0.0" y="0.888" z="0.46"></normal>
          </vertex>
          <vertex>
            <position x="1.097" y="0.084" z="0.179"></position>
            <normal x="0.0" y="0.888" z="0.46"></normal>
          </vertex>
          <vertex>
            <position x="1.097" y="0.243" z="-0.127"></position>
            <normal x="0.0" y="0.888" z="0.46"></normal>
          </vertex>
          <vertex>
            <position x="1.089" y="0.243" z="-0.127"></position>
            <normal x="0.0" y="0.888" z="0.46"></normal>
          </vertex>
          <vertex>
            <position x="1.089" y="0.03" z="0.179"></position>
            <normal x="0.0" y="0.0" z="1.0"></normal>
          </vertex>
          <vertex>
            <position x="1.097" y="0.03" z="0.179"></position>
            <normal x="0.0" y="0.0" z="1.0"></normal>
          </vertex>
          <vertex>
            <position x="1.097" y="0.037" z="0.179"></position>
            <normal x="0.0" y="0.0" z="1.0"></normal>
          </vertex>
          <vertex>
            <position x="1.089" y="0.037" z="0.179"></position>
            <normal x="0.0" y="0.0" z="1.0"></normal>
          </vertex>
          <vertex>
            <position x="1.034" y="0.03" z="0.179"></position>
            <normal x="-0.977" y="0.0" z="0.215"></normal>
          </vertex>
          <vertex>
            <position x="1.034" y="0.037" z="0.179"></position>
            <normal x="-0.977" y="0.0" z="0.215"></normal>
          </vertex>
          <vertex>
            <position x="0.967" y="0.037" z="-0.127"></position>
            <normal x="-0.977" y="0.0" z="0.215"></normal>
          </vertex>
          <vertex>
            <position x="0.967" y="0.03" z="-0.127"></position>
            <normal x="-0.977" y="0.0" z="0.215"></normal>
          </vertex>
          <vertex>
            <position x="1.089" y="0.03" z="-0.127"></position>
            <normal x="0.0" y="0.0" z="-1.0"></normal>
          </vertex>
          <vertex>
            <position x="0.967" y="0.03" z="-0.127"></position>
            <normal x="0.0" y="0.0" z="-1.0"></normal>
          </vertex>
          <vertex>
            <position x="0.967" y="0.037" z="-0.127"></position>
            <normal x="0.0" y="0.0" z="-1.0"></normal>
          </vertex>
          <vertex>
            <position x="1.089" y="0.037" z="-0.127"></position>
            <normal x="0.0" y="0.0" z="-1.0"></normal>
          </vertex>
          <vertex>
            <position x="1.097" y="0.03" z="-0.127"></position>
            <normal x="1.0" y="0.0" z="0.0"></normal>
          </vertex>
          <vertex>
            <position x="1.097" y="0.037" z="-0.127"></position>
            <normal x="1.0" y="0.0" z="0.0"></normal>
          </vertex>
          <vertex>
            <position x="1.097" y="0.037" z="0.179"></position>
            <normal x="1.0" y="0.0" z="0.0"></normal>
          </vertex>
          <vertex>
            <position x="1.097" y="0.03" z="0.179"></position>
            <normal x="1.0" y="0.0" z="0.0"></normal>
          </vertex>
          <vertex>
            <position x="1.034" y="0.03" z="0.179"></position>
            <normal x="0.0" y="-1.0" z="0.0"></normal>
          </vertex>
          <vertex>
            <position x="0.967" y="0.03" z="-0.127"></position>
            <normal x="0.0" y="-1.0" z="0.0"></normal>
          </vertex>
          <vertex>
            <position x="1.034" y="0.037" z="0.179"></position>
            <normal x="0.0" y="1.0" z="0.0"></normal>
          </vertex>
          <vertex>
            <position x="1.089" y="0.037" z="0.179"></position>
            <normal x="0.0" y="1.0" z="0.0"></normal>
          </vertex>
          <vertex>
            <position x="1.089" y="0.037" z="-0.127"></position>
            <normal x="0.0" y="1.0" z="0.0"></normal>
          </vertex>
          <vertex>
            <position x="0.967" y="0.037" z="-0.127"></position>
            <normal x="0.0" y="1.0" z="0.0"></normal>
          </vertex>
          <vertex>
            <position x="1.034" y="0.03" z="0.179"></position>
            <normal x="0.0" y="0.0" z="1.0"></normal>
          </vertex>
          <vertex>
            <position x="1.034" y="0.037" z="0.179"></position>
            <normal x="0.0" y="0.0" z="1.0"></normal>
          </vertex>
          <vertex>
            <position x="1.097" y="0.03" z="-0.127"></position>
            <normal x="0.0" y="0.0" z="-1.0"></normal>
          </vertex>
          <vertex>
            <position x="1.097" y="0.037" z="-0.127"></position>
            <normal x="0.0" y="0.0" z="-1.0"></normal>
          </vertex>
          <vertex>
            <position x="1.097" y="0.084" z="0.179"></position>
            <normal x="0.0" y="0.0" z="1.0"></normal>
          </vertex>
          <vertex>
            <position x="1.089" y="0.084" z="0.179"></position>
            <normal x="0.0" y="0.0" z="1.0"></normal>
          </vertex>
          <vertex>
            <position x="1.089" y="0.037" z="0.179"></position>
            <normal x="-1.0" y="0.0" z="0.0"></normal>
          </vertex>
          <vertex>
            <position x="1.089" y="0.084" z="0.179"></position>
            <normal x="-1.0" y="0.0" z="0.0"></normal>
          </vertex>
          <vertex>
            <position x="1.089" y="0.243" z="-0.127"></position>
            <normal x="-1.0" y="0.0" z="0.0"></normal>
          </vertex>
          <vertex>
            <position x="1.089" y="0.037" z="-0.127"></position>
            <normal x="-1.0" y="0.0" z="0.0"></normal>
          </vertex>
          <vertex>
            <position x="1.089" y="0.243" z="-0.127"></position>
            <normal x="0.0" y="0.0" z="-1.0"></normal>
          </vertex>
          <vertex>
            <position x="1.097" y="0.243" z="-0.127"></position>
            <normal x="0.0" y="0.0" z="-1.0"></normal>
          </vertex>
          <vertex>
            <position x="1.097" y="0.243" z="-0.127"></position>
            <normal x="1.0" y="0.0" z="0.0"></normal>
          </vertex>
          <vertex>
            <position x="1.097" y="0.084" z="0.179"></position>
            <normal x="1.0" y="0.0" z="0.0"></normal>
          </vertex>
        </vertexbuffer>
      </geometry>
    </submesh>
  </submeshes>
</mesh>
