<mesh>
  <submeshes>
    <submesh material="Material.665" usesharedvertices="false">
      <faces count="36">
        <face v1="0" v2="1" v3="2"></face>
        <face v1="2" v2="3" v3="0"></face>
        <face v1="4" v2="5" v3="6"></face>
        <face v1="6" v2="7" v3="4"></face>
        <face v1="8" v2="9" v3="10"></face>
        <face v1="10" v2="11" v3="8"></face>
        <face v1="12" v2="13" v3="14"></face>
        <face v1="14" v2="15" v3="12"></face>
        <face v1="16" v2="17" v3="18"></face>
        <face v1="18" v2="19" v3="16"></face>
        <face v1="20" v2="21" v3="22"></face>
        <face v1="22" v2="23" v3="20"></face>
      </faces>
      <geometry vertexcount="24">
        <vertexbuffer positions="true" normals="true" texture_coords="1">
          <vertex>
            <position x="-0.5781" y="0.0" z="0.004332"></position>
            <normal x="0.0" y="-1.0" z="0.0"></normal>
            <texcoord u="1.0" v="1.0"></texcoord>
          </vertex>
          <vertex>
            <position x="-0.5781" y="0.0" z="-0.004332"></position>
            <normal x="0.0" y="-1.0" z="0.0"></normal>
            <texcoord u="1.0" v="0.0"></texcoord>
          </vertex>
          <vertex>
            <position x="0.5788" y="0.0" z="-0.004332"></position>
            <normal x="0.0" y="-1.0" z="0.0"></normal>
            <texcoord u="0.0" v="0.0"></texcoord>
          </vertex>
          <vertex>
            <position x="0.5788" y="0.0" z="0.004332"></position>
            <normal x="0.0" y="-1.0" z="0.0"></normal>
            <texcoord u="0.0" v="1.0"></texcoord>
          </vertex>
          <vertex>
            <position x="-0.5781" y="2.393" z="0.004332"></position>
            <normal x="0.0" y="1.0" z="0.0"></normal>
            <texcoord u="0.0" v="1.0"></texcoord>
          </vertex>
          <vertex>
            <position x="0.5788" y="2.393" z="0.004332"></position>
            <normal x="0.0" y="1.0" z="0.0"></normal>
            <texcoord u="1.0" v="1.0"></texcoord>
          </vertex>
          <vertex>
            <position x="0.5788" y="2.393" z="-0.004332"></position>
            <normal x="0.0" y="1.0" z="0.0"></normal>
            <texcoord u="1.0" v="0.0"></texcoord>
          </vertex>
          <vertex>
            <position x="-0.5781" y="2.393" z="-0.004332"></position>
            <normal x="0.0" y="1.0" z="0.0"></normal>
            <texcoord u="0.0" v="0.0"></texcoord>
          </vertex>
          <vertex>
            <position x="-0.5781" y="0.0" z="0.004332"></position>
            <normal x="0.0" y="0.0" z="1.0"></normal>
            <texcoord u="0.0" v="1.0"></texcoord>
          </vertex>
          <vertex>
            <position x="0.5788" y="0.0" z="0.004332"></position>
            <normal x="0.0" y="0.0" z="1.0"></normal>
            <texcoord u="1.0" v="1.0"></texcoord>
          </vertex>
          <vertex>
            <position x="0.5788" y="2.393" z="0.004332"></position>
            <normal x="0.0" y="0.0" z="1.0"></normal>
            <texcoord u="1.0" v="0.0"></texcoord>
          </vertex>
          <vertex>
            <position x="-0.5781" y="2.393" z="0.004332"></position>
            <normal x="0.0" y="0.0" z="1.0"></normal>
            <texcoord u="0.0" v="0.0"></texcoord>
          </vertex>
          <vertex>
            <position x="0.5788" y="0.0" z="0.004332"></position>
            <normal x="1.0" y="0.0" z="0.0"></normal>
            <texcoord u="0.0" v="1.0"></texcoord>
          </vertex>
          <vertex>
            <position x="0.5788" y="0.0" z="-0.004332"></position>
            <normal x="1.0" y="0.0" z="0.0"></normal>
            <texcoord u="1.0" v="1.0"></texcoord>
          </vertex>
          <vertex>
            <position x="0.5788" y="2.393" z="-0.004332"></position>
            <normal x="1.0" y="0.0" z="0.0"></normal>
            <texcoord u="1.0" v="0.0"></texcoord>
          </vertex>
          <vertex>
            <position x="0.5788" y="2.393" z="0.004332"></position>
            <normal x="1.0" y="0.0" z="0.0"></normal>
            <texcoord u="0.0" v="0.0"></texcoord>
          </vertex>
          <vertex>
            <position x="0.5788" y="0.0" z="-0.004332"></position>
            <normal x="0.0" y="0.0" z="-1.0"></normal>
            <texcoord u="0.0" v="1.0"></texcoord>
          </vertex>
          <vertex>
            <position x="-0.5781" y="0.0" z="-0.004332"></position>
            <normal x="0.0" y="0.0" z="-1.0"></normal>
            <texcoord u="1.0" v="1.0"></texcoord>
          </vertex>
          <vertex>
            <position x="-0.5781" y="2.393" z="-0.004332"></position>
            <normal x="0.0" y="0.0" z="-1.0"></normal>
            <texcoord u="1.0" v="0.0"></texcoord>
          </vertex>
          <vertex>
            <position x="0.5788" y="2.393" z="-0.004332"></position>
            <normal x="0.0" y="0.0" z="-1.0"></normal>
            <texcoord u="0.0" v="0.0"></texcoord>
          </vertex>
          <vertex>
            <position x="-0.5781" y="0.0" z="-0.004332"></position>
            <normal x="-1.0" y="0.0" z="0.0"></normal>
            <texcoord u="0.0" v="1.0"></texcoord>
          </vertex>
          <vertex>
            <position x="-0.5781" y="0.0" z="0.004332"></position>
            <normal x="-1.0" y="0.0" z="0.0"></normal>
            <texcoord u="1.0" v="1.0"></texcoord>
          </vertex>
          <vertex>
            <position x="-0.5781" y="2.393" z="0.004332"></position>
            <normal x="-1.0" y="0.0" z="0.0"></normal>
            <texcoord u="1.0" v="0.0"></texcoord>
          </vertex>
          <vertex>
            <position x="-0.5781" y="2.393" z="-0.004332"></position>
            <normal x="-1.0" y="0.0" z="0.0"></normal>
            <texcoord u="0.0" v="0.0"></texcoord>
          </vertex>
        </vertexbuffer>
      </geometry>
    </submesh>
  </submeshes>
</mesh>
