<mesh>
  <submeshes>
    <submesh material="Material.1085" usesharedvertices="false">
      <faces count="360">
        <face v1="0" v2="1" v3="2"></face>
        <face v1="3" v2="4" v3="5"></face>
        <face v1="1" v2="6" v3="7"></face>
        <face v1="7" v2="6" v3="8"></face>
        <face v1="9" v2="10" v3="11"></face>
        <face v1="12" v2="8" v3="13"></face>
        <face v1="12" v2="13" v3="14"></face>
        <face v1="15" v2="16" v3="17"></face>
        <face v1="15" v2="17" v3="18"></face>
        <face v1="19" v2="20" v3="21"></face>
        <face v1="19" v2="21" v3="22"></face>
        <face v1="22" v2="21" v3="23"></face>
        <face v1="23" v2="21" v3="24"></face>
        <face v1="23" v2="24" v3="25"></face>
        <face v1="23" v2="25" v3="26"></face>
        <face v1="27" v2="28" v3="29"></face>
        <face v1="26" v2="30" v3="31"></face>
        <face v1="31" v2="30" v3="32"></face>
        <face v1="32" v2="30" v3="33"></face>
        <face v1="31" v2="32" v3="34"></face>
        <face v1="35" v2="36" v3="37"></face>
        <face v1="32" v2="33" v3="38"></face>
        <face v1="39" v2="40" v3="41"></face>
        <face v1="41" v2="40" v3="42"></face>
        <face v1="43" v2="44" v3="45"></face>
        <face v1="31" v2="46" v3="47"></face>
        <face v1="46" v2="31" v3="48"></face>
        <face v1="47" v2="46" v3="49"></face>
        <face v1="47" v2="49" v3="45"></face>
        <face v1="47" v2="45" v3="50"></face>
        <face v1="50" v2="45" v3="44"></face>
        <face v1="50" v2="44" v3="51"></face>
        <face v1="50" v2="51" v3="52"></face>
        <face v1="52" v2="51" v3="53"></face>
        <face v1="54" v2="55" v3="56"></face>
        <face v1="57" v2="58" v3="59"></face>
        <face v1="60" v2="61" v3="62"></face>
        <face v1="63" v2="64" v3="65"></face>
        <face v1="66" v2="67" v3="68"></face>
        <face v1="67" v2="66" v3="69"></face>
        <face v1="70" v2="71" v3="72"></face>
        <face v1="71" v2="70" v3="73"></face>
        <face v1="74" v2="75" v3="76"></face>
        <face v1="75" v2="74" v3="77"></face>
        <face v1="78" v2="79" v3="80"></face>
        <face v1="81" v2="82" v3="83"></face>
        <face v1="84" v2="85" v3="86"></face>
        <face v1="87" v2="88" v3="89"></face>
        <face v1="90" v2="91" v3="92"></face>
        <face v1="91" v2="90" v3="93"></face>
        <face v1="94" v2="95" v3="96"></face>
        <face v1="97" v2="98" v3="99"></face>
        <face v1="100" v2="101" v3="102"></face>
        <face v1="101" v2="100" v3="103"></face>
        <face v1="104" v2="105" v3="106"></face>
        <face v1="107" v2="108" v3="109"></face>
        <face v1="110" v2="111" v3="112"></face>
        <face v1="111" v2="110" v3="113"></face>
        <face v1="114" v2="115" v3="116"></face>
        <face v1="117" v2="118" v3="119"></face>
        <face v1="120" v2="121" v3="122"></face>
        <face v1="121" v2="120" v3="123"></face>
        <face v1="124" v2="125" v3="126"></face>
        <face v1="127" v2="128" v3="129"></face>
        <face v1="130" v2="131" v3="132"></face>
        <face v1="131" v2="130" v3="133"></face>
        <face v1="134" v2="135" v3="136"></face>
        <face v1="135" v2="134" v3="137"></face>
        <face v1="138" v2="139" v3="140"></face>
        <face v1="139" v2="138" v3="141"></face>
        <face v1="142" v2="143" v3="144"></face>
        <face v1="143" v2="142" v3="145"></face>
        <face v1="146" v2="147" v3="148"></face>
        <face v1="147" v2="146" v3="149"></face>
        <face v1="150" v2="151" v3="152"></face>
        <face v1="151" v2="150" v3="153"></face>
        <face v1="154" v2="155" v3="156"></face>
        <face v1="155" v2="154" v3="157"></face>
        <face v1="158" v2="159" v3="160"></face>
        <face v1="159" v2="158" v3="161"></face>
        <face v1="162" v2="163" v3="164"></face>
        <face v1="163" v2="162" v3="165"></face>
        <face v1="166" v2="167" v3="168"></face>
        <face v1="169" v2="170" v3="171"></face>
        <face v1="172" v2="173" v3="174"></face>
        <face v1="175" v2="176" v3="177"></face>
        <face v1="178" v2="179" v3="180"></face>
        <face v1="181" v2="182" v3="183"></face>
        <face v1="184" v2="185" v3="186"></face>
        <face v1="187" v2="188" v3="189"></face>
        <face v1="190" v2="191" v3="192"></face>
        <face v1="193" v2="194" v3="195"></face>
        <face v1="196" v2="197" v3="198"></face>
        <face v1="199" v2="200" v3="201"></face>
        <face v1="202" v2="203" v3="204"></face>
        <face v1="205" v2="206" v3="207"></face>
        <face v1="208" v2="209" v3="210"></face>
        <face v1="211" v2="212" v3="213"></face>
        <face v1="214" v2="215" v3="216"></face>
        <face v1="217" v2="218" v3="219"></face>
        <face v1="220" v2="221" v3="222"></face>
        <face v1="223" v2="224" v3="225"></face>
        <face v1="226" v2="227" v3="228"></face>
        <face v1="229" v2="230" v3="231"></face>
        <face v1="232" v2="233" v3="234"></face>
        <face v1="235" v2="236" v3="237"></face>
        <face v1="232" v2="234" v3="238"></face>
        <face v1="239" v2="240" v3="241"></face>
        <face v1="242" v2="243" v3="244"></face>
        <face v1="245" v2="246" v3="247"></face>
        <face v1="248" v2="249" v3="250"></face>
        <face v1="251" v2="252" v3="253"></face>
        <face v1="254" v2="255" v3="256"></face>
        <face v1="257" v2="258" v3="259"></face>
        <face v1="260" v2="261" v3="262"></face>
        <face v1="263" v2="264" v3="265"></face>
        <face v1="266" v2="267" v3="268"></face>
        <face v1="269" v2="270" v3="271"></face>
        <face v1="269" v2="271" v3="272"></face>
        <face v1="272" v2="271" v3="273"></face>
      </faces>
      <geometry vertexcount="274">
        <vertexbuffer positions="true" normals="true">
          <vertex>
            <position x="0.1969" y="0.6476" z="-0.05936"></position>
            <normal x="1.0" y="0.0" z="0.0"></normal>
          </vertex>
          <vertex>
            <position x="0.1969" y="1.321" z="-0.05936"></position>
            <normal x="1.0" y="0.0" z="0.0"></normal>
          </vertex>
          <vertex>
            <position x="0.1969" y="0.9843" z="0.0"></position>
            <normal x="1.0" y="0.0" z="0.0"></normal>
          </vertex>
          <vertex>
            <position x="0.1969" y="1.321" z="-0.05936"></position>
            <normal x="0.99999994" y="-0.0" z="0.0"></normal>
          </vertex>
          <vertex>
            <position x="0.1969" y="0.6476" z="-0.05936"></position>
            <normal x="0.99999994" y="-0.0" z="0.0"></normal>
          </vertex>
          <vertex>
            <position x="0.1969" y="0.3516" z="-0.2303"></position>
            <normal x="0.99999994" y="-0.0" z="0.0"></normal>
          </vertex>
          <vertex>
            <position x="0.1969" y="0.3516" z="-0.2303"></position>
            <normal x="1.0" y="0.0" z="0.0"></normal>
          </vertex>
          <vertex>
            <position x="0.1969" y="1.617" z="-0.2303"></position>
            <normal x="1.0" y="0.0" z="0.0"></normal>
          </vertex>
          <vertex>
            <position x="0.1969" y="0.1319" z="-0.4921"></position>
            <normal x="1.0" y="0.0" z="0.0"></normal>
          </vertex>
          <vertex>
            <position x="0.1969" y="1.617" z="-0.2303"></position>
            <normal x="0.99999994" y="-0.0" z="0.0"></normal>
          </vertex>
          <vertex>
            <position x="0.1969" y="0.1319" z="-0.4921"></position>
            <normal x="0.99999994" y="-0.0" z="0.0"></normal>
          </vertex>
          <vertex>
            <position x="0.1969" y="1.837" z="-0.4921"></position>
            <normal x="0.99999994" y="-0.0" z="0.0"></normal>
          </vertex>
          <vertex>
            <position x="0.1969" y="1.837" z="-0.4921"></position>
            <normal x="1.0" y="0.0" z="0.0"></normal>
          </vertex>
          <vertex>
            <position x="0.1969" y="0.01495" z="-0.8133"></position>
            <normal x="1.0" y="0.0" z="0.0"></normal>
          </vertex>
          <vertex>
            <position x="0.1969" y="1.954" z="-0.8133"></position>
            <normal x="1.0" y="0.0" z="0.0"></normal>
          </vertex>
          <vertex>
            <position x="0.1969" y="1.954" z="-0.8133"></position>
            <normal x="0.99999994" y="-0.0" z="0.0"></normal>
          </vertex>
          <vertex>
            <position x="0.1969" y="0.01495" z="-0.8133"></position>
            <normal x="0.99999994" y="-0.0" z="0.0"></normal>
          </vertex>
          <vertex>
            <position x="0.1969" y="0.01495" z="-1.155"></position>
            <normal x="0.99999994" y="-0.0" z="0.0"></normal>
          </vertex>
          <vertex>
            <position x="0.1969" y="1.954" z="-1.155"></position>
            <normal x="0.99999994" y="-0.0" z="0.0"></normal>
          </vertex>
          <vertex>
            <position x="0.1969" y="1.954" z="-1.155"></position>
            <normal x="1.0" y="0.0" z="0.0"></normal>
          </vertex>
          <vertex>
            <position x="0.1969" y="0.01495" z="-1.155"></position>
            <normal x="1.0" y="0.0" z="0.0"></normal>
          </vertex>
          <vertex>
            <position x="0.1969" y="0.1319" z="-1.476"></position>
            <normal x="1.0" y="0.0" z="0.0"></normal>
          </vertex>
          <vertex>
            <position x="0.1969" y="1.837" z="-1.476"></position>
            <normal x="1.0" y="0.0" z="0.0"></normal>
          </vertex>
          <vertex>
            <position x="0.1969" y="1.76" z="-1.633"></position>
            <normal x="1.0" y="0.0" z="0.0"></normal>
          </vertex>
          <vertex>
            <position x="0.1969" y="0.2084" z="-1.633"></position>
            <normal x="1.0" y="0.0" z="0.0"></normal>
          </vertex>
          <vertex>
            <position x="0.1969" y="0.2632" z="-1.798"></position>
            <normal x="1.0" y="0.0" z="0.0"></normal>
          </vertex>
          <vertex>
            <position x="0.1969" y="1.705" z="-1.798"></position>
            <normal x="1.0" y="0.0" z="0.0"></normal>
          </vertex>
          <vertex>
            <position x="0.1969" y="1.705" z="-1.798"></position>
            <normal x="0.99999994" y="-0.0" z="0.0"></normal>
          </vertex>
          <vertex>
            <position x="0.1969" y="0.2632" z="-1.798"></position>
            <normal x="0.99999994" y="-0.0" z="0.0"></normal>
          </vertex>
          <vertex>
            <position x="0.1969" y="0.2953" z="-1.969"></position>
            <normal x="0.99999994" y="-0.0" z="0.0"></normal>
          </vertex>
          <vertex>
            <position x="0.1969" y="0.2953" z="-1.969"></position>
            <normal x="1.0" y="0.0" z="0.0"></normal>
          </vertex>
          <vertex>
            <position x="0.1969" y="1.673" z="-1.969"></position>
            <normal x="1.0" y="0.0" z="0.0"></normal>
          </vertex>
          <vertex>
            <position x="0.1969" y="0.8071" z="-4.173"></position>
            <normal x="1.0" y="0.0" z="0.0"></normal>
          </vertex>
          <vertex>
            <position x="0.1969" y="0.2953" z="-7.874"></position>
            <normal x="1.0" y="0.0" z="0.0"></normal>
          </vertex>
          <vertex>
            <position x="0.1969" y="0.878" z="-4.016"></position>
            <normal x="1.0" y="0.0" z="0.0"></normal>
          </vertex>
          <vertex>
            <position x="0.1969" y="1.673" z="-1.969"></position>
            <normal x="0.99999994" y="-0.0" z="0.0"></normal>
          </vertex>
          <vertex>
            <position x="0.1969" y="0.878" z="-4.016"></position>
            <normal x="0.99999994" y="-0.0" z="0.0"></normal>
          </vertex>
          <vertex>
            <position x="0.1969" y="1.091" z="-4.016"></position>
            <normal x="0.99999994" y="-0.0" z="0.0"></normal>
          </vertex>
          <vertex>
            <position x="0.1969" y="0.8071" z="-7.717"></position>
            <normal x="1.0" y="0.0" z="0.0"></normal>
          </vertex>
          <vertex>
            <position x="0.1969" y="0.8071" z="-7.717"></position>
            <normal x="0.99999994" y="-0.0" z="0.0"></normal>
          </vertex>
          <vertex>
            <position x="0.1969" y="0.2953" z="-7.874"></position>
            <normal x="0.99999994" y="-0.0" z="0.0"></normal>
          </vertex>
          <vertex>
            <position x="0.1969" y="0.878" z="-7.874"></position>
            <normal x="0.99999994" y="-0.0" z="0.0"></normal>
          </vertex>
          <vertex>
            <position x="0.1969" y="0.4312" z="-8.158"></position>
            <normal x="0.99999994" y="-0.0" z="0.0"></normal>
          </vertex>
          <vertex>
            <position x="0.1969" y="0.878" z="-7.874"></position>
            <normal x="1.0" y="0.0" z="0.0"></normal>
          </vertex>
          <vertex>
            <position x="0.1969" y="0.4312" z="-8.158"></position>
            <normal x="1.0" y="0.0" z="0.0"></normal>
          </vertex>
          <vertex>
            <position x="0.1969" y="1.091" z="-7.874"></position>
            <normal x="1.0" y="0.0" z="0.0"></normal>
          </vertex>
          <vertex>
            <position x="0.1969" y="1.161" z="-4.173"></position>
            <normal x="1.0" y="0.0" z="0.0"></normal>
          </vertex>
          <vertex>
            <position x="0.1969" y="1.673" z="-7.874"></position>
            <normal x="1.0" y="0.0" z="0.0"></normal>
          </vertex>
          <vertex>
            <position x="0.1969" y="1.091" z="-4.016"></position>
            <normal x="1.0" y="0.0" z="0.0"></normal>
          </vertex>
          <vertex>
            <position x="0.1969" y="1.161" z="-7.717"></position>
            <normal x="1.0" y="0.0" z="0.0"></normal>
          </vertex>
          <vertex>
            <position x="0.1969" y="1.537" z="-8.158"></position>
            <normal x="1.0" y="0.0" z="0.0"></normal>
          </vertex>
          <vertex>
            <position x="0.1969" y="0.6772" z="-8.355"></position>
            <normal x="1.0" y="0.0" z="0.0"></normal>
          </vertex>
          <vertex>
            <position x="0.1969" y="1.291" z="-8.355"></position>
            <normal x="1.0" y="0.0" z="0.0"></normal>
          </vertex>
          <vertex>
            <position x="0.1969" y="0.9843" z="-8.425"></position>
            <normal x="1.0" y="0.0" z="0.0"></normal>
          </vertex>
          <vertex>
            <position x="5.481E-5" y="1.837" z="-1.476"></position>
            <normal x="0.0" y="0.8978321" z="-0.44033796"></normal>
          </vertex>
          <vertex>
            <position x="0.1969" y="1.76" z="-1.633"></position>
            <normal x="0.0" y="0.8978321" z="-0.44033796"></normal>
          </vertex>
          <vertex>
            <position x="3.994E-5" y="1.76" z="-1.633"></position>
            <normal x="0.0" y="0.8978321" z="-0.44033796"></normal>
          </vertex>
          <vertex>
            <position x="0.1969" y="1.76" z="-1.633"></position>
            <normal x="0.0" y="0.89783204" z="-0.44033796"></normal>
          </vertex>
          <vertex>
            <position x="5.481E-5" y="1.837" z="-1.476"></position>
            <normal x="0.0" y="0.89783204" z="-0.44033796"></normal>
          </vertex>
          <vertex>
            <position x="0.1969" y="1.837" z="-1.476"></position>
            <normal x="0.0" y="0.89783204" z="-0.44033796"></normal>
          </vertex>
          <vertex>
            <position x="0.1969" y="1.954" z="-1.155"></position>
            <normal x="0.0" y="0.9395368" z="-0.34244797"></normal>
          </vertex>
          <vertex>
            <position x="5.481E-5" y="1.837" z="-1.476"></position>
            <normal x="0.0" y="0.9395368" z="-0.34244797"></normal>
          </vertex>
          <vertex>
            <position x="2.153E-5" y="1.954" z="-1.155"></position>
            <normal x="0.0" y="0.9395368" z="-0.34244797"></normal>
          </vertex>
          <vertex>
            <position x="5.481E-5" y="1.837" z="-1.476"></position>
            <normal x="0.0" y="0.9395368" z="-0.342448"></normal>
          </vertex>
          <vertex>
            <position x="0.1969" y="1.954" z="-1.155"></position>
            <normal x="0.0" y="0.9395368" z="-0.342448"></normal>
          </vertex>
          <vertex>
            <position x="0.1969" y="1.837" z="-1.476"></position>
            <normal x="0.0" y="0.9395368" z="-0.342448"></normal>
          </vertex>
          <vertex>
            <position x="0.1969" y="1.954" z="-0.8133"></position>
            <normal x="0.0" y="1.0" z="-0.0"></normal>
          </vertex>
          <vertex>
            <position x="2.153E-5" y="1.954" z="-1.155"></position>
            <normal x="0.0" y="1.0" z="-0.0"></normal>
          </vertex>
          <vertex>
            <position x="1.826E-5" y="1.954" z="-0.8133"></position>
            <normal x="0.0" y="1.0" z="-0.0"></normal>
          </vertex>
          <vertex>
            <position x="0.1969" y="1.954" z="-1.155"></position>
            <normal x="0.0" y="1.0" z="-0.0"></normal>
          </vertex>
          <vertex>
            <position x="0.1969" y="1.837" z="-0.4921"></position>
            <normal x="0.0" y="0.9396054" z="0.3422597"></normal>
          </vertex>
          <vertex>
            <position x="1.826E-5" y="1.954" z="-0.8133"></position>
            <normal x="0.0" y="0.9396054" z="0.3422597"></normal>
          </vertex>
          <vertex>
            <position x="1.719E-5" y="1.837" z="-0.4921"></position>
            <normal x="0.0" y="0.9396054" z="0.3422597"></normal>
          </vertex>
          <vertex>
            <position x="0.1969" y="1.954" z="-0.8133"></position>
            <normal x="0.0" y="0.9396054" z="0.3422597"></normal>
          </vertex>
          <vertex>
            <position x="1.845E-5" y="1.617" z="-0.2303"></position>
            <normal x="0.0" y="0.76557803" z="0.64334303"></normal>
          </vertex>
          <vertex>
            <position x="0.1969" y="1.837" z="-0.4921"></position>
            <normal x="0.0" y="0.76557803" z="0.64334303"></normal>
          </vertex>
          <vertex>
            <position x="1.719E-5" y="1.837" z="-0.4921"></position>
            <normal x="0.0" y="0.76557803" z="0.64334303"></normal>
          </vertex>
          <vertex>
            <position x="0.1969" y="1.617" z="-0.2303"></position>
            <normal x="0.0" y="0.76557803" z="0.64334303"></normal>
          </vertex>
          <vertex>
            <position x="0.1969" y="1.321" z="-0.05936"></position>
            <normal x="0.0" y="0.5000973" z="0.86596924"></normal>
          </vertex>
          <vertex>
            <position x="1.845E-5" y="1.617" z="-0.2303"></position>
            <normal x="0.0" y="0.5000973" z="0.86596924"></normal>
          </vertex>
          <vertex>
            <position x="2.188E-5" y="1.321" z="-0.05936"></position>
            <normal x="0.0" y="0.5000973" z="0.86596924"></normal>
          </vertex>
          <vertex>
            <position x="1.845E-5" y="1.617" z="-0.2303"></position>
            <normal x="0.0" y="0.5000973" z="0.8659693"></normal>
          </vertex>
          <vertex>
            <position x="0.1969" y="1.321" z="-0.05936"></position>
            <normal x="0.0" y="0.5000973" z="0.8659693"></normal>
          </vertex>
          <vertex>
            <position x="0.1969" y="1.617" z="-0.2303"></position>
            <normal x="0.0" y="0.5000973" z="0.8659693"></normal>
          </vertex>
          <vertex>
            <position x="0.1969" y="0.9843" z="0.0"></position>
            <normal x="0.0" y="0.17362182" z="0.9848123"></normal>
          </vertex>
          <vertex>
            <position x="2.188E-5" y="1.321" z="-0.05936"></position>
            <normal x="0.0" y="0.17362182" z="0.9848123"></normal>
          </vertex>
          <vertex>
            <position x="2.707E-5" y="0.9843" z="0.0"></position>
            <normal x="0.0" y="0.17362182" z="0.9848123"></normal>
          </vertex>
          <vertex>
            <position x="2.188E-5" y="1.321" z="-0.05936"></position>
            <normal x="0.0" y="0.17362183" z="0.98481244"></normal>
          </vertex>
          <vertex>
            <position x="0.1969" y="0.9843" z="0.0"></position>
            <normal x="0.0" y="0.17362183" z="0.98481244"></normal>
          </vertex>
          <vertex>
            <position x="0.1969" y="1.321" z="-0.05936"></position>
            <normal x="0.0" y="0.17362183" z="0.98481244"></normal>
          </vertex>
          <vertex>
            <position x="0.1969" y="0.6476" z="-0.05936"></position>
            <normal x="0.0" y="-0.17362182" z="0.9848124"></normal>
          </vertex>
          <vertex>
            <position x="2.707E-5" y="0.9843" z="0.0"></position>
            <normal x="0.0" y="-0.17362182" z="0.9848124"></normal>
          </vertex>
          <vertex>
            <position x="3.34E-5" y="0.6476" z="-0.05936"></position>
            <normal x="0.0" y="-0.17362182" z="0.9848124"></normal>
          </vertex>
          <vertex>
            <position x="0.1969" y="0.9843" z="0.0"></position>
            <normal x="0.0" y="-0.17362182" z="0.9848124"></normal>
          </vertex>
          <vertex>
            <position x="0.1969" y="0.3516" z="-0.2303"></position>
            <normal x="0.0" y="-0.5000973" z="0.8659693"></normal>
          </vertex>
          <vertex>
            <position x="3.34E-5" y="0.6476" z="-0.05936"></position>
            <normal x="0.0" y="-0.5000973" z="0.8659693"></normal>
          </vertex>
          <vertex>
            <position x="4.01E-5" y="0.3516" z="-0.2303"></position>
            <normal x="0.0" y="-0.5000973" z="0.8659693"></normal>
          </vertex>
          <vertex>
            <position x="3.34E-5" y="0.6476" z="-0.05936"></position>
            <normal x="0.0" y="-0.5000972" z="0.86596924"></normal>
          </vertex>
          <vertex>
            <position x="0.1969" y="0.3516" z="-0.2303"></position>
            <normal x="0.0" y="-0.5000972" z="0.86596924"></normal>
          </vertex>
          <vertex>
            <position x="0.1969" y="0.6476" z="-0.05936"></position>
            <normal x="0.0" y="-0.5000972" z="0.86596924"></normal>
          </vertex>
          <vertex>
            <position x="4.636E-5" y="0.1319" z="-0.4921"></position>
            <normal x="0.0" y="-0.7660103" z="0.64282835"></normal>
          </vertex>
          <vertex>
            <position x="0.1969" y="0.3516" z="-0.2303"></position>
            <normal x="0.0" y="-0.7660103" z="0.64282835"></normal>
          </vertex>
          <vertex>
            <position x="4.01E-5" y="0.3516" z="-0.2303"></position>
            <normal x="0.0" y="-0.7660103" z="0.64282835"></normal>
          </vertex>
          <vertex>
            <position x="0.1969" y="0.1319" z="-0.4921"></position>
            <normal x="0.0" y="-0.7660103" z="0.64282835"></normal>
          </vertex>
          <vertex>
            <position x="5.143E-5" y="0.01495" z="-0.8133"></position>
            <normal x="0.0" y="-0.93965244" z="0.3421306"></normal>
          </vertex>
          <vertex>
            <position x="0.1969" y="0.1319" z="-0.4921"></position>
            <normal x="0.0" y="-0.93965244" z="0.3421306"></normal>
          </vertex>
          <vertex>
            <position x="4.636E-5" y="0.1319" z="-0.4921"></position>
            <normal x="0.0" y="-0.93965244" z="0.3421306"></normal>
          </vertex>
          <vertex>
            <position x="0.1969" y="0.1319" z="-0.4921"></position>
            <normal x="0.0" y="-0.93965244" z="0.34213057"></normal>
          </vertex>
          <vertex>
            <position x="5.143E-5" y="0.01495" z="-0.8133"></position>
            <normal x="0.0" y="-0.93965244" z="0.34213057"></normal>
          </vertex>
          <vertex>
            <position x="0.1969" y="0.01495" z="-0.8133"></position>
            <normal x="0.0" y="-0.93965244" z="0.34213057"></normal>
          </vertex>
          <vertex>
            <position x="5.469E-5" y="0.01495" z="-1.155"></position>
            <normal x="-0.0" y="-1.0" z="0.0"></normal>
          </vertex>
          <vertex>
            <position x="0.1969" y="0.01495" z="-0.8133"></position>
            <normal x="-0.0" y="-1.0" z="0.0"></normal>
          </vertex>
          <vertex>
            <position x="5.143E-5" y="0.01495" z="-0.8133"></position>
            <normal x="-0.0" y="-1.0" z="0.0"></normal>
          </vertex>
          <vertex>
            <position x="0.1969" y="0.01495" z="-1.155"></position>
            <normal x="-0.0" y="-1.0" z="0.0"></normal>
          </vertex>
          <vertex>
            <position x="5.576E-5" y="0.1319" z="-1.476"></position>
            <normal x="-0.0" y="-0.93958384" z="-0.34231883"></normal>
          </vertex>
          <vertex>
            <position x="0.1969" y="0.01495" z="-1.155"></position>
            <normal x="-0.0" y="-0.93958384" z="-0.34231883"></normal>
          </vertex>
          <vertex>
            <position x="5.469E-5" y="0.01495" z="-1.155"></position>
            <normal x="-0.0" y="-0.93958384" z="-0.34231883"></normal>
          </vertex>
          <vertex>
            <position x="0.1969" y="0.01495" z="-1.155"></position>
            <normal x="0.0" y="-0.93958384" z="-0.34231877"></normal>
          </vertex>
          <vertex>
            <position x="5.576E-5" y="0.1319" z="-1.476"></position>
            <normal x="0.0" y="-0.93958384" z="-0.34231877"></normal>
          </vertex>
          <vertex>
            <position x="0.1969" y="0.1319" z="-1.476"></position>
            <normal x="0.0" y="-0.93958384" z="-0.34231877"></normal>
          </vertex>
          <vertex>
            <position x="0.1969" y="0.2084" z="-1.633"></position>
            <normal x="0.0" y="-0.898961" z="-0.43802857"></normal>
          </vertex>
          <vertex>
            <position x="5.576E-5" y="0.1319" z="-1.476"></position>
            <normal x="0.0" y="-0.898961" z="-0.43802857"></normal>
          </vertex>
          <vertex>
            <position x="5.402E-5" y="0.2084" z="-1.633"></position>
            <normal x="0.0" y="-0.898961" z="-0.43802857"></normal>
          </vertex>
          <vertex>
            <position x="0.1969" y="0.1319" z="-1.476"></position>
            <normal x="0.0" y="-0.898961" z="-0.43802857"></normal>
          </vertex>
          <vertex>
            <position x="0.1969" y="0.2632" z="-1.798"></position>
            <normal x="0.0" y="-0.94902784" z="-0.3151924"></normal>
          </vertex>
          <vertex>
            <position x="5.402E-5" y="0.2084" z="-1.633"></position>
            <normal x="0.0" y="-0.94902784" z="-0.3151924"></normal>
          </vertex>
          <vertex>
            <position x="4.755E-5" y="0.2632" z="-1.798"></position>
            <normal x="0.0" y="-0.94902784" z="-0.3151924"></normal>
          </vertex>
          <vertex>
            <position x="5.402E-5" y="0.2084" z="-1.633"></position>
            <normal x="0.0" y="-0.9490277" z="-0.3151924"></normal>
          </vertex>
          <vertex>
            <position x="0.1969" y="0.2632" z="-1.798"></position>
            <normal x="0.0" y="-0.9490277" z="-0.3151924"></normal>
          </vertex>
          <vertex>
            <position x="0.1969" y="0.2084" z="-1.633"></position>
            <normal x="0.0" y="-0.9490277" z="-0.3151924"></normal>
          </vertex>
          <vertex>
            <position x="0.1969" y="0.2953" z="-1.969"></position>
            <normal x="0.0" y="-0.98283315" z="-0.1844967"></normal>
          </vertex>
          <vertex>
            <position x="4.755E-5" y="0.2632" z="-1.798"></position>
            <normal x="0.0" y="-0.98283315" z="-0.1844967"></normal>
          </vertex>
          <vertex>
            <position x="3.648E-5" y="0.2953" z="-1.969"></position>
            <normal x="0.0" y="-0.98283315" z="-0.1844967"></normal>
          </vertex>
          <vertex>
            <position x="0.1969" y="0.2632" z="-1.798"></position>
            <normal x="0.0" y="-0.98283315" z="-0.1844967"></normal>
          </vertex>
          <vertex>
            <position x="0.1969" y="0.2953" z="-7.874"></position>
            <normal x="0.0" y="-0.99999994" z="0.0"></normal>
          </vertex>
          <vertex>
            <position x="3.648E-5" y="0.2953" z="-1.969"></position>
            <normal x="0.0" y="-0.99999994" z="0.0"></normal>
          </vertex>
          <vertex>
            <position x="3.648E-5" y="0.2953" z="-7.874"></position>
            <normal x="0.0" y="-0.99999994" z="0.0"></normal>
          </vertex>
          <vertex>
            <position x="0.1969" y="0.2953" z="-1.969"></position>
            <normal x="0.0" y="-0.99999994" z="0.0"></normal>
          </vertex>
          <vertex>
            <position x="0.1969" y="0.4312" z="-8.158"></position>
            <normal x="0.0" y="-0.90204275" z="-0.4316466"></normal>
          </vertex>
          <vertex>
            <position x="3.648E-5" y="0.2953" z="-7.874"></position>
            <normal x="0.0" y="-0.90204275" z="-0.4316466"></normal>
          </vertex>
          <vertex>
            <position x="3.648E-5" y="0.4312" z="-8.158"></position>
            <normal x="0.0" y="-0.90204275" z="-0.4316466"></normal>
          </vertex>
          <vertex>
            <position x="0.1969" y="0.2953" z="-7.874"></position>
            <normal x="0.0" y="-0.90204275" z="-0.4316466"></normal>
          </vertex>
          <vertex>
            <position x="3.648E-5" y="0.6772" z="-8.355"></position>
            <normal x="-0.0" y="-0.62508094" z="-0.78055984"></normal>
          </vertex>
          <vertex>
            <position x="0.1969" y="0.4312" z="-8.158"></position>
            <normal x="-0.0" y="-0.62508094" z="-0.78055984"></normal>
          </vertex>
          <vertex>
            <position x="3.648E-5" y="0.4312" z="-8.158"></position>
            <normal x="-0.0" y="-0.62508094" z="-0.78055984"></normal>
          </vertex>
          <vertex>
            <position x="0.1969" y="0.6772" z="-8.355"></position>
            <normal x="-0.0" y="-0.62508094" z="-0.78055984"></normal>
          </vertex>
          <vertex>
            <position x="3.648E-5" y="0.9843" z="-8.425"></position>
            <normal x="-0.0" y="-0.22224054" z="-0.9749919"></normal>
          </vertex>
          <vertex>
            <position x="0.1969" y="0.6772" z="-8.355"></position>
            <normal x="-0.0" y="-0.22224054" z="-0.9749919"></normal>
          </vertex>
          <vertex>
            <position x="3.648E-5" y="0.6772" z="-8.355"></position>
            <normal x="-0.0" y="-0.22224054" z="-0.9749919"></normal>
          </vertex>
          <vertex>
            <position x="0.1969" y="0.9843" z="-8.425"></position>
            <normal x="-0.0" y="-0.22224054" z="-0.9749919"></normal>
          </vertex>
          <vertex>
            <position x="3.648E-5" y="1.291" z="-8.355"></position>
            <normal x="0.0" y="0.22251606" z="-0.9749291"></normal>
          </vertex>
          <vertex>
            <position x="0.1969" y="0.9843" z="-8.425"></position>
            <normal x="0.0" y="0.22251606" z="-0.9749291"></normal>
          </vertex>
          <vertex>
            <position x="3.648E-5" y="0.9843" z="-8.425"></position>
            <normal x="0.0" y="0.22251606" z="-0.9749291"></normal>
          </vertex>
          <vertex>
            <position x="0.1969" y="1.291" z="-8.355"></position>
            <normal x="0.0" y="0.22251606" z="-0.9749291"></normal>
          </vertex>
          <vertex>
            <position x="3.648E-5" y="1.537" z="-8.158"></position>
            <normal x="0.0" y="0.6250812" z="-0.78055984"></normal>
          </vertex>
          <vertex>
            <position x="0.1969" y="1.291" z="-8.355"></position>
            <normal x="0.0" y="0.6250812" z="-0.78055984"></normal>
          </vertex>
          <vertex>
            <position x="3.648E-5" y="1.291" z="-8.355"></position>
            <normal x="0.0" y="0.6250812" z="-0.78055984"></normal>
          </vertex>
          <vertex>
            <position x="0.1969" y="1.537" z="-8.158"></position>
            <normal x="0.0" y="0.6250812" z="-0.78055984"></normal>
          </vertex>
          <vertex>
            <position x="0.1969" y="1.673" z="-7.874"></position>
            <normal x="0.0" y="0.90191907" z="-0.43190512"></normal>
          </vertex>
          <vertex>
            <position x="3.648E-5" y="1.537" z="-8.158"></position>
            <normal x="0.0" y="0.90191907" z="-0.43190512"></normal>
          </vertex>
          <vertex>
            <position x="3.648E-5" y="1.673" z="-7.874"></position>
            <normal x="0.0" y="0.90191907" z="-0.43190512"></normal>
          </vertex>
          <vertex>
            <position x="0.1969" y="1.537" z="-8.158"></position>
            <normal x="0.0" y="0.90191907" z="-0.43190512"></normal>
          </vertex>
          <vertex>
            <position x="0.1969" y="1.673" z="-1.969"></position>
            <normal x="0.0" y="0.99999994" z="0.0"></normal>
          </vertex>
          <vertex>
            <position x="3.648E-5" y="1.673" z="-7.874"></position>
            <normal x="0.0" y="0.99999994" z="0.0"></normal>
          </vertex>
          <vertex>
            <position x="3.648E-5" y="1.673" z="-1.969"></position>
            <normal x="0.0" y="0.99999994" z="0.0"></normal>
          </vertex>
          <vertex>
            <position x="0.1969" y="1.673" z="-7.874"></position>
            <normal x="0.0" y="0.99999994" z="0.0"></normal>
          </vertex>
          <vertex>
            <position x="0.1969" y="1.705" z="-1.798"></position>
            <normal x="0.0" y="0.98293716" z="-0.18394183"></normal>
          </vertex>
          <vertex>
            <position x="3.648E-5" y="1.673" z="-1.969"></position>
            <normal x="0.0" y="0.98293716" z="-0.18394183"></normal>
          </vertex>
          <vertex>
            <position x="3.379E-5" y="1.705" z="-1.798"></position>
            <normal x="0.0" y="0.98293716" z="-0.18394183"></normal>
          </vertex>
          <vertex>
            <position x="3.648E-5" y="1.673" z="-1.969"></position>
            <normal x="0.0" y="0.98293716" z="-0.18394181"></normal>
          </vertex>
          <vertex>
            <position x="0.1969" y="1.705" z="-1.798"></position>
            <normal x="0.0" y="0.98293716" z="-0.18394181"></normal>
          </vertex>
          <vertex>
            <position x="0.1969" y="1.673" z="-1.969"></position>
            <normal x="0.0" y="0.98293716" z="-0.18394181"></normal>
          </vertex>
          <vertex>
            <position x="3.994E-5" y="1.76" z="-1.633"></position>
            <normal x="0.0" y="0.9486834" z="-0.31622759"></normal>
          </vertex>
          <vertex>
            <position x="0.1969" y="1.705" z="-1.798"></position>
            <normal x="0.0" y="0.9486834" z="-0.31622759"></normal>
          </vertex>
          <vertex>
            <position x="3.379E-5" y="1.705" z="-1.798"></position>
            <normal x="0.0" y="0.9486834" z="-0.31622759"></normal>
          </vertex>
          <vertex>
            <position x="0.1969" y="1.705" z="-1.798"></position>
            <normal x="0.0" y="0.9486834" z="-0.31622756"></normal>
          </vertex>
          <vertex>
            <position x="3.994E-5" y="1.76" z="-1.633"></position>
            <normal x="0.0" y="0.9486834" z="-0.31622756"></normal>
          </vertex>
          <vertex>
            <position x="0.1969" y="1.76" z="-1.633"></position>
            <normal x="0.0" y="0.9486834" z="-0.31622756"></normal>
          </vertex>
          <vertex>
            <position x="2.188E-5" y="1.321" z="-0.05936"></position>
            <normal x="-1.0" y="-1.7107217E-5" z="-9.602406E-6"></normal>
          </vertex>
          <vertex>
            <position x="3.34E-5" y="0.6476" z="-0.05936"></position>
            <normal x="-1.0" y="-1.7107217E-5" z="-9.602406E-6"></normal>
          </vertex>
          <vertex>
            <position x="2.707E-5" y="0.9843" z="0.0"></position>
            <normal x="-1.0" y="-1.7107217E-5" z="-9.602406E-6"></normal>
          </vertex>
          <vertex>
            <position x="3.34E-5" y="0.6476" z="-0.05936"></position>
            <normal x="-0.99999994" y="-1.7107217E-5" z="-9.572153E-6"></normal>
          </vertex>
          <vertex>
            <position x="2.188E-5" y="1.321" z="-0.05936"></position>
            <normal x="-0.99999994" y="-1.7107217E-5" z="-9.572153E-6"></normal>
          </vertex>
          <vertex>
            <position x="4.01E-5" y="0.3516" z="-0.2303"></position>
            <normal x="-0.99999994" y="-1.7107217E-5" z="-9.572153E-6"></normal>
          </vertex>
          <vertex>
            <position x="4.01E-5" y="0.3516" z="-0.2303"></position>
            <normal x="-1.0" y="-1.7109216E-5" z="-9.560831E-6"></normal>
          </vertex>
          <vertex>
            <position x="2.188E-5" y="1.321" z="-0.05936"></position>
            <normal x="-1.0" y="-1.7109216E-5" z="-9.560831E-6"></normal>
          </vertex>
          <vertex>
            <position x="1.845E-5" y="1.617" z="-0.2303"></position>
            <normal x="-1.0" y="-1.7109216E-5" z="-9.560831E-6"></normal>
          </vertex>
          <vertex>
            <position x="4.01E-5" y="0.3516" z="-0.2303"></position>
            <normal x="-1.0" y="-1.7109216E-5" z="-9.553501E-6"></normal>
          </vertex>
          <vertex>
            <position x="1.845E-5" y="1.617" z="-0.2303"></position>
            <normal x="-1.0" y="-1.7109216E-5" z="-9.553501E-6"></normal>
          </vertex>
          <vertex>
            <position x="4.636E-5" y="0.1319" z="-0.4921"></position>
            <normal x="-1.0" y="-1.7109216E-5" z="-9.553501E-6"></normal>
          </vertex>
          <vertex>
            <position x="4.636E-5" y="0.1319" z="-0.4921"></position>
            <normal x="-1.0" y="-1.71075E-5" z="-9.563216E-6"></normal>
          </vertex>
          <vertex>
            <position x="1.845E-5" y="1.617" z="-0.2303"></position>
            <normal x="-1.0" y="-1.71075E-5" z="-9.563216E-6"></normal>
          </vertex>
          <vertex>
            <position x="1.719E-5" y="1.837" z="-0.4921"></position>
            <normal x="-1.0" y="-1.71075E-5" z="-9.563216E-6"></normal>
          </vertex>
          <vertex>
            <position x="4.636E-5" y="0.1319" z="-0.4921"></position>
            <normal x="-1.0" y="-1.7107503E-5" z="-9.555664E-6"></normal>
          </vertex>
          <vertex>
            <position x="1.719E-5" y="1.837" z="-0.4921"></position>
            <normal x="-1.0" y="-1.7107503E-5" z="-9.555664E-6"></normal>
          </vertex>
          <vertex>
            <position x="5.143E-5" y="0.01495" z="-0.8133"></position>
            <normal x="-1.0" y="-1.7107503E-5" z="-9.555664E-6"></normal>
          </vertex>
          <vertex>
            <position x="5.143E-5" y="0.01495" z="-0.8133"></position>
            <normal x="-1.0" y="-1.7106317E-5" z="-9.562389E-6"></normal>
          </vertex>
          <vertex>
            <position x="1.719E-5" y="1.837" z="-0.4921"></position>
            <normal x="-1.0" y="-1.7106317E-5" z="-9.562389E-6"></normal>
          </vertex>
          <vertex>
            <position x="1.826E-5" y="1.954" z="-0.8133"></position>
            <normal x="-1.0" y="-1.7106317E-5" z="-9.562389E-6"></normal>
          </vertex>
          <vertex>
            <position x="5.143E-5" y="0.01495" z="-0.8133"></position>
            <normal x="-0.99999994" y="-1.7106315E-5" z="-9.540531E-6"></normal>
          </vertex>
          <vertex>
            <position x="1.826E-5" y="1.954" z="-0.8133"></position>
            <normal x="-0.99999994" y="-1.7106315E-5" z="-9.540531E-6"></normal>
          </vertex>
          <vertex>
            <position x="5.469E-5" y="0.01495" z="-1.155"></position>
            <normal x="-0.99999994" y="-1.7106315E-5" z="-9.540531E-6"></normal>
          </vertex>
          <vertex>
            <position x="5.469E-5" y="0.01495" z="-1.155"></position>
            <normal x="-0.99999994" y="-1.7101158E-5" z="-9.5698015E-6"></normal>
          </vertex>
          <vertex>
            <position x="1.826E-5" y="1.954" z="-0.8133"></position>
            <normal x="-0.99999994" y="-1.7101158E-5" z="-9.5698015E-6"></normal>
          </vertex>
          <vertex>
            <position x="2.153E-5" y="1.954" z="-1.155"></position>
            <normal x="-0.99999994" y="-1.7101158E-5" z="-9.5698015E-6"></normal>
          </vertex>
          <vertex>
            <position x="5.469E-5" y="0.01495" z="-1.155"></position>
            <normal x="-1.0" y="-1.710116E-5" z="-9.5637815E-6"></normal>
          </vertex>
          <vertex>
            <position x="2.153E-5" y="1.954" z="-1.155"></position>
            <normal x="-1.0" y="-1.710116E-5" z="-9.5637815E-6"></normal>
          </vertex>
          <vertex>
            <position x="5.576E-5" y="0.1319" z="-1.476"></position>
            <normal x="-1.0" y="-1.710116E-5" z="-9.5637815E-6"></normal>
          </vertex>
          <vertex>
            <position x="5.576E-5" y="0.1319" z="-1.476"></position>
            <normal x="-1.0" y="-5.57152E-7" z="-1.0347294E-4"></normal>
          </vertex>
          <vertex>
            <position x="2.153E-5" y="1.954" z="-1.155"></position>
            <normal x="-1.0" y="-5.57152E-7" z="-1.0347294E-4"></normal>
          </vertex>
          <vertex>
            <position x="5.481E-5" y="1.837" z="-1.476"></position>
            <normal x="-1.0" y="-5.57152E-7" z="-1.0347294E-4"></normal>
          </vertex>
          <vertex>
            <position x="5.576E-5" y="0.1319" z="-1.476"></position>
            <normal x="-1.0" y="-5.57152E-7" z="9.4986586E-5"></normal>
          </vertex>
          <vertex>
            <position x="5.481E-5" y="1.837" z="-1.476"></position>
            <normal x="-1.0" y="-5.57152E-7" z="9.4986586E-5"></normal>
          </vertex>
          <vertex>
            <position x="3.994E-5" y="1.76" z="-1.633"></position>
            <normal x="-1.0" y="-5.57152E-7" z="9.4986586E-5"></normal>
          </vertex>
          <vertex>
            <position x="5.576E-5" y="0.1319" z="-1.476"></position>
            <normal x="-1.0" y="-9.074504E-6" z="6.6611324E-6"></normal>
          </vertex>
          <vertex>
            <position x="3.994E-5" y="1.76" z="-1.633"></position>
            <normal x="-1.0" y="-9.074504E-6" z="6.6611324E-6"></normal>
          </vertex>
          <vertex>
            <position x="5.402E-5" y="0.2084" z="-1.633"></position>
            <normal x="-1.0" y="-9.074504E-6" z="6.6611324E-6"></normal>
          </vertex>
          <vertex>
            <position x="5.402E-5" y="0.2084" z="-1.633"></position>
            <normal x="-1.0" y="-9.074504E-6" z="3.619832E-5"></normal>
          </vertex>
          <vertex>
            <position x="3.994E-5" y="1.76" z="-1.633"></position>
            <normal x="-1.0" y="-9.074504E-6" z="3.619832E-5"></normal>
          </vertex>
          <vertex>
            <position x="4.755E-5" y="0.2632" z="-1.798"></position>
            <normal x="-1.0" y="-9.074504E-6" z="3.619832E-5"></normal>
          </vertex>
          <vertex>
            <position x="4.755E-5" y="0.2632" z="-1.798"></position>
            <normal x="-1.0" y="-9.543625E-6" z="4.045396E-5"></normal>
          </vertex>
          <vertex>
            <position x="3.994E-5" y="1.76" z="-1.633"></position>
            <normal x="-1.0" y="-9.543625E-6" z="4.045396E-5"></normal>
          </vertex>
          <vertex>
            <position x="3.379E-5" y="1.705" z="-1.798"></position>
            <normal x="-1.0" y="-9.543625E-6" z="4.045396E-5"></normal>
          </vertex>
          <vertex>
            <position x="4.755E-5" y="0.2632" z="-1.798"></position>
            <normal x="-0.99999994" y="-9.543626E-6" z="6.2945306E-5"></normal>
          </vertex>
          <vertex>
            <position x="3.379E-5" y="1.705" z="-1.798"></position>
            <normal x="-0.99999994" y="-9.543626E-6" z="6.2945306E-5"></normal>
          </vertex>
          <vertex>
            <position x="3.648E-5" y="0.2953" z="-1.969"></position>
            <normal x="-0.99999994" y="-9.543626E-6" z="6.2945306E-5"></normal>
          </vertex>
          <vertex>
            <position x="3.648E-5" y="0.2953" z="-1.969"></position>
            <normal x="-1.0" y="0.0" z="-1.5731004E-5"></normal>
          </vertex>
          <vertex>
            <position x="3.379E-5" y="1.705" z="-1.798"></position>
            <normal x="-1.0" y="0.0" z="-1.5731004E-5"></normal>
          </vertex>
          <vertex>
            <position x="3.648E-5" y="1.673" z="-1.969"></position>
            <normal x="-1.0" y="0.0" z="-1.5731004E-5"></normal>
          </vertex>
          <vertex>
            <position x="3.648E-5" y="0.2953" z="-1.969"></position>
            <normal x="-1.0" y="-0.0" z="-4.432849E-6"></normal>
          </vertex>
          <vertex>
            <position x="3.648E-5" y="1.673" z="-1.969"></position>
            <normal x="-1.0" y="-0.0" z="-4.432849E-6"></normal>
          </vertex>
          <vertex>
            <position x="4.625E-5" y="1.161" z="-4.173"></position>
            <normal x="-1.0" y="-0.0" z="-4.432849E-6"></normal>
          </vertex>
          <vertex>
            <position x="4.625E-5" y="1.161" z="-4.173"></position>
            <normal x="-1.0" y="-1.908203E-5" z="-0.0"></normal>
          </vertex>
          <vertex>
            <position x="3.648E-5" y="1.673" z="-1.969"></position>
            <normal x="-1.0" y="-1.908203E-5" z="-0.0"></normal>
          </vertex>
          <vertex>
            <position x="3.648E-5" y="1.673" z="-7.874"></position>
            <normal x="-1.0" y="-1.908203E-5" z="-0.0"></normal>
          </vertex>
          <vertex>
            <position x="3.648E-5" y="0.2953" z="-1.969"></position>
            <normal x="-0.9999965" y="0.0024810797" z="9.701002E-4"></normal>
          </vertex>
          <vertex>
            <position x="4.625E-5" y="1.161" z="-4.173"></position>
            <normal x="-0.9999965" y="0.0024810797" z="9.701002E-4"></normal>
          </vertex>
          <vertex>
            <position x="2.488E-5" y="1.091" z="-4.016"></position>
            <normal x="-0.9999965" y="0.0024810797" z="9.701002E-4"></normal>
          </vertex>
          <vertex>
            <position x="4.625E-5" y="1.161" z="-7.717"></position>
            <normal x="-1.0" y="-1.908203E-5" z="-0.0"></normal>
          </vertex>
          <vertex>
            <position x="4.625E-5" y="1.161" z="-7.717"></position>
            <normal x="-1.0" y="-7.113405E-6" z="3.903143E-5"></normal>
          </vertex>
          <vertex>
            <position x="3.648E-5" y="1.673" z="-7.874"></position>
            <normal x="-1.0" y="-7.113405E-6" z="3.903143E-5"></normal>
          </vertex>
          <vertex>
            <position x="4.062E-5" y="1.091" z="-7.874"></position>
            <normal x="-1.0" y="-7.113405E-6" z="3.903143E-5"></normal>
          </vertex>
          <vertex>
            <position x="4.062E-5" y="1.091" z="-7.874"></position>
            <normal x="-1.0" y="-7.113405E-6" z="3.406421E-6"></normal>
          </vertex>
          <vertex>
            <position x="3.648E-5" y="1.673" z="-7.874"></position>
            <normal x="-1.0" y="-7.113405E-6" z="3.406421E-6"></normal>
          </vertex>
          <vertex>
            <position x="3.648E-5" y="1.537" z="-8.158"></position>
            <normal x="-1.0" y="-7.113405E-6" z="3.406421E-6"></normal>
          </vertex>
          <vertex>
            <position x="4.062E-5" y="1.091" z="-7.874"></position>
            <normal x="-1.0" y="0.0" z="1.4577477E-5"></normal>
          </vertex>
          <vertex>
            <position x="3.648E-5" y="1.537" z="-8.158"></position>
            <normal x="-1.0" y="0.0" z="1.4577477E-5"></normal>
          </vertex>
          <vertex>
            <position x="4.062E-5" y="0.878" z="-7.874"></position>
            <normal x="-1.0" y="0.0" z="1.4577477E-5"></normal>
          </vertex>
          <vertex>
            <position x="3.648E-5" y="0.2953" z="-1.969"></position>
            <normal x="-1.0" y="1.9089486E-5" z="0.0"></normal>
          </vertex>
          <vertex>
            <position x="4.625E-5" y="0.8071" z="-4.173"></position>
            <normal x="-1.0" y="1.9089486E-5" z="0.0"></normal>
          </vertex>
          <vertex>
            <position x="3.648E-5" y="0.2953" z="-7.874"></position>
            <normal x="-1.0" y="1.9089486E-5" z="0.0"></normal>
          </vertex>
          <vertex>
            <position x="4.625E-5" y="0.8071" z="-4.173"></position>
            <normal x="-1.0" y="-1.1451477E-4" z="-3.1024796E-5"></normal>
          </vertex>
          <vertex>
            <position x="3.648E-5" y="0.2953" z="-1.969"></position>
            <normal x="-1.0" y="-1.1451477E-4" z="-3.1024796E-5"></normal>
          </vertex>
          <vertex>
            <position x="3.326E-5" y="0.878" z="-4.016"></position>
            <normal x="-1.0" y="-1.1451477E-4" z="-3.1024796E-5"></normal>
          </vertex>
          <vertex>
            <position x="3.326E-5" y="0.878" z="-4.016"></position>
            <normal x="-1.0" y="-3.934273E-5" z="-9.626287E-6"></normal>
          </vertex>
          <vertex>
            <position x="3.648E-5" y="0.2953" z="-1.969"></position>
            <normal x="-1.0" y="-3.934273E-5" z="-9.626287E-6"></normal>
          </vertex>
          <vertex>
            <position x="2.488E-5" y="1.091" z="-4.016"></position>
            <normal x="-1.0" y="-3.934273E-5" z="-9.626287E-6"></normal>
          </vertex>
          <vertex>
            <position x="3.648E-5" y="0.2953" z="-7.874"></position>
            <normal x="-0.99999994" y="1.9089486E-5" z="0.0"></normal>
          </vertex>
          <vertex>
            <position x="4.625E-5" y="0.8071" z="-4.173"></position>
            <normal x="-0.99999994" y="1.9089486E-5" z="0.0"></normal>
          </vertex>
          <vertex>
            <position x="4.625E-5" y="0.8071" z="-7.717"></position>
            <normal x="-0.99999994" y="1.9089486E-5" z="0.0"></normal>
          </vertex>
          <vertex>
            <position x="3.648E-5" y="0.2953" z="-7.874"></position>
            <normal x="-0.99999994" y="7.1048594E-6" z="3.906834E-5"></normal>
          </vertex>
          <vertex>
            <position x="4.625E-5" y="0.8071" z="-7.717"></position>
            <normal x="-0.99999994" y="7.1048594E-6" z="3.906834E-5"></normal>
          </vertex>
          <vertex>
            <position x="4.062E-5" y="0.878" z="-7.874"></position>
            <normal x="-0.99999994" y="7.1048594E-6" z="3.906834E-5"></normal>
          </vertex>
          <vertex>
            <position x="3.648E-5" y="0.2953" z="-7.874"></position>
            <normal x="-0.99999994" y="7.1048594E-6" z="3.3998258E-6"></normal>
          </vertex>
          <vertex>
            <position x="4.062E-5" y="0.878" z="-7.874"></position>
            <normal x="-0.99999994" y="7.1048594E-6" z="3.3998258E-6"></normal>
          </vertex>
          <vertex>
            <position x="3.648E-5" y="0.4312" z="-8.158"></position>
            <normal x="-0.99999994" y="7.1048594E-6" z="3.3998258E-6"></normal>
          </vertex>
          <vertex>
            <position x="3.648E-5" y="0.4312" z="-8.158"></position>
            <normal x="-1.0" y="0.0" z="1.4577475E-5"></normal>
          </vertex>
          <vertex>
            <position x="4.062E-5" y="0.878" z="-7.874"></position>
            <normal x="-1.0" y="0.0" z="1.4577475E-5"></normal>
          </vertex>
          <vertex>
            <position x="3.648E-5" y="1.537" z="-8.158"></position>
            <normal x="-1.0" y="0.0" z="1.4577475E-5"></normal>
          </vertex>
          <vertex>
            <position x="3.648E-5" y="0.4312" z="-8.158"></position>
            <normal x="-1.0" y="-0.0" z="0.0"></normal>
          </vertex>
          <vertex>
            <position x="3.648E-5" y="1.537" z="-8.158"></position>
            <normal x="-1.0" y="-0.0" z="0.0"></normal>
          </vertex>
          <vertex>
            <position x="3.648E-5" y="1.291" z="-8.355"></position>
            <normal x="-1.0" y="-0.0" z="0.0"></normal>
          </vertex>
          <vertex>
            <position x="3.648E-5" y="0.6772" z="-8.355"></position>
            <normal x="-1.0" y="-0.0" z="0.0"></normal>
          </vertex>
          <vertex>
            <position x="3.648E-5" y="0.9843" z="-8.425"></position>
            <normal x="-1.0" y="-0.0" z="0.0"></normal>
          </vertex>
        </vertexbuffer>
      </geometry>
    </submesh>
  </submeshes>
</mesh>
