<mesh>
  <submeshes>
    <submesh material="Material.1083" usesharedvertices="false">
      <faces count="84">
        <face v1="0" v2="1" v3="2"></face>
        <face v1="3" v2="4" v3="5"></face>
        <face v1="5" v2="4" v3="6"></face>
        <face v1="5" v2="6" v3="7"></face>
        <face v1="7" v2="6" v3="8"></face>
        <face v1="8" v2="6" v3="9"></face>
        <face v1="10" v2="11" v3="12"></face>
        <face v1="11" v2="10" v3="13"></face>
        <face v1="14" v2="15" v3="16"></face>
        <face v1="15" v2="14" v3="17"></face>
        <face v1="18" v2="19" v3="20"></face>
        <face v1="19" v2="18" v3="21"></face>
        <face v1="22" v2="23" v3="24"></face>
        <face v1="23" v2="22" v3="25"></face>
        <face v1="26" v2="27" v3="28"></face>
        <face v1="27" v2="26" v3="29"></face>
        <face v1="30" v2="31" v3="32"></face>
        <face v1="31" v2="30" v3="33"></face>
        <face v1="34" v2="35" v3="36"></face>
        <face v1="35" v2="34" v3="37"></face>
        <face v1="38" v2="39" v3="40"></face>
        <face v1="39" v2="38" v3="41"></face>
        <face v1="42" v2="43" v3="44"></face>
        <face v1="45" v2="46" v3="47"></face>
        <face v1="47" v2="46" v3="48"></face>
        <face v1="47" v2="48" v3="49"></face>
        <face v1="49" v2="48" v3="50"></face>
        <face v1="49" v2="50" v3="51"></face>
      </faces>
      <geometry vertexcount="52">
        <vertexbuffer positions="true" normals="true">
          <vertex>
            <position x="0.1969" y="0.0" z="-1.181"></position>
            <normal x="0.0" y="-0.99999994" z="0.0"></normal>
          </vertex>
          <vertex>
            <position x="0.0" y="0.0" z="-0.1969"></position>
            <normal x="0.0" y="-0.99999994" z="0.0"></normal>
          </vertex>
          <vertex>
            <position x="0.0" y="0.0" z="-0.9843"></position>
            <normal x="0.0" y="-0.99999994" z="0.0"></normal>
          </vertex>
          <vertex>
            <position x="0.0" y="0.0" z="-0.1969"></position>
            <normal x="0.0" y="-1.0" z="0.0"></normal>
          </vertex>
          <vertex>
            <position x="0.1969" y="0.0" z="-1.181"></position>
            <normal x="0.0" y="-1.0" z="0.0"></normal>
          </vertex>
          <vertex>
            <position x="0.1969" y="0.0" z="0.0"></position>
            <normal x="0.0" y="-1.0" z="0.0"></normal>
          </vertex>
          <vertex>
            <position x="0.9843" y="0.0" z="-1.181"></position>
            <normal x="0.0" y="-1.0" z="0.0"></normal>
          </vertex>
          <vertex>
            <position x="0.9843" y="0.0" z="0.0"></position>
            <normal x="0.0" y="-1.0" z="0.0"></normal>
          </vertex>
          <vertex>
            <position x="1.181" y="0.0" z="-0.1969"></position>
            <normal x="0.0" y="-1.0" z="0.0"></normal>
          </vertex>
          <vertex>
            <position x="1.181" y="0.0" z="-0.9843"></position>
            <normal x="0.0" y="-1.0" z="0.0"></normal>
          </vertex>
          <vertex>
            <position x="0.0" y="0.3937" z="-0.9843"></position>
            <normal x="-1.0" y="0.0" z="0.0"></normal>
          </vertex>
          <vertex>
            <position x="0.0" y="0.0" z="-0.1969"></position>
            <normal x="-1.0" y="0.0" z="0.0"></normal>
          </vertex>
          <vertex>
            <position x="0.0" y="0.3937" z="-0.1969"></position>
            <normal x="-1.0" y="0.0" z="0.0"></normal>
          </vertex>
          <vertex>
            <position x="0.0" y="0.0" z="-0.9843"></position>
            <normal x="-1.0" y="0.0" z="0.0"></normal>
          </vertex>
          <vertex>
            <position x="0.1969" y="0.3937" z="-1.181"></position>
            <normal x="-0.70674735" y="0.0" z="-0.707466"></normal>
          </vertex>
          <vertex>
            <position x="0.0" y="0.0" z="-0.9843"></position>
            <normal x="-0.70674735" y="0.0" z="-0.707466"></normal>
          </vertex>
          <vertex>
            <position x="0.0" y="0.3937" z="-0.9843"></position>
            <normal x="-0.70674735" y="0.0" z="-0.707466"></normal>
          </vertex>
          <vertex>
            <position x="0.1969" y="0.0" z="-1.181"></position>
            <normal x="-0.70674735" y="0.0" z="-0.707466"></normal>
          </vertex>
          <vertex>
            <position x="0.1969" y="0.3937" z="-1.181"></position>
            <normal x="0.0" y="0.0" z="-1.0"></normal>
          </vertex>
          <vertex>
            <position x="0.9843" y="0.0" z="-1.181"></position>
            <normal x="0.0" y="0.0" z="-1.0"></normal>
          </vertex>
          <vertex>
            <position x="0.1969" y="0.0" z="-1.181"></position>
            <normal x="0.0" y="0.0" z="-1.0"></normal>
          </vertex>
          <vertex>
            <position x="0.9843" y="0.3937" z="-1.181"></position>
            <normal x="0.0" y="0.0" z="-1.0"></normal>
          </vertex>
          <vertex>
            <position x="0.9843" y="0.3937" z="-1.181"></position>
            <normal x="0.7071068" y="0.0" z="-0.7071068"></normal>
          </vertex>
          <vertex>
            <position x="1.181" y="0.0" z="-0.9843"></position>
            <normal x="0.7071068" y="0.0" z="-0.7071068"></normal>
          </vertex>
          <vertex>
            <position x="0.9843" y="0.0" z="-1.181"></position>
            <normal x="0.7071068" y="0.0" z="-0.7071068"></normal>
          </vertex>
          <vertex>
            <position x="1.181" y="0.3937" z="-0.9843"></position>
            <normal x="0.7071068" y="0.0" z="-0.7071068"></normal>
          </vertex>
          <vertex>
            <position x="1.181" y="0.0" z="-0.9843"></position>
            <normal x="1.0" y="0.0" z="0.0"></normal>
          </vertex>
          <vertex>
            <position x="1.181" y="0.3937" z="-0.1969"></position>
            <normal x="1.0" y="0.0" z="0.0"></normal>
          </vertex>
          <vertex>
            <position x="1.181" y="0.0" z="-0.1969"></position>
            <normal x="1.0" y="0.0" z="0.0"></normal>
          </vertex>
          <vertex>
            <position x="1.181" y="0.3937" z="-0.9843"></position>
            <normal x="1.0" y="0.0" z="0.0"></normal>
          </vertex>
          <vertex>
            <position x="1.181" y="0.0" z="-0.1969"></position>
            <normal x="0.707466" y="0.0" z="0.70674735"></normal>
          </vertex>
          <vertex>
            <position x="0.9843" y="0.3937" z="0.0"></position>
            <normal x="0.707466" y="0.0" z="0.70674735"></normal>
          </vertex>
          <vertex>
            <position x="0.9843" y="0.0" z="0.0"></position>
            <normal x="0.707466" y="0.0" z="0.70674735"></normal>
          </vertex>
          <vertex>
            <position x="1.181" y="0.3937" z="-0.1969"></position>
            <normal x="0.707466" y="0.0" z="0.70674735"></normal>
          </vertex>
          <vertex>
            <position x="0.9843" y="0.3937" z="0.0"></position>
            <normal x="0.0" y="0.0" z="1.0"></normal>
          </vertex>
          <vertex>
            <position x="0.1969" y="0.0" z="0.0"></position>
            <normal x="0.0" y="0.0" z="1.0"></normal>
          </vertex>
          <vertex>
            <position x="0.9843" y="0.0" z="0.0"></position>
            <normal x="0.0" y="0.0" z="1.0"></normal>
          </vertex>
          <vertex>
            <position x="0.1969" y="0.3937" z="0.0"></position>
            <normal x="0.0" y="0.0" z="1.0"></normal>
          </vertex>
          <vertex>
            <position x="0.1969" y="0.3937" z="0.0"></position>
            <normal x="-0.7071068" y="0.0" z="0.7071068"></normal>
          </vertex>
          <vertex>
            <position x="0.0" y="0.0" z="-0.1969"></position>
            <normal x="-0.7071068" y="0.0" z="0.7071068"></normal>
          </vertex>
          <vertex>
            <position x="0.1969" y="0.0" z="0.0"></position>
            <normal x="-0.7071068" y="0.0" z="0.7071068"></normal>
          </vertex>
          <vertex>
            <position x="0.0" y="0.3937" z="-0.1969"></position>
            <normal x="-0.7071068" y="0.0" z="0.7071068"></normal>
          </vertex>
          <vertex>
            <position x="0.1969" y="0.3937" z="0.0"></position>
            <normal x="0.0" y="0.99999994" z="0.0"></normal>
          </vertex>
          <vertex>
            <position x="0.0" y="0.3937" z="-0.9843"></position>
            <normal x="0.0" y="0.99999994" z="0.0"></normal>
          </vertex>
          <vertex>
            <position x="0.0" y="0.3937" z="-0.1969"></position>
            <normal x="0.0" y="0.99999994" z="0.0"></normal>
          </vertex>
          <vertex>
            <position x="0.0" y="0.3937" z="-0.9843"></position>
            <normal x="0.0" y="1.0" z="0.0"></normal>
          </vertex>
          <vertex>
            <position x="0.1969" y="0.3937" z="0.0"></position>
            <normal x="0.0" y="1.0" z="0.0"></normal>
          </vertex>
          <vertex>
            <position x="0.1969" y="0.3937" z="-1.181"></position>
            <normal x="0.0" y="1.0" z="0.0"></normal>
          </vertex>
          <vertex>
            <position x="0.9843" y="0.3937" z="0.0"></position>
            <normal x="0.0" y="1.0" z="0.0"></normal>
          </vertex>
          <vertex>
            <position x="0.9843" y="0.3937" z="-1.181"></position>
            <normal x="0.0" y="1.0" z="0.0"></normal>
          </vertex>
          <vertex>
            <position x="1.181" y="0.3937" z="-0.1969"></position>
            <normal x="0.0" y="1.0" z="0.0"></normal>
          </vertex>
          <vertex>
            <position x="1.181" y="0.3937" z="-0.9843"></position>
            <normal x="0.0" y="1.0" z="0.0"></normal>
          </vertex>
        </vertexbuffer>
      </geometry>
    </submesh>
  </submeshes>
</mesh>
