<mesh>
  <submeshes>
    <submesh material="Material.1171" usesharedvertices="false">
      <faces count="624">
        <face v1="0" v2="1" v3="2"></face>
        <face v1="3" v2="4" v3="5"></face>
        <face v1="4" v2="3" v3="6"></face>
        <face v1="7" v2="8" v3="9"></face>
        <face v1="9" v2="8" v3="10"></face>
        <face v1="11" v2="3" v3="12"></face>
        <face v1="11" v2="12" v3="13"></face>
        <face v1="13" v2="12" v3="14"></face>
        <face v1="13" v2="14" v3="15"></face>
        <face v1="16" v2="17" v3="18"></face>
        <face v1="15" v2="19" v3="20"></face>
        <face v1="15" v2="20" v3="21"></face>
        <face v1="15" v2="21" v3="1"></face>
        <face v1="1" v2="21" v3="22"></face>
        <face v1="1" v2="22" v3="23"></face>
        <face v1="1" v2="23" v3="2"></face>
        <face v1="15" v2="1" v3="24"></face>
        <face v1="15" v2="24" v3="25"></face>
        <face v1="15" v2="25" v3="26"></face>
        <face v1="15" v2="26" v3="27"></face>
        <face v1="15" v2="27" v3="28"></face>
        <face v1="16" v2="29" v3="30"></face>
        <face v1="15" v2="31" v3="32"></face>
        <face v1="15" v2="32" v3="33"></face>
        <face v1="16" v2="34" v3="35"></face>
        <face v1="15" v2="36" v3="37"></face>
        <face v1="15" v2="37" v3="38"></face>
        <face v1="16" v2="39" v3="40"></face>
        <face v1="15" v2="41" v3="42"></face>
        <face v1="15" v2="42" v3="43"></face>
        <face v1="44" v2="45" v3="46"></face>
        <face v1="43" v2="47" v3="48"></face>
        <face v1="48" v2="47" v3="49"></face>
        <face v1="50" v2="51" v3="52"></face>
        <face v1="53" v2="49" v3="54"></face>
        <face v1="55" v2="56" v3="57"></face>
        <face v1="56" v2="55" v3="58"></face>
        <face v1="58" v2="55" v3="59"></face>
        <face v1="60" v2="61" v3="62"></face>
        <face v1="61" v2="60" v3="63"></face>
        <face v1="64" v2="65" v3="66"></face>
        <face v1="65" v2="64" v3="67"></face>
        <face v1="68" v2="69" v3="70"></face>
        <face v1="69" v2="68" v3="71"></face>
        <face v1="72" v2="73" v3="74"></face>
        <face v1="73" v2="72" v3="75"></face>
        <face v1="76" v2="77" v3="78"></face>
        <face v1="77" v2="76" v3="79"></face>
        <face v1="80" v2="81" v3="82"></face>
        <face v1="81" v2="80" v3="83"></face>
        <face v1="84" v2="85" v3="86"></face>
        <face v1="85" v2="84" v3="87"></face>
        <face v1="88" v2="89" v3="90"></face>
        <face v1="89" v2="88" v3="91"></face>
        <face v1="92" v2="93" v3="94"></face>
        <face v1="93" v2="92" v3="95"></face>
        <face v1="96" v2="97" v3="98"></face>
        <face v1="97" v2="96" v3="99"></face>
        <face v1="100" v2="101" v3="102"></face>
        <face v1="101" v2="100" v3="103"></face>
        <face v1="104" v2="105" v3="106"></face>
        <face v1="105" v2="104" v3="107"></face>
        <face v1="108" v2="109" v3="110"></face>
        <face v1="109" v2="108" v3="111"></face>
        <face v1="112" v2="113" v3="114"></face>
        <face v1="113" v2="112" v3="115"></face>
        <face v1="116" v2="117" v3="118"></face>
        <face v1="117" v2="116" v3="119"></face>
        <face v1="120" v2="121" v3="122"></face>
        <face v1="121" v2="120" v3="123"></face>
        <face v1="124" v2="125" v3="126"></face>
        <face v1="125" v2="124" v3="127"></face>
        <face v1="128" v2="129" v3="130"></face>
        <face v1="129" v2="128" v3="131"></face>
        <face v1="132" v2="133" v3="134"></face>
        <face v1="133" v2="132" v3="135"></face>
        <face v1="136" v2="137" v3="138"></face>
        <face v1="137" v2="136" v3="139"></face>
        <face v1="140" v2="141" v3="142"></face>
        <face v1="141" v2="140" v3="143"></face>
        <face v1="144" v2="145" v3="146"></face>
        <face v1="145" v2="144" v3="147"></face>
        <face v1="148" v2="149" v3="150"></face>
        <face v1="149" v2="148" v3="151"></face>
        <face v1="152" v2="153" v3="154"></face>
        <face v1="153" v2="152" v3="155"></face>
        <face v1="156" v2="157" v3="158"></face>
        <face v1="157" v2="156" v3="159"></face>
        <face v1="160" v2="161" v3="162"></face>
        <face v1="161" v2="160" v3="163"></face>
        <face v1="164" v2="165" v3="166"></face>
        <face v1="165" v2="164" v3="167"></face>
        <face v1="168" v2="169" v3="170"></face>
        <face v1="169" v2="168" v3="171"></face>
        <face v1="172" v2="173" v3="174"></face>
        <face v1="173" v2="172" v3="175"></face>
        <face v1="176" v2="177" v3="178"></face>
        <face v1="177" v2="176" v3="179"></face>
        <face v1="180" v2="181" v3="182"></face>
        <face v1="181" v2="180" v3="183"></face>
        <face v1="184" v2="185" v3="186"></face>
        <face v1="185" v2="184" v3="187"></face>
        <face v1="187" v2="184" v3="188"></face>
        <face v1="189" v2="190" v3="191"></face>
        <face v1="190" v2="189" v3="192"></face>
        <face v1="193" v2="194" v3="195"></face>
        <face v1="194" v2="193" v3="196"></face>
        <face v1="197" v2="198" v3="199"></face>
        <face v1="198" v2="197" v3="200"></face>
        <face v1="201" v2="202" v3="203"></face>
        <face v1="202" v2="201" v3="204"></face>
        <face v1="205" v2="206" v3="207"></face>
        <face v1="206" v2="205" v3="208"></face>
        <face v1="206" v2="208" v3="209"></face>
        <face v1="206" v2="209" v3="210"></face>
        <face v1="206" v2="210" v3="211"></face>
        <face v1="211" v2="210" v3="212"></face>
        <face v1="211" v2="212" v3="213"></face>
        <face v1="214" v2="215" v3="216"></face>
        <face v1="217" v2="218" v3="219"></face>
        <face v1="220" v2="221" v3="222"></face>
        <face v1="222" v2="221" v3="223"></face>
        <face v1="224" v2="218" v3="225"></face>
        <face v1="223" v2="226" v3="227"></face>
        <face v1="227" v2="226" v3="228"></face>
        <face v1="229" v2="225" v3="230"></face>
        <face v1="226" v2="221" v3="231"></face>
        <face v1="231" v2="221" v3="232"></face>
        <face v1="233" v2="218" v3="234"></face>
        <face v1="235" v2="221" v3="236"></face>
        <face v1="236" v2="221" v3="237"></face>
        <face v1="237" v2="221" v3="238"></face>
        <face v1="238" v2="221" v3="239"></face>
        <face v1="239" v2="221" v3="240"></face>
        <face v1="240" v2="221" v3="241"></face>
        <face v1="241" v2="221" v3="242"></face>
        <face v1="243" v2="218" v3="244"></face>
        <face v1="245" v2="221" v3="246"></face>
        <face v1="246" v2="221" v3="247"></face>
        <face v1="248" v2="218" v3="249"></face>
        <face v1="248" v2="249" v3="250"></face>
        <face v1="251" v2="252" v3="253"></face>
        <face v1="251" v2="253" v3="254"></face>
        <face v1="254" v2="253" v3="255"></face>
        <face v1="254" v2="255" v3="256"></face>
        <face v1="257" v2="258" v3="226"></face>
        <face v1="259" v2="260" v3="261"></face>
        <face v1="262" v2="263" v3="264"></face>
        <face v1="265" v2="266" v3="267"></face>
        <face v1="268" v2="269" v3="270"></face>
        <face v1="271" v2="272" v3="273"></face>
        <face v1="274" v2="275" v3="276"></face>
        <face v1="277" v2="278" v3="279"></face>
        <face v1="278" v2="277" v3="280"></face>
        <face v1="281" v2="282" v3="283"></face>
        <face v1="284" v2="285" v3="286"></face>
        <face v1="287" v2="288" v3="289"></face>
        <face v1="290" v2="291" v3="292"></face>
        <face v1="293" v2="294" v3="295"></face>
        <face v1="296" v2="297" v3="298"></face>
        <face v1="299" v2="300" v3="301"></face>
        <face v1="302" v2="303" v3="304"></face>
        <face v1="305" v2="306" v3="307"></face>
        <face v1="308" v2="309" v3="310"></face>
        <face v1="311" v2="312" v3="313"></face>
        <face v1="314" v2="315" v3="316"></face>
        <face v1="317" v2="318" v3="319"></face>
        <face v1="320" v2="321" v3="322"></face>
        <face v1="323" v2="324" v3="325"></face>
        <face v1="326" v2="327" v3="328"></face>
        <face v1="329" v2="330" v3="331"></face>
        <face v1="332" v2="333" v3="334"></face>
        <face v1="335" v2="336" v3="337"></face>
        <face v1="338" v2="339" v3="340"></face>
        <face v1="341" v2="342" v3="343"></face>
        <face v1="344" v2="345" v3="346"></face>
        <face v1="347" v2="348" v3="349"></face>
        <face v1="350" v2="351" v3="352"></face>
        <face v1="353" v2="354" v3="355"></face>
        <face v1="356" v2="357" v3="358"></face>
        <face v1="359" v2="360" v3="361"></face>
        <face v1="362" v2="363" v3="364"></face>
        <face v1="365" v2="366" v3="367"></face>
        <face v1="368" v2="369" v3="370"></face>
        <face v1="371" v2="372" v3="373"></face>
        <face v1="374" v2="375" v3="376"></face>
        <face v1="377" v2="378" v3="379"></face>
        <face v1="380" v2="381" v3="382"></face>
        <face v1="383" v2="384" v3="385"></face>
        <face v1="386" v2="387" v3="388"></face>
        <face v1="389" v2="390" v3="391"></face>
        <face v1="392" v2="393" v3="394"></face>
        <face v1="395" v2="396" v3="397"></face>
        <face v1="398" v2="399" v3="400"></face>
        <face v1="401" v2="402" v3="403"></face>
        <face v1="404" v2="405" v3="406"></face>
        <face v1="407" v2="408" v3="409"></face>
        <face v1="410" v2="411" v3="412"></face>
        <face v1="413" v2="414" v3="415"></face>
        <face v1="416" v2="417" v3="418"></face>
        <face v1="419" v2="420" v3="421"></face>
        <face v1="420" v2="419" v3="422"></face>
        <face v1="423" v2="424" v3="425"></face>
        <face v1="426" v2="427" v3="428"></face>
        <face v1="429" v2="430" v3="431"></face>
        <face v1="432" v2="433" v3="434"></face>
        <face v1="435" v2="436" v3="437"></face>
        <face v1="438" v2="439" v3="440"></face>
      </faces>
      <geometry vertexcount="441">
        <vertexbuffer positions="true" normals="true">
          <vertex>
            <position x="2.884" y="0.0" z="-27.64"></position>
            <normal x="0.0" y="-1.0" z="-0.0"></normal>
          </vertex>
          <vertex>
            <position x="2.884" y="0.0" z="-24.49"></position>
            <normal x="0.0" y="-1.0" z="-0.0"></normal>
          </vertex>
          <vertex>
            <position x="2.857" y="0.0" z="-27.74"></position>
            <normal x="0.0" y="-1.0" z="-0.0"></normal>
          </vertex>
          <vertex>
            <position x="0.1655" y="0.0" z="-18.4"></position>
            <normal x="0.0" y="-1.0" z="-0.0"></normal>
          </vertex>
          <vertex>
            <position x="-0.143" y="0.0" z="-1.279"></position>
            <normal x="0.0" y="-1.0" z="-0.0"></normal>
          </vertex>
          <vertex>
            <position x="-0.1497" y="0.0" z="-9.843"></position>
            <normal x="0.0" y="-1.0" z="-0.0"></normal>
          </vertex>
          <vertex>
            <position x="-0.06262" y="0.0" z="-0.9084"></position>
            <normal x="0.0" y="-1.0" z="-0.0"></normal>
          </vertex>
          <vertex>
            <position x="-0.06262" y="0.0" z="-0.9084"></position>
            <normal x="0.0" y="-0.99999994" z="0.0"></normal>
          </vertex>
          <vertex>
            <position x="0.1655" y="0.0" z="-18.4"></position>
            <normal x="0.0" y="-0.99999994" z="0.0"></normal>
          </vertex>
          <vertex>
            <position x="0.152" y="0.0" z="-0.5956"></position>
            <normal x="0.0" y="-0.99999994" z="0.0"></normal>
          </vertex>
          <vertex>
            <position x="0.4689" y="0.0" z="-0.3872"></position>
            <normal x="0.0" y="-0.99999994" z="0.0"></normal>
          </vertex>
          <vertex>
            <position x="0.4689" y="0.0" z="-0.3872"></position>
            <normal x="0.0" y="-1.0" z="-0.0"></normal>
          </vertex>
          <vertex>
            <position x="0.8021" y="0.0" z="-26.94"></position>
            <normal x="0.0" y="-1.0" z="-0.0"></normal>
          </vertex>
          <vertex>
            <position x="0.8411" y="0.0" z="-0.3141"></position>
            <normal x="0.0" y="-1.0" z="-0.0"></normal>
          </vertex>
          <vertex>
            <position x="0.8936" y="0.0" z="-27.27"></position>
            <normal x="0.0" y="-1.0" z="-0.0"></normal>
          </vertex>
          <vertex>
            <position x="8.471" y="0.0" z="-0.3141"></position>
            <normal x="0.0" y="-1.0" z="-0.0"></normal>
          </vertex>
          <vertex>
            <position x="8.471" y="0.0" z="-0.3141"></position>
            <normal x="0.0" y="-0.99999994" z="0.0"></normal>
          </vertex>
          <vertex>
            <position x="0.8936" y="0.0" z="-27.27"></position>
            <normal x="0.0" y="-0.99999994" z="0.0"></normal>
          </vertex>
          <vertex>
            <position x="1.094" y="0.0" z="-27.55"></position>
            <normal x="0.0" y="-0.99999994" z="0.0"></normal>
          </vertex>
          <vertex>
            <position x="1.094" y="0.0" z="-27.55"></position>
            <normal x="0.0" y="-1.0" z="-0.0"></normal>
          </vertex>
          <vertex>
            <position x="1.379" y="0.0" z="-27.75"></position>
            <normal x="0.0" y="-1.0" z="-0.0"></normal>
          </vertex>
          <vertex>
            <position x="1.713" y="0.0" z="-27.83"></position>
            <normal x="0.0" y="-1.0" z="-0.0"></normal>
          </vertex>
          <vertex>
            <position x="2.684" y="0.0" z="-27.83"></position>
            <normal x="0.0" y="-1.0" z="-0.0"></normal>
          </vertex>
          <vertex>
            <position x="2.784" y="0.0" z="-27.81"></position>
            <normal x="0.0" y="-1.0" z="-0.0"></normal>
          </vertex>
          <vertex>
            <position x="3.403" y="0.0" z="-23.23"></position>
            <normal x="0.0" y="-1.0" z="-0.0"></normal>
          </vertex>
          <vertex>
            <position x="4.656" y="0.0" z="-22.72"></position>
            <normal x="0.0" y="-1.0" z="-0.0"></normal>
          </vertex>
          <vertex>
            <position x="5.909" y="0.0" z="-23.23"></position>
            <normal x="0.0" y="-1.0" z="-0.0"></normal>
          </vertex>
          <vertex>
            <position x="6.428" y="0.0" z="-24.49"></position>
            <normal x="0.0" y="-1.0" z="-0.0"></normal>
          </vertex>
          <vertex>
            <position x="6.428" y="0.0" z="-27.64"></position>
            <normal x="0.0" y="-1.0" z="-0.0"></normal>
          </vertex>
          <vertex>
            <position x="6.428" y="0.0" z="-27.64"></position>
            <normal x="0.0" y="-0.99999994" z="0.0"></normal>
          </vertex>
          <vertex>
            <position x="6.455" y="0.0" z="-27.74"></position>
            <normal x="0.0" y="-0.99999994" z="0.0"></normal>
          </vertex>
          <vertex>
            <position x="6.455" y="0.0" z="-27.74"></position>
            <normal x="0.0" y="-1.0" z="-0.0"></normal>
          </vertex>
          <vertex>
            <position x="6.528" y="0.0" z="-27.81"></position>
            <normal x="0.0" y="-1.0" z="-0.0"></normal>
          </vertex>
          <vertex>
            <position x="6.628" y="0.0" z="-27.83"></position>
            <normal x="0.0" y="-1.0" z="-0.0"></normal>
          </vertex>
          <vertex>
            <position x="6.628" y="0.0" z="-27.83"></position>
            <normal x="0.0" y="-0.99999994" z="0.0"></normal>
          </vertex>
          <vertex>
            <position x="7.599" y="0.0" z="-27.83"></position>
            <normal x="0.0" y="-0.99999994" z="0.0"></normal>
          </vertex>
          <vertex>
            <position x="7.599" y="0.0" z="-27.83"></position>
            <normal x="0.0" y="-1.0" z="-0.0"></normal>
          </vertex>
          <vertex>
            <position x="7.933" y="0.0" z="-27.75"></position>
            <normal x="0.0" y="-1.0" z="-0.0"></normal>
          </vertex>
          <vertex>
            <position x="8.218" y="0.0" z="-27.55"></position>
            <normal x="0.0" y="-1.0" z="-0.0"></normal>
          </vertex>
          <vertex>
            <position x="8.218" y="0.0" z="-27.55"></position>
            <normal x="0.0" y="-0.99999994" z="0.0"></normal>
          </vertex>
          <vertex>
            <position x="8.418" y="0.0" z="-27.27"></position>
            <normal x="0.0" y="-0.99999994" z="0.0"></normal>
          </vertex>
          <vertex>
            <position x="8.418" y="0.0" z="-27.27"></position>
            <normal x="0.0" y="-1.0" z="-0.0"></normal>
          </vertex>
          <vertex>
            <position x="8.51" y="0.0" z="-26.94"></position>
            <normal x="0.0" y="-1.0" z="-0.0"></normal>
          </vertex>
          <vertex>
            <position x="8.843" y="0.0" z="-0.3872"></position>
            <normal x="0.0" y="-1.0" z="-0.0"></normal>
          </vertex>
          <vertex>
            <position x="8.843" y="0.0" z="-0.3872"></position>
            <normal x="0.0" y="-0.99999994" z="0.0"></normal>
          </vertex>
          <vertex>
            <position x="8.51" y="0.0" z="-26.94"></position>
            <normal x="0.0" y="-0.99999994" z="0.0"></normal>
          </vertex>
          <vertex>
            <position x="9.147" y="0.0" z="-18.4"></position>
            <normal x="0.0" y="-0.99999994" z="0.0"></normal>
          </vertex>
          <vertex>
            <position x="9.147" y="0.0" z="-18.4"></position>
            <normal x="0.0" y="-1.0" z="-0.0"></normal>
          </vertex>
          <vertex>
            <position x="9.16" y="0.0" z="-0.5956"></position>
            <normal x="0.0" y="-1.0" z="-0.0"></normal>
          </vertex>
          <vertex>
            <position x="9.462" y="0.0" z="-9.843"></position>
            <normal x="0.0" y="-1.0" z="-0.0"></normal>
          </vertex>
          <vertex>
            <position x="9.16" y="0.0" z="-0.5956"></position>
            <normal x="0.0" y="-0.99999994" z="0.0"></normal>
          </vertex>
          <vertex>
            <position x="9.462" y="0.0" z="-9.843"></position>
            <normal x="0.0" y="-0.99999994" z="0.0"></normal>
          </vertex>
          <vertex>
            <position x="9.375" y="0.0" z="-0.9084"></position>
            <normal x="0.0" y="-0.99999994" z="0.0"></normal>
          </vertex>
          <vertex>
            <position x="9.375" y="0.0" z="-0.9084"></position>
            <normal x="0.0" y="-1.0" z="-0.0"></normal>
          </vertex>
          <vertex>
            <position x="9.455" y="0.0" z="-1.279"></position>
            <normal x="0.0" y="-1.0" z="-0.0"></normal>
          </vertex>
          <vertex>
            <position x="6.428" y="0.7874" z="-27.49"></position>
            <normal x="-1.0" y="0.0" z="0.0"></normal>
          </vertex>
          <vertex>
            <position x="6.428" y="0.0" z="-24.49"></position>
            <normal x="-1.0" y="0.0" z="0.0"></normal>
          </vertex>
          <vertex>
            <position x="6.428" y="0.7874" z="-24.49"></position>
            <normal x="-1.0" y="0.0" z="0.0"></normal>
          </vertex>
          <vertex>
            <position x="6.428" y="0.0" z="-27.64"></position>
            <normal x="-1.0" y="0.0" z="0.0"></normal>
          </vertex>
          <vertex>
            <position x="6.428" y="0.5906" z="-27.64"></position>
            <normal x="-1.0" y="0.0" z="0.0"></normal>
          </vertex>
          <vertex>
            <position x="6.455" y="0.5906" z="-27.74"></position>
            <normal x="-0.9654295" y="0.0" z="-0.26066446"></normal>
          </vertex>
          <vertex>
            <position x="6.428" y="0.0" z="-27.64"></position>
            <normal x="-0.9654295" y="0.0" z="-0.26066446"></normal>
          </vertex>
          <vertex>
            <position x="6.428" y="0.5906" z="-27.64"></position>
            <normal x="-0.9654295" y="0.0" z="-0.26066446"></normal>
          </vertex>
          <vertex>
            <position x="6.455" y="0.0" z="-27.74"></position>
            <normal x="-0.9654295" y="0.0" z="-0.26066446"></normal>
          </vertex>
          <vertex>
            <position x="6.455" y="0.5906" z="-27.74"></position>
            <normal x="-0.6921187" y="0.0" z="-0.7217837"></normal>
          </vertex>
          <vertex>
            <position x="6.528" y="0.0" z="-27.81"></position>
            <normal x="-0.6921187" y="0.0" z="-0.7217837"></normal>
          </vertex>
          <vertex>
            <position x="6.455" y="0.0" z="-27.74"></position>
            <normal x="-0.6921187" y="0.0" z="-0.7217837"></normal>
          </vertex>
          <vertex>
            <position x="6.528" y="0.5906" z="-27.81"></position>
            <normal x="-0.6921187" y="0.0" z="-0.7217837"></normal>
          </vertex>
          <vertex>
            <position x="6.528" y="0.5906" z="-27.81"></position>
            <normal x="-0.19612062" y="0.0" z="-0.98057973"></normal>
          </vertex>
          <vertex>
            <position x="6.628" y="0.0" z="-27.83"></position>
            <normal x="-0.19612062" y="0.0" z="-0.98057973"></normal>
          </vertex>
          <vertex>
            <position x="6.528" y="0.0" z="-27.81"></position>
            <normal x="-0.19612062" y="0.0" z="-0.98057973"></normal>
          </vertex>
          <vertex>
            <position x="6.628" y="0.5906" z="-27.83"></position>
            <normal x="-0.19612062" y="0.0" z="-0.98057973"></normal>
          </vertex>
          <vertex>
            <position x="6.628" y="0.5906" z="-27.83"></position>
            <normal x="0.0" y="0.0" z="-1.0"></normal>
          </vertex>
          <vertex>
            <position x="7.599" y="0.0" z="-27.83"></position>
            <normal x="0.0" y="0.0" z="-1.0"></normal>
          </vertex>
          <vertex>
            <position x="6.628" y="0.0" z="-27.83"></position>
            <normal x="0.0" y="0.0" z="-1.0"></normal>
          </vertex>
          <vertex>
            <position x="7.599" y="0.5906" z="-27.83"></position>
            <normal x="0.0" y="0.0" z="-1.0"></normal>
          </vertex>
          <vertex>
            <position x="7.599" y="0.5906" z="-27.83"></position>
            <normal x="0.23293215" y="0.0" z="-0.97249293"></normal>
          </vertex>
          <vertex>
            <position x="7.933" y="0.0" z="-27.75"></position>
            <normal x="0.23293215" y="0.0" z="-0.97249293"></normal>
          </vertex>
          <vertex>
            <position x="7.599" y="0.0" z="-27.83"></position>
            <normal x="0.23293215" y="0.0" z="-0.97249293"></normal>
          </vertex>
          <vertex>
            <position x="7.933" y="0.5906" z="-27.75"></position>
            <normal x="0.23293215" y="0.0" z="-0.97249293"></normal>
          </vertex>
          <vertex>
            <position x="7.933" y="0.5906" z="-27.75"></position>
            <normal x="0.5744268" y="0.0" z="-0.81855595"></normal>
          </vertex>
          <vertex>
            <position x="8.218" y="0.0" z="-27.55"></position>
            <normal x="0.5744268" y="0.0" z="-0.81855595"></normal>
          </vertex>
          <vertex>
            <position x="7.933" y="0.0" z="-27.75"></position>
            <normal x="0.5744268" y="0.0" z="-0.81855595"></normal>
          </vertex>
          <vertex>
            <position x="8.218" y="0.5906" z="-27.55"></position>
            <normal x="0.5744268" y="0.0" z="-0.81855595"></normal>
          </vertex>
          <vertex>
            <position x="8.218" y="0.0" z="-27.55"></position>
            <normal x="0.81373256" y="0.0" z="-0.5812395"></normal>
          </vertex>
          <vertex>
            <position x="8.418" y="0.5906" z="-27.27"></position>
            <normal x="0.81373256" y="0.0" z="-0.5812395"></normal>
          </vertex>
          <vertex>
            <position x="8.418" y="0.0" z="-27.27"></position>
            <normal x="0.81373256" y="0.0" z="-0.5812395"></normal>
          </vertex>
          <vertex>
            <position x="8.218" y="0.5906" z="-27.55"></position>
            <normal x="0.81373256" y="0.0" z="-0.5812395"></normal>
          </vertex>
          <vertex>
            <position x="8.418" y="0.0" z="-27.27"></position>
            <normal x="0.96326655" y="0.0" z="-0.26854712"></normal>
          </vertex>
          <vertex>
            <position x="8.51" y="0.5906" z="-26.94"></position>
            <normal x="0.96326655" y="0.0" z="-0.26854712"></normal>
          </vertex>
          <vertex>
            <position x="8.51" y="0.0" z="-26.94"></position>
            <normal x="0.96326655" y="0.0" z="-0.26854712"></normal>
          </vertex>
          <vertex>
            <position x="8.418" y="0.5906" z="-27.27"></position>
            <normal x="0.96326655" y="0.0" z="-0.26854712"></normal>
          </vertex>
          <vertex>
            <position x="8.51" y="0.0" z="-26.94"></position>
            <normal x="0.9972297" y="0.0" z="-0.074383534"></normal>
          </vertex>
          <vertex>
            <position x="9.147" y="0.5906" z="-18.4"></position>
            <normal x="0.9972297" y="0.0" z="-0.074383534"></normal>
          </vertex>
          <vertex>
            <position x="9.147" y="0.0" z="-18.4"></position>
            <normal x="0.9972297" y="0.0" z="-0.074383534"></normal>
          </vertex>
          <vertex>
            <position x="8.51" y="0.5906" z="-26.94"></position>
            <normal x="0.9972297" y="0.0" z="-0.074383534"></normal>
          </vertex>
          <vertex>
            <position x="9.147" y="0.0" z="-18.4"></position>
            <normal x="0.9993231" y="0.0" z="-0.036787007"></normal>
          </vertex>
          <vertex>
            <position x="9.462" y="0.5906" z="-9.843"></position>
            <normal x="0.9993231" y="0.0" z="-0.036787007"></normal>
          </vertex>
          <vertex>
            <position x="9.462" y="0.0" z="-9.843"></position>
            <normal x="0.9993231" y="0.0" z="-0.036787007"></normal>
          </vertex>
          <vertex>
            <position x="9.147" y="0.5906" z="-18.4"></position>
            <normal x="0.9993231" y="0.0" z="-0.036787007"></normal>
          </vertex>
          <vertex>
            <position x="9.462" y="0.0" z="-9.843"></position>
            <normal x="0.99999964" y="0.0" z="8.173712E-4"></normal>
          </vertex>
          <vertex>
            <position x="9.455" y="0.5906" z="-1.279"></position>
            <normal x="0.99999964" y="0.0" z="8.173712E-4"></normal>
          </vertex>
          <vertex>
            <position x="9.455" y="0.0" z="-1.279"></position>
            <normal x="0.99999964" y="0.0" z="8.173712E-4"></normal>
          </vertex>
          <vertex>
            <position x="9.462" y="0.5906" z="-9.843"></position>
            <normal x="0.99999964" y="0.0" z="8.173712E-4"></normal>
          </vertex>
          <vertex>
            <position x="9.455" y="0.0" z="-1.279"></position>
            <normal x="0.9774849" y="0.0" z="0.21100569"></normal>
          </vertex>
          <vertex>
            <position x="9.375" y="0.5906" z="-0.9084"></position>
            <normal x="0.9774849" y="0.0" z="0.21100569"></normal>
          </vertex>
          <vertex>
            <position x="9.375" y="0.0" z="-0.9084"></position>
            <normal x="0.9774849" y="0.0" z="0.21100569"></normal>
          </vertex>
          <vertex>
            <position x="9.455" y="0.5906" z="-1.279"></position>
            <normal x="0.9774849" y="0.0" z="0.21100569"></normal>
          </vertex>
          <vertex>
            <position x="9.375" y="0.0" z="-0.9084"></position>
            <normal x="0.82410324" y="0.0" z="0.5664397"></normal>
          </vertex>
          <vertex>
            <position x="9.16" y="0.5906" z="-0.5956"></position>
            <normal x="0.82410324" y="0.0" z="0.5664397"></normal>
          </vertex>
          <vertex>
            <position x="9.16" y="0.0" z="-0.5956"></position>
            <normal x="0.82410324" y="0.0" z="0.5664397"></normal>
          </vertex>
          <vertex>
            <position x="9.375" y="0.5906" z="-0.9084"></position>
            <normal x="0.82410324" y="0.0" z="0.5664397"></normal>
          </vertex>
          <vertex>
            <position x="9.16" y="0.5906" z="-0.5956"></position>
            <normal x="0.5493364" y="0.0" z="0.8356013"></normal>
          </vertex>
          <vertex>
            <position x="8.843" y="0.0" z="-0.3872"></position>
            <normal x="0.5493364" y="0.0" z="0.8356013"></normal>
          </vertex>
          <vertex>
            <position x="9.16" y="0.0" z="-0.5956"></position>
            <normal x="0.5493364" y="0.0" z="0.8356013"></normal>
          </vertex>
          <vertex>
            <position x="8.843" y="0.5906" z="-0.3872"></position>
            <normal x="0.5493364" y="0.0" z="0.8356013"></normal>
          </vertex>
          <vertex>
            <position x="8.843" y="0.5906" z="-0.3872"></position>
            <normal x="0.19281752" y="0.0" z="0.9812346"></normal>
          </vertex>
          <vertex>
            <position x="8.471" y="0.0" z="-0.3141"></position>
            <normal x="0.19281752" y="0.0" z="0.9812346"></normal>
          </vertex>
          <vertex>
            <position x="8.843" y="0.0" z="-0.3872"></position>
            <normal x="0.19281752" y="0.0" z="0.9812346"></normal>
          </vertex>
          <vertex>
            <position x="8.471" y="0.5906" z="-0.3141"></position>
            <normal x="0.19281752" y="0.0" z="0.9812346"></normal>
          </vertex>
          <vertex>
            <position x="8.471" y="0.5906" z="-0.3141"></position>
            <normal x="0.0" y="0.0" z="1.0"></normal>
          </vertex>
          <vertex>
            <position x="0.8411" y="0.0" z="-0.3141"></position>
            <normal x="0.0" y="0.0" z="1.0"></normal>
          </vertex>
          <vertex>
            <position x="8.471" y="0.0" z="-0.3141"></position>
            <normal x="0.0" y="0.0" z="1.0"></normal>
          </vertex>
          <vertex>
            <position x="0.8411" y="0.5906" z="-0.3141"></position>
            <normal x="0.0" y="0.0" z="1.0"></normal>
          </vertex>
          <vertex>
            <position x="0.8411" y="0.5906" z="-0.3141"></position>
            <normal x="-0.1927181" y="0.0" z="0.9812541"></normal>
          </vertex>
          <vertex>
            <position x="0.4689" y="0.0" z="-0.3872"></position>
            <normal x="-0.1927181" y="0.0" z="0.9812541"></normal>
          </vertex>
          <vertex>
            <position x="0.8411" y="0.0" z="-0.3141"></position>
            <normal x="-0.1927181" y="0.0" z="0.9812541"></normal>
          </vertex>
          <vertex>
            <position x="0.4689" y="0.5906" z="-0.3872"></position>
            <normal x="-0.1927181" y="0.0" z="0.9812541"></normal>
          </vertex>
          <vertex>
            <position x="0.4689" y="0.5906" z="-0.3872"></position>
            <normal x="-0.5494567" y="0.0" z="0.83552223"></normal>
          </vertex>
          <vertex>
            <position x="0.152" y="0.0" z="-0.5956"></position>
            <normal x="-0.5494567" y="0.0" z="0.83552223"></normal>
          </vertex>
          <vertex>
            <position x="0.4689" y="0.0" z="-0.3872"></position>
            <normal x="-0.5494567" y="0.0" z="0.83552223"></normal>
          </vertex>
          <vertex>
            <position x="0.152" y="0.5906" z="-0.5956"></position>
            <normal x="-0.5494567" y="0.0" z="0.83552223"></normal>
          </vertex>
          <vertex>
            <position x="-0.06262" y="0.5906" z="-0.9084"></position>
            <normal x="-0.8245708" y="0.0" z="0.5657589"></normal>
          </vertex>
          <vertex>
            <position x="0.152" y="0.0" z="-0.5956"></position>
            <normal x="-0.8245708" y="0.0" z="0.5657589"></normal>
          </vertex>
          <vertex>
            <position x="0.152" y="0.5906" z="-0.5956"></position>
            <normal x="-0.8245708" y="0.0" z="0.5657589"></normal>
          </vertex>
          <vertex>
            <position x="-0.06262" y="0.0" z="-0.9084"></position>
            <normal x="-0.8245708" y="0.0" z="0.5657589"></normal>
          </vertex>
          <vertex>
            <position x="-0.143" y="0.5906" z="-1.279"></position>
            <normal x="-0.9772776" y="0.0" z="0.21196322"></normal>
          </vertex>
          <vertex>
            <position x="-0.06262" y="0.0" z="-0.9084"></position>
            <normal x="-0.9772776" y="0.0" z="0.21196322"></normal>
          </vertex>
          <vertex>
            <position x="-0.06262" y="0.5906" z="-0.9084"></position>
            <normal x="-0.9772776" y="0.0" z="0.21196322"></normal>
          </vertex>
          <vertex>
            <position x="-0.143" y="0.0" z="-1.279"></position>
            <normal x="-0.9772776" y="0.0" z="0.21196322"></normal>
          </vertex>
          <vertex>
            <position x="-0.1497" y="0.5906" z="-9.843"></position>
            <normal x="-0.9999997" y="0.0" z="7.8234385E-4"></normal>
          </vertex>
          <vertex>
            <position x="-0.143" y="0.0" z="-1.279"></position>
            <normal x="-0.9999997" y="0.0" z="7.8234385E-4"></normal>
          </vertex>
          <vertex>
            <position x="-0.143" y="0.5906" z="-1.279"></position>
            <normal x="-0.9999997" y="0.0" z="7.8234385E-4"></normal>
          </vertex>
          <vertex>
            <position x="-0.1497" y="0.0" z="-9.843"></position>
            <normal x="-0.9999997" y="0.0" z="7.8234385E-4"></normal>
          </vertex>
          <vertex>
            <position x="0.1655" y="0.5906" z="-18.4"></position>
            <normal x="-0.99932224" y="0.0" z="-0.036810376"></normal>
          </vertex>
          <vertex>
            <position x="-0.1497" y="0.0" z="-9.843"></position>
            <normal x="-0.99932224" y="0.0" z="-0.036810376"></normal>
          </vertex>
          <vertex>
            <position x="-0.1497" y="0.5906" z="-9.843"></position>
            <normal x="-0.99932224" y="0.0" z="-0.036810376"></normal>
          </vertex>
          <vertex>
            <position x="0.1655" y="0.0" z="-18.4"></position>
            <normal x="-0.99932224" y="0.0" z="-0.036810376"></normal>
          </vertex>
          <vertex>
            <position x="0.8021" y="0.5906" z="-26.94"></position>
            <normal x="-0.99723315" y="0.0" z="-0.074337065"></normal>
          </vertex>
          <vertex>
            <position x="0.1655" y="0.0" z="-18.4"></position>
            <normal x="-0.99723315" y="0.0" z="-0.074337065"></normal>
          </vertex>
          <vertex>
            <position x="0.1655" y="0.5906" z="-18.4"></position>
            <normal x="-0.99723315" y="0.0" z="-0.074337065"></normal>
          </vertex>
          <vertex>
            <position x="0.8021" y="0.0" z="-26.94"></position>
            <normal x="-0.99723315" y="0.0" z="-0.074337065"></normal>
          </vertex>
          <vertex>
            <position x="0.8936" y="0.5906" z="-27.27"></position>
            <normal x="-0.9636433" y="0.0" z="-0.26719204"></normal>
          </vertex>
          <vertex>
            <position x="0.8021" y="0.0" z="-26.94"></position>
            <normal x="-0.9636433" y="0.0" z="-0.26719204"></normal>
          </vertex>
          <vertex>
            <position x="0.8021" y="0.5906" z="-26.94"></position>
            <normal x="-0.9636433" y="0.0" z="-0.26719204"></normal>
          </vertex>
          <vertex>
            <position x="0.8936" y="0.0" z="-27.27"></position>
            <normal x="-0.9636433" y="0.0" z="-0.26719204"></normal>
          </vertex>
          <vertex>
            <position x="1.094" y="0.5906" z="-27.55"></position>
            <normal x="-0.8131825" y="0.0" z="-0.5820089"></normal>
          </vertex>
          <vertex>
            <position x="0.8936" y="0.0" z="-27.27"></position>
            <normal x="-0.8131825" y="0.0" z="-0.5820089"></normal>
          </vertex>
          <vertex>
            <position x="0.8936" y="0.5906" z="-27.27"></position>
            <normal x="-0.8131825" y="0.0" z="-0.5820089"></normal>
          </vertex>
          <vertex>
            <position x="1.094" y="0.0" z="-27.55"></position>
            <normal x="-0.8131825" y="0.0" z="-0.5820089"></normal>
          </vertex>
          <vertex>
            <position x="1.094" y="0.5906" z="-27.55"></position>
            <normal x="-0.57442725" y="0.0" z="-0.8185556"></normal>
          </vertex>
          <vertex>
            <position x="1.379" y="0.0" z="-27.75"></position>
            <normal x="-0.57442725" y="0.0" z="-0.8185556"></normal>
          </vertex>
          <vertex>
            <position x="1.094" y="0.0" z="-27.55"></position>
            <normal x="-0.57442725" y="0.0" z="-0.8185556"></normal>
          </vertex>
          <vertex>
            <position x="1.379" y="0.5906" z="-27.75"></position>
            <normal x="-0.57442725" y="0.0" z="-0.8185556"></normal>
          </vertex>
          <vertex>
            <position x="1.379" y="0.5906" z="-27.75"></position>
            <normal x="-0.23293215" y="0.0" z="-0.97249293"></normal>
          </vertex>
          <vertex>
            <position x="1.713" y="0.0" z="-27.83"></position>
            <normal x="-0.23293215" y="0.0" z="-0.97249293"></normal>
          </vertex>
          <vertex>
            <position x="1.379" y="0.0" z="-27.75"></position>
            <normal x="-0.23293215" y="0.0" z="-0.97249293"></normal>
          </vertex>
          <vertex>
            <position x="1.713" y="0.5906" z="-27.83"></position>
            <normal x="-0.23293215" y="0.0" z="-0.97249293"></normal>
          </vertex>
          <vertex>
            <position x="1.713" y="0.5906" z="-27.83"></position>
            <normal x="0.0" y="0.0" z="-1.0"></normal>
          </vertex>
          <vertex>
            <position x="2.684" y="0.0" z="-27.83"></position>
            <normal x="0.0" y="0.0" z="-1.0"></normal>
          </vertex>
          <vertex>
            <position x="1.713" y="0.0" z="-27.83"></position>
            <normal x="0.0" y="0.0" z="-1.0"></normal>
          </vertex>
          <vertex>
            <position x="2.684" y="0.5906" z="-27.83"></position>
            <normal x="0.0" y="0.0" z="-1.0"></normal>
          </vertex>
          <vertex>
            <position x="2.684" y="0.5906" z="-27.83"></position>
            <normal x="0.19612062" y="0.0" z="-0.98057973"></normal>
          </vertex>
          <vertex>
            <position x="2.784" y="0.0" z="-27.81"></position>
            <normal x="0.19612062" y="0.0" z="-0.98057973"></normal>
          </vertex>
          <vertex>
            <position x="2.684" y="0.0" z="-27.83"></position>
            <normal x="0.19612062" y="0.0" z="-0.98057973"></normal>
          </vertex>
          <vertex>
            <position x="2.784" y="0.5906" z="-27.81"></position>
            <normal x="0.19612062" y="0.0" z="-0.98057973"></normal>
          </vertex>
          <vertex>
            <position x="2.784" y="0.5906" z="-27.81"></position>
            <normal x="0.6921176" y="0.0" z="-0.7217848"></normal>
          </vertex>
          <vertex>
            <position x="2.857" y="0.0" z="-27.74"></position>
            <normal x="0.6921176" y="0.0" z="-0.7217848"></normal>
          </vertex>
          <vertex>
            <position x="2.784" y="0.0" z="-27.81"></position>
            <normal x="0.6921176" y="0.0" z="-0.7217848"></normal>
          </vertex>
          <vertex>
            <position x="2.857" y="0.5906" z="-27.74"></position>
            <normal x="0.6921176" y="0.0" z="-0.7217848"></normal>
          </vertex>
          <vertex>
            <position x="2.857" y="0.0" z="-27.74"></position>
            <normal x="0.9654295" y="0.0" z="-0.26066446"></normal>
          </vertex>
          <vertex>
            <position x="2.884" y="0.5906" z="-27.64"></position>
            <normal x="0.9654295" y="0.0" z="-0.26066446"></normal>
          </vertex>
          <vertex>
            <position x="2.884" y="0.0" z="-27.64"></position>
            <normal x="0.9654295" y="0.0" z="-0.26066446"></normal>
          </vertex>
          <vertex>
            <position x="2.857" y="0.5906" z="-27.74"></position>
            <normal x="0.9654295" y="0.0" z="-0.26066446"></normal>
          </vertex>
          <vertex>
            <position x="2.884" y="0.0" z="-27.64"></position>
            <normal x="1.0" y="0.0" z="0.0"></normal>
          </vertex>
          <vertex>
            <position x="2.884" y="0.7874" z="-24.49"></position>
            <normal x="1.0" y="0.0" z="0.0"></normal>
          </vertex>
          <vertex>
            <position x="2.884" y="0.0" z="-24.49"></position>
            <normal x="1.0" y="0.0" z="0.0"></normal>
          </vertex>
          <vertex>
            <position x="2.884" y="0.7874" z="-27.49"></position>
            <normal x="1.0" y="0.0" z="0.0"></normal>
          </vertex>
          <vertex>
            <position x="2.884" y="0.5906" z="-27.64"></position>
            <normal x="1.0" y="0.0" z="0.0"></normal>
          </vertex>
          <vertex>
            <position x="2.884" y="0.0" z="-24.49"></position>
            <normal x="0.9246325" y="0.0" z="-0.38086048"></normal>
          </vertex>
          <vertex>
            <position x="3.403" y="0.7874" z="-23.23"></position>
            <normal x="0.9246325" y="0.0" z="-0.38086048"></normal>
          </vertex>
          <vertex>
            <position x="3.403" y="0.0" z="-23.23"></position>
            <normal x="0.9246325" y="0.0" z="-0.38086048"></normal>
          </vertex>
          <vertex>
            <position x="2.884" y="0.7874" z="-24.49"></position>
            <normal x="0.9246325" y="0.0" z="-0.38086048"></normal>
          </vertex>
          <vertex>
            <position x="3.403" y="0.7874" z="-23.23"></position>
            <normal x="0.37699178" y="0.0" z="-0.9262166"></normal>
          </vertex>
          <vertex>
            <position x="4.656" y="0.0" z="-22.72"></position>
            <normal x="0.37699178" y="0.0" z="-0.9262166"></normal>
          </vertex>
          <vertex>
            <position x="3.403" y="0.0" z="-23.23"></position>
            <normal x="0.37699178" y="0.0" z="-0.9262166"></normal>
          </vertex>
          <vertex>
            <position x="4.656" y="0.7874" z="-22.72"></position>
            <normal x="0.37699178" y="0.0" z="-0.9262166"></normal>
          </vertex>
          <vertex>
            <position x="4.656" y="0.7874" z="-22.72"></position>
            <normal x="-0.37699184" y="0.0" z="-0.9262166"></normal>
          </vertex>
          <vertex>
            <position x="5.909" y="0.0" z="-23.23"></position>
            <normal x="-0.37699184" y="0.0" z="-0.9262166"></normal>
          </vertex>
          <vertex>
            <position x="4.656" y="0.0" z="-22.72"></position>
            <normal x="-0.37699184" y="0.0" z="-0.9262166"></normal>
          </vertex>
          <vertex>
            <position x="5.909" y="0.7874" z="-23.23"></position>
            <normal x="-0.37699184" y="0.0" z="-0.9262166"></normal>
          </vertex>
          <vertex>
            <position x="6.428" y="0.7874" z="-24.49"></position>
            <normal x="-0.9246325" y="0.0" z="-0.38086048"></normal>
          </vertex>
          <vertex>
            <position x="5.909" y="0.0" z="-23.23"></position>
            <normal x="-0.9246325" y="0.0" z="-0.38086048"></normal>
          </vertex>
          <vertex>
            <position x="5.909" y="0.7874" z="-23.23"></position>
            <normal x="-0.9246325" y="0.0" z="-0.38086048"></normal>
          </vertex>
          <vertex>
            <position x="6.428" y="0.0" z="-24.49"></position>
            <normal x="-0.9246325" y="0.0" z="-0.38086048"></normal>
          </vertex>
          <vertex>
            <position x="9.87E-4" y="0.7874" z="-1.922"></position>
            <normal x="0.0" y="1.0" z="0.0"></normal>
          </vertex>
          <vertex>
            <position x="0.3002" y="0.7874" z="-18.53"></position>
            <normal x="0.0" y="1.0" z="0.0"></normal>
          </vertex>
          <vertex>
            <position x="-0.005482" y="0.7874" z="-10.23"></position>
            <normal x="0.0" y="1.0" z="0.0"></normal>
          </vertex>
          <vertex>
            <position x="0.07894" y="0.7874" z="-1.563"></position>
            <normal x="0.0" y="1.0" z="0.0"></normal>
          </vertex>
          <vertex>
            <position x="0.2871" y="0.7874" z="-1.259"></position>
            <normal x="0.0" y="1.0" z="0.0"></normal>
          </vertex>
          <vertex>
            <position x="0.5945" y="0.7874" z="-1.057"></position>
            <normal x="0.0" y="1.0" z="0.0"></normal>
          </vertex>
          <vertex>
            <position x="0.9177" y="0.7874" z="-26.81"></position>
            <normal x="0.0" y="1.0" z="0.0"></normal>
          </vertex>
          <vertex>
            <position x="0.9555" y="0.7874" z="-0.9862"></position>
            <normal x="0.0" y="1.0" z="0.0"></normal>
          </vertex>
          <vertex>
            <position x="1.007" y="0.7874" z="-27.14"></position>
            <normal x="0.0" y="1.0" z="0.0"></normal>
          </vertex>
          <vertex>
            <position x="1.007" y="0.7874" z="-27.14"></position>
            <normal x="-0.0" y="1.0000001" z="0.0"></normal>
          </vertex>
          <vertex>
            <position x="0.9555" y="0.7874" z="-0.9862"></position>
            <normal x="-0.0" y="1.0000001" z="0.0"></normal>
          </vertex>
          <vertex>
            <position x="8.357" y="0.7874" z="-0.9862"></position>
            <normal x="-0.0" y="1.0000001" z="0.0"></normal>
          </vertex>
          <vertex>
            <position x="1.007" y="0.7874" z="-27.14"></position>
            <normal x="0.0" y="0.99999994" z="0.0"></normal>
          </vertex>
          <vertex>
            <position x="8.357" y="0.7874" z="-0.9862"></position>
            <normal x="0.0" y="0.99999994" z="0.0"></normal>
          </vertex>
          <vertex>
            <position x="1.201" y="0.7874" z="-27.41"></position>
            <normal x="0.0" y="0.99999994" z="0.0"></normal>
          </vertex>
          <vertex>
            <position x="1.201" y="0.7874" z="-27.41"></position>
            <normal x="0.0" y="1.0" z="0.0"></normal>
          </vertex>
          <vertex>
            <position x="8.357" y="0.7874" z="-0.9862"></position>
            <normal x="0.0" y="1.0" z="0.0"></normal>
          </vertex>
          <vertex>
            <position x="1.477" y="0.7874" z="-27.6"></position>
            <normal x="0.0" y="1.0" z="0.0"></normal>
          </vertex>
          <vertex>
            <position x="1.801" y="0.7874" z="-27.68"></position>
            <normal x="0.0" y="1.0" z="0.0"></normal>
          </vertex>
          <vertex>
            <position x="1.801" y="0.7874" z="-27.68"></position>
            <normal x="0.0" y="0.99999994" z="0.0"></normal>
          </vertex>
          <vertex>
            <position x="2.884" y="0.7874" z="-24.49"></position>
            <normal x="0.0" y="0.99999994" z="0.0"></normal>
          </vertex>
          <vertex>
            <position x="2.884" y="0.7874" z="-24.49"></position>
            <normal x="0.0" y="1.0" z="0.0"></normal>
          </vertex>
          <vertex>
            <position x="2.69" y="0.7874" z="-27.68"></position>
            <normal x="0.0" y="1.0" z="0.0"></normal>
          </vertex>
          <vertex>
            <position x="2.787" y="0.7874" z="-27.65"></position>
            <normal x="0.0" y="1.0" z="0.0"></normal>
          </vertex>
          <vertex>
            <position x="2.787" y="0.7874" z="-27.65"></position>
            <normal x="0.0" y="0.99999994" z="0.0"></normal>
          </vertex>
          <vertex>
            <position x="2.858" y="0.7874" z="-27.59"></position>
            <normal x="0.0" y="0.99999994" z="0.0"></normal>
          </vertex>
          <vertex>
            <position x="3.403" y="0.7874" z="-23.23"></position>
            <normal x="0.0" y="1.0" z="0.0"></normal>
          </vertex>
          <vertex>
            <position x="4.656" y="0.7874" z="-22.72"></position>
            <normal x="0.0" y="1.0" z="0.0"></normal>
          </vertex>
          <vertex>
            <position x="4.656" y="0.7874" z="-22.72"></position>
            <normal x="0.0" y="0.99999994" z="0.0"></normal>
          </vertex>
          <vertex>
            <position x="5.909" y="0.7874" z="-23.23"></position>
            <normal x="0.0" y="0.99999994" z="0.0"></normal>
          </vertex>
          <vertex>
            <position x="5.909" y="0.7874" z="-23.23"></position>
            <normal x="0.0" y="1.0" z="0.0"></normal>
          </vertex>
          <vertex>
            <position x="6.428" y="0.7874" z="-24.49"></position>
            <normal x="0.0" y="1.0" z="0.0"></normal>
          </vertex>
          <vertex>
            <position x="6.428" y="0.7874" z="-27.49"></position>
            <normal x="0.0" y="1.0" z="0.0"></normal>
          </vertex>
          <vertex>
            <position x="6.454" y="0.7874" z="-27.59"></position>
            <normal x="0.0" y="1.0" z="0.0"></normal>
          </vertex>
          <vertex>
            <position x="6.525" y="0.7874" z="-27.65"></position>
            <normal x="0.0" y="1.0" z="0.0"></normal>
          </vertex>
          <vertex>
            <position x="6.622" y="0.7874" z="-27.68"></position>
            <normal x="0.0" y="1.0" z="0.0"></normal>
          </vertex>
          <vertex>
            <position x="7.511" y="0.7874" z="-27.68"></position>
            <normal x="0.0" y="1.0" z="0.0"></normal>
          </vertex>
          <vertex>
            <position x="7.835" y="0.7874" z="-27.6"></position>
            <normal x="0.0" y="1.0" z="0.0"></normal>
          </vertex>
          <vertex>
            <position x="7.835" y="0.7874" z="-27.6"></position>
            <normal x="0.0" y="0.99999994" z="0.0"></normal>
          </vertex>
          <vertex>
            <position x="8.111" y="0.7874" z="-27.41"></position>
            <normal x="0.0" y="0.99999994" z="0.0"></normal>
          </vertex>
          <vertex>
            <position x="8.111" y="0.7874" z="-27.41"></position>
            <normal x="0.0" y="1.0" z="0.0"></normal>
          </vertex>
          <vertex>
            <position x="8.306" y="0.7874" z="-27.14"></position>
            <normal x="0.0" y="1.0" z="0.0"></normal>
          </vertex>
          <vertex>
            <position x="8.394" y="0.7874" z="-26.81"></position>
            <normal x="0.0" y="1.0" z="0.0"></normal>
          </vertex>
          <vertex>
            <position x="8.394" y="0.7874" z="-26.81"></position>
            <normal x="0.0" y="0.99999994" z="0.0"></normal>
          </vertex>
          <vertex>
            <position x="8.718" y="0.7874" z="-1.057"></position>
            <normal x="0.0" y="0.99999994" z="0.0"></normal>
          </vertex>
          <vertex>
            <position x="9.012" y="0.7874" z="-18.53"></position>
            <normal x="0.0" y="0.99999994" z="0.0"></normal>
          </vertex>
          <vertex>
            <position x="9.012" y="0.7874" z="-18.53"></position>
            <normal x="0.0" y="1.0" z="0.0"></normal>
          </vertex>
          <vertex>
            <position x="8.718" y="0.7874" z="-1.057"></position>
            <normal x="0.0" y="1.0" z="0.0"></normal>
          </vertex>
          <vertex>
            <position x="9.025" y="0.7874" z="-1.259"></position>
            <normal x="0.0" y="1.0" z="0.0"></normal>
          </vertex>
          <vertex>
            <position x="9.318" y="0.7874" z="-10.23"></position>
            <normal x="0.0" y="1.0" z="0.0"></normal>
          </vertex>
          <vertex>
            <position x="9.233" y="0.7874" z="-1.563"></position>
            <normal x="0.0" y="1.0" z="0.0"></normal>
          </vertex>
          <vertex>
            <position x="9.311" y="0.7874" z="-1.922"></position>
            <normal x="0.0" y="1.0" z="0.0"></normal>
          </vertex>
          <vertex>
            <position x="2.884" y="0.7874" z="-27.49"></position>
            <normal x="0.0" y="1.0" z="0.0"></normal>
          </vertex>
          <vertex>
            <position x="2.858" y="0.7874" z="-27.59"></position>
            <normal x="0.0" y="1.0" z="0.0"></normal>
          </vertex>
          <vertex>
            <position x="6.454" y="0.7874" z="-27.59"></position>
            <normal x="-0.95049864" y="0.18836" z="-0.24712895"></normal>
          </vertex>
          <vertex>
            <position x="6.428" y="0.5906" z="-27.64"></position>
            <normal x="-0.95049864" y="0.18836" z="-0.24712895"></normal>
          </vertex>
          <vertex>
            <position x="6.428" y="0.7874" z="-27.49"></position>
            <normal x="-0.95049864" y="0.18836" z="-0.24712895"></normal>
          </vertex>
          <vertex>
            <position x="6.428" y="0.5906" z="-27.64"></position>
            <normal x="-0.9477997" y="0.19023295" z="-0.2559045"></normal>
          </vertex>
          <vertex>
            <position x="6.454" y="0.7874" z="-27.59"></position>
            <normal x="-0.9477997" y="0.19023295" z="-0.2559045"></normal>
          </vertex>
          <vertex>
            <position x="6.455" y="0.5906" z="-27.74"></position>
            <normal x="-0.9477997" y="0.19023295" z="-0.2559045"></normal>
          </vertex>
          <vertex>
            <position x="6.454" y="0.7874" z="-27.59"></position>
            <normal x="-0.6073097" y="0.47964147" z="-0.6333396"></normal>
          </vertex>
          <vertex>
            <position x="6.528" y="0.5906" z="-27.81"></position>
            <normal x="-0.6073097" y="0.47964147" z="-0.6333396"></normal>
          </vertex>
          <vertex>
            <position x="6.455" y="0.5906" z="-27.74"></position>
            <normal x="-0.6073097" y="0.47964147" z="-0.6333396"></normal>
          </vertex>
          <vertex>
            <position x="6.528" y="0.5906" z="-27.81"></position>
            <normal x="-0.5507502" y="0.52146447" z="-0.65172774"></normal>
          </vertex>
          <vertex>
            <position x="6.454" y="0.7874" z="-27.59"></position>
            <normal x="-0.5507502" y="0.52146447" z="-0.65172774"></normal>
          </vertex>
          <vertex>
            <position x="6.525" y="0.7874" z="-27.65"></position>
            <normal x="-0.5507502" y="0.52146447" z="-0.65172774"></normal>
          </vertex>
          <vertex>
            <position x="6.525" y="0.7874" z="-27.65"></position>
            <normal x="-0.15357585" y="0.6219357" z="-0.76786095"></normal>
          </vertex>
          <vertex>
            <position x="6.628" y="0.5906" z="-27.83"></position>
            <normal x="-0.15357585" y="0.6219357" z="-0.76786095"></normal>
          </vertex>
          <vertex>
            <position x="6.528" y="0.5906" z="-27.81"></position>
            <normal x="-0.15357585" y="0.6219357" z="-0.76786095"></normal>
          </vertex>
          <vertex>
            <position x="6.628" y="0.5906" z="-27.83"></position>
            <normal x="-0.23988476" y="0.5838521" z="-0.7756106"></normal>
          </vertex>
          <vertex>
            <position x="6.525" y="0.7874" z="-27.65"></position>
            <normal x="-0.23988476" y="0.5838521" z="-0.7756106"></normal>
          </vertex>
          <vertex>
            <position x="6.622" y="0.7874" z="-27.68"></position>
            <normal x="-0.23988476" y="0.5838521" z="-0.7756106"></normal>
          </vertex>
          <vertex>
            <position x="6.622" y="0.7874" z="-27.68"></position>
            <normal x="0.0" y="0.60618836" z="-0.7953211"></normal>
          </vertex>
          <vertex>
            <position x="7.599" y="0.5906" z="-27.83"></position>
            <normal x="0.0" y="0.60618836" z="-0.7953211"></normal>
          </vertex>
          <vertex>
            <position x="6.628" y="0.5906" z="-27.83"></position>
            <normal x="0.0" y="0.60618836" z="-0.7953211"></normal>
          </vertex>
          <vertex>
            <position x="7.511" y="0.7874" z="-27.68"></position>
            <normal x="0.0" y="0.60618836" z="-0.7953211"></normal>
          </vertex>
          <vertex>
            <position x="7.511" y="0.7874" z="-27.68"></position>
            <normal x="0.17788473" y="0.6455996" z="-0.7426697"></normal>
          </vertex>
          <vertex>
            <position x="7.933" y="0.5906" z="-27.75"></position>
            <normal x="0.17788473" y="0.6455996" z="-0.7426697"></normal>
          </vertex>
          <vertex>
            <position x="7.599" y="0.5906" z="-27.83"></position>
            <normal x="0.17788473" y="0.6455996" z="-0.7426697"></normal>
          </vertex>
          <vertex>
            <position x="7.933" y="0.5906" z="-27.75"></position>
            <normal x="0.18180712" y="0.65175164" z="-0.73631924"></normal>
          </vertex>
          <vertex>
            <position x="7.511" y="0.7874" z="-27.68"></position>
            <normal x="0.18180712" y="0.65175164" z="-0.73631924"></normal>
          </vertex>
          <vertex>
            <position x="7.835" y="0.7874" z="-27.6"></position>
            <normal x="0.18180712" y="0.65175164" z="-0.73631924"></normal>
          </vertex>
          <vertex>
            <position x="8.111" y="0.7874" z="-27.41"></position>
            <normal x="0.41934577" y="0.67311317" z="-0.6091533"></normal>
          </vertex>
          <vertex>
            <position x="7.933" y="0.5906" z="-27.75"></position>
            <normal x="0.41934577" y="0.67311317" z="-0.6091533"></normal>
          </vertex>
          <vertex>
            <position x="7.835" y="0.7874" z="-27.6"></position>
            <normal x="0.41934577" y="0.67311317" z="-0.6091533"></normal>
          </vertex>
          <vertex>
            <position x="7.933" y="0.5906" z="-27.75"></position>
            <normal x="0.4281114" y="0.6667465" z="-0.6100572"></normal>
          </vertex>
          <vertex>
            <position x="8.111" y="0.7874" z="-27.41"></position>
            <normal x="0.4281114" y="0.6667465" z="-0.6100572"></normal>
          </vertex>
          <vertex>
            <position x="8.218" y="0.5906" z="-27.55"></position>
            <normal x="0.4281114" y="0.6667465" z="-0.6100572"></normal>
          </vertex>
          <vertex>
            <position x="8.306" y="0.7874" z="-27.14"></position>
            <normal x="0.6154749" y="0.65084803" z="-0.44450817"></normal>
          </vertex>
          <vertex>
            <position x="8.218" y="0.5906" z="-27.55"></position>
            <normal x="0.6154749" y="0.65084803" z="-0.44450817"></normal>
          </vertex>
          <vertex>
            <position x="8.111" y="0.7874" z="-27.41"></position>
            <normal x="0.6154749" y="0.65084803" z="-0.44450817"></normal>
          </vertex>
          <vertex>
            <position x="8.218" y="0.5906" z="-27.55"></position>
            <normal x="0.62091666" y="0.64634234" z="-0.44351342"></normal>
          </vertex>
          <vertex>
            <position x="8.306" y="0.7874" z="-27.14"></position>
            <normal x="0.62091666" y="0.64634234" z="-0.44351342"></normal>
          </vertex>
          <vertex>
            <position x="8.418" y="0.5906" z="-27.27"></position>
            <normal x="0.62091666" y="0.64634234" z="-0.44351342"></normal>
          </vertex>
          <vertex>
            <position x="8.51" y="0.5906" z="-26.94"></position>
            <normal x="0.77679825" y="0.5947056" z="-0.20714693"></normal>
          </vertex>
          <vertex>
            <position x="8.306" y="0.7874" z="-27.14"></position>
            <normal x="0.77679825" y="0.5947056" z="-0.20714693"></normal>
          </vertex>
          <vertex>
            <position x="8.394" y="0.7874" z="-26.81"></position>
            <normal x="0.77679825" y="0.5947056" z="-0.20714693"></normal>
          </vertex>
          <vertex>
            <position x="8.306" y="0.7874" z="-27.14"></position>
            <normal x="0.779649" y="0.58728486" z="-0.21735674"></normal>
          </vertex>
          <vertex>
            <position x="8.51" y="0.5906" z="-26.94"></position>
            <normal x="0.779649" y="0.58728486" z="-0.21735674"></normal>
          </vertex>
          <vertex>
            <position x="8.418" y="0.5906" z="-27.27"></position>
            <normal x="0.779649" y="0.58728486" z="-0.21735674"></normal>
          </vertex>
          <vertex>
            <position x="8.51" y="0.5906" z="-26.94"></position>
            <normal x="0.8418665" y="0.5360201" z="-0.06279495"></normal>
          </vertex>
          <vertex>
            <position x="9.012" y="0.7874" z="-18.53"></position>
            <normal x="0.8418665" y="0.5360201" z="-0.06279495"></normal>
          </vertex>
          <vertex>
            <position x="9.147" y="0.5906" z="-18.4"></position>
            <normal x="0.8418665" y="0.5360201" z="-0.06279495"></normal>
          </vertex>
          <vertex>
            <position x="9.012" y="0.7874" z="-18.53"></position>
            <normal x="0.84109265" y="0.53723574" z="-0.062777214"></normal>
          </vertex>
          <vertex>
            <position x="8.51" y="0.5906" z="-26.94"></position>
            <normal x="0.84109265" y="0.53723574" z="-0.062777214"></normal>
          </vertex>
          <vertex>
            <position x="8.394" y="0.7874" z="-26.81"></position>
            <normal x="0.84109265" y="0.53723574" z="-0.062777214"></normal>
          </vertex>
          <vertex>
            <position x="9.147" y="0.5906" z="-18.4"></position>
            <normal x="0.8344769" y="0.55018604" z="-0.0307187"></normal>
          </vertex>
          <vertex>
            <position x="9.318" y="0.7874" z="-10.23"></position>
            <normal x="0.8344769" y="0.55018604" z="-0.0307187"></normal>
          </vertex>
          <vertex>
            <position x="9.462" y="0.5906" z="-9.843"></position>
            <normal x="0.8344769" y="0.55018604" z="-0.0307187"></normal>
          </vertex>
          <vertex>
            <position x="9.318" y="0.7874" z="-10.23"></position>
            <normal x="0.83359265" y="0.55152416" z="-0.030732423"></normal>
          </vertex>
          <vertex>
            <position x="9.147" y="0.5906" z="-18.4"></position>
            <normal x="0.83359265" y="0.55152416" z="-0.030732423"></normal>
          </vertex>
          <vertex>
            <position x="9.012" y="0.7874" z="-18.53"></position>
            <normal x="0.83359265" y="0.55152416" z="-0.030732423"></normal>
          </vertex>
          <vertex>
            <position x="9.462" y="0.5906" z="-9.843"></position>
            <normal x="0.806003" y="0.591911" z="6.5880374E-4"></normal>
          </vertex>
          <vertex>
            <position x="9.311" y="0.7874" z="-1.922"></position>
            <normal x="0.806003" y="0.591911" z="6.5880374E-4"></normal>
          </vertex>
          <vertex>
            <position x="9.455" y="0.5906" z="-1.279"></position>
            <normal x="0.806003" y="0.591911" z="6.5880374E-4"></normal>
          </vertex>
          <vertex>
            <position x="9.311" y="0.7874" z="-1.922"></position>
            <normal x="0.8063928" y="0.5913799" z="6.794324E-4"></normal>
          </vertex>
          <vertex>
            <position x="9.462" y="0.5906" z="-9.843"></position>
            <normal x="0.8063928" y="0.5913799" z="6.794324E-4"></normal>
          </vertex>
          <vertex>
            <position x="9.318" y="0.7874" z="-10.23"></position>
            <normal x="0.8063928" y="0.5913799" z="6.794324E-4"></normal>
          </vertex>
          <vertex>
            <position x="9.375" y="0.5906" z="-0.9084"></position>
            <normal x="0.56496096" y="0.8159361" z="0.122749254"></normal>
          </vertex>
          <vertex>
            <position x="9.311" y="0.7874" z="-1.922"></position>
            <normal x="0.56496096" y="0.8159361" z="0.122749254"></normal>
          </vertex>
          <vertex>
            <position x="9.233" y="0.7874" z="-1.563"></position>
            <normal x="0.56496096" y="0.8159361" z="0.122749254"></normal>
          </vertex>
          <vertex>
            <position x="9.311" y="0.7874" z="-1.922"></position>
            <normal x="0.5669048" y="0.81464297" z="0.12237543"></normal>
          </vertex>
          <vertex>
            <position x="9.375" y="0.5906" z="-0.9084"></position>
            <normal x="0.5669048" y="0.81464297" z="0.12237543"></normal>
          </vertex>
          <vertex>
            <position x="9.455" y="0.5906" z="-1.279"></position>
            <normal x="0.5669048" y="0.81464297" z="0.12237543"></normal>
          </vertex>
          <vertex>
            <position x="9.16" y="0.5906" z="-0.5956"></position>
            <normal x="0.30974972" y="0.92689747" z="0.21193421"></normal>
          </vertex>
          <vertex>
            <position x="9.233" y="0.7874" z="-1.563"></position>
            <normal x="0.30974972" y="0.92689747" z="0.21193421"></normal>
          </vertex>
          <vertex>
            <position x="9.025" y="0.7874" z="-1.259"></position>
            <normal x="0.30974972" y="0.92689747" z="0.21193421"></normal>
          </vertex>
          <vertex>
            <position x="9.233" y="0.7874" z="-1.563"></position>
            <normal x="0.30832425" y="0.9273751" z="0.2119238"></normal>
          </vertex>
          <vertex>
            <position x="9.16" y="0.5906" z="-0.5956"></position>
            <normal x="0.30832425" y="0.9273751" z="0.2119238"></normal>
          </vertex>
          <vertex>
            <position x="9.375" y="0.5906" z="-0.9084"></position>
            <normal x="0.30832425" y="0.9273751" z="0.2119238"></normal>
          </vertex>
          <vertex>
            <position x="8.843" y="0.5906" z="-0.3872"></position>
            <normal x="0.16431125" y="0.9542755" z="0.24972004"></normal>
          </vertex>
          <vertex>
            <position x="9.025" y="0.7874" z="-1.259"></position>
            <normal x="0.16431125" y="0.9542755" z="0.24972004"></normal>
          </vertex>
          <vertex>
            <position x="8.718" y="0.7874" z="-1.057"></position>
            <normal x="0.16431125" y="0.9542755" z="0.24972004"></normal>
          </vertex>
          <vertex>
            <position x="9.025" y="0.7874" z="-1.259"></position>
            <normal x="0.16415288" y="0.9543094" z="0.24969465"></normal>
          </vertex>
          <vertex>
            <position x="8.843" y="0.5906" z="-0.3872"></position>
            <normal x="0.16415288" y="0.9543094" z="0.24969465"></normal>
          </vertex>
          <vertex>
            <position x="9.16" y="0.5906" z="-0.5956"></position>
            <normal x="0.16415288" y="0.9543094" z="0.24969465"></normal>
          </vertex>
          <vertex>
            <position x="8.471" y="0.5906" z="-0.3141"></position>
            <normal x="0.053396385" y="0.96074075" z="0.27226102"></normal>
          </vertex>
          <vertex>
            <position x="8.718" y="0.7874" z="-1.057"></position>
            <normal x="0.053396385" y="0.96074075" z="0.27226102"></normal>
          </vertex>
          <vertex>
            <position x="8.357" y="0.7874" z="-0.9862"></position>
            <normal x="0.053396385" y="0.96074075" z="0.27226102"></normal>
          </vertex>
          <vertex>
            <position x="8.718" y="0.7874" z="-1.057"></position>
            <normal x="0.053507082" y="0.9607253" z="0.27229372"></normal>
          </vertex>
          <vertex>
            <position x="8.471" y="0.5906" z="-0.3141"></position>
            <normal x="0.053507082" y="0.9607253" z="0.27229372"></normal>
          </vertex>
          <vertex>
            <position x="8.843" y="0.5906" z="-0.3872"></position>
            <normal x="0.053507082" y="0.9607253" z="0.27229372"></normal>
          </vertex>
          <vertex>
            <position x="8.471" y="0.5906" z="-0.3141"></position>
            <normal x="0.0" y="0.9597036" z="0.28101423"></normal>
          </vertex>
          <vertex>
            <position x="0.9555" y="0.7874" z="-0.9862"></position>
            <normal x="0.0" y="0.9597036" z="0.28101423"></normal>
          </vertex>
          <vertex>
            <position x="0.8411" y="0.5906" z="-0.3141"></position>
            <normal x="0.0" y="0.9597036" z="0.28101423"></normal>
          </vertex>
          <vertex>
            <position x="0.9555" y="0.7874" z="-0.9862"></position>
            <normal x="0.0" y="0.95970356" z="0.28101423"></normal>
          </vertex>
          <vertex>
            <position x="8.471" y="0.5906" z="-0.3141"></position>
            <normal x="0.0" y="0.95970356" z="0.28101423"></normal>
          </vertex>
          <vertex>
            <position x="8.357" y="0.7874" z="-0.9862"></position>
            <normal x="0.0" y="0.95970356" z="0.28101423"></normal>
          </vertex>
          <vertex>
            <position x="0.8411" y="0.5906" z="-0.3141"></position>
            <normal x="-0.05347105" y="0.9607379" z="0.27225626"></normal>
          </vertex>
          <vertex>
            <position x="0.5945" y="0.7874" z="-1.057"></position>
            <normal x="-0.05347105" y="0.9607379" z="0.27225626"></normal>
          </vertex>
          <vertex>
            <position x="0.4689" y="0.5906" z="-0.3872"></position>
            <normal x="-0.05347105" y="0.9607379" z="0.27225626"></normal>
          </vertex>
          <vertex>
            <position x="0.5945" y="0.7874" z="-1.057"></position>
            <normal x="-0.053390805" y="0.9607491" z="0.27223256"></normal>
          </vertex>
          <vertex>
            <position x="0.8411" y="0.5906" z="-0.3141"></position>
            <normal x="-0.053390805" y="0.9607491" z="0.27223256"></normal>
          </vertex>
          <vertex>
            <position x="0.9555" y="0.7874" z="-0.9862"></position>
            <normal x="-0.053390805" y="0.9607491" z="0.27223256"></normal>
          </vertex>
          <vertex>
            <position x="0.4689" y="0.5906" z="-0.3872"></position>
            <normal x="-0.16418442" y="0.9543119" z="0.24966429"></normal>
          </vertex>
          <vertex>
            <position x="0.2871" y="0.7874" z="-1.259"></position>
            <normal x="-0.16418442" y="0.9543119" z="0.24966429"></normal>
          </vertex>
          <vertex>
            <position x="0.152" y="0.5906" z="-0.5956"></position>
            <normal x="-0.16418442" y="0.9543119" z="0.24966429"></normal>
          </vertex>
          <vertex>
            <position x="0.2871" y="0.7874" z="-1.259"></position>
            <normal x="-0.1640458" y="0.95434153" z="0.24964206"></normal>
          </vertex>
          <vertex>
            <position x="0.4689" y="0.5906" z="-0.3872"></position>
            <normal x="-0.1640458" y="0.95434153" z="0.24964206"></normal>
          </vertex>
          <vertex>
            <position x="0.5945" y="0.7874" z="-1.057"></position>
            <normal x="-0.1640458" y="0.95434153" z="0.24964206"></normal>
          </vertex>
          <vertex>
            <position x="0.152" y="0.5906" z="-0.5956"></position>
            <normal x="-0.30890334" y="0.92717713" z="0.2119464"></normal>
          </vertex>
          <vertex>
            <position x="0.07894" y="0.7874" z="-1.563"></position>
            <normal x="-0.30890334" y="0.92717713" z="0.2119464"></normal>
          </vertex>
          <vertex>
            <position x="-0.06262" y="0.5906" z="-0.9084"></position>
            <normal x="-0.30890334" y="0.92717713" z="0.2119464"></normal>
          </vertex>
          <vertex>
            <position x="0.07894" y="0.7874" z="-1.563"></position>
            <normal x="-0.3095365" y="0.9269649" z="0.21195103"></normal>
          </vertex>
          <vertex>
            <position x="0.152" y="0.5906" z="-0.5956"></position>
            <normal x="-0.3095365" y="0.9269649" z="0.21195103"></normal>
          </vertex>
          <vertex>
            <position x="0.2871" y="0.7874" z="-1.259"></position>
            <normal x="-0.3095365" y="0.9269649" z="0.21195103"></normal>
          </vertex>
          <vertex>
            <position x="-0.06262" y="0.5906" z="-0.9084"></position>
            <normal x="-0.56600565" y="0.81520987" z="0.1227618"></normal>
          </vertex>
          <vertex>
            <position x="9.87E-4" y="0.7874" z="-1.922"></position>
            <normal x="-0.56600565" y="0.81520987" z="0.1227618"></normal>
          </vertex>
          <vertex>
            <position x="-0.143" y="0.5906" z="-1.279"></position>
            <normal x="-0.56600565" y="0.81520987" z="0.1227618"></normal>
          </vertex>
          <vertex>
            <position x="9.87E-4" y="0.7874" z="-1.922"></position>
            <normal x="-0.565663" y="0.81543785" z="0.12282757"></normal>
          </vertex>
          <vertex>
            <position x="-0.06262" y="0.5906" z="-0.9084"></position>
            <normal x="-0.565663" y="0.81543785" z="0.12282757"></normal>
          </vertex>
          <vertex>
            <position x="0.07894" y="0.7874" z="-1.563"></position>
            <normal x="-0.565663" y="0.81543785" z="0.12282757"></normal>
          </vertex>
          <vertex>
            <position x="9.87E-4" y="0.7874" z="-1.922"></position>
            <normal x="-0.80607253" y="0.5918164" z="6.3062605E-4"></normal>
          </vertex>
          <vertex>
            <position x="-0.1497" y="0.5906" z="-9.843"></position>
            <normal x="-0.80607253" y="0.5918164" z="6.3062605E-4"></normal>
          </vertex>
          <vertex>
            <position x="-0.143" y="0.5906" z="-1.279"></position>
            <normal x="-0.80607253" y="0.5918164" z="6.3062605E-4"></normal>
          </vertex>
          <vertex>
            <position x="-0.1497" y="0.5906" z="-9.843"></position>
            <normal x="-0.8060154" y="0.5918943" z="6.276015E-4"></normal>
          </vertex>
          <vertex>
            <position x="9.87E-4" y="0.7874" z="-1.922"></position>
            <normal x="-0.8060154" y="0.5918943" z="6.276015E-4"></normal>
          </vertex>
          <vertex>
            <position x="-0.005482" y="0.7874" z="-10.23"></position>
            <normal x="-0.8060154" y="0.5918943" z="6.276015E-4"></normal>
          </vertex>
          <vertex>
            <position x="-0.005482" y="0.7874" z="-10.23"></position>
            <normal x="-0.8340697" y="0.5508028" z="-0.030723244"></normal>
          </vertex>
          <vertex>
            <position x="0.1655" y="0.5906" z="-18.4"></position>
            <normal x="-0.8340697" y="0.5508028" z="-0.030723244"></normal>
          </vertex>
          <vertex>
            <position x="-0.1497" y="0.5906" z="-9.843"></position>
            <normal x="-0.8340697" y="0.5508028" z="-0.030723244"></normal>
          </vertex>
          <vertex>
            <position x="0.1655" y="0.5906" z="-18.4"></position>
            <normal x="-0.8341684" y="0.55065346" z="-0.030721711"></normal>
          </vertex>
          <vertex>
            <position x="-0.005482" y="0.7874" z="-10.23"></position>
            <normal x="-0.8341684" y="0.55065346" z="-0.030721711"></normal>
          </vertex>
          <vertex>
            <position x="0.3002" y="0.7874" z="-18.53"></position>
            <normal x="-0.8341684" y="0.55065346" z="-0.030721711"></normal>
          </vertex>
          <vertex>
            <position x="0.3002" y="0.7874" z="-18.53"></position>
            <normal x="-0.8424364" y="0.53512377" z="-0.062798"></normal>
          </vertex>
          <vertex>
            <position x="0.8021" y="0.5906" z="-26.94"></position>
            <normal x="-0.8424364" y="0.53512377" z="-0.062798"></normal>
          </vertex>
          <vertex>
            <position x="0.1655" y="0.5906" z="-18.4"></position>
            <normal x="-0.8424364" y="0.53512377" z="-0.062798"></normal>
          </vertex>
          <vertex>
            <position x="0.8021" y="0.5906" z="-26.94"></position>
            <normal x="-0.8418831" y="0.535995" z="-0.06278538"></normal>
          </vertex>
          <vertex>
            <position x="0.3002" y="0.7874" z="-18.53"></position>
            <normal x="-0.8418831" y="0.535995" z="-0.06278538"></normal>
          </vertex>
          <vertex>
            <position x="0.9177" y="0.7874" z="-26.81"></position>
            <normal x="-0.8418831" y="0.535995" z="-0.06278538"></normal>
          </vertex>
          <vertex>
            <position x="1.007" y="0.7874" z="-27.14"></position>
            <normal x="-0.7760993" y="0.5946114" z="-0.21001716"></normal>
          </vertex>
          <vertex>
            <position x="0.8021" y="0.5906" z="-26.94"></position>
            <normal x="-0.7760993" y="0.5946114" z="-0.21001716"></normal>
          </vertex>
          <vertex>
            <position x="0.9177" y="0.7874" z="-26.81"></position>
            <normal x="-0.7760993" y="0.5946114" z="-0.21001716"></normal>
          </vertex>
          <vertex>
            <position x="0.8021" y="0.5906" z="-26.94"></position>
            <normal x="-0.7776661" y="0.59054315" z="-0.2156256"></normal>
          </vertex>
          <vertex>
            <position x="1.007" y="0.7874" z="-27.14"></position>
            <normal x="-0.7776661" y="0.59054315" z="-0.2156256"></normal>
          </vertex>
          <vertex>
            <position x="0.8936" y="0.5906" z="-27.27"></position>
            <normal x="-0.7776661" y="0.59054315" z="-0.2156256"></normal>
          </vertex>
          <vertex>
            <position x="1.007" y="0.7874" z="-27.14"></position>
            <normal x="-0.6186691" y="0.64898646" z="-0.44279227"></normal>
          </vertex>
          <vertex>
            <position x="1.094" y="0.5906" z="-27.55"></position>
            <normal x="-0.6186691" y="0.64898646" z="-0.44279227"></normal>
          </vertex>
          <vertex>
            <position x="0.8936" y="0.5906" z="-27.27"></position>
            <normal x="-0.6186691" y="0.64898646" z="-0.44279227"></normal>
          </vertex>
          <vertex>
            <position x="1.094" y="0.5906" z="-27.55"></position>
            <normal x="-0.6167497" y="0.6505706" z="-0.44314533"></normal>
          </vertex>
          <vertex>
            <position x="1.007" y="0.7874" z="-27.14"></position>
            <normal x="-0.6167497" y="0.6505706" z="-0.44314533"></normal>
          </vertex>
          <vertex>
            <position x="1.201" y="0.7874" z="-27.41"></position>
            <normal x="-0.6167497" y="0.6505706" z="-0.44314533"></normal>
          </vertex>
          <vertex>
            <position x="1.201" y="0.7874" z="-27.41"></position>
            <normal x="-0.42811203" y="0.666746" z="-0.61005723"></normal>
          </vertex>
          <vertex>
            <position x="1.379" y="0.5906" z="-27.75"></position>
            <normal x="-0.42811203" y="0.666746" z="-0.61005723"></normal>
          </vertex>
          <vertex>
            <position x="1.094" y="0.5906" z="-27.55"></position>
            <normal x="-0.42811203" y="0.666746" z="-0.61005723"></normal>
          </vertex>
          <vertex>
            <position x="1.379" y="0.5906" z="-27.75"></position>
            <normal x="-0.4193458" y="0.6731132" z="-0.60915333"></normal>
          </vertex>
          <vertex>
            <position x="1.201" y="0.7874" z="-27.41"></position>
            <normal x="-0.4193458" y="0.6731132" z="-0.60915333"></normal>
          </vertex>
          <vertex>
            <position x="1.477" y="0.7874" z="-27.6"></position>
            <normal x="-0.4193458" y="0.6731132" z="-0.60915333"></normal>
          </vertex>
          <vertex>
            <position x="1.477" y="0.7874" z="-27.6"></position>
            <normal x="-0.1768485" y="0.65082526" z="-0.7383435"></normal>
          </vertex>
          <vertex>
            <position x="1.713" y="0.5906" z="-27.83"></position>
            <normal x="-0.1768485" y="0.65082526" z="-0.7383435"></normal>
          </vertex>
          <vertex>
            <position x="1.379" y="0.5906" z="-27.75"></position>
            <normal x="-0.1768485" y="0.65082526" z="-0.7383435"></normal>
          </vertex>
          <vertex>
            <position x="1.713" y="0.5906" z="-27.83"></position>
            <normal x="-0.1829038" y="0.6463893" z="-0.74076116"></normal>
          </vertex>
          <vertex>
            <position x="1.477" y="0.7874" z="-27.6"></position>
            <normal x="-0.1829038" y="0.6463893" z="-0.74076116"></normal>
          </vertex>
          <vertex>
            <position x="1.801" y="0.7874" z="-27.68"></position>
            <normal x="-0.1829038" y="0.6463893" z="-0.74076116"></normal>
          </vertex>
          <vertex>
            <position x="1.801" y="0.7874" z="-27.68"></position>
            <normal x="0.0" y="0.60618836" z="-0.7953211"></normal>
          </vertex>
          <vertex>
            <position x="2.684" y="0.5906" z="-27.83"></position>
            <normal x="0.0" y="0.60618836" z="-0.7953211"></normal>
          </vertex>
          <vertex>
            <position x="1.713" y="0.5906" z="-27.83"></position>
            <normal x="0.0" y="0.60618836" z="-0.7953211"></normal>
          </vertex>
          <vertex>
            <position x="2.69" y="0.7874" z="-27.68"></position>
            <normal x="0.0" y="0.60618836" z="-0.7953211"></normal>
          </vertex>
          <vertex>
            <position x="2.69" y="0.7874" z="-27.68"></position>
            <normal x="0.15754355" y="0.59557563" z="-0.787699"></normal>
          </vertex>
          <vertex>
            <position x="2.784" y="0.5906" z="-27.81"></position>
            <normal x="0.15754355" y="0.59557563" z="-0.787699"></normal>
          </vertex>
          <vertex>
            <position x="2.684" y="0.5906" z="-27.83"></position>
            <normal x="0.15754355" y="0.59557563" z="-0.787699"></normal>
          </vertex>
          <vertex>
            <position x="2.784" y="0.5906" z="-27.81"></position>
            <normal x="0.23386526" y="0.6111874" z="-0.75614613"></normal>
          </vertex>
          <vertex>
            <position x="2.69" y="0.7874" z="-27.68"></position>
            <normal x="0.23386526" y="0.6111874" z="-0.75614613"></normal>
          </vertex>
          <vertex>
            <position x="2.787" y="0.7874" z="-27.65"></position>
            <normal x="0.23386526" y="0.6111874" z="-0.75614613"></normal>
          </vertex>
          <vertex>
            <position x="2.787" y="0.7874" z="-27.65"></position>
            <normal x="0.5996728" y="0.49929512" z="-0.6253775"></normal>
          </vertex>
          <vertex>
            <position x="2.857" y="0.5906" z="-27.74"></position>
            <normal x="0.5996728" y="0.49929512" z="-0.6253775"></normal>
          </vertex>
          <vertex>
            <position x="2.784" y="0.5906" z="-27.81"></position>
            <normal x="0.5996728" y="0.49929512" z="-0.6253775"></normal>
          </vertex>
          <vertex>
            <position x="2.857" y="0.5906" z="-27.74"></position>
            <normal x="0.55861044" y="0.5009937" z="-0.66102916"></normal>
          </vertex>
          <vertex>
            <position x="2.787" y="0.7874" z="-27.65"></position>
            <normal x="0.55861044" y="0.5009937" z="-0.66102916"></normal>
          </vertex>
          <vertex>
            <position x="2.858" y="0.7874" z="-27.59"></position>
            <normal x="0.55861044" y="0.5009937" z="-0.66102916"></normal>
          </vertex>
          <vertex>
            <position x="2.884" y="0.5906" z="-27.64"></position>
            <normal x="0.9504987" y="0.18835998" z="-0.24712893"></normal>
          </vertex>
          <vertex>
            <position x="2.858" y="0.7874" z="-27.59"></position>
            <normal x="0.9504987" y="0.18835998" z="-0.24712893"></normal>
          </vertex>
          <vertex>
            <position x="2.884" y="0.7874" z="-27.49"></position>
            <normal x="0.9504987" y="0.18835998" z="-0.24712893"></normal>
          </vertex>
          <vertex>
            <position x="2.858" y="0.7874" z="-27.59"></position>
            <normal x="0.9477997" y="0.19023293" z="-0.25590447"></normal>
          </vertex>
          <vertex>
            <position x="2.884" y="0.5906" z="-27.64"></position>
            <normal x="0.9477997" y="0.19023293" z="-0.25590447"></normal>
          </vertex>
          <vertex>
            <position x="2.857" y="0.5906" z="-27.74"></position>
            <normal x="0.9477997" y="0.19023293" z="-0.25590447"></normal>
          </vertex>
        </vertexbuffer>
      </geometry>
    </submesh>
  </submeshes>
</mesh>
