<mesh>
  <submeshes>
    <submesh material="Material.1169" usesharedvertices="false">
      <faces count="162">
        <face v1="0" v2="1" v3="2"></face>
        <face v1="1" v2="0" v3="3"></face>
        <face v1="4" v2="5" v3="6"></face>
        <face v1="5" v2="4" v3="7"></face>
        <face v1="8" v2="9" v3="10"></face>
        <face v1="11" v2="7" v3="12"></face>
        <face v1="11" v2="12" v3="13"></face>
        <face v1="13" v2="12" v3="14"></face>
        <face v1="13" v2="14" v3="15"></face>
        <face v1="16" v2="17" v3="18"></face>
        <face v1="15" v2="19" v3="20"></face>
        <face v1="21" v2="18" v3="22"></face>
        <face v1="23" v2="19" v3="24"></face>
        <face v1="23" v2="24" v3="25"></face>
        <face v1="25" v2="24" v3="26"></face>
        <face v1="25" v2="26" v3="27"></face>
        <face v1="6" v2="28" v3="29"></face>
        <face v1="28" v2="6" v3="5"></face>
        <face v1="29" v2="28" v3="27"></face>
        <face v1="29" v2="27" v3="26"></face>
        <face v1="30" v2="31" v3="32"></face>
        <face v1="31" v2="30" v3="33"></face>
        <face v1="34" v2="35" v3="36"></face>
        <face v1="35" v2="34" v3="37"></face>
        <face v1="35" v2="37" v3="38"></face>
        <face v1="38" v2="37" v3="39"></face>
        <face v1="36" v2="40" v3="41"></face>
        <face v1="40" v2="36" v3="35"></face>
        <face v1="41" v2="40" v3="42"></face>
        <face v1="41" v2="42" v3="43"></face>
        <face v1="43" v2="42" v3="44"></face>
        <face v1="43" v2="44" v3="45"></face>
        <face v1="45" v2="44" v3="46"></face>
        <face v1="45" v2="46" v3="47"></face>
        <face v1="45" v2="47" v3="48"></face>
        <face v1="49" v2="50" v3="51"></face>
        <face v1="48" v2="52" v3="53"></face>
        <face v1="53" v2="52" v3="39"></face>
        <face v1="54" v2="55" v3="56"></face>
        <face v1="57" v2="39" v3="37"></face>
        <face v1="58" v2="59" v3="60"></face>
        <face v1="59" v2="58" v3="61"></face>
        <face v1="62" v2="63" v3="64"></face>
        <face v1="63" v2="62" v3="65"></face>
        <face v1="66" v2="67" v3="68"></face>
        <face v1="67" v2="66" v3="69"></face>
        <face v1="70" v2="71" v3="72"></face>
        <face v1="71" v2="70" v3="73"></face>
        <face v1="74" v2="75" v3="76"></face>
        <face v1="75" v2="74" v3="77"></face>
        <face v1="78" v2="79" v3="80"></face>
        <face v1="79" v2="78" v3="81"></face>
        <face v1="82" v2="83" v3="84"></face>
        <face v1="83" v2="82" v3="85"></face>
      </faces>
      <geometry vertexcount="86">
        <vertexbuffer positions="true" normals="true">
          <vertex>
            <position x="5.787" y="9.449" z="0.0"></position>
            <normal x="0.0" y="0.0" z="0.99999994"></normal>
          </vertex>
          <vertex>
            <position x="0.0" y="0.0" z="0.0"></position>
            <normal x="0.0" y="0.0" z="0.99999994"></normal>
          </vertex>
          <vertex>
            <position x="5.787" y="0.0" z="0.0"></position>
            <normal x="0.0" y="0.0" z="0.99999994"></normal>
          </vertex>
          <vertex>
            <position x="0.0" y="9.449" z="0.0"></position>
            <normal x="0.0" y="0.0" z="0.99999994"></normal>
          </vertex>
          <vertex>
            <position x="0.0" y="0.0" z="-14.64"></position>
            <normal x="-0.0" y="-1.0" z="0.0"></normal>
          </vertex>
          <vertex>
            <position x="0.1181" y="0.0" z="-14.6"></position>
            <normal x="-0.0" y="-1.0" z="0.0"></normal>
          </vertex>
          <vertex>
            <position x="0.0" y="0.0" z="0.0"></position>
            <normal x="-0.0" y="-1.0" z="0.0"></normal>
          </vertex>
          <vertex>
            <position x="0.7351" y="0.0" z="-15.55"></position>
            <normal x="-0.0" y="-1.0" z="0.0"></normal>
          </vertex>
          <vertex>
            <position x="0.1181" y="0.0" z="-14.6"></position>
            <normal x="0.0" y="-0.99999994" z="0.0"></normal>
          </vertex>
          <vertex>
            <position x="0.7351" y="0.0" z="-15.55"></position>
            <normal x="0.0" y="-0.99999994" z="0.0"></normal>
          </vertex>
          <vertex>
            <position x="0.8137" y="0.0" z="-15.46"></position>
            <normal x="0.0" y="-0.99999994" z="0.0"></normal>
          </vertex>
          <vertex>
            <position x="0.8137" y="0.0" z="-15.46"></position>
            <normal x="-0.0" y="-1.0" z="0.0"></normal>
          </vertex>
          <vertex>
            <position x="1.742" y="0.0" z="-16.15"></position>
            <normal x="-0.0" y="-1.0" z="0.0"></normal>
          </vertex>
          <vertex>
            <position x="1.784" y="0.0" z="-16.03"></position>
            <normal x="-0.0" y="-1.0" z="0.0"></normal>
          </vertex>
          <vertex>
            <position x="2.894" y="0.0" z="-16.35"></position>
            <normal x="-0.0" y="-1.0" z="0.0"></normal>
          </vertex>
          <vertex>
            <position x="2.894" y="0.0" z="-16.23"></position>
            <normal x="-0.0" y="-1.0" z="0.0"></normal>
          </vertex>
          <vertex>
            <position x="2.894" y="0.0" z="-16.23"></position>
            <normal x="0.0" y="-0.99999994" z="0.0"></normal>
          </vertex>
          <vertex>
            <position x="2.894" y="0.0" z="-16.35"></position>
            <normal x="0.0" y="-0.99999994" z="0.0"></normal>
          </vertex>
          <vertex>
            <position x="4.045" y="0.0" z="-16.15"></position>
            <normal x="0.0" y="-0.99999994" z="0.0"></normal>
          </vertex>
          <vertex>
            <position x="4.045" y="0.0" z="-16.15"></position>
            <normal x="-0.0" y="-1.0" z="0.0"></normal>
          </vertex>
          <vertex>
            <position x="4.003" y="0.0" z="-16.03"></position>
            <normal x="-0.0" y="-1.0" z="0.0"></normal>
          </vertex>
          <vertex>
            <position x="4.003" y="0.0" z="-16.03"></position>
            <normal x="0.0" y="-0.99999994" z="0.0"></normal>
          </vertex>
          <vertex>
            <position x="4.974" y="0.0" z="-15.46"></position>
            <normal x="0.0" y="-0.99999994" z="0.0"></normal>
          </vertex>
          <vertex>
            <position x="4.974" y="0.0" z="-15.46"></position>
            <normal x="-0.0" y="-1.0" z="0.0"></normal>
          </vertex>
          <vertex>
            <position x="5.052" y="0.0" z="-15.55"></position>
            <normal x="-0.0" y="-1.0" z="0.0"></normal>
          </vertex>
          <vertex>
            <position x="5.669" y="0.0" z="-14.6"></position>
            <normal x="-0.0" y="-1.0" z="0.0"></normal>
          </vertex>
          <vertex>
            <position x="5.787" y="0.0" z="-14.64"></position>
            <normal x="-0.0" y="-1.0" z="0.0"></normal>
          </vertex>
          <vertex>
            <position x="5.669" y="0.0" z="-0.1181"></position>
            <normal x="-0.0" y="-1.0" z="0.0"></normal>
          </vertex>
          <vertex>
            <position x="0.1181" y="0.0" z="-0.1181"></position>
            <normal x="-0.0" y="-1.0" z="0.0"></normal>
          </vertex>
          <vertex>
            <position x="5.787" y="0.0" z="0.0"></position>
            <normal x="-0.0" y="-1.0" z="0.0"></normal>
          </vertex>
          <vertex>
            <position x="5.787" y="0.0" z="-14.64"></position>
            <normal x="0.99999994" y="0.0" z="0.0"></normal>
          </vertex>
          <vertex>
            <position x="5.787" y="9.449" z="0.0"></position>
            <normal x="0.99999994" y="0.0" z="0.0"></normal>
          </vertex>
          <vertex>
            <position x="5.787" y="0.0" z="0.0"></position>
            <normal x="0.99999994" y="0.0" z="0.0"></normal>
          </vertex>
          <vertex>
            <position x="5.787" y="9.449" z="-14.64"></position>
            <normal x="0.99999994" y="0.0" z="0.0"></normal>
          </vertex>
          <vertex>
            <position x="0.0" y="9.449" z="0.0"></position>
            <normal x="0.0" y="1.0" z="0.0"></normal>
          </vertex>
          <vertex>
            <position x="0.1181" y="9.449" z="-0.1181"></position>
            <normal x="0.0" y="1.0" z="0.0"></normal>
          </vertex>
          <vertex>
            <position x="0.0" y="9.449" z="-14.64"></position>
            <normal x="0.0" y="1.0" z="0.0"></normal>
          </vertex>
          <vertex>
            <position x="5.787" y="9.449" z="0.0"></position>
            <normal x="0.0" y="1.0" z="0.0"></normal>
          </vertex>
          <vertex>
            <position x="5.669" y="9.449" z="-0.1181"></position>
            <normal x="0.0" y="1.0" z="0.0"></normal>
          </vertex>
          <vertex>
            <position x="5.669" y="9.449" z="-14.6"></position>
            <normal x="0.0" y="1.0" z="0.0"></normal>
          </vertex>
          <vertex>
            <position x="0.1181" y="9.449" z="-14.6"></position>
            <normal x="0.0" y="1.0" z="0.0"></normal>
          </vertex>
          <vertex>
            <position x="0.7351" y="9.449" z="-15.55"></position>
            <normal x="0.0" y="1.0" z="0.0"></normal>
          </vertex>
          <vertex>
            <position x="0.8137" y="9.449" z="-15.46"></position>
            <normal x="0.0" y="1.0" z="0.0"></normal>
          </vertex>
          <vertex>
            <position x="1.742" y="9.449" z="-16.15"></position>
            <normal x="0.0" y="1.0" z="0.0"></normal>
          </vertex>
          <vertex>
            <position x="1.784" y="9.449" z="-16.03"></position>
            <normal x="0.0" y="1.0" z="0.0"></normal>
          </vertex>
          <vertex>
            <position x="2.894" y="9.449" z="-16.35"></position>
            <normal x="0.0" y="1.0" z="0.0"></normal>
          </vertex>
          <vertex>
            <position x="2.894" y="9.449" z="-16.23"></position>
            <normal x="0.0" y="1.0" z="0.0"></normal>
          </vertex>
          <vertex>
            <position x="4.003" y="9.449" z="-16.03"></position>
            <normal x="0.0" y="1.0" z="0.0"></normal>
          </vertex>
          <vertex>
            <position x="4.045" y="9.449" z="-16.15"></position>
            <normal x="0.0" y="1.0" z="0.0"></normal>
          </vertex>
          <vertex>
            <position x="4.045" y="9.449" z="-16.15"></position>
            <normal x="-0.0" y="0.99999994" z="0.0"></normal>
          </vertex>
          <vertex>
            <position x="4.003" y="9.449" z="-16.03"></position>
            <normal x="-0.0" y="0.99999994" z="0.0"></normal>
          </vertex>
          <vertex>
            <position x="4.974" y="9.449" z="-15.46"></position>
            <normal x="-0.0" y="0.99999994" z="0.0"></normal>
          </vertex>
          <vertex>
            <position x="4.974" y="9.449" z="-15.46"></position>
            <normal x="0.0" y="1.0" z="0.0"></normal>
          </vertex>
          <vertex>
            <position x="5.052" y="9.449" z="-15.55"></position>
            <normal x="0.0" y="1.0" z="0.0"></normal>
          </vertex>
          <vertex>
            <position x="5.052" y="9.449" z="-15.55"></position>
            <normal x="-0.0" y="0.99999994" z="0.0"></normal>
          </vertex>
          <vertex>
            <position x="5.669" y="9.449" z="-14.6"></position>
            <normal x="-0.0" y="0.99999994" z="0.0"></normal>
          </vertex>
          <vertex>
            <position x="5.787" y="9.449" z="-14.64"></position>
            <normal x="-0.0" y="0.99999994" z="0.0"></normal>
          </vertex>
          <vertex>
            <position x="5.787" y="9.449" z="-14.64"></position>
            <normal x="0.0" y="1.0" z="0.0"></normal>
          </vertex>
          <vertex>
            <position x="0.0" y="9.449" z="-14.64"></position>
            <normal x="-0.99999994" y="0.0" z="0.0"></normal>
          </vertex>
          <vertex>
            <position x="0.0" y="0.0" z="0.0"></position>
            <normal x="-0.99999994" y="0.0" z="0.0"></normal>
          </vertex>
          <vertex>
            <position x="0.0" y="9.449" z="0.0"></position>
            <normal x="-0.99999994" y="0.0" z="0.0"></normal>
          </vertex>
          <vertex>
            <position x="0.0" y="0.0" z="-14.64"></position>
            <normal x="-0.99999994" y="0.0" z="0.0"></normal>
          </vertex>
          <vertex>
            <position x="2.894" y="9.449" z="-16.35"></position>
            <normal x="0.17119731" y="0.0" z="-0.98523676"></normal>
          </vertex>
          <vertex>
            <position x="4.045" y="0.0" z="-16.15"></position>
            <normal x="0.17119731" y="0.0" z="-0.98523676"></normal>
          </vertex>
          <vertex>
            <position x="2.894" y="0.0" z="-16.35"></position>
            <normal x="0.17119731" y="0.0" z="-0.98523676"></normal>
          </vertex>
          <vertex>
            <position x="4.045" y="9.449" z="-16.15"></position>
            <normal x="0.17119731" y="0.0" z="-0.98523676"></normal>
          </vertex>
          <vertex>
            <position x="4.045" y="9.449" z="-16.15"></position>
            <normal x="0.5118584" y="0.0" z="-0.8590699"></normal>
          </vertex>
          <vertex>
            <position x="5.052" y="0.0" z="-15.55"></position>
            <normal x="0.5118584" y="0.0" z="-0.8590699"></normal>
          </vertex>
          <vertex>
            <position x="4.045" y="0.0" z="-16.15"></position>
            <normal x="0.5118584" y="0.0" z="-0.8590699"></normal>
          </vertex>
          <vertex>
            <position x="5.052" y="9.449" z="-15.55"></position>
            <normal x="0.5118584" y="0.0" z="-0.8590699"></normal>
          </vertex>
          <vertex>
            <position x="5.052" y="0.0" z="-15.55"></position>
            <normal x="0.77794105" y="0.0" z="-0.6283372"></normal>
          </vertex>
          <vertex>
            <position x="5.787" y="9.449" z="-14.64"></position>
            <normal x="0.77794105" y="0.0" z="-0.6283372"></normal>
          </vertex>
          <vertex>
            <position x="5.787" y="0.0" z="-14.64"></position>
            <normal x="0.77794105" y="0.0" z="-0.6283372"></normal>
          </vertex>
          <vertex>
            <position x="5.052" y="9.449" z="-15.55"></position>
            <normal x="0.77794105" y="0.0" z="-0.6283372"></normal>
          </vertex>
          <vertex>
            <position x="0.7351" y="9.449" z="-15.55"></position>
            <normal x="-0.7778994" y="0.0" z="-0.6283889"></normal>
          </vertex>
          <vertex>
            <position x="0.0" y="0.0" z="-14.64"></position>
            <normal x="-0.7778994" y="0.0" z="-0.6283889"></normal>
          </vertex>
          <vertex>
            <position x="0.0" y="9.449" z="-14.64"></position>
            <normal x="-0.7778994" y="0.0" z="-0.6283889"></normal>
          </vertex>
          <vertex>
            <position x="0.7351" y="0.0" z="-15.55"></position>
            <normal x="-0.7778994" y="0.0" z="-0.6283889"></normal>
          </vertex>
          <vertex>
            <position x="0.7351" y="9.449" z="-15.55"></position>
            <normal x="-0.5118959" y="0.0" z="-0.8590475"></normal>
          </vertex>
          <vertex>
            <position x="1.742" y="0.0" z="-16.15"></position>
            <normal x="-0.5118959" y="0.0" z="-0.8590475"></normal>
          </vertex>
          <vertex>
            <position x="0.7351" y="0.0" z="-15.55"></position>
            <normal x="-0.5118959" y="0.0" z="-0.8590475"></normal>
          </vertex>
          <vertex>
            <position x="1.742" y="9.449" z="-16.15"></position>
            <normal x="-0.5118959" y="0.0" z="-0.8590475"></normal>
          </vertex>
          <vertex>
            <position x="1.742" y="9.449" z="-16.15"></position>
            <normal x="-0.17105304" y="0.0" z="-0.9852618"></normal>
          </vertex>
          <vertex>
            <position x="2.894" y="0.0" z="-16.35"></position>
            <normal x="-0.17105304" y="0.0" z="-0.9852618"></normal>
          </vertex>
          <vertex>
            <position x="1.742" y="0.0" z="-16.15"></position>
            <normal x="-0.17105304" y="0.0" z="-0.9852618"></normal>
          </vertex>
          <vertex>
            <position x="2.894" y="9.449" z="-16.35"></position>
            <normal x="-0.17105304" y="0.0" z="-0.9852618"></normal>
          </vertex>
        </vertexbuffer>
      </geometry>
    </submesh>
  </submeshes>
</mesh>
