<mesh>
  <submeshes>
    <submesh material="Material.973" usesharedvertices="false">
      <faces count="138">
        <face v1="0" v2="1" v3="2"></face>
        <face v1="1" v2="0" v3="3"></face>
        <face v1="4" v2="5" v3="6"></face>
        <face v1="7" v2="8" v3="9"></face>
        <face v1="9" v2="8" v3="10"></face>
        <face v1="9" v2="10" v3="11"></face>
        <face v1="11" v2="10" v3="12"></face>
        <face v1="11" v2="12" v3="13"></face>
        <face v1="11" v2="13" v3="14"></face>
        <face v1="14" v2="13" v3="15"></face>
        <face v1="15" v2="13" v3="16"></face>
        <face v1="16" v2="13" v3="17"></face>
        <face v1="16" v2="17" v3="18"></face>
        <face v1="18" v2="17" v3="19"></face>
        <face v1="20" v2="21" v3="22"></face>
        <face v1="23" v2="19" v3="24"></face>
        <face v1="25" v2="26" v3="27"></face>
        <face v1="28" v2="29" v3="30"></face>
        <face v1="31" v2="32" v3="33"></face>
        <face v1="34" v2="35" v3="36"></face>
        <face v1="37" v2="38" v3="39"></face>
        <face v1="40" v2="41" v3="42"></face>
        <face v1="43" v2="44" v3="45"></face>
        <face v1="44" v2="43" v3="46"></face>
        <face v1="47" v2="48" v3="49"></face>
        <face v1="48" v2="47" v3="50"></face>
        <face v1="51" v2="52" v3="53"></face>
        <face v1="54" v2="55" v3="56"></face>
        <face v1="57" v2="58" v3="59"></face>
        <face v1="58" v2="57" v3="60"></face>
        <face v1="61" v2="62" v3="63"></face>
        <face v1="64" v2="65" v3="66"></face>
        <face v1="67" v2="68" v3="69"></face>
        <face v1="70" v2="71" v3="72"></face>
        <face v1="73" v2="74" v3="75"></face>
        <face v1="74" v2="73" v3="76"></face>
        <face v1="77" v2="78" v3="79"></face>
        <face v1="80" v2="81" v3="82"></face>
        <face v1="83" v2="84" v3="85"></face>
        <face v1="84" v2="83" v3="86"></face>
        <face v1="87" v2="88" v3="89"></face>
        <face v1="88" v2="87" v3="90"></face>
        <face v1="91" v2="92" v3="93"></face>
        <face v1="92" v2="91" v3="94"></face>
        <face v1="95" v2="96" v3="97"></face>
        <face v1="98" v2="99" v3="100"></face>
      </faces>
      <geometry vertexcount="101">
        <vertexbuffer positions="true" normals="true">
          <vertex>
            <position x="18.98" y="1.059" z="-7.625"></position>
            <normal x="0.71699184" y="0.0" z="-0.69708157"></normal>
          </vertex>
          <vertex>
            <position x="19.12" y="0.0" z="-7.481"></position>
            <normal x="0.71699184" y="0.0" z="-0.69708157"></normal>
          </vertex>
          <vertex>
            <position x="18.98" y="0.0" z="-7.625"></position>
            <normal x="0.71699184" y="0.0" z="-0.69708157"></normal>
          </vertex>
          <vertex>
            <position x="19.12" y="1.048" z="-7.481"></position>
            <normal x="0.71699184" y="0.0" z="-0.69708157"></normal>
          </vertex>
          <vertex>
            <position x="0.05275" y="0.0" z="-7.481"></position>
            <normal x="0.0" y="-0.99999994" z="0.0"></normal>
          </vertex>
          <vertex>
            <position x="0.0" y="0.0" z="-0.7851"></position>
            <normal x="0.0" y="-0.99999994" z="0.0"></normal>
          </vertex>
          <vertex>
            <position x="0.0" y="0.0" z="-7.285"></position>
            <normal x="0.0" y="-0.99999994" z="0.0"></normal>
          </vertex>
          <vertex>
            <position x="0.0" y="0.0" z="-0.7851"></position>
            <normal x="0.0" y="-1.0" z="0.0"></normal>
          </vertex>
          <vertex>
            <position x="0.05275" y="0.0" z="-7.481"></position>
            <normal x="0.0" y="-1.0" z="0.0"></normal>
          </vertex>
          <vertex>
            <position x="0.1055" y="0.0" z="-0.3925"></position>
            <normal x="0.0" y="-1.0" z="0.0"></normal>
          </vertex>
          <vertex>
            <position x="0.1969" y="0.0" z="-7.625"></position>
            <normal x="0.0" y="-1.0" z="0.0"></normal>
          </vertex>
          <vertex>
            <position x="0.3937" y="0.0" z="-0.1052"></position>
            <normal x="0.0" y="-1.0" z="0.0"></normal>
          </vertex>
          <vertex>
            <position x="0.3937" y="0.0" z="-7.677"></position>
            <normal x="0.0" y="-1.0" z="0.0"></normal>
          </vertex>
          <vertex>
            <position x="18.78" y="0.0" z="-7.677"></position>
            <normal x="0.0" y="-1.0" z="0.0"></normal>
          </vertex>
          <vertex>
            <position x="0.7874" y="0.0" z="0.0"></position>
            <normal x="0.0" y="-1.0" z="0.0"></normal>
          </vertex>
          <vertex>
            <position x="18.39" y="0.0" z="0.0"></position>
            <normal x="0.0" y="-1.0" z="0.0"></normal>
          </vertex>
          <vertex>
            <position x="18.78" y="0.0" z="-0.1052"></position>
            <normal x="0.0" y="-1.0" z="0.0"></normal>
          </vertex>
          <vertex>
            <position x="18.98" y="0.0" z="-7.625"></position>
            <normal x="0.0" y="-1.0" z="0.0"></normal>
          </vertex>
          <vertex>
            <position x="19.07" y="0.0" z="-0.3925"></position>
            <normal x="0.0" y="-1.0" z="0.0"></normal>
          </vertex>
          <vertex>
            <position x="19.12" y="0.0" z="-7.481"></position>
            <normal x="0.0" y="-1.0" z="0.0"></normal>
          </vertex>
          <vertex>
            <position x="19.07" y="0.0" z="-0.3925"></position>
            <normal x="0.0" y="-0.99999994" z="0.0"></normal>
          </vertex>
          <vertex>
            <position x="19.12" y="0.0" z="-7.481"></position>
            <normal x="0.0" y="-0.99999994" z="0.0"></normal>
          </vertex>
          <vertex>
            <position x="19.17" y="0.0" z="-0.7851"></position>
            <normal x="0.0" y="-0.99999994" z="0.0"></normal>
          </vertex>
          <vertex>
            <position x="19.17" y="0.0" z="-0.7851"></position>
            <normal x="0.0" y="-1.0" z="0.0"></normal>
          </vertex>
          <vertex>
            <position x="19.17" y="0.0" z="-7.285"></position>
            <normal x="0.0" y="-1.0" z="0.0"></normal>
          </vertex>
          <vertex>
            <position x="18.78" y="1.063" z="-7.677"></position>
            <normal x="0.2516354" y="0.0" z="-0.9678221"></normal>
          </vertex>
          <vertex>
            <position x="18.98" y="0.0" z="-7.625"></position>
            <normal x="0.2516354" y="0.0" z="-0.9678221"></normal>
          </vertex>
          <vertex>
            <position x="18.78" y="0.0" z="-7.677"></position>
            <normal x="0.2516354" y="0.0" z="-0.9678221"></normal>
          </vertex>
          <vertex>
            <position x="18.98" y="0.0" z="-7.625"></position>
            <normal x="0.25163543" y="0.0" z="-0.96782213"></normal>
          </vertex>
          <vertex>
            <position x="18.78" y="1.063" z="-7.677"></position>
            <normal x="0.25163543" y="0.0" z="-0.96782213"></normal>
          </vertex>
          <vertex>
            <position x="18.98" y="1.059" z="-7.625"></position>
            <normal x="0.25163543" y="0.0" z="-0.96782213"></normal>
          </vertex>
          <vertex>
            <position x="19.12" y="0.0" z="-7.481"></position>
            <normal x="0.9689691" y="0.0" z="-0.24718212"></normal>
          </vertex>
          <vertex>
            <position x="19.17" y="1.033" z="-7.285"></position>
            <normal x="0.9689691" y="0.0" z="-0.24718212"></normal>
          </vertex>
          <vertex>
            <position x="19.17" y="0.0" z="-7.285"></position>
            <normal x="0.9689691" y="0.0" z="-0.24718212"></normal>
          </vertex>
          <vertex>
            <position x="19.17" y="1.033" z="-7.285"></position>
            <normal x="0.96896905" y="0.0" z="-0.24718209"></normal>
          </vertex>
          <vertex>
            <position x="19.12" y="0.0" z="-7.481"></position>
            <normal x="0.96896905" y="0.0" z="-0.24718209"></normal>
          </vertex>
          <vertex>
            <position x="19.12" y="1.048" z="-7.481"></position>
            <normal x="0.96896905" y="0.0" z="-0.24718209"></normal>
          </vertex>
          <vertex>
            <position x="0.0" y="1.033" z="-7.285"></position>
            <normal x="-1.0" y="0.0" z="0.0"></normal>
          </vertex>
          <vertex>
            <position x="0.0" y="0.0" z="-0.7851"></position>
            <normal x="-1.0" y="0.0" z="0.0"></normal>
          </vertex>
          <vertex>
            <position x="0.0" y="0.5328" z="-0.7851"></position>
            <normal x="-1.0" y="0.0" z="0.0"></normal>
          </vertex>
          <vertex>
            <position x="0.0" y="0.0" z="-0.7851"></position>
            <normal x="-0.99999994" y="0.0" z="0.0"></normal>
          </vertex>
          <vertex>
            <position x="0.0" y="1.033" z="-7.285"></position>
            <normal x="-0.99999994" y="0.0" z="0.0"></normal>
          </vertex>
          <vertex>
            <position x="0.0" y="0.0" z="-7.285"></position>
            <normal x="-0.99999994" y="0.0" z="0.0"></normal>
          </vertex>
          <vertex>
            <position x="0.05275" y="1.048" z="-7.481"></position>
            <normal x="-0.9656396" y="0.0" z="-0.259885"></normal>
          </vertex>
          <vertex>
            <position x="0.0" y="0.0" z="-7.285"></position>
            <normal x="-0.9656396" y="0.0" z="-0.259885"></normal>
          </vertex>
          <vertex>
            <position x="0.0" y="1.033" z="-7.285"></position>
            <normal x="-0.9656396" y="0.0" z="-0.259885"></normal>
          </vertex>
          <vertex>
            <position x="0.05275" y="0.0" z="-7.481"></position>
            <normal x="-0.9656396" y="0.0" z="-0.259885"></normal>
          </vertex>
          <vertex>
            <position x="0.05275" y="1.048" z="-7.481"></position>
            <normal x="-0.70673877" y="0.0" z="-0.70747465"></normal>
          </vertex>
          <vertex>
            <position x="0.1969" y="0.0" z="-7.625"></position>
            <normal x="-0.70673877" y="0.0" z="-0.70747465"></normal>
          </vertex>
          <vertex>
            <position x="0.05275" y="0.0" z="-7.481"></position>
            <normal x="-0.70673877" y="0.0" z="-0.70747465"></normal>
          </vertex>
          <vertex>
            <position x="0.1969" y="1.059" z="-7.625"></position>
            <normal x="-0.70673877" y="0.0" z="-0.70747465"></normal>
          </vertex>
          <vertex>
            <position x="0.1969" y="1.059" z="-7.625"></position>
            <normal x="-0.25546062" y="0.0" z="-0.9668194"></normal>
          </vertex>
          <vertex>
            <position x="0.3937" y="0.0" z="-7.677"></position>
            <normal x="-0.25546062" y="0.0" z="-0.9668194"></normal>
          </vertex>
          <vertex>
            <position x="0.1969" y="0.0" z="-7.625"></position>
            <normal x="-0.25546062" y="0.0" z="-0.9668194"></normal>
          </vertex>
          <vertex>
            <position x="0.3937" y="0.0" z="-7.677"></position>
            <normal x="-0.25546065" y="0.0" z="-0.96681947"></normal>
          </vertex>
          <vertex>
            <position x="0.1969" y="1.059" z="-7.625"></position>
            <normal x="-0.25546065" y="0.0" z="-0.96681947"></normal>
          </vertex>
          <vertex>
            <position x="0.3937" y="1.063" z="-7.677"></position>
            <normal x="-0.25546065" y="0.0" z="-0.96681947"></normal>
          </vertex>
          <vertex>
            <position x="0.3937" y="1.063" z="-7.677"></position>
            <normal x="0.0" y="0.0" z="-1.0"></normal>
          </vertex>
          <vertex>
            <position x="18.78" y="0.0" z="-7.677"></position>
            <normal x="0.0" y="0.0" z="-1.0"></normal>
          </vertex>
          <vertex>
            <position x="0.3937" y="0.0" z="-7.677"></position>
            <normal x="0.0" y="0.0" z="-1.0"></normal>
          </vertex>
          <vertex>
            <position x="18.78" y="1.063" z="-7.677"></position>
            <normal x="0.0" y="0.0" z="-1.0"></normal>
          </vertex>
          <vertex>
            <position x="19.17" y="0.0" z="-7.285"></position>
            <normal x="1.0" y="0.0" z="0.0"></normal>
          </vertex>
          <vertex>
            <position x="19.17" y="0.5328" z="-0.7851"></position>
            <normal x="1.0" y="0.0" z="0.0"></normal>
          </vertex>
          <vertex>
            <position x="19.17" y="0.0" z="-0.7851"></position>
            <normal x="1.0" y="0.0" z="0.0"></normal>
          </vertex>
          <vertex>
            <position x="19.17" y="0.5328" z="-0.7851"></position>
            <normal x="0.99999994" y="0.0" z="0.0"></normal>
          </vertex>
          <vertex>
            <position x="19.17" y="0.0" z="-7.285"></position>
            <normal x="0.99999994" y="0.0" z="0.0"></normal>
          </vertex>
          <vertex>
            <position x="19.17" y="1.033" z="-7.285"></position>
            <normal x="0.99999994" y="0.0" z="0.0"></normal>
          </vertex>
          <vertex>
            <position x="19.17" y="0.0" z="-0.7851"></position>
            <normal x="0.96905833" y="0.0" z="0.24683192"></normal>
          </vertex>
          <vertex>
            <position x="19.07" y="0.5026" z="-0.3925"></position>
            <normal x="0.96905833" y="0.0" z="0.24683192"></normal>
          </vertex>
          <vertex>
            <position x="19.07" y="0.0" z="-0.3925"></position>
            <normal x="0.96905833" y="0.0" z="0.24683192"></normal>
          </vertex>
          <vertex>
            <position x="19.07" y="0.5026" z="-0.3925"></position>
            <normal x="0.96905833" y="-0.0" z="0.24683191"></normal>
          </vertex>
          <vertex>
            <position x="19.17" y="0.0" z="-0.7851"></position>
            <normal x="0.96905833" y="-0.0" z="0.24683191"></normal>
          </vertex>
          <vertex>
            <position x="19.17" y="0.5328" z="-0.7851"></position>
            <normal x="0.96905833" y="-0.0" z="0.24683191"></normal>
          </vertex>
          <vertex>
            <position x="19.07" y="0.5026" z="-0.3925"></position>
            <normal x="0.7037932" y="0.0" z="0.7104049"></normal>
          </vertex>
          <vertex>
            <position x="18.78" y="0.0" z="-0.1052"></position>
            <normal x="0.7037932" y="0.0" z="0.7104049"></normal>
          </vertex>
          <vertex>
            <position x="19.07" y="0.0" z="-0.3925"></position>
            <normal x="0.7037932" y="0.0" z="0.7104049"></normal>
          </vertex>
          <vertex>
            <position x="18.78" y="0.4805" z="-0.1052"></position>
            <normal x="0.7037932" y="0.0" z="0.7104049"></normal>
          </vertex>
          <vertex>
            <position x="18.78" y="0.4805" z="-0.1052"></position>
            <normal x="0.2604343" y="0.0" z="0.9654916"></normal>
          </vertex>
          <vertex>
            <position x="18.39" y="0.0" z="0.0"></position>
            <normal x="0.2604343" y="0.0" z="0.9654916"></normal>
          </vertex>
          <vertex>
            <position x="18.78" y="0.0" z="-0.1052"></position>
            <normal x="0.2604343" y="0.0" z="0.9654916"></normal>
          </vertex>
          <vertex>
            <position x="18.39" y="0.0" z="0.0"></position>
            <normal x="0.2604343" y="0.0" z="0.96549153"></normal>
          </vertex>
          <vertex>
            <position x="18.78" y="0.4805" z="-0.1052"></position>
            <normal x="0.2604343" y="0.0" z="0.96549153"></normal>
          </vertex>
          <vertex>
            <position x="18.39" y="0.4724" z="0.0"></position>
            <normal x="0.2604343" y="0.0" z="0.96549153"></normal>
          </vertex>
          <vertex>
            <position x="18.39" y="0.4724" z="0.0"></position>
            <normal x="0.0" y="0.0" z="1.0"></normal>
          </vertex>
          <vertex>
            <position x="0.7874" y="0.0" z="0.0"></position>
            <normal x="0.0" y="0.0" z="1.0"></normal>
          </vertex>
          <vertex>
            <position x="18.39" y="0.0" z="0.0"></position>
            <normal x="0.0" y="0.0" z="1.0"></normal>
          </vertex>
          <vertex>
            <position x="0.7874" y="0.4724" z="0.0"></position>
            <normal x="0.0" y="0.0" z="1.0"></normal>
          </vertex>
          <vertex>
            <position x="0.7874" y="0.4724" z="0.0"></position>
            <normal x="-0.25815135" y="0.0" z="0.96610445"></normal>
          </vertex>
          <vertex>
            <position x="0.3937" y="0.0" z="-0.1052"></position>
            <normal x="-0.25815135" y="0.0" z="0.96610445"></normal>
          </vertex>
          <vertex>
            <position x="0.7874" y="0.0" z="0.0"></position>
            <normal x="-0.25815135" y="0.0" z="0.96610445"></normal>
          </vertex>
          <vertex>
            <position x="0.3937" y="0.4805" z="-0.1052"></position>
            <normal x="-0.25815135" y="0.0" z="0.96610445"></normal>
          </vertex>
          <vertex>
            <position x="0.3937" y="0.4805" z="-0.1052"></position>
            <normal x="-0.7060001" y="0.0" z="0.7082117"></normal>
          </vertex>
          <vertex>
            <position x="0.1055" y="0.0" z="-0.3925"></position>
            <normal x="-0.7060001" y="0.0" z="0.7082117"></normal>
          </vertex>
          <vertex>
            <position x="0.3937" y="0.0" z="-0.1052"></position>
            <normal x="-0.7060001" y="0.0" z="0.7082117"></normal>
          </vertex>
          <vertex>
            <position x="0.1055" y="0.5026" z="-0.3925"></position>
            <normal x="-0.7060001" y="0.0" z="0.7082117"></normal>
          </vertex>
          <vertex>
            <position x="0.0" y="0.5328" z="-0.7851"></position>
            <normal x="-0.96573913" y="0.0" z="0.25951472"></normal>
          </vertex>
          <vertex>
            <position x="0.1055" y="0.0" z="-0.3925"></position>
            <normal x="-0.96573913" y="0.0" z="0.25951472"></normal>
          </vertex>
          <vertex>
            <position x="0.1055" y="0.5026" z="-0.3925"></position>
            <normal x="-0.96573913" y="0.0" z="0.25951472"></normal>
          </vertex>
          <vertex>
            <position x="0.1055" y="0.0" z="-0.3925"></position>
            <normal x="-0.9657392" y="0.0" z="0.25951475"></normal>
          </vertex>
          <vertex>
            <position x="0.0" y="0.5328" z="-0.7851"></position>
            <normal x="-0.9657392" y="0.0" z="0.25951475"></normal>
          </vertex>
          <vertex>
            <position x="0.0" y="0.0" z="-0.7851"></position>
            <normal x="-0.9657392" y="0.0" z="0.25951475"></normal>
          </vertex>
        </vertexbuffer>
      </geometry>
    </submesh>
  </submeshes>
</mesh>
