<mesh>
  <submeshes>
    <submesh material="Material.1130" usesharedvertices="false">
      <faces count="132">
        <face v1="0" v2="1" v3="2"></face>
        <face v1="1" v2="0" v3="3"></face>
        <face v1="3" v2="0" v3="4"></face>
        <face v1="3" v2="4" v3="5"></face>
        <face v1="3" v2="5" v3="6"></face>
        <face v1="3" v2="6" v3="7"></face>
        <face v1="3" v2="7" v3="8"></face>
        <face v1="3" v2="8" v3="9"></face>
        <face v1="10" v2="11" v3="12"></face>
        <face v1="13" v2="8" v3="14"></face>
        <face v1="15" v2="16" v3="17"></face>
        <face v1="18" v2="8" v3="19"></face>
        <face v1="20" v2="11" v3="21"></face>
        <face v1="21" v2="11" v3="22"></face>
        <face v1="23" v2="8" v3="24"></face>
        <face v1="23" v2="24" v3="25"></face>
        <face v1="25" v2="24" v3="26"></face>
        <face v1="25" v2="26" v3="27"></face>
        <face v1="27" v2="26" v3="28"></face>
        <face v1="27" v2="28" v3="29"></face>
        <face v1="29" v2="28" v3="30"></face>
        <face v1="29" v2="30" v3="31"></face>
        <face v1="32" v2="33" v3="34"></face>
        <face v1="31" v2="35" v3="36"></face>
        <face v1="37" v2="34" v3="38"></face>
        <face v1="39" v2="35" v3="40"></face>
        <face v1="39" v2="40" v3="41"></face>
        <face v1="41" v2="40" v3="42"></face>
        <face v1="41" v2="42" v3="43"></face>
        <face v1="43" v2="42" v3="44"></face>
        <face v1="43" v2="44" v3="45"></face>
        <face v1="45" v2="44" v3="46"></face>
        <face v1="45" v2="46" v3="47"></face>
        <face v1="47" v2="46" v3="48"></face>
        <face v1="48" v2="46" v3="49"></face>
        <face v1="49" v2="46" v3="50"></face>
        <face v1="51" v2="52" v3="53"></face>
        <face v1="54" v2="46" v3="55"></face>
        <face v1="56" v2="52" v3="57"></face>
        <face v1="57" v2="52" v3="58"></face>
        <face v1="59" v2="60" v3="61"></face>
        <face v1="59" v2="61" v3="62"></face>
        <face v1="59" v2="62" v3="63"></face>
        <face v1="64" v2="65" v3="66"></face>
      </faces>
      <geometry vertexcount="67">
        <vertexbuffer positions="true" normals="true" texture_coords="1">
          <vertex>
            <position x="0.04652" y="0.0" z="-23.37"></position>
            <normal x="0.0" y="-1.0" z="-0.0"></normal>
            <texcoord u="-0.001688" v="-0.38100004"></texcoord>
          </vertex>
          <vertex>
            <position x="0.04444" y="0.0" z="-22.93"></position>
            <normal x="0.0" y="-1.0" z="-0.0"></normal>
            <texcoord u="-0.001612" v="-0.35399997"></texcoord>
          </vertex>
          <vertex>
            <position x="0.0" y="0.0" z="-23.15"></position>
            <normal x="0.0" y="-1.0" z="-0.0"></normal>
            <texcoord u="0.0" v="-0.36800003"></texcoord>
          </vertex>
          <vertex>
            <position x="9.385" y="0.0" z="-0.3759"></position>
            <normal x="0.0" y="-1.0" z="-0.0"></normal>
            <texcoord u="-0.3406" v="0.9778"></texcoord>
          </vertex>
          <vertex>
            <position x="0.1769" y="0.0" z="-23.56"></position>
            <normal x="0.0" y="-1.0" z="-0.0"></normal>
            <texcoord u="-0.006419" v="-0.39199996"></texcoord>
          </vertex>
          <vertex>
            <position x="0.3713" y="0.0" z="-23.68"></position>
            <normal x="0.0" y="-1.0" z="-0.0"></normal>
            <texcoord u="-0.01347" v="-0.39900005"></texcoord>
          </vertex>
          <vertex>
            <position x="5.685" y="0.0" z="-25.68"></position>
            <normal x="0.0" y="-1.0" z="-0.0"></normal>
            <texcoord u="-0.2063" v="-0.51699996"></texcoord>
          </vertex>
          <vertex>
            <position x="8.619" y="0.0" z="-26.78"></position>
            <normal x="0.0" y="-1.0" z="-0.0"></normal>
            <texcoord u="-0.3128" v="-0.582"></texcoord>
          </vertex>
          <vertex>
            <position x="17.62" y="0.0" z="-29.51"></position>
            <normal x="0.0" y="-1.0" z="-0.0"></normal>
            <texcoord u="-0.6393" v="-0.74399996"></texcoord>
          </vertex>
          <vertex>
            <position x="9.514" y="0.0" z="-0.1828"></position>
            <normal x="0.0" y="-1.0" z="-0.0"></normal>
            <texcoord u="-0.3452" v="0.9892"></texcoord>
          </vertex>
          <vertex>
            <position x="9.514" y="0.0" z="-0.1828"></position>
            <normal x="0.0" y="-0.99999994" z="0.0"></normal>
            <texcoord u="-0.3452" v="0.9892"></texcoord>
          </vertex>
          <vertex>
            <position x="17.62" y="0.0" z="-29.51"></position>
            <normal x="0.0" y="-0.99999994" z="0.0"></normal>
            <texcoord u="-0.6393" v="-0.74399996"></texcoord>
          </vertex>
          <vertex>
            <position x="9.707" y="0.0" z="-0.05081"></position>
            <normal x="0.0" y="-0.99999994" z="0.0"></normal>
            <texcoord u="-0.3522" v="0.996998"></texcoord>
          </vertex>
          <vertex>
            <position x="9.707" y="0.0" z="-0.05081"></position>
            <normal x="0.0" y="-1.0" z="-0.0"></normal>
            <texcoord u="-0.3522" v="0.996998"></texcoord>
          </vertex>
          <vertex>
            <position x="9.936" y="0.0" z="0.0"></position>
            <normal x="0.0" y="-1.0" z="-0.0"></normal>
            <texcoord u="-0.3605" v="1.0"></texcoord>
          </vertex>
          <vertex>
            <position x="9.936" y="0.0" z="0.0"></position>
            <normal x="0.0" y="-1.0000001" z="0.0"></normal>
            <texcoord u="-0.3605" v="1.0"></texcoord>
          </vertex>
          <vertex>
            <position x="17.62" y="0.0" z="-29.51"></position>
            <normal x="0.0" y="-1.0000001" z="0.0"></normal>
            <texcoord u="-0.6393" v="-0.74399996"></texcoord>
          </vertex>
          <vertex>
            <position x="10.16" y="0.0" z="-0.0381"></position>
            <normal x="0.0" y="-1.0000001" z="0.0"></normal>
            <texcoord u="-0.3688" v="0.997749"></texcoord>
          </vertex>
          <vertex>
            <position x="10.16" y="0.0" z="-0.0381"></position>
            <normal x="0.0" y="-1.0" z="-0.0"></normal>
            <texcoord u="-0.3688" v="0.997749"></texcoord>
          </vertex>
          <vertex>
            <position x="14.43" y="0.0" z="-1.645"></position>
            <normal x="0.0" y="-1.0" z="-0.0"></normal>
            <texcoord u="-0.5237" v="0.90283"></texcoord>
          </vertex>
          <vertex>
            <position x="14.43" y="0.0" z="-1.645"></position>
            <normal x="0.0" y="-0.99999994" z="0.0"></normal>
            <texcoord u="-0.5237" v="0.90283"></texcoord>
          </vertex>
          <vertex>
            <position x="16.84" y="0.0" z="-2.552"></position>
            <normal x="0.0" y="-0.99999994" z="0.0"></normal>
            <texcoord u="-0.6112" v="0.8492"></texcoord>
          </vertex>
          <vertex>
            <position x="24.24" y="0.0" z="-4.796"></position>
            <normal x="0.0" y="-0.99999994" z="0.0"></normal>
            <texcoord u="-0.8796" v="0.71669996"></texcoord>
          </vertex>
          <vertex>
            <position x="24.24" y="0.0" z="-4.796"></position>
            <normal x="0.0" y="-1.0" z="-0.0"></normal>
            <texcoord u="-0.8796" v="0.71669996"></texcoord>
          </vertex>
          <vertex>
            <position x="26.78" y="0.0" z="-31.65"></position>
            <normal x="0.0" y="-1.0" z="-0.0"></normal>
            <texcoord u="-0.9716" v="-0.87"></texcoord>
          </vertex>
          <vertex>
            <position x="31.77" y="0.0" z="-6.551"></position>
            <normal x="0.0" y="-1.0" z="-0.0"></normal>
            <texcoord u="-1.153" v="0.61300004"></texcoord>
          </vertex>
          <vertex>
            <position x="36.05" y="0.0" z="-33.18"></position>
            <normal x="0.0" y="-1.0" z="-0.0"></normal>
            <texcoord u="-1.308" v="-0.96000004"></texcoord>
          </vertex>
          <vertex>
            <position x="39.39" y="0.0" z="-7.81"></position>
            <normal x="0.0" y="-1.0" z="-0.0"></normal>
            <texcoord u="-1.429" v="0.53859997"></texcoord>
          </vertex>
          <vertex>
            <position x="45.41" y="0.0" z="-34.1"></position>
            <normal x="0.0" y="-1.0" z="-0.0"></normal>
            <texcoord u="-1.648" v="-1.0150001"></texcoord>
          </vertex>
          <vertex>
            <position x="47.09" y="0.0" z="-8.568"></position>
            <normal x="0.0" y="-1.0" z="-0.0"></normal>
            <texcoord u="-1.709" v="0.49379998"></texcoord>
          </vertex>
          <vertex>
            <position x="54.81" y="0.0" z="-34.41"></position>
            <normal x="0.0" y="-1.0" z="-0.0"></normal>
            <texcoord u="-1.989" v="-1.033"></texcoord>
          </vertex>
          <vertex>
            <position x="54.81" y="0.0" z="-8.821"></position>
            <normal x="0.0" y="-1.0" z="-0.0"></normal>
            <texcoord u="-1.989" v="0.47890002"></texcoord>
          </vertex>
          <vertex>
            <position x="54.81" y="0.0" z="-8.821"></position>
            <normal x="0.0" y="-0.99999994" z="0.0"></normal>
            <texcoord u="-1.989" v="0.47890002"></texcoord>
          </vertex>
          <vertex>
            <position x="54.81" y="0.0" z="-34.41"></position>
            <normal x="0.0" y="-0.99999994" z="0.0"></normal>
            <texcoord u="-1.989" v="-1.033"></texcoord>
          </vertex>
          <vertex>
            <position x="64.21" y="0.0" z="-34.1"></position>
            <normal x="0.0" y="-0.99999994" z="0.0"></normal>
            <texcoord u="-2.33" v="-1.0150001"></texcoord>
          </vertex>
          <vertex>
            <position x="64.21" y="0.0" z="-34.1"></position>
            <normal x="0.0" y="-1.0" z="-0.0"></normal>
            <texcoord u="-2.33" v="-1.0150001"></texcoord>
          </vertex>
          <vertex>
            <position x="62.54" y="0.0" z="-8.568"></position>
            <normal x="0.0" y="-1.0" z="-0.0"></normal>
            <texcoord u="-2.269" v="0.49379998"></texcoord>
          </vertex>
          <vertex>
            <position x="62.54" y="0.0" z="-8.568"></position>
            <normal x="0.0" y="-0.99999994" z="0.0"></normal>
            <texcoord u="-2.269" v="0.49379998"></texcoord>
          </vertex>
          <vertex>
            <position x="70.23" y="0.0" z="-7.81"></position>
            <normal x="0.0" y="-0.99999994" z="0.0"></normal>
            <texcoord u="-2.548" v="0.53859997"></texcoord>
          </vertex>
          <vertex>
            <position x="70.23" y="0.0" z="-7.81"></position>
            <normal x="0.0" y="-1.0" z="-0.0"></normal>
            <texcoord u="-2.548" v="0.53859997"></texcoord>
          </vertex>
          <vertex>
            <position x="73.57" y="0.0" z="-33.18"></position>
            <normal x="0.0" y="-1.0" z="-0.0"></normal>
            <texcoord u="-2.669" v="-0.96000004"></texcoord>
          </vertex>
          <vertex>
            <position x="77.85" y="0.0" z="-6.551"></position>
            <normal x="0.0" y="-1.0" z="-0.0"></normal>
            <texcoord u="-2.825" v="0.61300004"></texcoord>
          </vertex>
          <vertex>
            <position x="82.84" y="0.0" z="-31.65"></position>
            <normal x="0.0" y="-1.0" z="-0.0"></normal>
            <texcoord u="-3.006" v="-0.87"></texcoord>
          </vertex>
          <vertex>
            <position x="85.38" y="0.0" z="-4.796"></position>
            <normal x="0.0" y="-1.0" z="-0.0"></normal>
            <texcoord u="-3.098" v="0.71669996"></texcoord>
          </vertex>
          <vertex>
            <position x="92.0" y="0.0" z="-29.51"></position>
            <normal x="0.0" y="-1.0" z="-0.0"></normal>
            <texcoord u="-3.338" v="-0.74399996"></texcoord>
          </vertex>
          <vertex>
            <position x="92.78" y="0.0" z="-2.552"></position>
            <normal x="0.0" y="-1.0" z="-0.0"></normal>
            <texcoord u="-3.366" v="0.8492"></texcoord>
          </vertex>
          <vertex>
            <position x="101.0" y="0.0" z="-26.78"></position>
            <normal x="0.0" y="-1.0" z="-0.0"></normal>
            <texcoord u="-3.665" v="-0.582"></texcoord>
          </vertex>
          <vertex>
            <position x="95.19" y="0.0" z="-1.645"></position>
            <normal x="0.0" y="-1.0" z="-0.0"></normal>
            <texcoord u="-3.454" v="0.90283"></texcoord>
          </vertex>
          <vertex>
            <position x="99.46" y="0.0" z="-0.0381"></position>
            <normal x="0.0" y="-1.0" z="-0.0"></normal>
            <texcoord u="-3.609" v="0.997749"></texcoord>
          </vertex>
          <vertex>
            <position x="99.68" y="0.0" z="0.0"></position>
            <normal x="0.0" y="-1.0" z="-0.0"></normal>
            <texcoord u="-3.617" v="1.0"></texcoord>
          </vertex>
          <vertex>
            <position x="99.91" y="0.0" z="-0.05081"></position>
            <normal x="0.0" y="-1.0" z="-0.0"></normal>
            <texcoord u="-3.625" v="0.996998"></texcoord>
          </vertex>
          <vertex>
            <position x="99.91" y="0.0" z="-0.05081"></position>
            <normal x="0.0" y="-0.99999994" z="0.0"></normal>
            <texcoord u="-3.625" v="0.996998"></texcoord>
          </vertex>
          <vertex>
            <position x="101.0" y="0.0" z="-26.78"></position>
            <normal x="0.0" y="-0.99999994" z="0.0"></normal>
            <texcoord u="-3.665" v="-0.582"></texcoord>
          </vertex>
          <vertex>
            <position x="100.1" y="0.0" z="-0.1828"></position>
            <normal x="0.0" y="-0.99999994" z="0.0"></normal>
            <texcoord u="-3.632" v="0.9892"></texcoord>
          </vertex>
          <vertex>
            <position x="100.1" y="0.0" z="-0.1828"></position>
            <normal x="0.0" y="-1.0" z="-0.0"></normal>
            <texcoord u="-3.632" v="0.9892"></texcoord>
          </vertex>
          <vertex>
            <position x="100.2" y="0.0" z="-0.3759"></position>
            <normal x="0.0" y="-1.0" z="-0.0"></normal>
            <texcoord u="-3.637" v="0.9778"></texcoord>
          </vertex>
          <vertex>
            <position x="100.2" y="0.0" z="-0.3759"></position>
            <normal x="0.0" y="-0.99999994" z="0.0"></normal>
            <texcoord u="-3.637" v="0.9778"></texcoord>
          </vertex>
          <vertex>
            <position x="109.6" y="0.0" z="-22.93"></position>
            <normal x="0.0" y="-0.99999994" z="0.0"></normal>
            <texcoord u="-3.976" v="-0.35399997"></texcoord>
          </vertex>
          <vertex>
            <position x="103.9" y="0.0" z="-25.68"></position>
            <normal x="0.0" y="-0.99999994" z="0.0"></normal>
            <texcoord u="-3.771" v="-0.51699996"></texcoord>
          </vertex>
          <vertex>
            <position x="109.6" y="0.0" z="-22.93"></position>
            <normal x="0.0" y="-1.0" z="-0.0"></normal>
            <texcoord u="-3.976" v="-0.35399997"></texcoord>
          </vertex>
          <vertex>
            <position x="103.9" y="0.0" z="-25.68"></position>
            <normal x="0.0" y="-1.0" z="-0.0"></normal>
            <texcoord u="-3.771" v="-0.51699996"></texcoord>
          </vertex>
          <vertex>
            <position x="109.2" y="0.0" z="-23.68"></position>
            <normal x="0.0" y="-1.0" z="-0.0"></normal>
            <texcoord u="-3.964" v="-0.39900005"></texcoord>
          </vertex>
          <vertex>
            <position x="109.4" y="0.0" z="-23.56"></position>
            <normal x="0.0" y="-1.0" z="-0.0"></normal>
            <texcoord u="-3.971" v="-0.39199996"></texcoord>
          </vertex>
          <vertex>
            <position x="109.6" y="0.0" z="-23.37"></position>
            <normal x="0.0" y="-1.0" z="-0.0"></normal>
            <texcoord u="-3.976" v="-0.38100004"></texcoord>
          </vertex>
          <vertex>
            <position x="109.6" y="0.0" z="-22.93"></position>
            <normal x="1.0" y="0.0" z="0.0"></normal>
            <texcoord u="-3.976" v="-0.35399997"></texcoord>
          </vertex>
          <vertex>
            <position x="109.6" y="0.0" z="-23.37"></position>
            <normal x="1.0" y="0.0" z="0.0"></normal>
            <texcoord u="-3.976" v="-0.38100004"></texcoord>
          </vertex>
          <vertex>
            <position x="109.6" y="0.0" z="-23.15"></position>
            <normal x="1.0" y="0.0" z="0.0"></normal>
            <texcoord u="-3.978" v="-0.36800003"></texcoord>
          </vertex>
        </vertexbuffer>
      </geometry>
    </submesh>
  </submeshes>
</mesh>
