<mesh>
  <submeshes>
    <submesh material="Material.1114" usesharedvertices="false">
      <faces count="324">
        <face v1="0" v2="1" v3="2"></face>
        <face v1="1" v2="0" v3="3"></face>
        <face v1="4" v2="5" v3="6"></face>
        <face v1="7" v2="8" v3="9"></face>
        <face v1="5" v2="10" v3="11"></face>
        <face v1="5" v2="11" v3="12"></face>
        <face v1="13" v2="14" v3="15"></face>
        <face v1="15" v2="14" v3="16"></face>
        <face v1="17" v2="18" v3="19"></face>
        <face v1="20" v2="21" v3="22"></face>
        <face v1="20" v2="22" v3="23"></face>
        <face v1="20" v2="23" v3="24"></face>
        <face v1="25" v2="26" v3="27"></face>
        <face v1="24" v2="16" v3="14"></face>
        <face v1="24" v2="14" v3="28"></face>
        <face v1="24" v2="28" v3="29"></face>
        <face v1="29" v2="28" v3="30"></face>
        <face v1="30" v2="28" v3="31"></face>
        <face v1="32" v2="33" v3="34"></face>
        <face v1="31" v2="35" v3="36"></face>
        <face v1="24" v2="37" v3="38"></face>
        <face v1="37" v2="24" v3="29"></face>
        <face v1="38" v2="37" v3="39"></face>
        <face v1="40" v2="41" v3="42"></face>
        <face v1="38" v2="43" v3="44"></face>
        <face v1="44" v2="43" v3="45"></face>
        <face v1="46" v2="47" v3="48"></face>
        <face v1="47" v2="46" v3="49"></face>
        <face v1="50" v2="51" v3="52"></face>
        <face v1="53" v2="54" v3="55"></face>
        <face v1="56" v2="50" v3="57"></face>
        <face v1="57" v2="50" v3="58"></face>
        <face v1="59" v2="60" v3="61"></face>
        <face v1="62" v2="63" v3="64"></face>
        <face v1="62" v2="64" v3="52"></face>
        <face v1="60" v2="65" v3="66"></face>
        <face v1="67" v2="52" v3="68"></face>
        <face v1="68" v2="52" v3="69"></face>
        <face v1="69" v2="52" v3="70"></face>
        <face v1="70" v2="52" v3="51"></face>
        <face v1="69" v2="70" v3="71"></face>
        <face v1="72" v2="73" v3="74"></face>
        <face v1="75" v2="71" v3="76"></face>
        <face v1="77" v2="78" v3="79"></face>
        <face v1="78" v2="77" v3="80"></face>
        <face v1="81" v2="82" v3="83"></face>
        <face v1="84" v2="85" v3="86"></face>
        <face v1="83" v2="87" v3="66"></face>
        <face v1="88" v2="89" v3="90"></face>
        <face v1="89" v2="88" v3="91"></face>
        <face v1="89" v2="92" v3="93"></face>
        <face v1="92" v2="89" v3="91"></face>
        <face v1="94" v2="95" v3="96"></face>
        <face v1="95" v2="94" v3="97"></face>
        <face v1="98" v2="99" v3="100"></face>
        <face v1="99" v2="98" v3="101"></face>
        <face v1="102" v2="103" v3="104"></face>
        <face v1="103" v2="102" v3="105"></face>
        <face v1="106" v2="107" v3="108"></face>
        <face v1="107" v2="106" v3="109"></face>
        <face v1="110" v2="111" v3="112"></face>
        <face v1="111" v2="110" v3="113"></face>
        <face v1="114" v2="115" v3="116"></face>
        <face v1="115" v2="114" v3="117"></face>
        <face v1="118" v2="119" v3="120"></face>
        <face v1="119" v2="118" v3="121"></face>
        <face v1="122" v2="123" v3="124"></face>
        <face v1="123" v2="122" v3="125"></face>
        <face v1="126" v2="127" v3="128"></face>
        <face v1="127" v2="126" v3="129"></face>
        <face v1="130" v2="131" v3="132"></face>
        <face v1="131" v2="130" v3="133"></face>
        <face v1="134" v2="135" v3="136"></face>
        <face v1="135" v2="134" v3="137"></face>
        <face v1="138" v2="139" v3="140"></face>
        <face v1="139" v2="138" v3="141"></face>
        <face v1="142" v2="143" v3="144"></face>
        <face v1="143" v2="142" v3="145"></face>
        <face v1="146" v2="147" v3="148"></face>
        <face v1="147" v2="146" v3="149"></face>
        <face v1="150" v2="151" v3="152"></face>
        <face v1="151" v2="150" v3="153"></face>
        <face v1="154" v2="155" v3="156"></face>
        <face v1="155" v2="154" v3="157"></face>
        <face v1="158" v2="159" v3="160"></face>
        <face v1="159" v2="158" v3="161"></face>
        <face v1="162" v2="163" v3="164"></face>
        <face v1="163" v2="162" v3="165"></face>
        <face v1="166" v2="167" v3="168"></face>
        <face v1="167" v2="166" v3="169"></face>
        <face v1="170" v2="171" v3="172"></face>
        <face v1="171" v2="170" v3="173"></face>
        <face v1="174" v2="175" v3="176"></face>
        <face v1="175" v2="174" v3="177"></face>
        <face v1="178" v2="179" v3="180"></face>
        <face v1="179" v2="178" v3="181"></face>
        <face v1="182" v2="183" v3="184"></face>
        <face v1="183" v2="182" v3="185"></face>
        <face v1="186" v2="187" v3="188"></face>
        <face v1="187" v2="186" v3="189"></face>
        <face v1="190" v2="191" v3="192"></face>
        <face v1="191" v2="190" v3="193"></face>
        <face v1="194" v2="195" v3="196"></face>
        <face v1="127" v2="197" v3="128"></face>
        <face v1="198" v2="199" v3="200"></face>
        <face v1="199" v2="198" v3="201"></face>
        <face v1="202" v2="203" v3="204"></face>
        <face v1="203" v2="202" v3="205"></face>
      </faces>
      <geometry vertexcount="206">
        <vertexbuffer positions="true" normals="true">
          <vertex>
            <position x="2.756" y="0.9449" z="0.0"></position>
            <normal x="-0.8888045" y="-0.45828643" z="0.0"></normal>
          </vertex>
          <vertex>
            <position x="2.959" y="0.5512" z="-0.1969"></position>
            <normal x="-0.8888045" y="-0.45828643" z="0.0"></normal>
          </vertex>
          <vertex>
            <position x="2.959" y="0.5512" z="0.0"></position>
            <normal x="-0.8888045" y="-0.45828643" z="0.0"></normal>
          </vertex>
          <vertex>
            <position x="2.756" y="0.9449" z="-0.1969"></position>
            <normal x="-0.8888045" y="-0.45828643" z="0.0"></normal>
          </vertex>
          <vertex>
            <position x="0.0" y="0.0" z="-0.1969"></position>
            <normal x="0.0" y="0.0" z="-0.99999994"></normal>
          </vertex>
          <vertex>
            <position x="1.372" y="0.5512" z="-0.1969"></position>
            <normal x="0.0" y="0.0" z="-0.99999994"></normal>
          </vertex>
          <vertex>
            <position x="0.3937" y="0.0" z="-0.1969"></position>
            <normal x="0.0" y="0.0" z="-0.99999994"></normal>
          </vertex>
          <vertex>
            <position x="1.372" y="0.5512" z="-0.1969"></position>
            <normal x="0.0" y="0.0" z="-1.0"></normal>
          </vertex>
          <vertex>
            <position x="0.0" y="0.0" z="-0.1969"></position>
            <normal x="0.0" y="0.0" z="-1.0"></normal>
          </vertex>
          <vertex>
            <position x="0.0" y="0.5512" z="-0.1969"></position>
            <normal x="0.0" y="0.0" z="-1.0"></normal>
          </vertex>
          <vertex>
            <position x="0.0" y="0.5512" z="-0.1969"></position>
            <normal x="0.0" y="0.0" z="-0.99999994"></normal>
          </vertex>
          <vertex>
            <position x="0.9843" y="2.126" z="-0.1969"></position>
            <normal x="0.0" y="0.0" z="-0.99999994"></normal>
          </vertex>
          <vertex>
            <position x="1.575" y="0.9449" z="-0.1969"></position>
            <normal x="0.0" y="0.0" z="-0.99999994"></normal>
          </vertex>
          <vertex>
            <position x="1.575" y="0.9449" z="-0.1969"></position>
            <normal x="0.0" y="0.0" z="-1.0"></normal>
          </vertex>
          <vertex>
            <position x="0.9843" y="2.126" z="-0.1969"></position>
            <normal x="0.0" y="0.0" z="-1.0"></normal>
          </vertex>
          <vertex>
            <position x="1.575" y="1.142" z="-0.1969"></position>
            <normal x="0.0" y="0.0" z="-1.0"></normal>
          </vertex>
          <vertex>
            <position x="2.756" y="1.142" z="-0.1969"></position>
            <normal x="0.0" y="0.0" z="-1.0"></normal>
          </vertex>
          <vertex>
            <position x="3.937" y="0.0" z="-0.1969"></position>
            <normal x="0.0" y="0.0" z="-0.99999994"></normal>
          </vertex>
          <vertex>
            <position x="4.331" y="0.5512" z="-0.1969"></position>
            <normal x="0.0" y="0.0" z="-0.99999994"></normal>
          </vertex>
          <vertex>
            <position x="4.331" y="0.0" z="-0.1969"></position>
            <normal x="0.0" y="0.0" z="-0.99999994"></normal>
          </vertex>
          <vertex>
            <position x="4.331" y="0.5512" z="-0.1969"></position>
            <normal x="0.0" y="0.0" z="-1.0"></normal>
          </vertex>
          <vertex>
            <position x="3.937" y="0.0" z="-0.1969"></position>
            <normal x="0.0" y="0.0" z="-1.0"></normal>
          </vertex>
          <vertex>
            <position x="2.959" y="0.5512" z="-0.1969"></position>
            <normal x="0.0" y="0.0" z="-1.0"></normal>
          </vertex>
          <vertex>
            <position x="2.756" y="0.9449" z="-0.1969"></position>
            <normal x="0.0" y="0.0" z="-1.0"></normal>
          </vertex>
          <vertex>
            <position x="3.346" y="2.126" z="-0.1969"></position>
            <normal x="0.0" y="0.0" z="-1.0"></normal>
          </vertex>
          <vertex>
            <position x="3.346" y="2.126" z="-0.1969"></position>
            <normal x="0.0" y="0.0" z="-0.99999994"></normal>
          </vertex>
          <vertex>
            <position x="2.756" y="0.9449" z="-0.1969"></position>
            <normal x="0.0" y="0.0" z="-0.99999994"></normal>
          </vertex>
          <vertex>
            <position x="2.756" y="1.142" z="-0.1969"></position>
            <normal x="0.0" y="0.0" z="-0.99999994"></normal>
          </vertex>
          <vertex>
            <position x="0.0" y="3.701" z="-0.1969"></position>
            <normal x="0.0" y="0.0" z="-1.0"></normal>
          </vertex>
          <vertex>
            <position x="1.575" y="3.11" z="-0.1969"></position>
            <normal x="0.0" y="0.0" z="-1.0"></normal>
          </vertex>
          <vertex>
            <position x="1.575" y="3.307" z="-0.1969"></position>
            <normal x="0.0" y="0.0" z="-1.0"></normal>
          </vertex>
          <vertex>
            <position x="1.372" y="3.701" z="-0.1969"></position>
            <normal x="0.0" y="0.0" z="-1.0"></normal>
          </vertex>
          <vertex>
            <position x="1.372" y="3.701" z="-0.1969"></position>
            <normal x="0.0" y="0.0" z="-0.99999994"></normal>
          </vertex>
          <vertex>
            <position x="0.0" y="3.701" z="-0.1969"></position>
            <normal x="0.0" y="0.0" z="-0.99999994"></normal>
          </vertex>
          <vertex>
            <position x="0.0" y="4.252" z="-0.1969"></position>
            <normal x="0.0" y="0.0" z="-0.99999994"></normal>
          </vertex>
          <vertex>
            <position x="0.0" y="4.252" z="-0.1969"></position>
            <normal x="0.0" y="0.0" z="-1.0"></normal>
          </vertex>
          <vertex>
            <position x="0.3937" y="4.252" z="-0.1969"></position>
            <normal x="0.0" y="0.0" z="-1.0"></normal>
          </vertex>
          <vertex>
            <position x="2.756" y="3.11" z="-0.1969"></position>
            <normal x="0.0" y="0.0" z="-1.0"></normal>
          </vertex>
          <vertex>
            <position x="4.331" y="3.701" z="-0.1969"></position>
            <normal x="0.0" y="0.0" z="-1.0"></normal>
          </vertex>
          <vertex>
            <position x="2.756" y="3.307" z="-0.1969"></position>
            <normal x="0.0" y="0.0" z="-1.0"></normal>
          </vertex>
          <vertex>
            <position x="4.331" y="3.701" z="-0.1969"></position>
            <normal x="0.0" y="0.0" z="-0.99999994"></normal>
          </vertex>
          <vertex>
            <position x="2.756" y="3.307" z="-0.1969"></position>
            <normal x="0.0" y="0.0" z="-0.99999994"></normal>
          </vertex>
          <vertex>
            <position x="2.959" y="3.701" z="-0.1969"></position>
            <normal x="0.0" y="0.0" z="-0.99999994"></normal>
          </vertex>
          <vertex>
            <position x="2.959" y="3.701" z="-0.1969"></position>
            <normal x="0.0" y="0.0" z="-1.0"></normal>
          </vertex>
          <vertex>
            <position x="4.331" y="4.252" z="-0.1969"></position>
            <normal x="0.0" y="0.0" z="-1.0"></normal>
          </vertex>
          <vertex>
            <position x="3.937" y="4.252" z="-0.1969"></position>
            <normal x="0.0" y="0.0" z="-1.0"></normal>
          </vertex>
          <vertex>
            <position x="3.937" y="0.0" z="-0.1969"></position>
            <normal x="-0.49098852" y="-0.8711661" z="-0.0"></normal>
          </vertex>
          <vertex>
            <position x="2.959" y="0.5512" z="0.0"></position>
            <normal x="-0.49098852" y="-0.8711661" z="-0.0"></normal>
          </vertex>
          <vertex>
            <position x="2.959" y="0.5512" z="-0.1969"></position>
            <normal x="-0.49098852" y="-0.8711661" z="-0.0"></normal>
          </vertex>
          <vertex>
            <position x="3.937" y="0.0" z="0.0"></position>
            <normal x="-0.49098852" y="-0.8711661" z="-0.0"></normal>
          </vertex>
          <vertex>
            <position x="4.331" y="3.701" z="0.0"></position>
            <normal x="-0.0" y="0.0" z="1.0"></normal>
          </vertex>
          <vertex>
            <position x="2.756" y="3.307" z="0.0"></position>
            <normal x="-0.0" y="0.0" z="1.0"></normal>
          </vertex>
          <vertex>
            <position x="3.346" y="2.126" z="0.0"></position>
            <normal x="-0.0" y="0.0" z="1.0"></normal>
          </vertex>
          <vertex>
            <position x="2.756" y="3.307" z="0.0"></position>
            <normal x="0.0" y="0.0" z="0.99999994"></normal>
          </vertex>
          <vertex>
            <position x="4.331" y="3.701" z="0.0"></position>
            <normal x="0.0" y="0.0" z="0.99999994"></normal>
          </vertex>
          <vertex>
            <position x="2.959" y="3.701" z="0.0"></position>
            <normal x="0.0" y="0.0" z="0.99999994"></normal>
          </vertex>
          <vertex>
            <position x="2.959" y="3.701" z="0.0"></position>
            <normal x="-0.0" y="0.0" z="1.0"></normal>
          </vertex>
          <vertex>
            <position x="3.937" y="4.252" z="0.0"></position>
            <normal x="-0.0" y="0.0" z="1.0"></normal>
          </vertex>
          <vertex>
            <position x="4.331" y="4.252" z="0.0"></position>
            <normal x="-0.0" y="0.0" z="1.0"></normal>
          </vertex>
          <vertex>
            <position x="4.331" y="0.0" z="0.0"></position>
            <normal x="0.0" y="0.0" z="0.99999994"></normal>
          </vertex>
          <vertex>
            <position x="2.959" y="0.5512" z="0.0"></position>
            <normal x="0.0" y="0.0" z="0.99999994"></normal>
          </vertex>
          <vertex>
            <position x="3.937" y="0.0" z="0.0"></position>
            <normal x="0.0" y="0.0" z="0.99999994"></normal>
          </vertex>
          <vertex>
            <position x="2.959" y="0.5512" z="0.0"></position>
            <normal x="-0.0" y="0.0" z="1.0"></normal>
          </vertex>
          <vertex>
            <position x="4.331" y="0.0" z="0.0"></position>
            <normal x="-0.0" y="0.0" z="1.0"></normal>
          </vertex>
          <vertex>
            <position x="4.331" y="0.5512" z="0.0"></position>
            <normal x="-0.0" y="0.0" z="1.0"></normal>
          </vertex>
          <vertex>
            <position x="3.346" y="2.126" z="0.0"></position>
            <normal x="0.0" y="0.0" z="0.99999994"></normal>
          </vertex>
          <vertex>
            <position x="2.756" y="0.9449" z="0.0"></position>
            <normal x="0.0" y="0.0" z="0.99999994"></normal>
          </vertex>
          <vertex>
            <position x="2.756" y="0.9449" z="0.0"></position>
            <normal x="-0.0" y="0.0" z="1.0"></normal>
          </vertex>
          <vertex>
            <position x="0.9843" y="2.126" z="0.0"></position>
            <normal x="-0.0" y="0.0" z="1.0"></normal>
          </vertex>
          <vertex>
            <position x="0.0" y="3.701" z="0.0"></position>
            <normal x="-0.0" y="0.0" z="1.0"></normal>
          </vertex>
          <vertex>
            <position x="1.575" y="3.307" z="0.0"></position>
            <normal x="-0.0" y="0.0" z="1.0"></normal>
          </vertex>
          <vertex>
            <position x="1.372" y="3.701" z="0.0"></position>
            <normal x="-0.0" y="0.0" z="1.0"></normal>
          </vertex>
          <vertex>
            <position x="0.0" y="3.701" z="0.0"></position>
            <normal x="0.0" y="0.0" z="0.99999994"></normal>
          </vertex>
          <vertex>
            <position x="1.372" y="3.701" z="0.0"></position>
            <normal x="0.0" y="0.0" z="0.99999994"></normal>
          </vertex>
          <vertex>
            <position x="0.0" y="4.252" z="0.0"></position>
            <normal x="0.0" y="0.0" z="0.99999994"></normal>
          </vertex>
          <vertex>
            <position x="0.0" y="4.252" z="0.0"></position>
            <normal x="-0.0" y="0.0" z="1.0"></normal>
          </vertex>
          <vertex>
            <position x="0.3937" y="4.252" z="0.0"></position>
            <normal x="-0.0" y="0.0" z="1.0"></normal>
          </vertex>
          <vertex>
            <position x="1.372" y="0.5512" z="0.0"></position>
            <normal x="-0.0" y="0.0" z="1.0"></normal>
          </vertex>
          <vertex>
            <position x="0.0" y="0.0" z="0.0"></position>
            <normal x="-0.0" y="0.0" z="1.0"></normal>
          </vertex>
          <vertex>
            <position x="0.3937" y="0.0" z="0.0"></position>
            <normal x="-0.0" y="0.0" z="1.0"></normal>
          </vertex>
          <vertex>
            <position x="0.0" y="0.5512" z="0.0"></position>
            <normal x="-0.0" y="0.0" z="1.0"></normal>
          </vertex>
          <vertex>
            <position x="0.0" y="0.5512" z="0.0"></position>
            <normal x="0.0" y="0.0" z="0.99999994"></normal>
          </vertex>
          <vertex>
            <position x="1.372" y="0.5512" z="0.0"></position>
            <normal x="0.0" y="0.0" z="0.99999994"></normal>
          </vertex>
          <vertex>
            <position x="0.9843" y="2.126" z="0.0"></position>
            <normal x="0.0" y="0.0" z="0.99999994"></normal>
          </vertex>
          <vertex>
            <position x="0.9843" y="2.126" z="0.0"></position>
            <normal x="0.0" y="-0.0" z="1.0000001"></normal>
          </vertex>
          <vertex>
            <position x="1.372" y="0.5512" z="0.0"></position>
            <normal x="0.0" y="-0.0" z="1.0000001"></normal>
          </vertex>
          <vertex>
            <position x="1.575" y="0.9449" z="0.0"></position>
            <normal x="0.0" y="-0.0" z="1.0000001"></normal>
          </vertex>
          <vertex>
            <position x="1.575" y="0.9449" z="0.0"></position>
            <normal x="0.0" y="0.0" z="0.99999994"></normal>
          </vertex>
          <vertex>
            <position x="2.756" y="0.9449" z="-1.772"></position>
            <normal x="0.0" y="-1.0" z="0.0"></normal>
          </vertex>
          <vertex>
            <position x="1.575" y="0.9449" z="-0.1969"></position>
            <normal x="0.0" y="-1.0" z="0.0"></normal>
          </vertex>
          <vertex>
            <position x="1.575" y="0.9449" z="-1.772"></position>
            <normal x="0.0" y="-1.0" z="0.0"></normal>
          </vertex>
          <vertex>
            <position x="2.756" y="0.9449" z="-0.1969"></position>
            <normal x="0.0" y="-1.0" z="0.0"></normal>
          </vertex>
          <vertex>
            <position x="2.756" y="0.9449" z="0.0"></position>
            <normal x="0.0" y="-1.0" z="0.0"></normal>
          </vertex>
          <vertex>
            <position x="1.575" y="0.9449" z="0.0"></position>
            <normal x="0.0" y="-1.0" z="0.0"></normal>
          </vertex>
          <vertex>
            <position x="0.9843" y="2.126" z="0.0"></position>
            <normal x="-0.8479862" y="0.5300183" z="0.0"></normal>
          </vertex>
          <vertex>
            <position x="0.0" y="0.5512" z="-0.1969"></position>
            <normal x="-0.8479862" y="0.5300183" z="0.0"></normal>
          </vertex>
          <vertex>
            <position x="0.0" y="0.5512" z="0.0"></position>
            <normal x="-0.8479862" y="0.5300183" z="0.0"></normal>
          </vertex>
          <vertex>
            <position x="0.9843" y="2.126" z="-0.1969"></position>
            <normal x="-0.8479862" y="0.5300183" z="0.0"></normal>
          </vertex>
          <vertex>
            <position x="0.0" y="3.701" z="-0.1969"></position>
            <normal x="-0.84801644" y="-0.5299699" z="0.0"></normal>
          </vertex>
          <vertex>
            <position x="0.9843" y="2.126" z="0.0"></position>
            <normal x="-0.84801644" y="-0.5299699" z="0.0"></normal>
          </vertex>
          <vertex>
            <position x="0.0" y="3.701" z="0.0"></position>
            <normal x="-0.84801644" y="-0.5299699" z="0.0"></normal>
          </vertex>
          <vertex>
            <position x="0.9843" y="2.126" z="-0.1969"></position>
            <normal x="-0.84801644" y="-0.5299699" z="0.0"></normal>
          </vertex>
          <vertex>
            <position x="0.0" y="4.252" z="0.0"></position>
            <normal x="-1.0" y="0.0" z="0.0"></normal>
          </vertex>
          <vertex>
            <position x="0.0" y="3.701" z="-0.1969"></position>
            <normal x="-1.0" y="0.0" z="0.0"></normal>
          </vertex>
          <vertex>
            <position x="0.0" y="3.701" z="0.0"></position>
            <normal x="-1.0" y="0.0" z="0.0"></normal>
          </vertex>
          <vertex>
            <position x="0.0" y="4.252" z="-0.1969"></position>
            <normal x="-1.0" y="0.0" z="0.0"></normal>
          </vertex>
          <vertex>
            <position x="0.3937" y="4.252" z="0.0"></position>
            <normal x="0.0" y="0.99999994" z="0.0"></normal>
          </vertex>
          <vertex>
            <position x="0.0" y="4.252" z="-0.1969"></position>
            <normal x="0.0" y="0.99999994" z="0.0"></normal>
          </vertex>
          <vertex>
            <position x="0.0" y="4.252" z="0.0"></position>
            <normal x="0.0" y="0.99999994" z="0.0"></normal>
          </vertex>
          <vertex>
            <position x="0.3937" y="4.252" z="-0.1969"></position>
            <normal x="0.0" y="0.99999994" z="0.0"></normal>
          </vertex>
          <vertex>
            <position x="1.372" y="3.701" z="0.0"></position>
            <normal x="0.49073893" y="0.8713067" z="-0.0"></normal>
          </vertex>
          <vertex>
            <position x="0.3937" y="4.252" z="-0.1969"></position>
            <normal x="0.49073893" y="0.8713067" z="-0.0"></normal>
          </vertex>
          <vertex>
            <position x="0.3937" y="4.252" z="0.0"></position>
            <normal x="0.49073893" y="0.8713067" z="-0.0"></normal>
          </vertex>
          <vertex>
            <position x="1.372" y="3.701" z="-0.1969"></position>
            <normal x="0.49073893" y="0.8713067" z="-0.0"></normal>
          </vertex>
          <vertex>
            <position x="1.575" y="3.307" z="-0.1969"></position>
            <normal x="0.88894665" y="0.45801064" z="0.0"></normal>
          </vertex>
          <vertex>
            <position x="1.372" y="3.701" z="0.0"></position>
            <normal x="0.88894665" y="0.45801064" z="0.0"></normal>
          </vertex>
          <vertex>
            <position x="1.575" y="3.307" z="0.0"></position>
            <normal x="0.88894665" y="0.45801064" z="0.0"></normal>
          </vertex>
          <vertex>
            <position x="1.372" y="3.701" z="-0.1969"></position>
            <normal x="0.88894665" y="0.45801064" z="0.0"></normal>
          </vertex>
          <vertex>
            <position x="1.575" y="3.307" z="-0.1969"></position>
            <normal x="-1.0" y="0.0" z="0.0"></normal>
          </vertex>
          <vertex>
            <position x="1.575" y="3.11" z="-1.772"></position>
            <normal x="-1.0" y="0.0" z="0.0"></normal>
          </vertex>
          <vertex>
            <position x="1.575" y="3.11" z="-0.1969"></position>
            <normal x="-1.0" y="0.0" z="0.0"></normal>
          </vertex>
          <vertex>
            <position x="1.575" y="3.307" z="-1.772"></position>
            <normal x="-1.0" y="0.0" z="0.0"></normal>
          </vertex>
          <vertex>
            <position x="2.756" y="3.11" z="-1.772"></position>
            <normal x="0.0" y="-1.0" z="0.0"></normal>
          </vertex>
          <vertex>
            <position x="1.575" y="3.11" z="-0.1969"></position>
            <normal x="0.0" y="-1.0" z="0.0"></normal>
          </vertex>
          <vertex>
            <position x="1.575" y="3.11" z="-1.772"></position>
            <normal x="0.0" y="-1.0" z="0.0"></normal>
          </vertex>
          <vertex>
            <position x="2.756" y="3.11" z="-0.1969"></position>
            <normal x="0.0" y="-1.0" z="0.0"></normal>
          </vertex>
          <vertex>
            <position x="2.756" y="3.11" z="-0.1969"></position>
            <normal x="1.0" y="0.0" z="-0.0"></normal>
          </vertex>
          <vertex>
            <position x="2.756" y="3.307" z="-1.772"></position>
            <normal x="1.0" y="0.0" z="-0.0"></normal>
          </vertex>
          <vertex>
            <position x="2.756" y="3.307" z="-0.1969"></position>
            <normal x="1.0" y="0.0" z="-0.0"></normal>
          </vertex>
          <vertex>
            <position x="2.756" y="3.11" z="-1.772"></position>
            <normal x="1.0" y="0.0" z="-0.0"></normal>
          </vertex>
          <vertex>
            <position x="2.959" y="3.701" z="-0.1969"></position>
            <normal x="-0.88894665" y="0.45801064" z="0.0"></normal>
          </vertex>
          <vertex>
            <position x="2.756" y="3.307" z="0.0"></position>
            <normal x="-0.88894665" y="0.45801064" z="0.0"></normal>
          </vertex>
          <vertex>
            <position x="2.959" y="3.701" z="0.0"></position>
            <normal x="-0.88894665" y="0.45801064" z="0.0"></normal>
          </vertex>
          <vertex>
            <position x="2.756" y="3.307" z="-0.1969"></position>
            <normal x="-0.88894665" y="0.45801064" z="0.0"></normal>
          </vertex>
          <vertex>
            <position x="3.937" y="4.252" z="0.0"></position>
            <normal x="-0.49085322" y="0.8712423" z="0.0"></normal>
          </vertex>
          <vertex>
            <position x="2.959" y="3.701" z="-0.1969"></position>
            <normal x="-0.49085322" y="0.8712423" z="0.0"></normal>
          </vertex>
          <vertex>
            <position x="2.959" y="3.701" z="0.0"></position>
            <normal x="-0.49085322" y="0.8712423" z="0.0"></normal>
          </vertex>
          <vertex>
            <position x="3.937" y="4.252" z="-0.1969"></position>
            <normal x="-0.49085322" y="0.8712423" z="0.0"></normal>
          </vertex>
          <vertex>
            <position x="4.331" y="4.252" z="0.0"></position>
            <normal x="0.0" y="1.0" z="0.0"></normal>
          </vertex>
          <vertex>
            <position x="3.937" y="4.252" z="-0.1969"></position>
            <normal x="0.0" y="1.0" z="0.0"></normal>
          </vertex>
          <vertex>
            <position x="3.937" y="4.252" z="0.0"></position>
            <normal x="0.0" y="1.0" z="0.0"></normal>
          </vertex>
          <vertex>
            <position x="4.331" y="4.252" z="-0.1969"></position>
            <normal x="0.0" y="1.0" z="0.0"></normal>
          </vertex>
          <vertex>
            <position x="4.331" y="3.701" z="-0.1969"></position>
            <normal x="1.0" y="0.0" z="-0.0"></normal>
          </vertex>
          <vertex>
            <position x="4.331" y="4.252" z="0.0"></position>
            <normal x="1.0" y="0.0" z="-0.0"></normal>
          </vertex>
          <vertex>
            <position x="4.331" y="3.701" z="0.0"></position>
            <normal x="1.0" y="0.0" z="-0.0"></normal>
          </vertex>
          <vertex>
            <position x="4.331" y="4.252" z="-0.1969"></position>
            <normal x="1.0" y="0.0" z="-0.0"></normal>
          </vertex>
          <vertex>
            <position x="3.346" y="2.126" z="-0.1969"></position>
            <normal x="0.8478471" y="-0.5302408" z="0.0"></normal>
          </vertex>
          <vertex>
            <position x="4.331" y="3.701" z="0.0"></position>
            <normal x="0.8478471" y="-0.5302408" z="0.0"></normal>
          </vertex>
          <vertex>
            <position x="3.346" y="2.126" z="0.0"></position>
            <normal x="0.8478471" y="-0.5302408" z="0.0"></normal>
          </vertex>
          <vertex>
            <position x="4.331" y="3.701" z="-0.1969"></position>
            <normal x="0.8478471" y="-0.5302408" z="0.0"></normal>
          </vertex>
          <vertex>
            <position x="4.331" y="0.5512" z="0.0"></position>
            <normal x="0.8478168" y="0.53028923" z="-0.0"></normal>
          </vertex>
          <vertex>
            <position x="3.346" y="2.126" z="-0.1969"></position>
            <normal x="0.8478168" y="0.53028923" z="-0.0"></normal>
          </vertex>
          <vertex>
            <position x="3.346" y="2.126" z="0.0"></position>
            <normal x="0.8478168" y="0.53028923" z="-0.0"></normal>
          </vertex>
          <vertex>
            <position x="4.331" y="0.5512" z="-0.1969"></position>
            <normal x="0.8478168" y="0.53028923" z="-0.0"></normal>
          </vertex>
          <vertex>
            <position x="4.331" y="0.0" z="-0.1969"></position>
            <normal x="1.0" y="0.0" z="-0.0"></normal>
          </vertex>
          <vertex>
            <position x="4.331" y="0.5512" z="0.0"></position>
            <normal x="1.0" y="0.0" z="-0.0"></normal>
          </vertex>
          <vertex>
            <position x="4.331" y="0.0" z="0.0"></position>
            <normal x="1.0" y="0.0" z="-0.0"></normal>
          </vertex>
          <vertex>
            <position x="4.331" y="0.5512" z="-0.1969"></position>
            <normal x="1.0" y="0.0" z="-0.0"></normal>
          </vertex>
          <vertex>
            <position x="4.331" y="0.0" z="-0.1969"></position>
            <normal x="0.0" y="-1.0" z="0.0"></normal>
          </vertex>
          <vertex>
            <position x="3.937" y="0.0" z="0.0"></position>
            <normal x="0.0" y="-1.0" z="0.0"></normal>
          </vertex>
          <vertex>
            <position x="3.937" y="0.0" z="-0.1969"></position>
            <normal x="0.0" y="-1.0" z="0.0"></normal>
          </vertex>
          <vertex>
            <position x="4.331" y="0.0" z="0.0"></position>
            <normal x="0.0" y="-1.0" z="0.0"></normal>
          </vertex>
          <vertex>
            <position x="2.756" y="0.9449" z="-1.772"></position>
            <normal x="1.0" y="0.0" z="-0.0"></normal>
          </vertex>
          <vertex>
            <position x="2.756" y="1.142" z="-0.1969"></position>
            <normal x="1.0" y="0.0" z="-0.0"></normal>
          </vertex>
          <vertex>
            <position x="2.756" y="0.9449" z="-0.1969"></position>
            <normal x="1.0" y="0.0" z="-0.0"></normal>
          </vertex>
          <vertex>
            <position x="2.756" y="1.142" z="-1.772"></position>
            <normal x="1.0" y="0.0" z="-0.0"></normal>
          </vertex>
          <vertex>
            <position x="2.756" y="1.142" z="-0.1969"></position>
            <normal x="0.0" y="1.0" z="0.0"></normal>
          </vertex>
          <vertex>
            <position x="1.575" y="1.142" z="-1.772"></position>
            <normal x="0.0" y="1.0" z="0.0"></normal>
          </vertex>
          <vertex>
            <position x="1.575" y="1.142" z="-0.1969"></position>
            <normal x="0.0" y="1.0" z="0.0"></normal>
          </vertex>
          <vertex>
            <position x="2.756" y="1.142" z="-1.772"></position>
            <normal x="0.0" y="1.0" z="0.0"></normal>
          </vertex>
          <vertex>
            <position x="1.575" y="1.142" z="-0.1969"></position>
            <normal x="-1.0" y="0.0" z="0.0"></normal>
          </vertex>
          <vertex>
            <position x="1.575" y="0.9449" z="-1.772"></position>
            <normal x="-1.0" y="0.0" z="0.0"></normal>
          </vertex>
          <vertex>
            <position x="1.575" y="0.9449" z="-0.1969"></position>
            <normal x="-1.0" y="0.0" z="0.0"></normal>
          </vertex>
          <vertex>
            <position x="1.575" y="1.142" z="-1.772"></position>
            <normal x="-1.0" y="0.0" z="0.0"></normal>
          </vertex>
          <vertex>
            <position x="1.372" y="0.5512" z="-0.1969"></position>
            <normal x="0.8888045" y="-0.45828643" z="0.0"></normal>
          </vertex>
          <vertex>
            <position x="1.575" y="0.9449" z="0.0"></position>
            <normal x="0.8888045" y="-0.45828643" z="0.0"></normal>
          </vertex>
          <vertex>
            <position x="1.372" y="0.5512" z="0.0"></position>
            <normal x="0.8888045" y="-0.45828643" z="0.0"></normal>
          </vertex>
          <vertex>
            <position x="1.575" y="0.9449" z="-0.1969"></position>
            <normal x="0.8888045" y="-0.45828643" z="0.0"></normal>
          </vertex>
          <vertex>
            <position x="1.372" y="0.5512" z="-0.1969"></position>
            <normal x="0.4908742" y="-0.8712305" z="0.0"></normal>
          </vertex>
          <vertex>
            <position x="0.3937" y="0.0" z="0.0"></position>
            <normal x="0.4908742" y="-0.8712305" z="0.0"></normal>
          </vertex>
          <vertex>
            <position x="0.3937" y="0.0" z="-0.1969"></position>
            <normal x="0.4908742" y="-0.8712305" z="0.0"></normal>
          </vertex>
          <vertex>
            <position x="1.372" y="0.5512" z="0.0"></position>
            <normal x="0.4908742" y="-0.8712305" z="0.0"></normal>
          </vertex>
          <vertex>
            <position x="0.3937" y="0.0" z="-0.1969"></position>
            <normal x="0.0" y="-0.99999994" z="0.0"></normal>
          </vertex>
          <vertex>
            <position x="0.0" y="0.0" z="0.0"></position>
            <normal x="0.0" y="-0.99999994" z="0.0"></normal>
          </vertex>
          <vertex>
            <position x="0.0" y="0.0" z="-0.1969"></position>
            <normal x="0.0" y="-0.99999994" z="0.0"></normal>
          </vertex>
          <vertex>
            <position x="0.3937" y="0.0" z="0.0"></position>
            <normal x="0.0" y="-0.99999994" z="0.0"></normal>
          </vertex>
          <vertex>
            <position x="0.0" y="0.5512" z="-0.1969"></position>
            <normal x="-1.0" y="0.0" z="0.0"></normal>
          </vertex>
          <vertex>
            <position x="0.0" y="0.0" z="0.0"></position>
            <normal x="-1.0" y="0.0" z="0.0"></normal>
          </vertex>
          <vertex>
            <position x="0.0" y="0.5512" z="0.0"></position>
            <normal x="-1.0" y="0.0" z="0.0"></normal>
          </vertex>
          <vertex>
            <position x="0.0" y="0.0" z="-0.1969"></position>
            <normal x="-1.0" y="0.0" z="0.0"></normal>
          </vertex>
          <vertex>
            <position x="2.756" y="3.307" z="0.0"></position>
            <normal x="0.0" y="1.0" z="0.0"></normal>
          </vertex>
          <vertex>
            <position x="1.575" y="3.307" z="-0.1969"></position>
            <normal x="0.0" y="1.0" z="0.0"></normal>
          </vertex>
          <vertex>
            <position x="1.575" y="3.307" z="0.0"></position>
            <normal x="0.0" y="1.0" z="0.0"></normal>
          </vertex>
          <vertex>
            <position x="1.575" y="3.307" z="-1.772"></position>
            <normal x="0.0" y="1.0" z="0.0"></normal>
          </vertex>
          <vertex>
            <position x="1.575" y="3.307" z="-1.772"></position>
            <normal x="0.0" y="0.99999994" z="0.0"></normal>
          </vertex>
          <vertex>
            <position x="2.756" y="3.307" z="0.0"></position>
            <normal x="0.0" y="0.99999994" z="0.0"></normal>
          </vertex>
          <vertex>
            <position x="2.756" y="3.307" z="-1.772"></position>
            <normal x="0.0" y="0.99999994" z="0.0"></normal>
          </vertex>
          <vertex>
            <position x="2.756" y="3.307" z="0.0"></position>
            <normal x="1.0" y="0.0" z="-0.0"></normal>
          </vertex>
          <vertex>
            <position x="1.575" y="1.142" z="-1.772"></position>
            <normal x="0.0" y="0.0" z="-0.99999994"></normal>
          </vertex>
          <vertex>
            <position x="2.756" y="0.9449" z="-1.772"></position>
            <normal x="0.0" y="0.0" z="-0.99999994"></normal>
          </vertex>
          <vertex>
            <position x="1.575" y="0.9449" z="-1.772"></position>
            <normal x="0.0" y="0.0" z="-0.99999994"></normal>
          </vertex>
          <vertex>
            <position x="2.756" y="1.142" z="-1.772"></position>
            <normal x="0.0" y="0.0" z="-0.99999994"></normal>
          </vertex>
          <vertex>
            <position x="1.575" y="3.307" z="-1.772"></position>
            <normal x="0.0" y="0.0" z="-0.99999994"></normal>
          </vertex>
          <vertex>
            <position x="2.756" y="3.11" z="-1.772"></position>
            <normal x="0.0" y="0.0" z="-0.99999994"></normal>
          </vertex>
          <vertex>
            <position x="1.575" y="3.11" z="-1.772"></position>
            <normal x="0.0" y="0.0" z="-0.99999994"></normal>
          </vertex>
          <vertex>
            <position x="2.756" y="3.307" z="-1.772"></position>
            <normal x="0.0" y="0.0" z="-0.99999994"></normal>
          </vertex>
        </vertexbuffer>
      </geometry>
    </submesh>
  </submeshes>
</mesh>
