<mesh>
  <submeshes>
    <submesh material="Material.1016" usesharedvertices="false">
      <faces count="84">
        <face v1="0" v2="1" v3="2"></face>
        <face v1="1" v2="0" v3="3"></face>
        <face v1="1" v2="3" v3="4"></face>
        <face v1="4" v2="3" v3="5"></face>
        <face v1="6" v2="7" v3="8"></face>
        <face v1="8" v2="7" v3="9"></face>
        <face v1="10" v2="11" v3="12"></face>
        <face v1="11" v2="10" v3="13"></face>
        <face v1="14" v2="15" v3="16"></face>
        <face v1="15" v2="14" v3="17"></face>
        <face v1="18" v2="19" v3="20"></face>
        <face v1="19" v2="18" v3="21"></face>
        <face v1="22" v2="23" v3="24"></face>
        <face v1="23" v2="22" v3="25"></face>
        <face v1="26" v2="27" v3="28"></face>
        <face v1="27" v2="26" v3="29"></face>
        <face v1="30" v2="31" v3="32"></face>
        <face v1="31" v2="30" v3="33"></face>
        <face v1="34" v2="35" v3="36"></face>
        <face v1="35" v2="34" v3="37"></face>
        <face v1="38" v2="39" v3="40"></face>
        <face v1="39" v2="38" v3="41"></face>
        <face v1="42" v2="43" v3="44"></face>
        <face v1="43" v2="42" v3="45"></face>
        <face v1="43" v2="45" v3="46"></face>
        <face v1="46" v2="45" v3="47"></face>
        <face v1="48" v2="49" v3="50"></face>
        <face v1="50" v2="49" v3="51"></face>
      </faces>
      <geometry vertexcount="52">
        <vertexbuffer positions="true" normals="true">
          <vertex>
            <position x="1.181" y="0.2537" z="-0.2537"></position>
            <normal x="1.0" y="0.0" z="0.0"></normal>
          </vertex>
          <vertex>
            <position x="1.181" y="1.479" z="-0.2537"></position>
            <normal x="1.0" y="0.0" z="0.0"></normal>
          </vertex>
          <vertex>
            <position x="1.181" y="0.8661" z="0.0"></position>
            <normal x="1.0" y="0.0" z="0.0"></normal>
          </vertex>
          <vertex>
            <position x="1.181" y="0.0" z="-0.8661"></position>
            <normal x="1.0" y="0.0" z="0.0"></normal>
          </vertex>
          <vertex>
            <position x="1.181" y="1.732" z="-0.8661"></position>
            <normal x="1.0" y="0.0" z="0.0"></normal>
          </vertex>
          <vertex>
            <position x="1.181" y="0.2537" z="-1.479"></position>
            <normal x="1.0" y="0.0" z="0.0"></normal>
          </vertex>
          <vertex>
            <position x="1.181" y="1.732" z="-0.8661"></position>
            <normal x="0.99999994" y="0.0" z="0.0"></normal>
          </vertex>
          <vertex>
            <position x="1.181" y="0.2537" z="-1.479"></position>
            <normal x="0.99999994" y="0.0" z="0.0"></normal>
          </vertex>
          <vertex>
            <position x="1.181" y="1.479" z="-1.479"></position>
            <normal x="0.99999994" y="0.0" z="0.0"></normal>
          </vertex>
          <vertex>
            <position x="1.181" y="0.8661" z="-1.732"></position>
            <normal x="0.99999994" y="0.0" z="0.0"></normal>
          </vertex>
          <vertex>
            <position x="0.0" y="0.0" z="-0.8661"></position>
            <normal x="0.0" y="-0.92386055" z="0.3827292"></normal>
          </vertex>
          <vertex>
            <position x="1.181" y="0.2537" z="-0.2537"></position>
            <normal x="0.0" y="-0.92386055" z="0.3827292"></normal>
          </vertex>
          <vertex>
            <position x="0.0" y="0.2537" z="-0.2537"></position>
            <normal x="0.0" y="-0.92386055" z="0.3827292"></normal>
          </vertex>
          <vertex>
            <position x="1.181" y="0.0" z="-0.8661"></position>
            <normal x="0.0" y="-0.92386055" z="0.3827292"></normal>
          </vertex>
          <vertex>
            <position x="1.181" y="0.2537" z="-1.479"></position>
            <normal x="0.0" y="-0.9239709" z="-0.3824627"></normal>
          </vertex>
          <vertex>
            <position x="0.0" y="0.0" z="-0.8661"></position>
            <normal x="0.0" y="-0.9239709" z="-0.3824627"></normal>
          </vertex>
          <vertex>
            <position x="0.0" y="0.2537" z="-1.479"></position>
            <normal x="0.0" y="-0.9239709" z="-0.3824627"></normal>
          </vertex>
          <vertex>
            <position x="1.181" y="0.0" z="-0.8661"></position>
            <normal x="0.0" y="-0.9239709" z="-0.3824627"></normal>
          </vertex>
          <vertex>
            <position x="0.0" y="0.2537" z="-1.479"></position>
            <normal x="0.0" y="-0.38182738" z="-0.9242336"></normal>
          </vertex>
          <vertex>
            <position x="1.181" y="0.8661" z="-1.732"></position>
            <normal x="0.0" y="-0.38182738" z="-0.9242336"></normal>
          </vertex>
          <vertex>
            <position x="1.181" y="0.2537" z="-1.479"></position>
            <normal x="0.0" y="-0.38182738" z="-0.9242336"></normal>
          </vertex>
          <vertex>
            <position x="0.0" y="0.8661" z="-1.732"></position>
            <normal x="0.0" y="-0.38182738" z="-0.9242336"></normal>
          </vertex>
          <vertex>
            <position x="0.0" y="0.8661" z="-1.732"></position>
            <normal x="0.0" y="0.3815613" z="-0.92434347"></normal>
          </vertex>
          <vertex>
            <position x="1.181" y="1.479" z="-1.479"></position>
            <normal x="0.0" y="0.3815613" z="-0.92434347"></normal>
          </vertex>
          <vertex>
            <position x="1.181" y="0.8661" z="-1.732"></position>
            <normal x="0.0" y="0.3815613" z="-0.92434347"></normal>
          </vertex>
          <vertex>
            <position x="0.0" y="1.479" z="-1.479"></position>
            <normal x="0.0" y="0.3815613" z="-0.92434347"></normal>
          </vertex>
          <vertex>
            <position x="1.181" y="1.732" z="-0.8661"></position>
            <normal x="0.0" y="0.92434347" z="-0.3815613"></normal>
          </vertex>
          <vertex>
            <position x="0.0" y="1.479" z="-1.479"></position>
            <normal x="0.0" y="0.92434347" z="-0.3815613"></normal>
          </vertex>
          <vertex>
            <position x="0.0" y="1.732" z="-0.8661"></position>
            <normal x="0.0" y="0.92434347" z="-0.3815613"></normal>
          </vertex>
          <vertex>
            <position x="1.181" y="1.479" z="-1.479"></position>
            <normal x="0.0" y="0.92434347" z="-0.3815613"></normal>
          </vertex>
          <vertex>
            <position x="1.181" y="1.479" z="-0.2537"></position>
            <normal x="0.0" y="0.9242336" z="0.38182738"></normal>
          </vertex>
          <vertex>
            <position x="0.0" y="1.732" z="-0.8661"></position>
            <normal x="0.0" y="0.9242336" z="0.38182738"></normal>
          </vertex>
          <vertex>
            <position x="0.0" y="1.479" z="-0.2537"></position>
            <normal x="0.0" y="0.9242336" z="0.38182738"></normal>
          </vertex>
          <vertex>
            <position x="1.181" y="1.732" z="-0.8661"></position>
            <normal x="0.0" y="0.9242336" z="0.38182738"></normal>
          </vertex>
          <vertex>
            <position x="1.181" y="1.479" z="-0.2537"></position>
            <normal x="-0.0" y="0.3824627" z="0.9239709"></normal>
          </vertex>
          <vertex>
            <position x="0.0" y="0.8661" z="0.0"></position>
            <normal x="-0.0" y="0.3824627" z="0.9239709"></normal>
          </vertex>
          <vertex>
            <position x="1.181" y="0.8661" z="0.0"></position>
            <normal x="-0.0" y="0.3824627" z="0.9239709"></normal>
          </vertex>
          <vertex>
            <position x="0.0" y="1.479" z="-0.2537"></position>
            <normal x="-0.0" y="0.3824627" z="0.9239709"></normal>
          </vertex>
          <vertex>
            <position x="1.181" y="0.8661" z="0.0"></position>
            <normal x="0.0" y="-0.3827292" z="0.92386055"></normal>
          </vertex>
          <vertex>
            <position x="0.0" y="0.2537" z="-0.2537"></position>
            <normal x="0.0" y="-0.3827292" z="0.92386055"></normal>
          </vertex>
          <vertex>
            <position x="1.181" y="0.2537" z="-0.2537"></position>
            <normal x="0.0" y="-0.3827292" z="0.92386055"></normal>
          </vertex>
          <vertex>
            <position x="0.0" y="0.8661" z="0.0"></position>
            <normal x="0.0" y="-0.3827292" z="0.92386055"></normal>
          </vertex>
          <vertex>
            <position x="0.0" y="1.479" z="-0.2537"></position>
            <normal x="-1.0" y="0.0" z="0.0"></normal>
          </vertex>
          <vertex>
            <position x="0.0" y="0.2537" z="-0.2537"></position>
            <normal x="-1.0" y="0.0" z="0.0"></normal>
          </vertex>
          <vertex>
            <position x="0.0" y="0.8661" z="0.0"></position>
            <normal x="-1.0" y="0.0" z="0.0"></normal>
          </vertex>
          <vertex>
            <position x="0.0" y="1.732" z="-0.8661"></position>
            <normal x="-1.0" y="0.0" z="0.0"></normal>
          </vertex>
          <vertex>
            <position x="0.0" y="0.0" z="-0.8661"></position>
            <normal x="-1.0" y="0.0" z="0.0"></normal>
          </vertex>
          <vertex>
            <position x="0.0" y="1.479" z="-1.479"></position>
            <normal x="-1.0" y="0.0" z="0.0"></normal>
          </vertex>
          <vertex>
            <position x="0.0" y="0.0" z="-0.8661"></position>
            <normal x="-0.99999994" y="0.0" z="0.0"></normal>
          </vertex>
          <vertex>
            <position x="0.0" y="1.479" z="-1.479"></position>
            <normal x="-0.99999994" y="0.0" z="0.0"></normal>
          </vertex>
          <vertex>
            <position x="0.0" y="0.2537" z="-1.479"></position>
            <normal x="-0.99999994" y="0.0" z="0.0"></normal>
          </vertex>
          <vertex>
            <position x="0.0" y="0.8661" z="-1.732"></position>
            <normal x="-0.99999994" y="0.0" z="0.0"></normal>
          </vertex>
        </vertexbuffer>
      </geometry>
    </submesh>
  </submeshes>
</mesh>
