<mesh>
  <submeshes>
    <submesh material="Material.1193" usesharedvertices="false">
      <faces count="276">
        <face v1="0" v2="1" v3="2"></face>
        <face v1="3" v2="4" v3="5"></face>
        <face v1="5" v2="4" v3="6"></face>
        <face v1="7" v2="8" v3="9"></face>
        <face v1="10" v2="6" v3="11"></face>
        <face v1="12" v2="7" v3="0"></face>
        <face v1="12" v2="0" v3="13"></face>
        <face v1="12" v2="13" v3="14"></face>
        <face v1="15" v2="16" v3="17"></face>
        <face v1="15" v2="17" v3="18"></face>
        <face v1="18" v2="17" v3="19"></face>
        <face v1="18" v2="19" v3="20"></face>
        <face v1="20" v2="19" v3="21"></face>
        <face v1="20" v2="21" v3="22"></face>
        <face v1="22" v2="21" v3="23"></face>
        <face v1="22" v2="23" v3="24"></face>
        <face v1="24" v2="23" v3="25"></face>
        <face v1="24" v2="25" v3="26"></face>
        <face v1="26" v2="25" v3="27"></face>
        <face v1="24" v2="28" v3="29"></face>
        <face v1="28" v2="24" v3="26"></face>
        <face v1="29" v2="28" v3="30"></face>
        <face v1="31" v2="32" v3="33"></face>
        <face v1="32" v2="31" v3="34"></face>
        <face v1="35" v2="36" v3="37"></face>
        <face v1="36" v2="35" v3="38"></face>
        <face v1="39" v2="40" v3="41"></face>
        <face v1="40" v2="39" v3="42"></face>
        <face v1="43" v2="44" v3="45"></face>
        <face v1="44" v2="43" v3="46"></face>
        <face v1="47" v2="48" v3="49"></face>
        <face v1="48" v2="47" v3="50"></face>
        <face v1="51" v2="52" v3="53"></face>
        <face v1="52" v2="51" v3="54"></face>
        <face v1="55" v2="56" v3="57"></face>
        <face v1="56" v2="55" v3="58"></face>
        <face v1="59" v2="60" v3="61"></face>
        <face v1="60" v2="59" v3="62"></face>
        <face v1="63" v2="64" v3="65"></face>
        <face v1="64" v2="63" v3="66"></face>
        <face v1="67" v2="68" v3="69"></face>
        <face v1="68" v2="67" v3="70"></face>
        <face v1="71" v2="72" v3="73"></face>
        <face v1="72" v2="71" v3="74"></face>
        <face v1="75" v2="76" v3="77"></face>
        <face v1="76" v2="75" v3="78"></face>
        <face v1="79" v2="80" v3="81"></face>
        <face v1="80" v2="79" v3="82"></face>
        <face v1="83" v2="84" v3="85"></face>
        <face v1="84" v2="83" v3="86"></face>
        <face v1="87" v2="88" v3="89"></face>
        <face v1="88" v2="87" v3="90"></face>
        <face v1="91" v2="92" v3="93"></face>
        <face v1="92" v2="91" v3="94"></face>
        <face v1="95" v2="96" v3="97"></face>
        <face v1="96" v2="95" v3="98"></face>
        <face v1="99" v2="100" v3="101"></face>
        <face v1="100" v2="99" v3="102"></face>
        <face v1="103" v2="104" v3="105"></face>
        <face v1="104" v2="103" v3="106"></face>
        <face v1="107" v2="108" v3="109"></face>
        <face v1="108" v2="107" v3="110"></face>
        <face v1="111" v2="112" v3="113"></face>
        <face v1="112" v2="111" v3="114"></face>
        <face v1="115" v2="116" v3="117"></face>
        <face v1="116" v2="115" v3="118"></face>
        <face v1="119" v2="120" v3="121"></face>
        <face v1="120" v2="119" v3="122"></face>
        <face v1="123" v2="124" v3="125"></face>
        <face v1="124" v2="123" v3="126"></face>
        <face v1="127" v2="128" v3="129"></face>
        <face v1="128" v2="127" v3="130"></face>
        <face v1="130" v2="127" v3="131"></face>
        <face v1="131" v2="132" v3="133"></face>
        <face v1="132" v2="131" v3="134"></face>
        <face v1="134" v2="131" v3="127"></face>
        <face v1="135" v2="136" v3="137"></face>
        <face v1="135" v2="137" v3="138"></face>
        <face v1="139" v2="140" v3="141"></face>
        <face v1="139" v2="141" v3="142"></face>
        <face v1="142" v2="141" v3="143"></face>
        <face v1="142" v2="143" v3="144"></face>
        <face v1="144" v2="143" v3="145"></face>
        <face v1="144" v2="145" v3="146"></face>
        <face v1="146" v2="145" v3="147"></face>
        <face v1="146" v2="147" v3="148"></face>
        <face v1="148" v2="147" v3="149"></face>
        <face v1="148" v2="149" v3="150"></face>
        <face v1="150" v2="149" v3="151"></face>
        <face v1="152" v2="153" v3="154"></face>
        <face v1="155" v2="148" v3="150"></face>
        <face v1="156" v2="155" v3="157"></face>
      </faces>
      <geometry vertexcount="158">
        <vertexbuffer positions="true" normals="true">
          <vertex>
            <position x="0.1969" y="0.0" z="-6.417"></position>
            <normal x="0.0" y="-0.99999994" z="0.0"></normal>
          </vertex>
          <vertex>
            <position x="0.0" y="0.0" z="-3.937"></position>
            <normal x="0.0" y="-0.99999994" z="0.0"></normal>
          </vertex>
          <vertex>
            <position x="0.0" y="0.0" z="-6.22"></position>
            <normal x="0.0" y="-0.99999994" z="0.0"></normal>
          </vertex>
          <vertex>
            <position x="0.0" y="0.0" z="-3.937"></position>
            <normal x="0.0" y="-1.0" z="0.0"></normal>
          </vertex>
          <vertex>
            <position x="0.1969" y="0.0" z="-6.417"></position>
            <normal x="0.0" y="-1.0" z="0.0"></normal>
          </vertex>
          <vertex>
            <position x="0.05906" y="0.0" z="-3.878"></position>
            <normal x="0.0" y="-1.0" z="0.0"></normal>
          </vertex>
          <vertex>
            <position x="0.05906" y="0.0" z="-2.539"></position>
            <normal x="0.0" y="-1.0" z="0.0"></normal>
          </vertex>
          <vertex>
            <position x="0.05906" y="0.0" z="-2.539"></position>
            <normal x="0.0" y="-0.99999994" z="0.0"></normal>
          </vertex>
          <vertex>
            <position x="0.0" y="0.0" z="-0.1969"></position>
            <normal x="0.0" y="-0.99999994" z="0.0"></normal>
          </vertex>
          <vertex>
            <position x="0.0" y="0.0" z="-2.48"></position>
            <normal x="0.0" y="-0.99999994" z="0.0"></normal>
          </vertex>
          <vertex>
            <position x="0.0" y="0.0" z="-0.1969"></position>
            <normal x="0.0" y="-1.0" z="0.0"></normal>
          </vertex>
          <vertex>
            <position x="0.1969" y="0.0" z="0.0"></position>
            <normal x="0.0" y="-1.0" z="0.0"></normal>
          </vertex>
          <vertex>
            <position x="0.1969" y="0.0" z="0.0"></position>
            <normal x="0.0" y="-0.99999994" z="0.0"></normal>
          </vertex>
          <vertex>
            <position x="2.48" y="0.0" z="-6.417"></position>
            <normal x="0.0" y="-0.99999994" z="0.0"></normal>
          </vertex>
          <vertex>
            <position x="2.48" y="0.0" z="0.0"></position>
            <normal x="0.0" y="-0.99999994" z="0.0"></normal>
          </vertex>
          <vertex>
            <position x="2.48" y="0.0" z="0.0"></position>
            <normal x="0.0" y="-1.0" z="0.0"></normal>
          </vertex>
          <vertex>
            <position x="2.48" y="0.0" z="-6.417"></position>
            <normal x="0.0" y="-1.0" z="0.0"></normal>
          </vertex>
          <vertex>
            <position x="2.539" y="0.0" z="-6.358"></position>
            <normal x="0.0" y="-1.0" z="0.0"></normal>
          </vertex>
          <vertex>
            <position x="2.539" y="0.0" z="-0.05906"></position>
            <normal x="0.0" y="-1.0" z="0.0"></normal>
          </vertex>
          <vertex>
            <position x="3.878" y="0.0" z="-6.358"></position>
            <normal x="0.0" y="-1.0" z="0.0"></normal>
          </vertex>
          <vertex>
            <position x="3.878" y="0.0" z="-0.05906"></position>
            <normal x="0.0" y="-1.0" z="0.0"></normal>
          </vertex>
          <vertex>
            <position x="3.937" y="0.0" z="-6.417"></position>
            <normal x="0.0" y="-1.0" z="0.0"></normal>
          </vertex>
          <vertex>
            <position x="3.937" y="0.0" z="0.0"></position>
            <normal x="0.0" y="-1.0" z="0.0"></normal>
          </vertex>
          <vertex>
            <position x="6.22" y="0.0" z="-6.417"></position>
            <normal x="0.0" y="-1.0" z="0.0"></normal>
          </vertex>
          <vertex>
            <position x="6.22" y="0.0" z="0.0"></position>
            <normal x="0.0" y="-1.0" z="0.0"></normal>
          </vertex>
          <vertex>
            <position x="6.417" y="0.0" z="-6.22"></position>
            <normal x="0.0" y="-1.0" z="0.0"></normal>
          </vertex>
          <vertex>
            <position x="6.358" y="0.0" z="-3.878"></position>
            <normal x="0.0" y="-1.0" z="0.0"></normal>
          </vertex>
          <vertex>
            <position x="6.417" y="0.0" z="-3.937"></position>
            <normal x="0.0" y="-1.0" z="0.0"></normal>
          </vertex>
          <vertex>
            <position x="6.358" y="0.0" z="-2.539"></position>
            <normal x="0.0" y="-1.0" z="0.0"></normal>
          </vertex>
          <vertex>
            <position x="6.417" y="0.0" z="-0.1969"></position>
            <normal x="0.0" y="-1.0" z="0.0"></normal>
          </vertex>
          <vertex>
            <position x="6.417" y="0.0" z="-2.48"></position>
            <normal x="0.0" y="-1.0" z="0.0"></normal>
          </vertex>
          <vertex>
            <position x="6.417" y="0.0" z="-2.48"></position>
            <normal x="0.99999994" y="0.0" z="0.0"></normal>
          </vertex>
          <vertex>
            <position x="6.417" y="21.65" z="-0.1969"></position>
            <normal x="0.99999994" y="0.0" z="0.0"></normal>
          </vertex>
          <vertex>
            <position x="6.417" y="0.0" z="-0.1969"></position>
            <normal x="0.99999994" y="0.0" z="0.0"></normal>
          </vertex>
          <vertex>
            <position x="6.417" y="21.65" z="-2.48"></position>
            <normal x="0.99999994" y="0.0" z="0.0"></normal>
          </vertex>
          <vertex>
            <position x="6.417" y="21.65" z="-0.1969"></position>
            <normal x="0.7069272" y="0.0" z="0.70728636"></normal>
          </vertex>
          <vertex>
            <position x="6.22" y="0.0" z="0.0"></position>
            <normal x="0.7069272" y="0.0" z="0.70728636"></normal>
          </vertex>
          <vertex>
            <position x="6.417" y="0.0" z="-0.1969"></position>
            <normal x="0.7069272" y="0.0" z="0.70728636"></normal>
          </vertex>
          <vertex>
            <position x="6.22" y="21.65" z="0.0"></position>
            <normal x="0.7069272" y="0.0" z="0.70728636"></normal>
          </vertex>
          <vertex>
            <position x="6.22" y="21.65" z="0.0"></position>
            <normal x="0.0" y="0.0" z="1.0"></normal>
          </vertex>
          <vertex>
            <position x="3.937" y="0.0" z="0.0"></position>
            <normal x="0.0" y="0.0" z="1.0"></normal>
          </vertex>
          <vertex>
            <position x="6.22" y="0.0" z="0.0"></position>
            <normal x="0.0" y="0.0" z="1.0"></normal>
          </vertex>
          <vertex>
            <position x="3.937" y="21.65" z="0.0"></position>
            <normal x="0.0" y="0.0" z="1.0"></normal>
          </vertex>
          <vertex>
            <position x="3.878" y="21.65" z="-0.05906"></position>
            <normal x="-0.7074659" y="0.0" z="0.70674735"></normal>
          </vertex>
          <vertex>
            <position x="3.937" y="0.0" z="0.0"></position>
            <normal x="-0.7074659" y="0.0" z="0.70674735"></normal>
          </vertex>
          <vertex>
            <position x="3.937" y="21.65" z="0.0"></position>
            <normal x="-0.7074659" y="0.0" z="0.70674735"></normal>
          </vertex>
          <vertex>
            <position x="3.878" y="0.0" z="-0.05906"></position>
            <normal x="-0.7074659" y="0.0" z="0.70674735"></normal>
          </vertex>
          <vertex>
            <position x="3.878" y="21.65" z="-0.05906"></position>
            <normal x="0.0" y="0.0" z="1.0"></normal>
          </vertex>
          <vertex>
            <position x="2.539" y="0.0" z="-0.05906"></position>
            <normal x="0.0" y="0.0" z="1.0"></normal>
          </vertex>
          <vertex>
            <position x="3.878" y="0.0" z="-0.05906"></position>
            <normal x="0.0" y="0.0" z="1.0"></normal>
          </vertex>
          <vertex>
            <position x="2.539" y="21.65" z="-0.05906"></position>
            <normal x="0.0" y="0.0" z="1.0"></normal>
          </vertex>
          <vertex>
            <position x="2.539" y="0.0" z="-0.05906"></position>
            <normal x="0.7074659" y="0.0" z="0.70674735"></normal>
          </vertex>
          <vertex>
            <position x="2.48" y="21.65" z="0.0"></position>
            <normal x="0.7074659" y="0.0" z="0.70674735"></normal>
          </vertex>
          <vertex>
            <position x="2.48" y="0.0" z="0.0"></position>
            <normal x="0.7074659" y="0.0" z="0.70674735"></normal>
          </vertex>
          <vertex>
            <position x="2.539" y="21.65" z="-0.05906"></position>
            <normal x="0.7074659" y="0.0" z="0.70674735"></normal>
          </vertex>
          <vertex>
            <position x="2.48" y="21.65" z="0.0"></position>
            <normal x="0.0" y="0.0" z="0.99999994"></normal>
          </vertex>
          <vertex>
            <position x="0.1969" y="0.0" z="0.0"></position>
            <normal x="0.0" y="0.0" z="0.99999994"></normal>
          </vertex>
          <vertex>
            <position x="2.48" y="0.0" z="0.0"></position>
            <normal x="0.0" y="0.0" z="0.99999994"></normal>
          </vertex>
          <vertex>
            <position x="0.1969" y="21.65" z="0.0"></position>
            <normal x="0.0" y="0.0" z="0.99999994"></normal>
          </vertex>
          <vertex>
            <position x="0.1969" y="21.65" z="0.0"></position>
            <normal x="-0.70710677" y="0.0" z="0.70710677"></normal>
          </vertex>
          <vertex>
            <position x="0.0" y="0.0" z="-0.1969"></position>
            <normal x="-0.70710677" y="0.0" z="0.70710677"></normal>
          </vertex>
          <vertex>
            <position x="0.1969" y="0.0" z="0.0"></position>
            <normal x="-0.70710677" y="0.0" z="0.70710677"></normal>
          </vertex>
          <vertex>
            <position x="0.0" y="21.65" z="-0.1969"></position>
            <normal x="-0.70710677" y="0.0" z="0.70710677"></normal>
          </vertex>
          <vertex>
            <position x="0.0" y="21.65" z="-2.48"></position>
            <normal x="-0.99999994" y="0.0" z="0.0"></normal>
          </vertex>
          <vertex>
            <position x="0.0" y="0.0" z="-0.1969"></position>
            <normal x="-0.99999994" y="0.0" z="0.0"></normal>
          </vertex>
          <vertex>
            <position x="0.0" y="21.65" z="-0.1969"></position>
            <normal x="-0.99999994" y="0.0" z="0.0"></normal>
          </vertex>
          <vertex>
            <position x="0.0" y="0.0" z="-2.48"></position>
            <normal x="-0.99999994" y="0.0" z="0.0"></normal>
          </vertex>
          <vertex>
            <position x="0.05906" y="21.65" z="-2.539"></position>
            <normal x="-0.70674735" y="0.0" z="-0.7074659"></normal>
          </vertex>
          <vertex>
            <position x="0.0" y="0.0" z="-2.48"></position>
            <normal x="-0.70674735" y="0.0" z="-0.7074659"></normal>
          </vertex>
          <vertex>
            <position x="0.0" y="21.65" z="-2.48"></position>
            <normal x="-0.70674735" y="0.0" z="-0.7074659"></normal>
          </vertex>
          <vertex>
            <position x="0.05906" y="0.0" z="-2.539"></position>
            <normal x="-0.70674735" y="0.0" z="-0.7074659"></normal>
          </vertex>
          <vertex>
            <position x="0.05906" y="21.65" z="-3.878"></position>
            <normal x="-1.0" y="0.0" z="0.0"></normal>
          </vertex>
          <vertex>
            <position x="0.05906" y="0.0" z="-2.539"></position>
            <normal x="-1.0" y="0.0" z="0.0"></normal>
          </vertex>
          <vertex>
            <position x="0.05906" y="21.65" z="-2.539"></position>
            <normal x="-1.0" y="0.0" z="0.0"></normal>
          </vertex>
          <vertex>
            <position x="0.05906" y="0.0" z="-3.878"></position>
            <normal x="-1.0" y="0.0" z="0.0"></normal>
          </vertex>
          <vertex>
            <position x="0.0" y="21.65" z="-3.937"></position>
            <normal x="-0.70674735" y="0.0" z="0.7074659"></normal>
          </vertex>
          <vertex>
            <position x="0.05906" y="0.0" z="-3.878"></position>
            <normal x="-0.70674735" y="0.0" z="0.7074659"></normal>
          </vertex>
          <vertex>
            <position x="0.05906" y="21.65" z="-3.878"></position>
            <normal x="-0.70674735" y="0.0" z="0.7074659"></normal>
          </vertex>
          <vertex>
            <position x="0.0" y="0.0" z="-3.937"></position>
            <normal x="-0.70674735" y="0.0" z="0.7074659"></normal>
          </vertex>
          <vertex>
            <position x="0.0" y="21.65" z="-6.22"></position>
            <normal x="-1.0" y="0.0" z="0.0"></normal>
          </vertex>
          <vertex>
            <position x="0.0" y="0.0" z="-3.937"></position>
            <normal x="-1.0" y="0.0" z="0.0"></normal>
          </vertex>
          <vertex>
            <position x="0.0" y="21.65" z="-3.937"></position>
            <normal x="-1.0" y="0.0" z="0.0"></normal>
          </vertex>
          <vertex>
            <position x="0.0" y="0.0" z="-6.22"></position>
            <normal x="-1.0" y="0.0" z="0.0"></normal>
          </vertex>
          <vertex>
            <position x="0.0" y="21.65" z="-6.22"></position>
            <normal x="-0.70728636" y="0.0" z="-0.7069272"></normal>
          </vertex>
          <vertex>
            <position x="0.1969" y="0.0" z="-6.417"></position>
            <normal x="-0.70728636" y="0.0" z="-0.7069272"></normal>
          </vertex>
          <vertex>
            <position x="0.0" y="0.0" z="-6.22"></position>
            <normal x="-0.70728636" y="0.0" z="-0.7069272"></normal>
          </vertex>
          <vertex>
            <position x="0.1969" y="21.65" z="-6.417"></position>
            <normal x="-0.70728636" y="0.0" z="-0.7069272"></normal>
          </vertex>
          <vertex>
            <position x="0.1969" y="21.65" z="-6.417"></position>
            <normal x="0.0" y="0.0" z="-0.99999994"></normal>
          </vertex>
          <vertex>
            <position x="2.48" y="0.0" z="-6.417"></position>
            <normal x="0.0" y="0.0" z="-0.99999994"></normal>
          </vertex>
          <vertex>
            <position x="0.1969" y="0.0" z="-6.417"></position>
            <normal x="0.0" y="0.0" z="-0.99999994"></normal>
          </vertex>
          <vertex>
            <position x="2.48" y="21.65" z="-6.417"></position>
            <normal x="0.0" y="0.0" z="-0.99999994"></normal>
          </vertex>
          <vertex>
            <position x="2.48" y="0.0" z="-6.417"></position>
            <normal x="0.7071067" y="0.0" z="-0.7071067"></normal>
          </vertex>
          <vertex>
            <position x="2.539" y="21.65" z="-6.358"></position>
            <normal x="0.7071067" y="0.0" z="-0.7071067"></normal>
          </vertex>
          <vertex>
            <position x="2.539" y="0.0" z="-6.358"></position>
            <normal x="0.7071067" y="0.0" z="-0.7071067"></normal>
          </vertex>
          <vertex>
            <position x="2.48" y="21.65" z="-6.417"></position>
            <normal x="0.7071067" y="0.0" z="-0.7071067"></normal>
          </vertex>
          <vertex>
            <position x="2.539" y="21.65" z="-6.358"></position>
            <normal x="0.0" y="0.0" z="-1.0"></normal>
          </vertex>
          <vertex>
            <position x="3.878" y="0.0" z="-6.358"></position>
            <normal x="0.0" y="0.0" z="-1.0"></normal>
          </vertex>
          <vertex>
            <position x="2.539" y="0.0" z="-6.358"></position>
            <normal x="0.0" y="0.0" z="-1.0"></normal>
          </vertex>
          <vertex>
            <position x="3.878" y="21.65" z="-6.358"></position>
            <normal x="0.0" y="0.0" z="-1.0"></normal>
          </vertex>
          <vertex>
            <position x="3.937" y="21.65" z="-6.417"></position>
            <normal x="-0.7071067" y="0.0" z="-0.7071067"></normal>
          </vertex>
          <vertex>
            <position x="3.878" y="0.0" z="-6.358"></position>
            <normal x="-0.7071067" y="0.0" z="-0.7071067"></normal>
          </vertex>
          <vertex>
            <position x="3.878" y="21.65" z="-6.358"></position>
            <normal x="-0.7071067" y="0.0" z="-0.7071067"></normal>
          </vertex>
          <vertex>
            <position x="3.937" y="0.0" z="-6.417"></position>
            <normal x="-0.7071067" y="0.0" z="-0.7071067"></normal>
          </vertex>
          <vertex>
            <position x="3.937" y="21.65" z="-6.417"></position>
            <normal x="0.0" y="0.0" z="-1.0"></normal>
          </vertex>
          <vertex>
            <position x="6.22" y="0.0" z="-6.417"></position>
            <normal x="0.0" y="0.0" z="-1.0"></normal>
          </vertex>
          <vertex>
            <position x="3.937" y="0.0" z="-6.417"></position>
            <normal x="0.0" y="0.0" z="-1.0"></normal>
          </vertex>
          <vertex>
            <position x="6.22" y="21.65" z="-6.417"></position>
            <normal x="0.0" y="0.0" z="-1.0"></normal>
          </vertex>
          <vertex>
            <position x="6.22" y="21.65" z="-6.417"></position>
            <normal x="0.7071068" y="0.0" z="-0.7071068"></normal>
          </vertex>
          <vertex>
            <position x="6.417" y="0.0" z="-6.22"></position>
            <normal x="0.7071068" y="0.0" z="-0.7071068"></normal>
          </vertex>
          <vertex>
            <position x="6.22" y="0.0" z="-6.417"></position>
            <normal x="0.7071068" y="0.0" z="-0.7071068"></normal>
          </vertex>
          <vertex>
            <position x="6.417" y="21.65" z="-6.22"></position>
            <normal x="0.7071068" y="0.0" z="-0.7071068"></normal>
          </vertex>
          <vertex>
            <position x="6.417" y="0.0" z="-6.22"></position>
            <normal x="1.0" y="0.0" z="0.0"></normal>
          </vertex>
          <vertex>
            <position x="6.417" y="21.65" z="-3.937"></position>
            <normal x="1.0" y="0.0" z="0.0"></normal>
          </vertex>
          <vertex>
            <position x="6.417" y="0.0" z="-3.937"></position>
            <normal x="1.0" y="0.0" z="0.0"></normal>
          </vertex>
          <vertex>
            <position x="6.417" y="21.65" z="-6.22"></position>
            <normal x="1.0" y="0.0" z="0.0"></normal>
          </vertex>
          <vertex>
            <position x="6.417" y="0.0" z="-3.937"></position>
            <normal x="0.7071067" y="0.0" z="0.7071067"></normal>
          </vertex>
          <vertex>
            <position x="6.358" y="21.65" z="-3.878"></position>
            <normal x="0.7071067" y="0.0" z="0.7071067"></normal>
          </vertex>
          <vertex>
            <position x="6.358" y="0.0" z="-3.878"></position>
            <normal x="0.7071067" y="0.0" z="0.7071067"></normal>
          </vertex>
          <vertex>
            <position x="6.417" y="21.65" z="-3.937"></position>
            <normal x="0.7071067" y="0.0" z="0.7071067"></normal>
          </vertex>
          <vertex>
            <position x="6.358" y="0.0" z="-3.878"></position>
            <normal x="1.0" y="0.0" z="0.0"></normal>
          </vertex>
          <vertex>
            <position x="6.358" y="21.65" z="-2.539"></position>
            <normal x="1.0" y="0.0" z="0.0"></normal>
          </vertex>
          <vertex>
            <position x="6.358" y="0.0" z="-2.539"></position>
            <normal x="1.0" y="0.0" z="0.0"></normal>
          </vertex>
          <vertex>
            <position x="6.358" y="21.65" z="-3.878"></position>
            <normal x="1.0" y="0.0" z="0.0"></normal>
          </vertex>
          <vertex>
            <position x="6.358" y="0.0" z="-2.539"></position>
            <normal x="0.7071067" y="0.0" z="-0.7071067"></normal>
          </vertex>
          <vertex>
            <position x="6.417" y="21.65" z="-2.48"></position>
            <normal x="0.7071067" y="0.0" z="-0.7071067"></normal>
          </vertex>
          <vertex>
            <position x="6.417" y="0.0" z="-2.48"></position>
            <normal x="0.7071067" y="0.0" z="-0.7071067"></normal>
          </vertex>
          <vertex>
            <position x="6.358" y="21.65" z="-2.539"></position>
            <normal x="0.7071067" y="0.0" z="-0.7071067"></normal>
          </vertex>
          <vertex>
            <position x="0.1969" y="21.65" z="0.0"></position>
            <normal x="0.0" y="1.0" z="0.0"></normal>
          </vertex>
          <vertex>
            <position x="0.0" y="21.65" z="-2.48"></position>
            <normal x="0.0" y="1.0" z="0.0"></normal>
          </vertex>
          <vertex>
            <position x="0.0" y="21.65" z="-0.1969"></position>
            <normal x="0.0" y="1.0" z="0.0"></normal>
          </vertex>
          <vertex>
            <position x="0.05906" y="21.65" z="-2.539"></position>
            <normal x="0.0" y="1.0" z="0.0"></normal>
          </vertex>
          <vertex>
            <position x="0.05906" y="21.65" z="-3.878"></position>
            <normal x="0.0" y="1.0" z="0.0"></normal>
          </vertex>
          <vertex>
            <position x="0.0" y="21.65" z="-6.22"></position>
            <normal x="0.0" y="1.0" z="0.0"></normal>
          </vertex>
          <vertex>
            <position x="0.0" y="21.65" z="-3.937"></position>
            <normal x="0.0" y="1.0" z="0.0"></normal>
          </vertex>
          <vertex>
            <position x="0.1969" y="21.65" z="-6.417"></position>
            <normal x="0.0" y="1.0" z="0.0"></normal>
          </vertex>
          <vertex>
            <position x="0.1969" y="21.65" z="-6.417"></position>
            <normal x="-0.0" y="0.99999994" z="0.0"></normal>
          </vertex>
          <vertex>
            <position x="0.1969" y="21.65" z="0.0"></position>
            <normal x="-0.0" y="0.99999994" z="0.0"></normal>
          </vertex>
          <vertex>
            <position x="2.48" y="21.65" z="0.0"></position>
            <normal x="-0.0" y="0.99999994" z="0.0"></normal>
          </vertex>
          <vertex>
            <position x="2.48" y="21.65" z="-6.417"></position>
            <normal x="-0.0" y="0.99999994" z="0.0"></normal>
          </vertex>
          <vertex>
            <position x="2.48" y="21.65" z="-6.417"></position>
            <normal x="0.0" y="1.0" z="0.0"></normal>
          </vertex>
          <vertex>
            <position x="2.48" y="21.65" z="0.0"></position>
            <normal x="0.0" y="1.0" z="0.0"></normal>
          </vertex>
          <vertex>
            <position x="2.539" y="21.65" z="-0.05906"></position>
            <normal x="0.0" y="1.0" z="0.0"></normal>
          </vertex>
          <vertex>
            <position x="2.539" y="21.65" z="-6.358"></position>
            <normal x="0.0" y="1.0" z="0.0"></normal>
          </vertex>
          <vertex>
            <position x="3.878" y="21.65" z="-0.05906"></position>
            <normal x="0.0" y="1.0" z="0.0"></normal>
          </vertex>
          <vertex>
            <position x="3.878" y="21.65" z="-6.358"></position>
            <normal x="0.0" y="1.0" z="0.0"></normal>
          </vertex>
          <vertex>
            <position x="3.937" y="21.65" z="0.0"></position>
            <normal x="0.0" y="1.0" z="0.0"></normal>
          </vertex>
          <vertex>
            <position x="3.937" y="21.65" z="-6.417"></position>
            <normal x="0.0" y="1.0" z="0.0"></normal>
          </vertex>
          <vertex>
            <position x="6.22" y="21.65" z="0.0"></position>
            <normal x="0.0" y="1.0" z="0.0"></normal>
          </vertex>
          <vertex>
            <position x="6.22" y="21.65" z="-6.417"></position>
            <normal x="0.0" y="1.0" z="0.0"></normal>
          </vertex>
          <vertex>
            <position x="6.417" y="21.65" z="-0.1969"></position>
            <normal x="0.0" y="1.0" z="0.0"></normal>
          </vertex>
          <vertex>
            <position x="6.358" y="21.65" z="-2.539"></position>
            <normal x="0.0" y="1.0" z="0.0"></normal>
          </vertex>
          <vertex>
            <position x="6.417" y="21.65" z="-2.48"></position>
            <normal x="0.0" y="1.0" z="0.0"></normal>
          </vertex>
          <vertex>
            <position x="6.22" y="21.65" z="-6.417"></position>
            <normal x="-0.0" y="0.99999994" z="0.0"></normal>
          </vertex>
          <vertex>
            <position x="6.358" y="21.65" z="-3.878"></position>
            <normal x="-0.0" y="0.99999994" z="0.0"></normal>
          </vertex>
          <vertex>
            <position x="6.417" y="21.65" z="-6.22"></position>
            <normal x="-0.0" y="0.99999994" z="0.0"></normal>
          </vertex>
          <vertex>
            <position x="6.358" y="21.65" z="-3.878"></position>
            <normal x="0.0" y="1.0" z="0.0"></normal>
          </vertex>
          <vertex>
            <position x="6.417" y="21.65" z="-6.22"></position>
            <normal x="0.0" y="1.0" z="0.0"></normal>
          </vertex>
          <vertex>
            <position x="6.417" y="21.65" z="-3.937"></position>
            <normal x="0.0" y="1.0" z="0.0"></normal>
          </vertex>
        </vertexbuffer>
      </geometry>
    </submesh>
  </submeshes>
</mesh>
