<mesh>
  <submeshes>
    <submesh material="Material.1026" usesharedvertices="false">
      <faces count="216">
        <face v1="0" v2="1" v3="2"></face>
        <face v1="3" v2="4" v3="5"></face>
        <face v1="6" v2="7" v3="8"></face>
        <face v1="9" v2="10" v3="11"></face>
        <face v1="12" v2="13" v3="14"></face>
        <face v1="12" v2="15" v3="13"></face>
        <face v1="16" v2="15" v3="12"></face>
        <face v1="17" v2="18" v3="19"></face>
        <face v1="17" v2="20" v3="18"></face>
        <face v1="21" v2="22" v3="16"></face>
        <face v1="21" v2="23" v3="22"></face>
        <face v1="24" v2="23" v3="21"></face>
        <face v1="23" v2="24" v3="25"></face>
        <face v1="26" v2="27" v3="28"></face>
        <face v1="29" v2="30" v3="31"></face>
        <face v1="32" v2="33" v3="34"></face>
        <face v1="35" v2="33" v3="32"></face>
        <face v1="36" v2="37" v3="38"></face>
        <face v1="39" v2="40" v3="35"></face>
        <face v1="41" v2="40" v3="39"></face>
        <face v1="41" v2="42" v3="40"></face>
        <face v1="41" v2="43" v3="42"></face>
        <face v1="44" v2="43" v3="41"></face>
        <face v1="43" v2="44" v3="45"></face>
        <face v1="46" v2="47" v3="48"></face>
        <face v1="49" v2="50" v3="51"></face>
        <face v1="52" v2="53" v3="54"></face>
        <face v1="55" v2="56" v3="57"></face>
        <face v1="25" v2="22" v3="23"></face>
        <face v1="58" v2="59" v3="60"></face>
        <face v1="61" v2="62" v3="63"></face>
        <face v1="64" v2="65" v3="66"></face>
        <face v1="67" v2="68" v3="69"></face>
        <face v1="70" v2="71" v3="72"></face>
        <face v1="73" v2="74" v3="75"></face>
        <face v1="76" v2="77" v3="78"></face>
        <face v1="79" v2="80" v3="81"></face>
        <face v1="80" v2="79" v3="82"></face>
        <face v1="83" v2="84" v3="85"></face>
        <face v1="86" v2="87" v3="88"></face>
        <face v1="89" v2="90" v3="91"></face>
        <face v1="92" v2="93" v3="94"></face>
        <face v1="95" v2="96" v3="97"></face>
        <face v1="98" v2="85" v3="84"></face>
        <face v1="99" v2="100" v3="101"></face>
        <face v1="102" v2="103" v3="104"></face>
        <face v1="105" v2="106" v3="107"></face>
        <face v1="108" v2="109" v3="110"></face>
        <face v1="111" v2="112" v3="113"></face>
        <face v1="112" v2="111" v3="114"></face>
        <face v1="115" v2="116" v3="117"></face>
        <face v1="118" v2="119" v3="120"></face>
        <face v1="121" v2="119" v3="118"></face>
        <face v1="121" v2="122" v3="119"></face>
        <face v1="123" v2="122" v3="121"></face>
        <face v1="122" v2="123" v3="124"></face>
        <face v1="125" v2="126" v3="127"></face>
        <face v1="126" v2="125" v3="128"></face>
        <face v1="129" v2="130" v3="131"></face>
        <face v1="132" v2="130" v3="129"></face>
        <face v1="132" v2="133" v3="130"></face>
        <face v1="134" v2="133" v3="132"></face>
        <face v1="134" v2="135" v3="133"></face>
        <face v1="135" v2="134" v3="136"></face>
        <face v1="137" v2="138" v3="139"></face>
        <face v1="138" v2="137" v3="140"></face>
        <face v1="141" v2="142" v3="143"></face>
        <face v1="142" v2="141" v3="144"></face>
        <face v1="145" v2="146" v3="147"></face>
        <face v1="146" v2="145" v3="148"></face>
        <face v1="149" v2="150" v3="151"></face>
        <face v1="150" v2="149" v3="152"></face>
      </faces>
      <geometry vertexcount="153">
        <vertexbuffer positions="true" normals="true">
          <vertex>
            <position x="0.0" y="-2.411" z="14.76"></position>
            <normal x="-0.047667604" y="0.95197344" z="-0.30244738"></normal>
          </vertex>
          <vertex>
            <position x="-3.15" y="-3.722" z="11.13"></position>
            <normal x="-0.047667604" y="0.95197344" z="-0.30244738"></normal>
          </vertex>
          <vertex>
            <position x="-3.15" y="-2.448" z="15.14"></position>
            <normal x="-0.047667604" y="0.95197344" z="-0.30244738"></normal>
          </vertex>
          <vertex>
            <position x="-3.15" y="-3.722" z="11.13"></position>
            <normal x="-0.04771569" y="0.95198315" z="-0.30240917"></normal>
          </vertex>
          <vertex>
            <position x="0.0" y="-2.411" z="14.76"></position>
            <normal x="-0.04771569" y="0.95198315" z="-0.30240917"></normal>
          </vertex>
          <vertex>
            <position x="0.0" y="-3.634" z="10.91"></position>
            <normal x="-0.04771569" y="0.95198315" z="-0.30240917"></normal>
          </vertex>
          <vertex>
            <position x="0.0" y="-3.634" z="10.91"></position>
            <normal x="-0.027066488" y="0.9995582" z="0.012279573"></normal>
          </vertex>
          <vertex>
            <position x="-3.15" y="-3.642" z="4.618"></position>
            <normal x="-0.027066488" y="0.9995582" z="0.012279573"></normal>
          </vertex>
          <vertex>
            <position x="-3.15" y="-3.722" z="11.13"></position>
            <normal x="-0.027066488" y="0.9995582" z="0.012279573"></normal>
          </vertex>
          <vertex>
            <position x="-3.15" y="-3.642" z="4.618"></position>
            <normal x="-0.02712063" y="0.9995564" z="0.012306682"></normal>
          </vertex>
          <vertex>
            <position x="0.0" y="-3.634" z="10.91"></position>
            <normal x="-0.02712063" y="0.9995564" z="0.012306682"></normal>
          </vertex>
          <vertex>
            <position x="0.0" y="-3.557" z="4.656"></position>
            <normal x="-0.02712063" y="0.9995564" z="0.012306682"></normal>
          </vertex>
          <vertex>
            <position x="-3.15" y="-2.448" z="15.14"></position>
            <normal x="1.0" y="0.0" z="0.0"></normal>
          </vertex>
          <vertex>
            <position x="-3.15" y="-1.702" z="14.84"></position>
            <normal x="1.0" y="0.0" z="0.0"></normal>
          </vertex>
          <vertex>
            <position x="-3.15" y="-2.11" z="15.21"></position>
            <normal x="1.0" y="0.0" z="0.0"></normal>
          </vertex>
          <vertex>
            <position x="-3.15" y="-1.687" z="14.13"></position>
            <normal x="1.0" y="0.0" z="0.0"></normal>
          </vertex>
          <vertex>
            <position x="-3.15" y="-3.722" z="11.13"></position>
            <normal x="1.0" y="0.0" z="0.0"></normal>
          </vertex>
          <vertex>
            <position x="-3.15" y="-3.722" z="11.13"></position>
            <normal x="0.99999994" y="0.0" z="0.0"></normal>
          </vertex>
          <vertex>
            <position x="-3.15" y="-1.513" z="5.579"></position>
            <normal x="0.99999994" y="0.0" z="0.0"></normal>
          </vertex>
          <vertex>
            <position x="-3.15" y="-1.687" z="14.13"></position>
            <normal x="0.99999994" y="0.0" z="0.0"></normal>
          </vertex>
          <vertex>
            <position x="-3.15" y="-2.064" z="4.964"></position>
            <normal x="0.99999994" y="0.0" z="0.0"></normal>
          </vertex>
          <vertex>
            <position x="-3.15" y="-3.642" z="4.618"></position>
            <normal x="1.0" y="0.0" z="0.0"></normal>
          </vertex>
          <vertex>
            <position x="-3.15" y="-2.064" z="4.964"></position>
            <normal x="1.0" y="0.0" z="0.0"></normal>
          </vertex>
          <vertex>
            <position x="-3.15" y="-2.126" z="0.4058"></position>
            <normal x="1.0" y="0.0" z="0.0"></normal>
          </vertex>
          <vertex>
            <position x="-3.15" y="-3.006" z="0.3357"></position>
            <normal x="1.0" y="0.0" z="0.0"></normal>
          </vertex>
          <vertex>
            <position x="-3.15" y="-2.131" z="0.0"></position>
            <normal x="1.0" y="0.0" z="0.0"></normal>
          </vertex>
          <vertex>
            <position x="-3.15" y="-2.11" z="15.21"></position>
            <normal x="-0.11964465" y="0.20133957" z="-0.9721869"></normal>
          </vertex>
          <vertex>
            <position x="0.0" y="-2.411" z="14.76"></position>
            <normal x="-0.11964465" y="0.20133957" z="-0.9721869"></normal>
          </vertex>
          <vertex>
            <position x="-3.15" y="-2.448" z="15.14"></position>
            <normal x="-0.11964465" y="0.20133957" z="-0.9721869"></normal>
          </vertex>
          <vertex>
            <position x="0.0" y="-2.411" z="14.76"></position>
            <normal x="-0.122212395" y="0.18018503" z="-0.976011"></normal>
          </vertex>
          <vertex>
            <position x="-3.15" y="-2.11" z="15.21"></position>
            <normal x="-0.122212395" y="0.18018503" z="-0.976011"></normal>
          </vertex>
          <vertex>
            <position x="0.0" y="-2.086" z="14.82"></position>
            <normal x="-0.122212395" y="0.18018503" z="-0.976011"></normal>
          </vertex>
          <vertex>
            <position x="0.0" y="-1.694" z="14.47"></position>
            <normal x="-1.0" y="0.0" z="0.0"></normal>
          </vertex>
          <vertex>
            <position x="0.0" y="-2.411" z="14.76"></position>
            <normal x="-1.0" y="0.0" z="0.0"></normal>
          </vertex>
          <vertex>
            <position x="0.0" y="-2.086" z="14.82"></position>
            <normal x="-1.0" y="0.0" z="0.0"></normal>
          </vertex>
          <vertex>
            <position x="0.0" y="-1.687" z="14.13"></position>
            <normal x="-1.0" y="0.0" z="0.0"></normal>
          </vertex>
          <vertex>
            <position x="0.0" y="-1.687" z="14.13"></position>
            <normal x="-0.99999994" y="0.0" z="0.0"></normal>
          </vertex>
          <vertex>
            <position x="0.0" y="-3.634" z="10.91"></position>
            <normal x="-0.99999994" y="0.0" z="0.0"></normal>
          </vertex>
          <vertex>
            <position x="0.0" y="-2.411" z="14.76"></position>
            <normal x="-0.99999994" y="0.0" z="0.0"></normal>
          </vertex>
          <vertex>
            <position x="0.0" y="-1.513" z="5.579"></position>
            <normal x="-1.0" y="0.0" z="0.0"></normal>
          </vertex>
          <vertex>
            <position x="0.0" y="-3.634" z="10.91"></position>
            <normal x="-1.0" y="0.0" z="0.0"></normal>
          </vertex>
          <vertex>
            <position x="0.0" y="-2.064" z="4.964"></position>
            <normal x="-1.0" y="0.0" z="0.0"></normal>
          </vertex>
          <vertex>
            <position x="0.0" y="-3.557" z="4.656"></position>
            <normal x="-1.0" y="0.0" z="0.0"></normal>
          </vertex>
          <vertex>
            <position x="0.0" y="-2.944" z="0.5355"></position>
            <normal x="-1.0" y="0.0" z="0.0"></normal>
          </vertex>
          <vertex>
            <position x="0.0" y="-2.126" z="0.4058"></position>
            <normal x="-1.0" y="0.0" z="0.0"></normal>
          </vertex>
          <vertex>
            <position x="0.0" y="-2.128" z="0.2221"></position>
            <normal x="-1.0" y="0.0" z="0.0"></normal>
          </vertex>
          <vertex>
            <position x="0.0" y="-3.557" z="4.656"></position>
            <normal x="-0.02845205" y="0.98874986" z="0.14684746"></normal>
          </vertex>
          <vertex>
            <position x="-3.15" y="-3.006" z="0.3357"></position>
            <normal x="-0.02845205" y="0.98874986" z="0.14684746"></normal>
          </vertex>
          <vertex>
            <position x="-3.15" y="-3.642" z="4.618"></position>
            <normal x="-0.02845205" y="0.98874986" z="0.14684746"></normal>
          </vertex>
          <vertex>
            <position x="-3.15" y="-3.006" z="0.3357"></position>
            <normal x="-0.028789796" y="0.9887044" z="0.14708789"></normal>
          </vertex>
          <vertex>
            <position x="0.0" y="-3.557" z="4.656"></position>
            <normal x="-0.028789796" y="0.9887044" z="0.14708789"></normal>
          </vertex>
          <vertex>
            <position x="0.0" y="-2.944" z="0.5355"></position>
            <normal x="-0.028789796" y="0.9887044" z="0.14708789"></normal>
          </vertex>
          <vertex>
            <position x="0.0" y="-2.944" z="0.5355"></position>
            <normal x="-0.066125" y="0.35741562" z="0.93160164"></normal>
          </vertex>
          <vertex>
            <position x="-3.15" y="-2.131" z="0.0"></position>
            <normal x="-0.066125" y="0.35741562" z="0.93160164"></normal>
          </vertex>
          <vertex>
            <position x="-3.15" y="-3.006" z="0.3357"></position>
            <normal x="-0.066125" y="0.35741562" z="0.93160164"></normal>
          </vertex>
          <vertex>
            <position x="-3.15" y="-2.131" z="0.0"></position>
            <normal x="-0.06601746" y="0.3577522" z="0.93148"></normal>
          </vertex>
          <vertex>
            <position x="0.0" y="-2.944" z="0.5355"></position>
            <normal x="-0.06601746" y="0.3577522" z="0.93148"></normal>
          </vertex>
          <vertex>
            <position x="0.0" y="-2.128" z="0.2221"></position>
            <normal x="-0.06601746" y="0.3577522" z="0.93148"></normal>
          </vertex>
          <vertex>
            <position x="-3.15" y="-2.131" z="0.0"></position>
            <normal x="-0.0012106837" y="-0.9999082" z="0.01349597"></normal>
          </vertex>
          <vertex>
            <position x="-2.756" y="-2.126" z="0.4058"></position>
            <normal x="-0.0012106837" y="-0.9999082" z="0.01349597"></normal>
          </vertex>
          <vertex>
            <position x="-3.15" y="-2.064" z="4.964"></position>
            <normal x="-0.0012106837" y="-0.9999082" z="0.01349597"></normal>
          </vertex>
          <vertex>
            <position x="-3.15" y="-2.131" z="0.0"></position>
            <normal x="0.0" y="-0.9999241" z="0.012320687"></normal>
          </vertex>
          <vertex>
            <position x="-0.1969" y="-2.126" z="0.4058"></position>
            <normal x="0.0" y="-0.9999241" z="0.012320687"></normal>
          </vertex>
          <vertex>
            <position x="-2.756" y="-2.126" z="0.4058"></position>
            <normal x="0.0" y="-0.9999241" z="0.012320687"></normal>
          </vertex>
          <vertex>
            <position x="0.0" y="-2.128" z="0.2221"></position>
            <normal x="1.7172056E-4" y="-0.9999388" z="0.011071217"></normal>
          </vertex>
          <vertex>
            <position x="-0.1969" y="-2.126" z="0.4058"></position>
            <normal x="1.7172056E-4" y="-0.9999388" z="0.011071217"></normal>
          </vertex>
          <vertex>
            <position x="-3.15" y="-2.131" z="0.0"></position>
            <normal x="1.7172056E-4" y="-0.9999388" z="0.011071217"></normal>
          </vertex>
          <vertex>
            <position x="0.0" y="-2.128" z="0.2221"></position>
            <normal x="0.0025318488" y="-0.99990433" z="0.013600566"></normal>
          </vertex>
          <vertex>
            <position x="-0.1969" y="-2.064" z="4.964"></position>
            <normal x="0.0025318488" y="-0.99990433" z="0.013600566"></normal>
          </vertex>
          <vertex>
            <position x="-0.1969" y="-2.126" z="0.4058"></position>
            <normal x="0.0025318488" y="-0.99990433" z="0.013600566"></normal>
          </vertex>
          <vertex>
            <position x="0.0" y="-2.126" z="0.4058"></position>
            <normal x="-0.06270213" y="-0.99797314" z="0.010865746"></normal>
          </vertex>
          <vertex>
            <position x="-0.1969" y="-2.064" z="4.964"></position>
            <normal x="-0.06270213" y="-0.99797314" z="0.010865746"></normal>
          </vertex>
          <vertex>
            <position x="0.0" y="-2.128" z="0.2221"></position>
            <normal x="-0.06270213" y="-0.99797314" z="0.010865746"></normal>
          </vertex>
          <vertex>
            <position x="-0.1969" y="-2.064" z="4.964"></position>
            <normal x="0.0" y="-0.99990755" z="0.01360061"></normal>
          </vertex>
          <vertex>
            <position x="0.0" y="-2.126" z="0.4058"></position>
            <normal x="0.0" y="-0.99990755" z="0.01360061"></normal>
          </vertex>
          <vertex>
            <position x="0.0" y="-2.064" z="4.964"></position>
            <normal x="0.0" y="-0.99990755" z="0.01360061"></normal>
          </vertex>
          <vertex>
            <position x="-3.15" y="-2.064" z="4.964"></position>
            <normal x="0.0" y="-0.9999075" z="0.013600609"></normal>
          </vertex>
          <vertex>
            <position x="-2.756" y="-2.126" z="0.4058"></position>
            <normal x="0.0" y="-0.9999075" z="0.013600609"></normal>
          </vertex>
          <vertex>
            <position x="-2.756" y="-2.064" z="4.964"></position>
            <normal x="0.0" y="-0.9999075" z="0.013600609"></normal>
          </vertex>
          <vertex>
            <position x="-2.756" y="-2.064" z="4.964"></position>
            <normal x="0.0" y="-0.7447977" z="0.66729045"></normal>
          </vertex>
          <vertex>
            <position x="-3.15" y="-1.513" z="5.579"></position>
            <normal x="0.0" y="-0.7447977" z="0.66729045"></normal>
          </vertex>
          <vertex>
            <position x="-3.15" y="-2.064" z="4.964"></position>
            <normal x="0.0" y="-0.7447977" z="0.66729045"></normal>
          </vertex>
          <vertex>
            <position x="-2.756" y="-1.513" z="5.579"></position>
            <normal x="0.0" y="-0.7447977" z="0.66729045"></normal>
          </vertex>
          <vertex>
            <position x="-0.1969" y="-1.513" z="5.579"></position>
            <normal x="-0.0" y="-0.99979305" z="-0.020344289"></normal>
          </vertex>
          <vertex>
            <position x="0.0" y="-1.513" z="5.579"></position>
            <normal x="-0.0" y="-0.99979305" z="-0.020344289"></normal>
          </vertex>
          <vertex>
            <position x="-0.1969" y="-1.687" z="14.13"></position>
            <normal x="-0.0" y="-0.99979305" z="-0.020344289"></normal>
          </vertex>
          <vertex>
            <position x="-3.15" y="-1.513" z="5.579"></position>
            <normal x="-1.0" y="0.0" z="0.0"></normal>
          </vertex>
          <vertex>
            <position x="-3.15" y="-1.702" z="14.84"></position>
            <normal x="-1.0" y="0.0" z="0.0"></normal>
          </vertex>
          <vertex>
            <position x="-3.15" y="-1.687" z="14.13"></position>
            <normal x="-1.0" y="0.0" z="0.0"></normal>
          </vertex>
          <vertex>
            <position x="-2.756" y="-1.513" z="5.579"></position>
            <normal x="0.0" y="-0.9997918" z="-0.020403916"></normal>
          </vertex>
          <vertex>
            <position x="-3.15" y="-1.702" z="14.84"></position>
            <normal x="0.0" y="-0.9997918" z="-0.020403916"></normal>
          </vertex>
          <vertex>
            <position x="-3.15" y="-1.513" z="5.579"></position>
            <normal x="0.0" y="-0.9997918" z="-0.020403916"></normal>
          </vertex>
          <vertex>
            <position x="-2.756" y="-1.687" z="14.13"></position>
            <normal x="0.0014021209" y="-0.99979204" z="-0.020344269"></normal>
          </vertex>
          <vertex>
            <position x="-3.15" y="-1.702" z="14.84"></position>
            <normal x="0.0014021209" y="-0.99979204" z="-0.020344269"></normal>
          </vertex>
          <vertex>
            <position x="-2.756" y="-1.513" z="5.579"></position>
            <normal x="0.0014021209" y="-0.99979204" z="-0.020344269"></normal>
          </vertex>
          <vertex>
            <position x="-0.1969" y="-1.687" z="14.13"></position>
            <normal x="0.0" y="-0.99977696" z="-0.02112203"></normal>
          </vertex>
          <vertex>
            <position x="-3.15" y="-1.702" z="14.84"></position>
            <normal x="0.0" y="-0.99977696" z="-0.02112203"></normal>
          </vertex>
          <vertex>
            <position x="-2.756" y="-1.687" z="14.13"></position>
            <normal x="0.0" y="-0.99977696" z="-0.02112203"></normal>
          </vertex>
          <vertex>
            <position x="0.0" y="-1.687" z="14.13"></position>
            <normal x="-0.0" y="-0.99979305" z="-0.020344289"></normal>
          </vertex>
          <vertex>
            <position x="0.0" y="-1.687" z="14.13"></position>
            <normal x="0.0" y="-0.99977696" z="-0.021122001"></normal>
          </vertex>
          <vertex>
            <position x="-3.15" y="-1.702" z="14.84"></position>
            <normal x="0.0" y="-0.99977696" z="-0.021122001"></normal>
          </vertex>
          <vertex>
            <position x="-0.1969" y="-1.687" z="14.13"></position>
            <normal x="0.0" y="-0.99977696" z="-0.021122001"></normal>
          </vertex>
          <vertex>
            <position x="-3.15" y="-1.702" z="14.84"></position>
            <normal x="1.2137356E-4" y="-0.9997881" z="-0.020583775"></normal>
          </vertex>
          <vertex>
            <position x="0.0" y="-1.687" z="14.13"></position>
            <normal x="1.2137356E-4" y="-0.9997881" z="-0.020583775"></normal>
          </vertex>
          <vertex>
            <position x="0.0" y="-1.694" z="14.47"></position>
            <normal x="1.2137356E-4" y="-0.9997881" z="-0.020583775"></normal>
          </vertex>
          <vertex>
            <position x="-3.15" y="-1.702" z="14.84"></position>
            <normal x="-0.08627227" y="-0.669264" z="-0.7379992"></normal>
          </vertex>
          <vertex>
            <position x="0.0" y="-2.086" z="14.82"></position>
            <normal x="-0.08627227" y="-0.669264" z="-0.7379992"></normal>
          </vertex>
          <vertex>
            <position x="-3.15" y="-2.11" z="15.21"></position>
            <normal x="-0.08627227" y="-0.669264" z="-0.7379992"></normal>
          </vertex>
          <vertex>
            <position x="0.0" y="-2.086" z="14.82"></position>
            <normal x="-0.085611165" y="-0.66357005" z="-0.7431995"></normal>
          </vertex>
          <vertex>
            <position x="-3.15" y="-1.702" z="14.84"></position>
            <normal x="-0.085611165" y="-0.66357005" z="-0.7431995"></normal>
          </vertex>
          <vertex>
            <position x="0.0" y="-1.694" z="14.47"></position>
            <normal x="-0.085611165" y="-0.66357005" z="-0.7431995"></normal>
          </vertex>
          <vertex>
            <position x="0.0" y="-2.064" z="4.964"></position>
            <normal x="0.0" y="-0.74479765" z="0.6672904"></normal>
          </vertex>
          <vertex>
            <position x="-0.1969" y="-1.513" z="5.579"></position>
            <normal x="0.0" y="-0.74479765" z="0.6672904"></normal>
          </vertex>
          <vertex>
            <position x="-0.1969" y="-2.064" z="4.964"></position>
            <normal x="0.0" y="-0.74479765" z="0.6672904"></normal>
          </vertex>
          <vertex>
            <position x="0.0" y="-1.513" z="5.579"></position>
            <normal x="0.0" y="-0.74479765" z="0.6672904"></normal>
          </vertex>
          <vertex>
            <position x="-0.1969" y="-0.2828" z="8.136"></position>
            <normal x="-0.99999994" y="0.0" z="0.0"></normal>
          </vertex>
          <vertex>
            <position x="-0.1969" y="-1.687" z="14.13"></position>
            <normal x="-0.99999994" y="0.0" z="0.0"></normal>
          </vertex>
          <vertex>
            <position x="-0.1969" y="-1.06" z="13.78"></position>
            <normal x="-0.99999994" y="0.0" z="0.0"></normal>
          </vertex>
          <vertex>
            <position x="-0.1969" y="-0.2828" z="8.136"></position>
            <normal x="-1.0" y="0.0" z="0.0"></normal>
          </vertex>
          <vertex>
            <position x="-0.1969" y="-1.513" z="5.579"></position>
            <normal x="-1.0" y="0.0" z="0.0"></normal>
          </vertex>
          <vertex>
            <position x="-0.1969" y="-1.687" z="14.13"></position>
            <normal x="-1.0" y="0.0" z="0.0"></normal>
          </vertex>
          <vertex>
            <position x="-0.1969" y="0.0" z="1.95"></position>
            <normal x="-1.0" y="0.0" z="0.0"></normal>
          </vertex>
          <vertex>
            <position x="-0.1969" y="-2.064" z="4.964"></position>
            <normal x="-1.0" y="0.0" z="0.0"></normal>
          </vertex>
          <vertex>
            <position x="-0.1969" y="-0.5028" z="0.6987"></position>
            <normal x="-1.0" y="0.0" z="0.0"></normal>
          </vertex>
          <vertex>
            <position x="-0.1969" y="-2.126" z="0.4058"></position>
            <normal x="-1.0" y="0.0" z="0.0"></normal>
          </vertex>
          <vertex>
            <position x="-0.1969" y="-0.5028" z="0.6987"></position>
            <normal x="0.0" y="-0.17757815" z="0.9841067"></normal>
          </vertex>
          <vertex>
            <position x="-2.756" y="-2.126" z="0.4058"></position>
            <normal x="0.0" y="-0.17757815" z="0.9841067"></normal>
          </vertex>
          <vertex>
            <position x="-0.1969" y="-2.126" z="0.4058"></position>
            <normal x="0.0" y="-0.17757815" z="0.9841067"></normal>
          </vertex>
          <vertex>
            <position x="-2.756" y="-0.5028" z="0.6987"></position>
            <normal x="0.0" y="-0.17757815" z="0.9841067"></normal>
          </vertex>
          <vertex>
            <position x="-2.756" y="-1.687" z="14.13"></position>
            <normal x="1.0" y="0.0" z="0.0"></normal>
          </vertex>
          <vertex>
            <position x="-2.756" y="-0.2828" z="8.136"></position>
            <normal x="1.0" y="0.0" z="0.0"></normal>
          </vertex>
          <vertex>
            <position x="-2.756" y="-1.06" z="13.78"></position>
            <normal x="1.0" y="0.0" z="0.0"></normal>
          </vertex>
          <vertex>
            <position x="-2.756" y="-1.513" z="5.579"></position>
            <normal x="1.0" y="0.0" z="0.0"></normal>
          </vertex>
          <vertex>
            <position x="-2.756" y="0.0" z="1.95"></position>
            <normal x="1.0" y="0.0" z="0.0"></normal>
          </vertex>
          <vertex>
            <position x="-2.756" y="-2.064" z="4.964"></position>
            <normal x="1.0" y="0.0" z="0.0"></normal>
          </vertex>
          <vertex>
            <position x="-2.756" y="-0.5028" z="0.6987"></position>
            <normal x="1.0" y="0.0" z="0.0"></normal>
          </vertex>
          <vertex>
            <position x="-2.756" y="-2.126" z="0.4058"></position>
            <normal x="1.0" y="0.0" z="0.0"></normal>
          </vertex>
          <vertex>
            <position x="-2.756" y="-1.06" z="13.78"></position>
            <normal x="-0.0" y="-0.4874159" z="-0.87316996"></normal>
          </vertex>
          <vertex>
            <position x="-0.1969" y="-1.687" z="14.13"></position>
            <normal x="-0.0" y="-0.4874159" z="-0.87316996"></normal>
          </vertex>
          <vertex>
            <position x="-2.756" y="-1.687" z="14.13"></position>
            <normal x="-0.0" y="-0.4874159" z="-0.87316996"></normal>
          </vertex>
          <vertex>
            <position x="-0.1969" y="-1.06" z="13.78"></position>
            <normal x="-0.0" y="-0.4874159" z="-0.87316996"></normal>
          </vertex>
          <vertex>
            <position x="-0.1969" y="-0.2828" z="8.136"></position>
            <normal x="0.0" y="-0.9906516" z="-0.13641644"></normal>
          </vertex>
          <vertex>
            <position x="-2.756" y="-1.06" z="13.78"></position>
            <normal x="0.0" y="-0.9906516" z="-0.13641644"></normal>
          </vertex>
          <vertex>
            <position x="-2.756" y="-0.2828" z="8.136"></position>
            <normal x="0.0" y="-0.9906516" z="-0.13641644"></normal>
          </vertex>
          <vertex>
            <position x="-0.1969" y="-1.06" z="13.78"></position>
            <normal x="0.0" y="-0.9906516" z="-0.13641644"></normal>
          </vertex>
          <vertex>
            <position x="-0.1969" y="0.0" z="1.95"></position>
            <normal x="0.0" y="-0.9989567" z="-0.045668438"></normal>
          </vertex>
          <vertex>
            <position x="-2.756" y="-0.2828" z="8.136"></position>
            <normal x="0.0" y="-0.9989567" z="-0.045668438"></normal>
          </vertex>
          <vertex>
            <position x="-2.756" y="0.0" z="1.95"></position>
            <normal x="0.0" y="-0.9989567" z="-0.045668438"></normal>
          </vertex>
          <vertex>
            <position x="-0.1969" y="-0.2828" z="8.136"></position>
            <normal x="0.0" y="-0.9989567" z="-0.045668438"></normal>
          </vertex>
          <vertex>
            <position x="-0.1969" y="-0.5028" z="0.6987"></position>
            <normal x="0.0" y="-0.92789257" z="0.37284768"></normal>
          </vertex>
          <vertex>
            <position x="-2.756" y="0.0" z="1.95"></position>
            <normal x="0.0" y="-0.92789257" z="0.37284768"></normal>
          </vertex>
          <vertex>
            <position x="-2.756" y="-0.5028" z="0.6987"></position>
            <normal x="0.0" y="-0.92789257" z="0.37284768"></normal>
          </vertex>
          <vertex>
            <position x="-0.1969" y="0.0" z="1.95"></position>
            <normal x="0.0" y="-0.92789257" z="0.37284768"></normal>
          </vertex>
        </vertexbuffer>
      </geometry>
    </submesh>
  </submeshes>
</mesh>
