<mesh>
  <submeshes>
    <submesh material="Material.1142" usesharedvertices="false">
      <faces count="108">
        <face v1="0" v2="1" v3="2"></face>
        <face v1="1" v2="0" v3="3"></face>
        <face v1="4" v2="5" v3="6"></face>
        <face v1="7" v2="8" v3="9"></face>
        <face v1="9" v2="8" v3="10"></face>
        <face v1="9" v2="10" v3="11"></face>
        <face v1="12" v2="13" v3="14"></face>
        <face v1="11" v2="15" v3="16"></face>
        <face v1="17" v2="18" v3="19"></face>
        <face v1="20" v2="15" v3="21"></face>
        <face v1="22" v2="23" v3="24"></face>
        <face v1="23" v2="22" v3="25"></face>
        <face v1="26" v2="27" v3="28"></face>
        <face v1="27" v2="26" v3="29"></face>
        <face v1="27" v2="29" v3="30"></face>
        <face v1="30" v2="29" v3="31"></face>
        <face v1="30" v2="31" v3="32"></face>
        <face v1="30" v2="32" v3="33"></face>
        <face v1="33" v2="32" v3="34"></face>
        <face v1="33" v2="34" v3="35"></face>
        <face v1="36" v2="37" v3="38"></face>
        <face v1="37" v2="36" v3="39"></face>
        <face v1="40" v2="41" v3="42"></face>
        <face v1="41" v2="40" v3="43"></face>
        <face v1="44" v2="45" v3="46"></face>
        <face v1="45" v2="44" v3="47"></face>
        <face v1="48" v2="49" v3="50"></face>
        <face v1="49" v2="48" v3="51"></face>
        <face v1="52" v2="53" v3="54"></face>
        <face v1="53" v2="52" v3="55"></face>
        <face v1="56" v2="57" v3="58"></face>
        <face v1="57" v2="56" v3="59"></face>
        <face v1="60" v2="61" v3="62"></face>
        <face v1="61" v2="60" v3="63"></face>
        <face v1="64" v2="65" v3="66"></face>
        <face v1="65" v2="64" v3="67"></face>
      </faces>
      <geometry vertexcount="68">
        <vertexbuffer positions="true" normals="true">
          <vertex>
            <position x="94.17" y="1.969" z="0.0"></position>
            <normal x="-0.23341383" y="0.0" z="0.9723775"></normal>
          </vertex>
          <vertex>
            <position x="71.67" y="0.0" z="-5.401"></position>
            <normal x="-0.23341383" y="0.0" z="0.9723775"></normal>
          </vertex>
          <vertex>
            <position x="94.17" y="0.0" z="0.0"></position>
            <normal x="-0.23341383" y="0.0" z="0.9723775"></normal>
          </vertex>
          <vertex>
            <position x="71.67" y="1.969" z="-5.401"></position>
            <normal x="-0.23341383" y="0.0" z="0.9723775"></normal>
          </vertex>
          <vertex>
            <position x="24.0" y="0.0" z="-15.12"></position>
            <normal x="0.0" y="-0.99999994" z="-0.0"></normal>
          </vertex>
          <vertex>
            <position x="3.042" y="0.0" z="0.0"></position>
            <normal x="0.0" y="-0.99999994" z="-0.0"></normal>
          </vertex>
          <vertex>
            <position x="0.0" y="0.0" z="-9.361"></position>
            <normal x="0.0" y="-0.99999994" z="-0.0"></normal>
          </vertex>
          <vertex>
            <position x="3.042" y="0.0" z="0.0"></position>
            <normal x="0.0" y="-1.0" z="0.0"></normal>
          </vertex>
          <vertex>
            <position x="24.0" y="0.0" z="-15.12"></position>
            <normal x="0.0" y="-1.0" z="0.0"></normal>
          </vertex>
          <vertex>
            <position x="25.54" y="0.0" z="-5.401"></position>
            <normal x="0.0" y="-1.0" z="0.0"></normal>
          </vertex>
          <vertex>
            <position x="48.6" y="0.0" z="-17.06"></position>
            <normal x="0.0" y="-1.0" z="0.0"></normal>
          </vertex>
          <vertex>
            <position x="48.6" y="0.0" z="-7.216"></position>
            <normal x="0.0" y="-1.0" z="0.0"></normal>
          </vertex>
          <vertex>
            <position x="48.6" y="0.0" z="-7.216"></position>
            <normal x="0.0" y="-0.99999994" z="-0.0"></normal>
          </vertex>
          <vertex>
            <position x="48.6" y="0.0" z="-17.06"></position>
            <normal x="0.0" y="-0.99999994" z="-0.0"></normal>
          </vertex>
          <vertex>
            <position x="73.21" y="0.0" z="-15.12"></position>
            <normal x="0.0" y="-0.99999994" z="-0.0"></normal>
          </vertex>
          <vertex>
            <position x="73.21" y="0.0" z="-15.12"></position>
            <normal x="0.0" y="-1.0" z="0.0"></normal>
          </vertex>
          <vertex>
            <position x="71.67" y="0.0" z="-5.401"></position>
            <normal x="0.0" y="-1.0" z="0.0"></normal>
          </vertex>
          <vertex>
            <position x="71.67" y="0.0" z="-5.401"></position>
            <normal x="0.0" y="-1.0000001" z="0.0"></normal>
          </vertex>
          <vertex>
            <position x="73.21" y="0.0" z="-15.12"></position>
            <normal x="0.0" y="-1.0000001" z="0.0"></normal>
          </vertex>
          <vertex>
            <position x="94.17" y="0.0" z="0.0"></position>
            <normal x="0.0" y="-1.0000001" z="0.0"></normal>
          </vertex>
          <vertex>
            <position x="94.17" y="0.0" z="0.0"></position>
            <normal x="0.0" y="-1.0" z="0.0"></normal>
          </vertex>
          <vertex>
            <position x="97.21" y="0.0" z="-9.361"></position>
            <normal x="0.0" y="-1.0" z="0.0"></normal>
          </vertex>
          <vertex>
            <position x="97.21" y="0.0" z="-9.361"></position>
            <normal x="0.95110345" y="0.0" z="0.3088725"></normal>
          </vertex>
          <vertex>
            <position x="94.17" y="1.969" z="0.0"></position>
            <normal x="0.95110345" y="0.0" z="0.3088725"></normal>
          </vertex>
          <vertex>
            <position x="94.17" y="0.0" z="0.0"></position>
            <normal x="0.95110345" y="0.0" z="0.3088725"></normal>
          </vertex>
          <vertex>
            <position x="97.21" y="1.969" z="-9.361"></position>
            <normal x="0.95110345" y="0.0" z="0.3088725"></normal>
          </vertex>
          <vertex>
            <position x="3.042" y="1.969" z="0.0"></position>
            <normal x="0.0" y="1.0" z="0.0"></normal>
          </vertex>
          <vertex>
            <position x="24.0" y="1.969" z="-15.12"></position>
            <normal x="0.0" y="1.0" z="0.0"></normal>
          </vertex>
          <vertex>
            <position x="0.0" y="1.969" z="-9.361"></position>
            <normal x="0.0" y="1.0" z="0.0"></normal>
          </vertex>
          <vertex>
            <position x="25.54" y="1.969" z="-5.401"></position>
            <normal x="0.0" y="1.0" z="0.0"></normal>
          </vertex>
          <vertex>
            <position x="48.6" y="1.969" z="-17.06"></position>
            <normal x="0.0" y="1.0" z="0.0"></normal>
          </vertex>
          <vertex>
            <position x="48.6" y="1.969" z="-7.216"></position>
            <normal x="0.0" y="1.0" z="0.0"></normal>
          </vertex>
          <vertex>
            <position x="71.67" y="1.969" z="-5.401"></position>
            <normal x="0.0" y="1.0" z="0.0"></normal>
          </vertex>
          <vertex>
            <position x="73.21" y="1.969" z="-15.12"></position>
            <normal x="0.0" y="1.0" z="0.0"></normal>
          </vertex>
          <vertex>
            <position x="94.17" y="1.969" z="0.0"></position>
            <normal x="0.0" y="1.0" z="0.0"></normal>
          </vertex>
          <vertex>
            <position x="97.21" y="1.969" z="-9.361"></position>
            <normal x="0.0" y="1.0" z="0.0"></normal>
          </vertex>
          <vertex>
            <position x="71.67" y="1.969" z="-5.401"></position>
            <normal x="-0.07843125" y="0.0" z="0.9969195"></normal>
          </vertex>
          <vertex>
            <position x="48.6" y="0.0" z="-7.216"></position>
            <normal x="-0.07843125" y="0.0" z="0.9969195"></normal>
          </vertex>
          <vertex>
            <position x="71.67" y="0.0" z="-5.401"></position>
            <normal x="-0.07843125" y="0.0" z="0.9969195"></normal>
          </vertex>
          <vertex>
            <position x="48.6" y="1.969" z="-7.216"></position>
            <normal x="-0.07843125" y="0.0" z="0.9969195"></normal>
          </vertex>
          <vertex>
            <position x="48.6" y="1.969" z="-7.216"></position>
            <normal x="0.07846506" y="0.0" z="0.9969169"></normal>
          </vertex>
          <vertex>
            <position x="25.54" y="0.0" z="-5.401"></position>
            <normal x="0.07846506" y="0.0" z="0.9969169"></normal>
          </vertex>
          <vertex>
            <position x="48.6" y="0.0" z="-7.216"></position>
            <normal x="0.07846506" y="0.0" z="0.9969169"></normal>
          </vertex>
          <vertex>
            <position x="25.54" y="1.969" z="-5.401"></position>
            <normal x="0.07846506" y="0.0" z="0.9969169"></normal>
          </vertex>
          <vertex>
            <position x="25.54" y="1.969" z="-5.401"></position>
            <normal x="0.23343344" y="0.0" z="0.97237283"></normal>
          </vertex>
          <vertex>
            <position x="3.042" y="0.0" z="0.0"></position>
            <normal x="0.23343344" y="0.0" z="0.97237283"></normal>
          </vertex>
          <vertex>
            <position x="25.54" y="0.0" z="-5.401"></position>
            <normal x="0.23343344" y="0.0" z="0.97237283"></normal>
          </vertex>
          <vertex>
            <position x="3.042" y="1.969" z="0.0"></position>
            <normal x="0.23343344" y="0.0" z="0.97237283"></normal>
          </vertex>
          <vertex>
            <position x="0.0" y="1.969" z="-9.361"></position>
            <normal x="-0.9510438" y="0.0" z="0.30905622"></normal>
          </vertex>
          <vertex>
            <position x="3.042" y="0.0" z="0.0"></position>
            <normal x="-0.9510438" y="0.0" z="0.30905622"></normal>
          </vertex>
          <vertex>
            <position x="3.042" y="1.969" z="0.0"></position>
            <normal x="-0.9510438" y="0.0" z="0.30905622"></normal>
          </vertex>
          <vertex>
            <position x="0.0" y="0.0" z="-9.361"></position>
            <normal x="-0.9510438" y="0.0" z="0.30905622"></normal>
          </vertex>
          <vertex>
            <position x="0.0" y="1.969" z="-9.361"></position>
            <normal x="-0.23333465" y="0.0" z="-0.9723965"></normal>
          </vertex>
          <vertex>
            <position x="24.0" y="0.0" z="-15.12"></position>
            <normal x="-0.23333465" y="0.0" z="-0.9723965"></normal>
          </vertex>
          <vertex>
            <position x="0.0" y="0.0" z="-9.361"></position>
            <normal x="-0.23333465" y="0.0" z="-0.9723965"></normal>
          </vertex>
          <vertex>
            <position x="24.0" y="1.969" z="-15.12"></position>
            <normal x="-0.23333465" y="0.0" z="-0.9723965"></normal>
          </vertex>
          <vertex>
            <position x="24.0" y="1.969" z="-15.12"></position>
            <normal x="-0.078617685" y="0.0" z="-0.99690485"></normal>
          </vertex>
          <vertex>
            <position x="48.6" y="0.0" z="-17.06"></position>
            <normal x="-0.078617685" y="0.0" z="-0.99690485"></normal>
          </vertex>
          <vertex>
            <position x="24.0" y="0.0" z="-15.12"></position>
            <normal x="-0.078617685" y="0.0" z="-0.99690485"></normal>
          </vertex>
          <vertex>
            <position x="48.6" y="1.969" z="-17.06"></position>
            <normal x="-0.078617685" y="0.0" z="-0.99690485"></normal>
          </vertex>
          <vertex>
            <position x="48.6" y="1.969" z="-17.06"></position>
            <normal x="0.07858593" y="0.0" z="-0.99690735"></normal>
          </vertex>
          <vertex>
            <position x="73.21" y="0.0" z="-15.12"></position>
            <normal x="0.07858593" y="0.0" z="-0.99690735"></normal>
          </vertex>
          <vertex>
            <position x="48.6" y="0.0" z="-17.06"></position>
            <normal x="0.07858593" y="0.0" z="-0.99690735"></normal>
          </vertex>
          <vertex>
            <position x="73.21" y="1.969" z="-15.12"></position>
            <normal x="0.07858593" y="0.0" z="-0.99690735"></normal>
          </vertex>
          <vertex>
            <position x="73.21" y="1.969" z="-15.12"></position>
            <normal x="0.23333465" y="0.0" z="-0.9723965"></normal>
          </vertex>
          <vertex>
            <position x="97.21" y="0.0" z="-9.361"></position>
            <normal x="0.23333465" y="0.0" z="-0.9723965"></normal>
          </vertex>
          <vertex>
            <position x="73.21" y="0.0" z="-15.12"></position>
            <normal x="0.23333465" y="0.0" z="-0.9723965"></normal>
          </vertex>
          <vertex>
            <position x="97.21" y="1.969" z="-9.361"></position>
            <normal x="0.23333465" y="0.0" z="-0.9723965"></normal>
          </vertex>
        </vertexbuffer>
      </geometry>
    </submesh>
  </submeshes>
</mesh>
