<mesh>
  <submeshes>
    <submesh material="Material.1096" usesharedvertices="false">
      <faces count="576">
        <face v1="0" v2="1" v3="2"></face>
        <face v1="1" v2="0" v3="3"></face>
        <face v1="4" v2="5" v3="6"></face>
        <face v1="7" v2="3" v3="8"></face>
        <face v1="8" v2="3" v3="9"></face>
        <face v1="8" v2="9" v3="10"></face>
        <face v1="10" v2="9" v3="11"></face>
        <face v1="12" v2="13" v3="14"></face>
        <face v1="15" v2="9" v3="16"></face>
        <face v1="15" v2="16" v3="17"></face>
        <face v1="17" v2="16" v3="18"></face>
        <face v1="19" v2="20" v3="21"></face>
        <face v1="17" v2="22" v3="23"></face>
        <face v1="17" v2="23" v3="24"></face>
        <face v1="24" v2="23" v3="25"></face>
        <face v1="24" v2="25" v3="26"></face>
        <face v1="24" v2="26" v3="27"></face>
        <face v1="28" v2="29" v3="30"></face>
        <face v1="24" v2="31" v3="32"></face>
        <face v1="24" v2="32" v3="33"></face>
        <face v1="32" v2="31" v3="34"></face>
        <face v1="34" v2="31" v3="35"></face>
        <face v1="35" v2="31" v3="36"></face>
        <face v1="35" v2="36" v3="37"></face>
        <face v1="37" v2="36" v3="38"></face>
        <face v1="39" v2="40" v3="41"></face>
        <face v1="33" v2="42" v3="24"></face>
        <face v1="42" v2="33" v3="43"></face>
        <face v1="42" v2="43" v3="44"></face>
        <face v1="42" v2="44" v3="38"></face>
        <face v1="42" v2="38" v3="45"></face>
        <face v1="45" v2="38" v3="46"></face>
        <face v1="46" v2="38" v3="36"></face>
        <face v1="45" v2="46" v3="47"></face>
        <face v1="45" v2="47" v3="48"></face>
        <face v1="49" v2="50" v3="51"></face>
        <face v1="45" v2="52" v3="53"></face>
        <face v1="53" v2="52" v3="54"></face>
        <face v1="53" v2="54" v3="55"></face>
        <face v1="55" v2="54" v3="56"></face>
        <face v1="57" v2="58" v3="59"></face>
        <face v1="60" v2="56" v3="61"></face>
        <face v1="0" v2="62" v3="63"></face>
        <face v1="64" v2="16" v3="9"></face>
        <face v1="16" v2="64" v3="65"></face>
        <face v1="65" v2="64" v3="66"></face>
        <face v1="67" v2="68" v3="69"></face>
        <face v1="70" v2="64" v3="27"></face>
        <face v1="70" v2="27" v3="71"></face>
        <face v1="71" v2="27" v3="26"></face>
        <face v1="72" v2="73" v3="74"></face>
        <face v1="73" v2="72" v3="75"></face>
        <face v1="75" v2="72" v3="76"></face>
        <face v1="75" v2="76" v3="77"></face>
        <face v1="78" v2="79" v3="80"></face>
        <face v1="78" v2="80" v3="81"></face>
        <face v1="82" v2="83" v3="84"></face>
        <face v1="81" v2="85" v3="86"></face>
        <face v1="86" v2="85" v3="87"></face>
        <face v1="88" v2="89" v3="90"></face>
        <face v1="86" v2="62" v3="2"></face>
        <face v1="2" v2="62" v3="0"></face>
        <face v1="88" v2="91" v3="92"></face>
        <face v1="86" v2="93" v3="15"></face>
        <face v1="14" v2="92" v3="94"></face>
        <face v1="15" v2="95" v3="11"></face>
        <face v1="96" v2="97" v3="98"></face>
        <face v1="97" v2="96" v3="99"></face>
        <face v1="100" v2="101" v3="102"></face>
        <face v1="101" v2="100" v3="103"></face>
        <face v1="104" v2="105" v3="106"></face>
        <face v1="105" v2="104" v3="107"></face>
        <face v1="108" v2="109" v3="110"></face>
        <face v1="109" v2="108" v3="111"></face>
        <face v1="112" v2="113" v3="114"></face>
        <face v1="113" v2="112" v3="115"></face>
        <face v1="116" v2="117" v3="118"></face>
        <face v1="117" v2="116" v3="119"></face>
        <face v1="120" v2="121" v3="122"></face>
        <face v1="121" v2="120" v3="123"></face>
        <face v1="124" v2="125" v3="126"></face>
        <face v1="125" v2="124" v3="127"></face>
        <face v1="128" v2="129" v3="130"></face>
        <face v1="129" v2="128" v3="131"></face>
        <face v1="132" v2="133" v3="134"></face>
        <face v1="133" v2="132" v3="135"></face>
        <face v1="136" v2="137" v3="138"></face>
        <face v1="137" v2="136" v3="139"></face>
        <face v1="140" v2="141" v3="142"></face>
        <face v1="141" v2="140" v3="143"></face>
        <face v1="144" v2="145" v3="146"></face>
        <face v1="145" v2="144" v3="147"></face>
        <face v1="148" v2="149" v3="150"></face>
        <face v1="149" v2="148" v3="151"></face>
        <face v1="152" v2="153" v3="154"></face>
        <face v1="153" v2="152" v3="155"></face>
        <face v1="156" v2="157" v3="158"></face>
        <face v1="157" v2="156" v3="159"></face>
        <face v1="160" v2="161" v3="162"></face>
        <face v1="161" v2="160" v3="163"></face>
        <face v1="164" v2="165" v3="166"></face>
        <face v1="165" v2="164" v3="167"></face>
        <face v1="168" v2="169" v3="170"></face>
        <face v1="169" v2="168" v3="171"></face>
        <face v1="172" v2="173" v3="174"></face>
        <face v1="173" v2="172" v3="175"></face>
        <face v1="176" v2="177" v3="178"></face>
        <face v1="177" v2="176" v3="179"></face>
        <face v1="180" v2="181" v3="182"></face>
        <face v1="181" v2="180" v3="183"></face>
        <face v1="184" v2="185" v3="186"></face>
        <face v1="185" v2="184" v3="187"></face>
        <face v1="188" v2="189" v3="190"></face>
        <face v1="189" v2="188" v3="191"></face>
        <face v1="192" v2="193" v3="194"></face>
        <face v1="193" v2="192" v3="195"></face>
        <face v1="196" v2="197" v3="198"></face>
        <face v1="197" v2="196" v3="199"></face>
        <face v1="200" v2="201" v3="202"></face>
        <face v1="201" v2="200" v3="203"></face>
        <face v1="204" v2="205" v3="206"></face>
        <face v1="205" v2="204" v3="207"></face>
        <face v1="208" v2="209" v3="210"></face>
        <face v1="209" v2="208" v3="211"></face>
        <face v1="212" v2="213" v3="214"></face>
        <face v1="213" v2="212" v3="215"></face>
        <face v1="216" v2="217" v3="218"></face>
        <face v1="217" v2="216" v3="219"></face>
        <face v1="220" v2="221" v3="222"></face>
        <face v1="221" v2="220" v3="223"></face>
        <face v1="224" v2="225" v3="226"></face>
        <face v1="225" v2="224" v3="227"></face>
        <face v1="228" v2="229" v3="230"></face>
        <face v1="229" v2="228" v3="231"></face>
        <face v1="232" v2="233" v3="234"></face>
        <face v1="233" v2="232" v3="235"></face>
        <face v1="236" v2="237" v3="238"></face>
        <face v1="237" v2="236" v3="239"></face>
        <face v1="240" v2="241" v3="242"></face>
        <face v1="241" v2="240" v3="243"></face>
        <face v1="241" v2="243" v3="244"></face>
        <face v1="244" v2="243" v3="245"></face>
        <face v1="246" v2="247" v3="248"></face>
        <face v1="248" v2="247" v3="249"></face>
        <face v1="250" v2="251" v3="252"></face>
        <face v1="248" v2="253" v3="254"></face>
        <face v1="254" v2="253" v3="255"></face>
        <face v1="255" v2="253" v3="256"></face>
        <face v1="256" v2="253" v3="257"></face>
        <face v1="256" v2="257" v3="258"></face>
        <face v1="259" v2="252" v3="260"></face>
        <face v1="261" v2="253" v3="262"></face>
        <face v1="261" v2="262" v3="263"></face>
        <face v1="263" v2="262" v3="264"></face>
        <face v1="258" v2="265" v3="266"></face>
        <face v1="265" v2="258" v3="257"></face>
        <face v1="267" v2="268" v3="269"></face>
        <face v1="266" v2="270" v3="271"></face>
        <face v1="267" v2="272" v3="273"></face>
        <face v1="274" v2="271" v3="275"></face>
        <face v1="274" v2="275" v3="264"></face>
        <face v1="273" v2="276" v3="277"></face>
        <face v1="274" v2="262" v3="278"></face>
        <face v1="274" v2="278" v3="279"></face>
        <face v1="279" v2="278" v3="280"></face>
        <face v1="280" v2="278" v3="281"></face>
        <face v1="280" v2="281" v3="282"></face>
        <face v1="282" v2="281" v3="283"></face>
        <face v1="283" v2="281" v3="284"></face>
        <face v1="282" v2="283" v3="285"></face>
        <face v1="282" v2="285" v3="286"></face>
        <face v1="282" v2="286" v3="287"></face>
        <face v1="287" v2="286" v3="288"></face>
        <face v1="287" v2="288" v3="289"></face>
        <face v1="258" v2="290" v3="256"></face>
        <face v1="291" v2="292" v3="293"></face>
        <face v1="284" v2="294" v3="295"></face>
        <face v1="295" v2="294" v3="296"></face>
        <face v1="296" v2="294" v3="289"></face>
        <face v1="289" v2="294" v3="297"></face>
        <face v1="289" v2="297" v3="298"></face>
        <face v1="289" v2="298" v3="287"></face>
        <face v1="298" v2="297" v3="299"></face>
        <face v1="300" v2="301" v3="302"></face>
        <face v1="302" v2="301" v3="303"></face>
        <face v1="304" v2="297" v3="305"></face>
        <face v1="304" v2="305" v3="306"></face>
        <face v1="306" v2="305" v3="307"></face>
        <face v1="306" v2="307" v3="308"></face>
        <face v1="309" v2="310" v3="311"></face>
        <face v1="308" v2="312" v3="313"></face>
        <face v1="314" v2="287" v3="298"></face>
      </faces>
      <geometry vertexcount="315">
        <vertexbuffer positions="true" normals="true">
          <vertex>
            <position x="0.1693" y="0.315" z="3.489"></position>
            <normal x="0.0" y="1.0" z="0.0"></normal>
          </vertex>
          <vertex>
            <position x="0.4724" y="0.315" z="0.5118"></position>
            <normal x="0.0" y="1.0" z="0.0"></normal>
          </vertex>
          <vertex>
            <position x="0.4724" y="0.315" z="-3.425"></position>
            <normal x="0.0" y="1.0" z="0.0"></normal>
          </vertex>
          <vertex>
            <position x="0.6515" y="0.315" z="4.211"></position>
            <normal x="0.0" y="1.0" z="0.0"></normal>
          </vertex>
          <vertex>
            <position x="0.4724" y="0.315" z="0.5118"></position>
            <normal x="0.0" y="0.99999994" z="0.0"></normal>
          </vertex>
          <vertex>
            <position x="0.6515" y="0.315" z="4.211"></position>
            <normal x="0.0" y="0.99999994" z="0.0"></normal>
          </vertex>
          <vertex>
            <position x="0.5552" y="0.315" z="0.6816"></position>
            <normal x="0.0" y="0.99999994" z="0.0"></normal>
          </vertex>
          <vertex>
            <position x="0.5552" y="0.315" z="0.6816"></position>
            <normal x="0.0" y="1.0" z="0.0"></normal>
          </vertex>
          <vertex>
            <position x="0.744" y="0.315" z="0.6816"></position>
            <normal x="0.0" y="1.0" z="0.0"></normal>
          </vertex>
          <vertex>
            <position x="1.373" y="0.315" z="4.693"></position>
            <normal x="0.0" y="1.0" z="0.0"></normal>
          </vertex>
          <vertex>
            <position x="0.8268" y="0.315" z="0.5118"></position>
            <normal x="0.0" y="1.0" z="0.0"></normal>
          </vertex>
          <vertex>
            <position x="0.8268" y="0.315" z="-3.425"></position>
            <normal x="0.0" y="1.0" z="0.0"></normal>
          </vertex>
          <vertex>
            <position x="0.8268" y="0.315" z="-3.425"></position>
            <normal x="0.0" y="0.99999994" z="0.0"></normal>
          </vertex>
          <vertex>
            <position x="1.373" y="0.315" z="4.693"></position>
            <normal x="0.0" y="0.99999994" z="0.0"></normal>
          </vertex>
          <vertex>
            <position x="1.368" y="0.315" z="-4.635"></position>
            <normal x="0.0" y="0.99999994" z="0.0"></normal>
          </vertex>
          <vertex>
            <position x="1.368" y="0.315" z="-4.635"></position>
            <normal x="0.0" y="1.0" z="0.0"></normal>
          </vertex>
          <vertex>
            <position x="1.594" y="0.315" z="-2.205"></position>
            <normal x="0.0" y="1.0" z="0.0"></normal>
          </vertex>
          <vertex>
            <position x="2.224" y="0.315" z="-4.726"></position>
            <normal x="0.0" y="1.0" z="0.0"></normal>
          </vertex>
          <vertex>
            <position x="1.715" y="0.315" z="-2.575"></position>
            <normal x="0.0" y="1.0" z="0.0"></normal>
          </vertex>
          <vertex>
            <position x="2.224" y="0.315" z="-4.726"></position>
            <normal x="0.0" y="0.99999994" z="0.0"></normal>
          </vertex>
          <vertex>
            <position x="1.715" y="0.315" z="-2.575"></position>
            <normal x="0.0" y="0.99999994" z="0.0"></normal>
          </vertex>
          <vertex>
            <position x="2.03" y="0.315" z="-2.804"></position>
            <normal x="0.0" y="0.99999994" z="0.0"></normal>
          </vertex>
          <vertex>
            <position x="2.03" y="0.315" z="-2.804"></position>
            <normal x="0.0" y="1.0" z="0.0"></normal>
          </vertex>
          <vertex>
            <position x="2.419" y="0.315" z="-2.804"></position>
            <normal x="0.0" y="1.0" z="0.0"></normal>
          </vertex>
          <vertex>
            <position x="3.081" y="0.315" z="-4.635"></position>
            <normal x="0.0" y="1.0" z="0.0"></normal>
          </vertex>
          <vertex>
            <position x="2.734" y="0.315" z="-2.575"></position>
            <normal x="0.0" y="1.0" z="0.0"></normal>
          </vertex>
          <vertex>
            <position x="2.854" y="0.315" z="-2.205"></position>
            <normal x="0.0" y="1.0" z="0.0"></normal>
          </vertex>
          <vertex>
            <position x="3.076" y="0.315" z="4.693"></position>
            <normal x="0.0" y="1.0" z="0.0"></normal>
          </vertex>
          <vertex>
            <position x="3.081" y="0.315" z="-4.635"></position>
            <normal x="0.0" y="0.99999994" z="0.0"></normal>
          </vertex>
          <vertex>
            <position x="3.076" y="0.315" z="4.693"></position>
            <normal x="0.0" y="0.99999994" z="0.0"></normal>
          </vertex>
          <vertex>
            <position x="3.797" y="0.315" z="4.211"></position>
            <normal x="0.0" y="0.99999994" z="0.0"></normal>
          </vertex>
          <vertex>
            <position x="3.797" y="0.315" z="4.211"></position>
            <normal x="0.0" y="1.0" z="0.0"></normal>
          </vertex>
          <vertex>
            <position x="3.622" y="0.315" z="0.5118"></position>
            <normal x="0.0" y="1.0" z="0.0"></normal>
          </vertex>
          <vertex>
            <position x="3.622" y="0.315" z="-3.425"></position>
            <normal x="0.0" y="1.0" z="0.0"></normal>
          </vertex>
          <vertex>
            <position x="3.705" y="0.315" z="0.6816"></position>
            <normal x="0.0" y="1.0" z="0.0"></normal>
          </vertex>
          <vertex>
            <position x="3.894" y="0.315" z="0.6816"></position>
            <normal x="0.0" y="1.0" z="0.0"></normal>
          </vertex>
          <vertex>
            <position x="4.279" y="0.315" z="3.489"></position>
            <normal x="0.0" y="1.0" z="0.0"></normal>
          </vertex>
          <vertex>
            <position x="3.976" y="0.315" z="0.5118"></position>
            <normal x="0.0" y="1.0" z="0.0"></normal>
          </vertex>
          <vertex>
            <position x="3.976" y="0.315" z="-3.425"></position>
            <normal x="0.0" y="1.0" z="0.0"></normal>
          </vertex>
          <vertex>
            <position x="4.449" y="0.315" z="2.638"></position>
            <normal x="0.0" y="0.99999994" z="0.0"></normal>
          </vertex>
          <vertex>
            <position x="4.449" y="0.315" z="0.0"></position>
            <normal x="0.0" y="0.99999994" z="0.0"></normal>
          </vertex>
          <vertex>
            <position x="4.279" y="0.315" z="3.489"></position>
            <normal x="0.0" y="0.99999994" z="0.0"></normal>
          </vertex>
          <vertex>
            <position x="3.9" y="0.315" z="-4.369"></position>
            <normal x="0.0" y="1.0" z="0.0"></normal>
          </vertex>
          <vertex>
            <position x="3.705" y="0.315" z="-3.595"></position>
            <normal x="0.0" y="1.0" z="0.0"></normal>
          </vertex>
          <vertex>
            <position x="3.894" y="0.315" z="-3.595"></position>
            <normal x="0.0" y="1.0" z="0.0"></normal>
          </vertex>
          <vertex>
            <position x="4.646" y="0.315" z="-3.937"></position>
            <normal x="0.0" y="1.0" z="0.0"></normal>
          </vertex>
          <vertex>
            <position x="4.449" y="0.315" z="0.0"></position>
            <normal x="0.0" y="1.0" z="0.0"></normal>
          </vertex>
          <vertex>
            <position x="4.473" y="0.315" z="-0.1222"></position>
            <normal x="0.0" y="1.0" z="0.0"></normal>
          </vertex>
          <vertex>
            <position x="4.542" y="0.315" z="-0.2259"></position>
            <normal x="0.0" y="1.0" z="0.0"></normal>
          </vertex>
          <vertex>
            <position x="4.646" y="0.315" z="-3.937"></position>
            <normal x="0.0" y="0.99999994" z="0.0"></normal>
          </vertex>
          <vertex>
            <position x="4.542" y="0.315" z="-0.2259"></position>
            <normal x="0.0" y="0.99999994" z="0.0"></normal>
          </vertex>
          <vertex>
            <position x="4.646" y="0.315" z="-0.2953"></position>
            <normal x="0.0" y="0.99999994" z="0.0"></normal>
          </vertex>
          <vertex>
            <position x="4.646" y="0.315" z="-0.2953"></position>
            <normal x="0.0" y="1.0" z="0.0"></normal>
          </vertex>
          <vertex>
            <position x="4.738" y="0.315" z="-3.85"></position>
            <normal x="0.0" y="1.0" z="0.0"></normal>
          </vertex>
          <vertex>
            <position x="4.749" y="0.315" z="-0.3647"></position>
            <normal x="0.0" y="1.0" z="0.0"></normal>
          </vertex>
          <vertex>
            <position x="4.805" y="0.315" z="-3.743"></position>
            <normal x="0.0" y="1.0" z="0.0"></normal>
          </vertex>
          <vertex>
            <position x="4.818" y="0.315" z="-0.4683"></position>
            <normal x="0.0" y="1.0" z="0.0"></normal>
          </vertex>
          <vertex>
            <position x="4.805" y="0.315" z="-3.743"></position>
            <normal x="0.0" y="0.99999994" z="0.0"></normal>
          </vertex>
          <vertex>
            <position x="4.818" y="0.315" z="-0.4683"></position>
            <normal x="0.0" y="0.99999994" z="0.0"></normal>
          </vertex>
          <vertex>
            <position x="4.843" y="0.315" z="-3.622"></position>
            <normal x="0.0" y="0.99999994" z="0.0"></normal>
          </vertex>
          <vertex>
            <position x="4.843" y="0.315" z="-3.622"></position>
            <normal x="0.0" y="1.0" z="0.0"></normal>
          </vertex>
          <vertex>
            <position x="4.843" y="0.315" z="-0.5906"></position>
            <normal x="0.0" y="1.0" z="0.0"></normal>
          </vertex>
          <vertex>
            <position x="0.0" y="0.315" z="0.0"></position>
            <normal x="0.0" y="1.0" z="0.0"></normal>
          </vertex>
          <vertex>
            <position x="0.0" y="0.315" z="2.638"></position>
            <normal x="0.0" y="1.0" z="0.0"></normal>
          </vertex>
          <vertex>
            <position x="2.224" y="0.315" z="4.862"></position>
            <normal x="0.0" y="1.0" z="0.0"></normal>
          </vertex>
          <vertex>
            <position x="1.715" y="0.315" z="-1.834"></position>
            <normal x="0.0" y="1.0" z="0.0"></normal>
          </vertex>
          <vertex>
            <position x="2.03" y="0.315" z="-1.606"></position>
            <normal x="0.0" y="1.0" z="0.0"></normal>
          </vertex>
          <vertex>
            <position x="2.03" y="0.315" z="-1.606"></position>
            <normal x="0.0" y="0.99999994" z="0.0"></normal>
          </vertex>
          <vertex>
            <position x="2.224" y="0.315" z="4.862"></position>
            <normal x="0.0" y="0.99999994" z="0.0"></normal>
          </vertex>
          <vertex>
            <position x="2.419" y="0.315" z="-1.606"></position>
            <normal x="0.0" y="0.99999994" z="0.0"></normal>
          </vertex>
          <vertex>
            <position x="2.419" y="0.315" z="-1.606"></position>
            <normal x="0.0" y="1.0" z="0.0"></normal>
          </vertex>
          <vertex>
            <position x="2.734" y="0.315" z="-1.834"></position>
            <normal x="0.0" y="1.0" z="0.0"></normal>
          </vertex>
          <vertex>
            <position x="-0.3694" y="0.315" z="-0.4683"></position>
            <normal x="0.0" y="0.99999994" z="0.0"></normal>
          </vertex>
          <vertex>
            <position x="-0.3937" y="0.315" z="-3.622"></position>
            <normal x="0.0" y="0.99999994" z="0.0"></normal>
          </vertex>
          <vertex>
            <position x="-0.3937" y="0.315" z="-0.5906"></position>
            <normal x="0.0" y="0.99999994" z="0.0"></normal>
          </vertex>
          <vertex>
            <position x="-0.3559" y="0.315" z="-3.743"></position>
            <normal x="0.0" y="0.99999994" z="0.0"></normal>
          </vertex>
          <vertex>
            <position x="-0.3003" y="0.315" z="-0.3647"></position>
            <normal x="0.0" y="0.99999994" z="0.0"></normal>
          </vertex>
          <vertex>
            <position x="-0.2888" y="0.315" z="-3.85"></position>
            <normal x="0.0" y="0.99999994" z="0.0"></normal>
          </vertex>
          <vertex>
            <position x="-0.2888" y="0.315" z="-3.85"></position>
            <normal x="0.0" y="1.0" z="0.0"></normal>
          </vertex>
          <vertex>
            <position x="-0.3003" y="0.315" z="-0.3647"></position>
            <normal x="0.0" y="1.0" z="0.0"></normal>
          </vertex>
          <vertex>
            <position x="-0.1969" y="0.315" z="-0.2953"></position>
            <normal x="0.0" y="1.0" z="0.0"></normal>
          </vertex>
          <vertex>
            <position x="-0.1969" y="0.315" z="-3.937"></position>
            <normal x="0.0" y="1.0" z="0.0"></normal>
          </vertex>
          <vertex>
            <position x="-0.1969" y="0.315" z="-3.937"></position>
            <normal x="-0.0" y="1.0000001" z="0.0"></normal>
          </vertex>
          <vertex>
            <position x="-0.1969" y="0.315" z="-0.2953"></position>
            <normal x="-0.0" y="1.0000001" z="0.0"></normal>
          </vertex>
          <vertex>
            <position x="-0.09338" y="0.315" z="-0.2259"></position>
            <normal x="-0.0" y="1.0000001" z="0.0"></normal>
          </vertex>
          <vertex>
            <position x="-0.09338" y="0.315" z="-0.2259"></position>
            <normal x="0.0" y="1.0" z="0.0"></normal>
          </vertex>
          <vertex>
            <position x="0.5486" y="0.315" z="-4.369"></position>
            <normal x="0.0" y="1.0" z="0.0"></normal>
          </vertex>
          <vertex>
            <position x="-0.02426" y="0.315" z="-0.1222"></position>
            <normal x="0.0" y="1.0" z="0.0"></normal>
          </vertex>
          <vertex>
            <position x="0.5486" y="0.315" z="-4.369"></position>
            <normal x="0.0" y="0.99999994" z="0.0"></normal>
          </vertex>
          <vertex>
            <position x="-0.02426" y="0.315" z="-0.1222"></position>
            <normal x="0.0" y="0.99999994" z="0.0"></normal>
          </vertex>
          <vertex>
            <position x="0.0" y="0.315" z="0.0"></position>
            <normal x="0.0" y="0.99999994" z="0.0"></normal>
          </vertex>
          <vertex>
            <position x="0.4724" y="0.315" z="-3.425"></position>
            <normal x="0.0" y="0.99999994" z="0.0"></normal>
          </vertex>
          <vertex>
            <position x="0.5552" y="0.315" z="-3.595"></position>
            <normal x="0.0" y="0.99999994" z="0.0"></normal>
          </vertex>
          <vertex>
            <position x="0.5552" y="0.315" z="-3.595"></position>
            <normal x="0.0" y="1.0" z="0.0"></normal>
          </vertex>
          <vertex>
            <position x="0.744" y="0.315" z="-3.595"></position>
            <normal x="0.0" y="0.99999994" z="0.0"></normal>
          </vertex>
          <vertex>
            <position x="0.744" y="0.315" z="-3.595"></position>
            <normal x="0.0" y="1.0" z="0.0"></normal>
          </vertex>
          <vertex>
            <position x="4.843" y="0.0" z="-3.622"></position>
            <normal x="1.0" y="0.0" z="0.0"></normal>
          </vertex>
          <vertex>
            <position x="4.843" y="0.315" z="-0.5906"></position>
            <normal x="1.0" y="0.0" z="0.0"></normal>
          </vertex>
          <vertex>
            <position x="4.843" y="0.0" z="-0.5906"></position>
            <normal x="1.0" y="0.0" z="0.0"></normal>
          </vertex>
          <vertex>
            <position x="4.843" y="0.315" z="-3.622"></position>
            <normal x="1.0" y="0.0" z="0.0"></normal>
          </vertex>
          <vertex>
            <position x="4.805" y="0.0" z="-3.743"></position>
            <normal x="0.95405793" y="0.0" z="-0.2996222"></normal>
          </vertex>
          <vertex>
            <position x="4.843" y="0.315" z="-3.622"></position>
            <normal x="0.95405793" y="0.0" z="-0.2996222"></normal>
          </vertex>
          <vertex>
            <position x="4.843" y="0.0" z="-3.622"></position>
            <normal x="0.95405793" y="0.0" z="-0.2996222"></normal>
          </vertex>
          <vertex>
            <position x="4.805" y="0.315" z="-3.743"></position>
            <normal x="0.95405793" y="0.0" z="-0.2996222"></normal>
          </vertex>
          <vertex>
            <position x="4.738" y="0.0" z="-3.85"></position>
            <normal x="0.847553" y="0.0" z="-0.5307107"></normal>
          </vertex>
          <vertex>
            <position x="4.805" y="0.315" z="-3.743"></position>
            <normal x="0.847553" y="0.0" z="-0.5307107"></normal>
          </vertex>
          <vertex>
            <position x="4.805" y="0.0" z="-3.743"></position>
            <normal x="0.847553" y="0.0" z="-0.5307107"></normal>
          </vertex>
          <vertex>
            <position x="4.738" y="0.315" z="-3.85"></position>
            <normal x="0.847553" y="0.0" z="-0.5307107"></normal>
          </vertex>
          <vertex>
            <position x="4.646" y="0.315" z="-3.937"></position>
            <normal x="0.6870877" y="0.0" z="-0.72657454"></normal>
          </vertex>
          <vertex>
            <position x="4.738" y="0.0" z="-3.85"></position>
            <normal x="0.6870877" y="0.0" z="-0.72657454"></normal>
          </vertex>
          <vertex>
            <position x="4.646" y="0.0" z="-3.937"></position>
            <normal x="0.6870877" y="0.0" z="-0.72657454"></normal>
          </vertex>
          <vertex>
            <position x="4.738" y="0.315" z="-3.85"></position>
            <normal x="0.6870877" y="0.0" z="-0.72657454"></normal>
          </vertex>
          <vertex>
            <position x="3.9" y="0.315" z="-4.369"></position>
            <normal x="0.5011277" y="0.0" z="-0.8653734"></normal>
          </vertex>
          <vertex>
            <position x="4.646" y="0.0" z="-3.937"></position>
            <normal x="0.5011277" y="0.0" z="-0.8653734"></normal>
          </vertex>
          <vertex>
            <position x="3.9" y="0.0" z="-4.369"></position>
            <normal x="0.5011277" y="0.0" z="-0.8653734"></normal>
          </vertex>
          <vertex>
            <position x="4.646" y="0.315" z="-3.937"></position>
            <normal x="0.5011277" y="0.0" z="-0.8653734"></normal>
          </vertex>
          <vertex>
            <position x="3.081" y="0.315" z="-4.635"></position>
            <normal x="0.30890256" y="0.0" z="-0.9510937"></normal>
          </vertex>
          <vertex>
            <position x="3.9" y="0.0" z="-4.369"></position>
            <normal x="0.30890256" y="0.0" z="-0.9510937"></normal>
          </vertex>
          <vertex>
            <position x="3.081" y="0.0" z="-4.635"></position>
            <normal x="0.30890256" y="0.0" z="-0.9510937"></normal>
          </vertex>
          <vertex>
            <position x="3.9" y="0.315" z="-4.369"></position>
            <normal x="0.30890256" y="0.0" z="-0.9510937"></normal>
          </vertex>
          <vertex>
            <position x="2.224" y="0.315" z="-4.726"></position>
            <normal x="0.105590284" y="0.0" z="-0.99440974"></normal>
          </vertex>
          <vertex>
            <position x="3.081" y="0.0" z="-4.635"></position>
            <normal x="0.105590284" y="0.0" z="-0.99440974"></normal>
          </vertex>
          <vertex>
            <position x="2.224" y="0.0" z="-4.726"></position>
            <normal x="0.105590284" y="0.0" z="-0.99440974"></normal>
          </vertex>
          <vertex>
            <position x="3.081" y="0.315" z="-4.635"></position>
            <normal x="0.105590284" y="0.0" z="-0.99440974"></normal>
          </vertex>
          <vertex>
            <position x="1.368" y="0.315" z="-4.635"></position>
            <normal x="-0.10571229" y="0.0" z="-0.99439675"></normal>
          </vertex>
          <vertex>
            <position x="2.224" y="0.0" z="-4.726"></position>
            <normal x="-0.10571229" y="0.0" z="-0.99439675"></normal>
          </vertex>
          <vertex>
            <position x="1.368" y="0.0" z="-4.635"></position>
            <normal x="-0.10571229" y="0.0" z="-0.99439675"></normal>
          </vertex>
          <vertex>
            <position x="2.224" y="0.315" z="-4.726"></position>
            <normal x="-0.10571229" y="0.0" z="-0.99439675"></normal>
          </vertex>
          <vertex>
            <position x="0.5486" y="0.315" z="-4.369"></position>
            <normal x="-0.30876613" y="0.0" z="-0.95113796"></normal>
          </vertex>
          <vertex>
            <position x="1.368" y="0.0" z="-4.635"></position>
            <normal x="-0.30876613" y="0.0" z="-0.95113796"></normal>
          </vertex>
          <vertex>
            <position x="0.5486" y="0.0" z="-4.369"></position>
            <normal x="-0.30876613" y="0.0" z="-0.95113796"></normal>
          </vertex>
          <vertex>
            <position x="1.368" y="0.315" z="-4.635"></position>
            <normal x="-0.30876613" y="0.0" z="-0.95113796"></normal>
          </vertex>
          <vertex>
            <position x="-0.1969" y="0.315" z="-3.937"></position>
            <normal x="-0.50137925" y="0.0" z="-0.8652277"></normal>
          </vertex>
          <vertex>
            <position x="0.5486" y="0.0" z="-4.369"></position>
            <normal x="-0.50137925" y="0.0" z="-0.8652277"></normal>
          </vertex>
          <vertex>
            <position x="-0.1969" y="0.0" z="-3.937"></position>
            <normal x="-0.50137925" y="0.0" z="-0.8652277"></normal>
          </vertex>
          <vertex>
            <position x="0.5486" y="0.315" z="-4.369"></position>
            <normal x="-0.50137925" y="0.0" z="-0.8652277"></normal>
          </vertex>
          <vertex>
            <position x="-0.2888" y="0.315" z="-3.85"></position>
            <normal x="-0.6874821" y="0.0" z="-0.72620136"></normal>
          </vertex>
          <vertex>
            <position x="-0.1969" y="0.0" z="-3.937"></position>
            <normal x="-0.6874821" y="0.0" z="-0.72620136"></normal>
          </vertex>
          <vertex>
            <position x="-0.2888" y="0.0" z="-3.85"></position>
            <normal x="-0.6874821" y="0.0" z="-0.72620136"></normal>
          </vertex>
          <vertex>
            <position x="-0.1969" y="0.315" z="-3.937"></position>
            <normal x="-0.6874821" y="0.0" z="-0.72620136"></normal>
          </vertex>
          <vertex>
            <position x="-0.2888" y="0.315" z="-3.85"></position>
            <normal x="-0.8471964" y="0.0" z="-0.5312798"></normal>
          </vertex>
          <vertex>
            <position x="-0.3559" y="0.0" z="-3.743"></position>
            <normal x="-0.8471964" y="0.0" z="-0.5312798"></normal>
          </vertex>
          <vertex>
            <position x="-0.3559" y="0.315" z="-3.743"></position>
            <normal x="-0.8471964" y="0.0" z="-0.5312798"></normal>
          </vertex>
          <vertex>
            <position x="-0.2888" y="0.0" z="-3.85"></position>
            <normal x="-0.8471964" y="0.0" z="-0.5312798"></normal>
          </vertex>
          <vertex>
            <position x="-0.3559" y="0.315" z="-3.743"></position>
            <normal x="-0.95450807" y="0.0" z="-0.29818517"></normal>
          </vertex>
          <vertex>
            <position x="-0.3937" y="0.0" z="-3.622"></position>
            <normal x="-0.95450807" y="0.0" z="-0.29818517"></normal>
          </vertex>
          <vertex>
            <position x="-0.3937" y="0.315" z="-3.622"></position>
            <normal x="-0.95450807" y="0.0" z="-0.29818517"></normal>
          </vertex>
          <vertex>
            <position x="-0.3559" y="0.0" z="-3.743"></position>
            <normal x="-0.95450807" y="0.0" z="-0.29818517"></normal>
          </vertex>
          <vertex>
            <position x="-0.3937" y="0.315" z="-3.622"></position>
            <normal x="-1.0" y="0.0" z="0.0"></normal>
          </vertex>
          <vertex>
            <position x="-0.3937" y="0.0" z="-0.5906"></position>
            <normal x="-1.0" y="0.0" z="0.0"></normal>
          </vertex>
          <vertex>
            <position x="-0.3937" y="0.315" z="-0.5906"></position>
            <normal x="-1.0" y="0.0" z="0.0"></normal>
          </vertex>
          <vertex>
            <position x="-0.3937" y="0.0" z="-3.622"></position>
            <normal x="-1.0" y="0.0" z="0.0"></normal>
          </vertex>
          <vertex>
            <position x="-0.3937" y="0.315" z="-0.5906"></position>
            <normal x="-0.98082674" y="0.0" z="0.19488224"></normal>
          </vertex>
          <vertex>
            <position x="-0.3694" y="0.0" z="-0.4683"></position>
            <normal x="-0.98082674" y="0.0" z="0.19488224"></normal>
          </vertex>
          <vertex>
            <position x="-0.3694" y="0.315" z="-0.4683"></position>
            <normal x="-0.98082674" y="0.0" z="0.19488224"></normal>
          </vertex>
          <vertex>
            <position x="-0.3937" y="0.0" z="-0.5906"></position>
            <normal x="-0.98082674" y="0.0" z="0.19488224"></normal>
          </vertex>
          <vertex>
            <position x="-0.3694" y="0.315" z="-0.4683"></position>
            <normal x="-0.8319268" y="0.0" z="0.5548853"></normal>
          </vertex>
          <vertex>
            <position x="-0.3003" y="0.0" z="-0.3647"></position>
            <normal x="-0.8319268" y="0.0" z="0.5548853"></normal>
          </vertex>
          <vertex>
            <position x="-0.3003" y="0.315" z="-0.3647"></position>
            <normal x="-0.8319268" y="0.0" z="0.5548853"></normal>
          </vertex>
          <vertex>
            <position x="-0.3694" y="0.0" z="-0.4683"></position>
            <normal x="-0.8319268" y="0.0" z="0.5548853"></normal>
          </vertex>
          <vertex>
            <position x="-0.1969" y="0.315" z="-0.2953"></position>
            <normal x="-0.55729175" y="0.0" z="0.8303168"></normal>
          </vertex>
          <vertex>
            <position x="-0.3003" y="0.0" z="-0.3647"></position>
            <normal x="-0.55729175" y="0.0" z="0.8303168"></normal>
          </vertex>
          <vertex>
            <position x="-0.1969" y="0.0" z="-0.2953"></position>
            <normal x="-0.55729175" y="0.0" z="0.8303168"></normal>
          </vertex>
          <vertex>
            <position x="-0.3003" y="0.315" z="-0.3647"></position>
            <normal x="-0.55729175" y="0.0" z="0.8303168"></normal>
          </vertex>
          <vertex>
            <position x="-0.09338" y="0.315" z="-0.2259"></position>
            <normal x="-0.55684626" y="0.0" z="0.8306155"></normal>
          </vertex>
          <vertex>
            <position x="-0.1969" y="0.0" z="-0.2953"></position>
            <normal x="-0.55684626" y="0.0" z="0.8306155"></normal>
          </vertex>
          <vertex>
            <position x="-0.09338" y="0.0" z="-0.2259"></position>
            <normal x="-0.55684626" y="0.0" z="0.8306155"></normal>
          </vertex>
          <vertex>
            <position x="-0.1969" y="0.315" z="-0.2953"></position>
            <normal x="-0.55684626" y="0.0" z="0.8306155"></normal>
          </vertex>
          <vertex>
            <position x="-0.09338" y="0.315" z="-0.2259"></position>
            <normal x="-0.8320997" y="0.0" z="0.5546261"></normal>
          </vertex>
          <vertex>
            <position x="-0.02426" y="0.0" z="-0.1222"></position>
            <normal x="-0.8320997" y="0.0" z="0.5546261"></normal>
          </vertex>
          <vertex>
            <position x="-0.02426" y="0.315" z="-0.1222"></position>
            <normal x="-0.8320997" y="0.0" z="0.5546261"></normal>
          </vertex>
          <vertex>
            <position x="-0.09338" y="0.0" z="-0.2259"></position>
            <normal x="-0.8320997" y="0.0" z="0.5546261"></normal>
          </vertex>
          <vertex>
            <position x="-0.02426" y="0.315" z="-0.1222"></position>
            <normal x="-0.98085755" y="0.0" z="0.1947267"></normal>
          </vertex>
          <vertex>
            <position x="0.0" y="0.0" z="0.0"></position>
            <normal x="-0.98085755" y="0.0" z="0.1947267"></normal>
          </vertex>
          <vertex>
            <position x="0.0" y="0.315" z="0.0"></position>
            <normal x="-0.98085755" y="0.0" z="0.1947267"></normal>
          </vertex>
          <vertex>
            <position x="-0.02426" y="0.0" z="-0.1222"></position>
            <normal x="-0.98085755" y="0.0" z="0.1947267"></normal>
          </vertex>
          <vertex>
            <position x="0.0" y="0.315" z="0.0"></position>
            <normal x="-1.0" y="0.0" z="0.0"></normal>
          </vertex>
          <vertex>
            <position x="0.0" y="0.0" z="2.638"></position>
            <normal x="-1.0" y="0.0" z="0.0"></normal>
          </vertex>
          <vertex>
            <position x="0.0" y="0.315" z="2.638"></position>
            <normal x="-1.0" y="0.0" z="0.0"></normal>
          </vertex>
          <vertex>
            <position x="0.0" y="0.0" z="0.0"></position>
            <normal x="-1.0" y="0.0" z="0.0"></normal>
          </vertex>
          <vertex>
            <position x="0.0" y="0.315" z="2.638"></position>
            <normal x="-0.98077965" y="0.0" z="0.19511868"></normal>
          </vertex>
          <vertex>
            <position x="0.1693" y="0.0" z="3.489"></position>
            <normal x="-0.98077965" y="0.0" z="0.19511868"></normal>
          </vertex>
          <vertex>
            <position x="0.1693" y="0.315" z="3.489"></position>
            <normal x="-0.98077965" y="0.0" z="0.19511868"></normal>
          </vertex>
          <vertex>
            <position x="0.0" y="0.0" z="2.638"></position>
            <normal x="-0.98077965" y="0.0" z="0.19511868"></normal>
          </vertex>
          <vertex>
            <position x="0.1693" y="0.315" z="3.489"></position>
            <normal x="-0.8315893" y="0.0" z="0.55539113"></normal>
          </vertex>
          <vertex>
            <position x="0.6515" y="0.0" z="4.211"></position>
            <normal x="-0.8315893" y="0.0" z="0.55539113"></normal>
          </vertex>
          <vertex>
            <position x="0.6515" y="0.315" z="4.211"></position>
            <normal x="-0.8315893" y="0.0" z="0.55539113"></normal>
          </vertex>
          <vertex>
            <position x="0.1693" y="0.0" z="3.489"></position>
            <normal x="-0.8315893" y="0.0" z="0.55539113"></normal>
          </vertex>
          <vertex>
            <position x="1.373" y="0.315" z="4.693"></position>
            <normal x="-0.5554977" y="0.0" z="0.8315181"></normal>
          </vertex>
          <vertex>
            <position x="0.6515" y="0.0" z="4.211"></position>
            <normal x="-0.5554977" y="0.0" z="0.8315181"></normal>
          </vertex>
          <vertex>
            <position x="1.373" y="0.0" z="4.693"></position>
            <normal x="-0.5554977" y="0.0" z="0.8315181"></normal>
          </vertex>
          <vertex>
            <position x="0.6515" y="0.315" z="4.211"></position>
            <normal x="-0.5554977" y="0.0" z="0.8315181"></normal>
          </vertex>
          <vertex>
            <position x="2.224" y="0.315" z="4.862"></position>
            <normal x="-0.19478624" y="0.0" z="0.9808457"></normal>
          </vertex>
          <vertex>
            <position x="1.373" y="0.0" z="4.693"></position>
            <normal x="-0.19478624" y="0.0" z="0.9808457"></normal>
          </vertex>
          <vertex>
            <position x="2.224" y="0.0" z="4.862"></position>
            <normal x="-0.19478624" y="0.0" z="0.9808457"></normal>
          </vertex>
          <vertex>
            <position x="1.373" y="0.315" z="4.693"></position>
            <normal x="-0.19478624" y="0.0" z="0.9808457"></normal>
          </vertex>
          <vertex>
            <position x="3.076" y="0.315" z="4.693"></position>
            <normal x="0.19456626" y="0.0" z="0.9808894"></normal>
          </vertex>
          <vertex>
            <position x="2.224" y="0.0" z="4.862"></position>
            <normal x="0.19456626" y="0.0" z="0.9808894"></normal>
          </vertex>
          <vertex>
            <position x="3.076" y="0.0" z="4.693"></position>
            <normal x="0.19456626" y="0.0" z="0.9808894"></normal>
          </vertex>
          <vertex>
            <position x="2.224" y="0.315" z="4.862"></position>
            <normal x="0.19456626" y="0.0" z="0.9808894"></normal>
          </vertex>
          <vertex>
            <position x="3.797" y="0.315" z="4.211"></position>
            <normal x="0.555764" y="0.0" z="0.83134013"></normal>
          </vertex>
          <vertex>
            <position x="3.076" y="0.0" z="4.693"></position>
            <normal x="0.555764" y="0.0" z="0.83134013"></normal>
          </vertex>
          <vertex>
            <position x="3.797" y="0.0" z="4.211"></position>
            <normal x="0.555764" y="0.0" z="0.83134013"></normal>
          </vertex>
          <vertex>
            <position x="3.076" y="0.315" z="4.693"></position>
            <normal x="0.555764" y="0.0" z="0.83134013"></normal>
          </vertex>
          <vertex>
            <position x="4.279" y="0.0" z="3.489"></position>
            <normal x="0.8316957" y="0.0" z="0.5552317"></normal>
          </vertex>
          <vertex>
            <position x="3.797" y="0.315" z="4.211"></position>
            <normal x="0.8316957" y="0.0" z="0.5552317"></normal>
          </vertex>
          <vertex>
            <position x="3.797" y="0.0" z="4.211"></position>
            <normal x="0.8316957" y="0.0" z="0.5552317"></normal>
          </vertex>
          <vertex>
            <position x="4.279" y="0.315" z="3.489"></position>
            <normal x="0.8316957" y="0.0" z="0.5552317"></normal>
          </vertex>
          <vertex>
            <position x="4.449" y="0.0" z="2.638"></position>
            <normal x="0.980625" y="0.0" z="0.19589461"></normal>
          </vertex>
          <vertex>
            <position x="4.279" y="0.315" z="3.489"></position>
            <normal x="0.980625" y="0.0" z="0.19589461"></normal>
          </vertex>
          <vertex>
            <position x="4.279" y="0.0" z="3.489"></position>
            <normal x="0.980625" y="0.0" z="0.19589461"></normal>
          </vertex>
          <vertex>
            <position x="4.449" y="0.315" z="2.638"></position>
            <normal x="0.980625" y="0.0" z="0.19589461"></normal>
          </vertex>
          <vertex>
            <position x="4.449" y="0.0" z="0.0"></position>
            <normal x="1.0" y="0.0" z="0.0"></normal>
          </vertex>
          <vertex>
            <position x="4.449" y="0.315" z="2.638"></position>
            <normal x="1.0" y="0.0" z="0.0"></normal>
          </vertex>
          <vertex>
            <position x="4.449" y="0.0" z="2.638"></position>
            <normal x="1.0" y="0.0" z="0.0"></normal>
          </vertex>
          <vertex>
            <position x="4.449" y="0.315" z="0.0"></position>
            <normal x="1.0" y="0.0" z="0.0"></normal>
          </vertex>
          <vertex>
            <position x="4.473" y="0.0" z="-0.1222"></position>
            <normal x="0.981254" y="0.0" z="0.19271898"></normal>
          </vertex>
          <vertex>
            <position x="4.449" y="0.315" z="0.0"></position>
            <normal x="0.981254" y="0.0" z="0.19271898"></normal>
          </vertex>
          <vertex>
            <position x="4.449" y="0.0" z="0.0"></position>
            <normal x="0.981254" y="0.0" z="0.19271898"></normal>
          </vertex>
          <vertex>
            <position x="4.473" y="0.315" z="-0.1222"></position>
            <normal x="0.981254" y="0.0" z="0.19271898"></normal>
          </vertex>
          <vertex>
            <position x="4.542" y="0.0" z="-0.2259"></position>
            <normal x="0.83254486" y="0.0" z="0.55395764"></normal>
          </vertex>
          <vertex>
            <position x="4.473" y="0.315" z="-0.1222"></position>
            <normal x="0.83254486" y="0.0" z="0.55395764"></normal>
          </vertex>
          <vertex>
            <position x="4.473" y="0.0" z="-0.1222"></position>
            <normal x="0.83254486" y="0.0" z="0.55395764"></normal>
          </vertex>
          <vertex>
            <position x="4.542" y="0.315" z="-0.2259"></position>
            <normal x="0.83254486" y="0.0" z="0.55395764"></normal>
          </vertex>
          <vertex>
            <position x="4.646" y="0.315" z="-0.2953"></position>
            <normal x="0.555069" y="0.0" z="0.8318043"></normal>
          </vertex>
          <vertex>
            <position x="4.542" y="0.0" z="-0.2259"></position>
            <normal x="0.555069" y="0.0" z="0.8318043"></normal>
          </vertex>
          <vertex>
            <position x="4.646" y="0.0" z="-0.2953"></position>
            <normal x="0.555069" y="0.0" z="0.8318043"></normal>
          </vertex>
          <vertex>
            <position x="4.542" y="0.315" z="-0.2259"></position>
            <normal x="0.555069" y="0.0" z="0.8318043"></normal>
          </vertex>
          <vertex>
            <position x="4.749" y="0.315" z="-0.3647"></position>
            <normal x="0.55878055" y="0.0" z="0.8293156"></normal>
          </vertex>
          <vertex>
            <position x="4.646" y="0.0" z="-0.2953"></position>
            <normal x="0.55878055" y="0.0" z="0.8293156"></normal>
          </vertex>
          <vertex>
            <position x="4.749" y="0.0" z="-0.3647"></position>
            <normal x="0.55878055" y="0.0" z="0.8293156"></normal>
          </vertex>
          <vertex>
            <position x="4.646" y="0.315" z="-0.2953"></position>
            <normal x="0.55878055" y="0.0" z="0.8293156"></normal>
          </vertex>
          <vertex>
            <position x="4.818" y="0.0" z="-0.4683"></position>
            <normal x="0.8322983" y="0.0" z="0.55432796"></normal>
          </vertex>
          <vertex>
            <position x="4.749" y="0.315" z="-0.3647"></position>
            <normal x="0.8322983" y="0.0" z="0.55432796"></normal>
          </vertex>
          <vertex>
            <position x="4.749" y="0.0" z="-0.3647"></position>
            <normal x="0.8322983" y="0.0" z="0.55432796"></normal>
          </vertex>
          <vertex>
            <position x="4.818" y="0.315" z="-0.4683"></position>
            <normal x="0.8322983" y="0.0" z="0.55432796"></normal>
          </vertex>
          <vertex>
            <position x="4.843" y="0.0" z="-0.5906"></position>
            <normal x="0.9797398" y="0.0" z="0.20027463"></normal>
          </vertex>
          <vertex>
            <position x="4.818" y="0.315" z="-0.4683"></position>
            <normal x="0.9797398" y="0.0" z="0.20027463"></normal>
          </vertex>
          <vertex>
            <position x="4.818" y="0.0" z="-0.4683"></position>
            <normal x="0.9797398" y="0.0" z="0.20027463"></normal>
          </vertex>
          <vertex>
            <position x="4.843" y="0.315" z="-0.5906"></position>
            <normal x="0.9797398" y="0.0" z="0.20027463"></normal>
          </vertex>
          <vertex>
            <position x="-0.3937" y="0.0" z="-3.622"></position>
            <normal x="0.0" y="-0.99999994" z="0.0"></normal>
          </vertex>
          <vertex>
            <position x="-0.3694" y="0.0" z="-0.4683"></position>
            <normal x="0.0" y="-0.99999994" z="0.0"></normal>
          </vertex>
          <vertex>
            <position x="-0.3937" y="0.0" z="-0.5906"></position>
            <normal x="0.0" y="-0.99999994" z="0.0"></normal>
          </vertex>
          <vertex>
            <position x="-0.3559" y="0.0" z="-3.743"></position>
            <normal x="0.0" y="-0.99999994" z="0.0"></normal>
          </vertex>
          <vertex>
            <position x="-0.3003" y="0.0" z="-0.3647"></position>
            <normal x="0.0" y="-0.99999994" z="0.0"></normal>
          </vertex>
          <vertex>
            <position x="-0.2888" y="0.0" z="-3.85"></position>
            <normal x="0.0" y="-0.99999994" z="0.0"></normal>
          </vertex>
          <vertex>
            <position x="-0.3003" y="0.0" z="-0.3647"></position>
            <normal x="0.0" y="-1.0" z="0.0"></normal>
          </vertex>
          <vertex>
            <position x="-0.2888" y="0.0" z="-3.85"></position>
            <normal x="0.0" y="-1.0" z="0.0"></normal>
          </vertex>
          <vertex>
            <position x="-0.1969" y="0.0" z="-0.2953"></position>
            <normal x="0.0" y="-1.0" z="0.0"></normal>
          </vertex>
          <vertex>
            <position x="-0.1969" y="0.0" z="-3.937"></position>
            <normal x="0.0" y="-1.0" z="0.0"></normal>
          </vertex>
          <vertex>
            <position x="-0.1969" y="0.0" z="-0.2953"></position>
            <normal x="0.0" y="-0.99999994" z="0.0"></normal>
          </vertex>
          <vertex>
            <position x="-0.1969" y="0.0" z="-3.937"></position>
            <normal x="0.0" y="-0.99999994" z="0.0"></normal>
          </vertex>
          <vertex>
            <position x="0.5486" y="0.0" z="-4.369"></position>
            <normal x="0.0" y="-0.99999994" z="0.0"></normal>
          </vertex>
          <vertex>
            <position x="0.5486" y="0.0" z="-4.369"></position>
            <normal x="0.0" y="-1.0" z="0.0"></normal>
          </vertex>
          <vertex>
            <position x="-0.09338" y="0.0" z="-0.2259"></position>
            <normal x="0.0" y="-1.0" z="0.0"></normal>
          </vertex>
          <vertex>
            <position x="-0.02426" y="0.0" z="-0.1222"></position>
            <normal x="0.0" y="-1.0" z="0.0"></normal>
          </vertex>
          <vertex>
            <position x="0.0" y="0.0" z="0.0"></position>
            <normal x="0.0" y="-1.0" z="0.0"></normal>
          </vertex>
          <vertex>
            <position x="0.4724" y="0.0" z="-3.425"></position>
            <normal x="0.0" y="-1.0" z="0.0"></normal>
          </vertex>
          <vertex>
            <position x="0.1693" y="0.0" z="3.489"></position>
            <normal x="0.0" y="-1.0" z="0.0"></normal>
          </vertex>
          <vertex>
            <position x="0.4724" y="0.0" z="-3.425"></position>
            <normal x="0.0" y="-0.99999994" z="0.0"></normal>
          </vertex>
          <vertex>
            <position x="0.5552" y="0.0" z="-3.595"></position>
            <normal x="0.0" y="-0.99999994" z="0.0"></normal>
          </vertex>
          <vertex>
            <position x="0.5552" y="0.0" z="-3.595"></position>
            <normal x="0.0" y="-1.0" z="0.0"></normal>
          </vertex>
          <vertex>
            <position x="1.368" y="0.0" z="-4.635"></position>
            <normal x="0.0" y="-1.0" z="0.0"></normal>
          </vertex>
          <vertex>
            <position x="0.744" y="0.0" z="-3.595"></position>
            <normal x="0.0" y="-1.0" z="0.0"></normal>
          </vertex>
          <vertex>
            <position x="0.8268" y="0.0" z="-3.425"></position>
            <normal x="0.0" y="-1.0" z="0.0"></normal>
          </vertex>
          <vertex>
            <position x="0.4724" y="0.0" z="0.5118"></position>
            <normal x="0.0" y="-1.0" z="0.0"></normal>
          </vertex>
          <vertex>
            <position x="0.6515" y="0.0" z="4.211"></position>
            <normal x="0.0" y="-1.0" z="0.0"></normal>
          </vertex>
          <vertex>
            <position x="0.6515" y="0.0" z="4.211"></position>
            <normal x="0.0" y="-0.99999994" z="0.0"></normal>
          </vertex>
          <vertex>
            <position x="0.4724" y="0.0" z="0.5118"></position>
            <normal x="0.0" y="-0.99999994" z="0.0"></normal>
          </vertex>
          <vertex>
            <position x="0.5552" y="0.0" z="0.6816"></position>
            <normal x="0.0" y="-0.99999994" z="0.0"></normal>
          </vertex>
          <vertex>
            <position x="0.5552" y="0.0" z="0.6816"></position>
            <normal x="0.0" y="-1.0" z="0.0"></normal>
          </vertex>
          <vertex>
            <position x="0.744" y="0.0" z="0.6816"></position>
            <normal x="0.0" y="-1.0" z="0.0"></normal>
          </vertex>
          <vertex>
            <position x="0.744" y="0.0" z="0.6816"></position>
            <normal x="0.0" y="-0.99999994" z="0.0"></normal>
          </vertex>
          <vertex>
            <position x="1.373" y="0.0" z="4.693"></position>
            <normal x="0.0" y="-0.99999994" z="0.0"></normal>
          </vertex>
          <vertex>
            <position x="1.373" y="0.0" z="4.693"></position>
            <normal x="0.0" y="-1.0" z="0.0"></normal>
          </vertex>
          <vertex>
            <position x="0.8268" y="0.0" z="0.5118"></position>
            <normal x="0.0" y="-1.0" z="0.0"></normal>
          </vertex>
          <vertex>
            <position x="0.8268" y="0.0" z="-3.425"></position>
            <normal x="0.0" y="-0.99999994" z="0.0"></normal>
          </vertex>
          <vertex>
            <position x="1.368" y="0.0" z="-4.635"></position>
            <normal x="0.0" y="-0.99999994" z="0.0"></normal>
          </vertex>
          <vertex>
            <position x="2.224" y="0.0" z="-4.726"></position>
            <normal x="0.0" y="-1.0" z="0.0"></normal>
          </vertex>
          <vertex>
            <position x="2.224" y="0.0" z="4.862"></position>
            <normal x="0.0" y="-1.0" z="0.0"></normal>
          </vertex>
          <vertex>
            <position x="3.076" y="0.0" z="4.693"></position>
            <normal x="0.0" y="-1.0" z="0.0"></normal>
          </vertex>
          <vertex>
            <position x="3.081" y="0.0" z="-4.635"></position>
            <normal x="0.0" y="-1.0" z="0.0"></normal>
          </vertex>
          <vertex>
            <position x="3.797" y="0.0" z="4.211"></position>
            <normal x="0.0" y="-1.0" z="0.0"></normal>
          </vertex>
          <vertex>
            <position x="3.622" y="0.0" z="0.5118"></position>
            <normal x="0.0" y="-1.0" z="0.0"></normal>
          </vertex>
          <vertex>
            <position x="3.622" y="0.0" z="-3.425"></position>
            <normal x="0.0" y="-1.0" z="0.0"></normal>
          </vertex>
          <vertex>
            <position x="3.705" y="0.0" z="0.6816"></position>
            <normal x="0.0" y="-1.0" z="0.0"></normal>
          </vertex>
          <vertex>
            <position x="3.894" y="0.0" z="0.6816"></position>
            <normal x="0.0" y="-1.0" z="0.0"></normal>
          </vertex>
          <vertex>
            <position x="4.279" y="0.0" z="3.489"></position>
            <normal x="0.0" y="-1.0" z="0.0"></normal>
          </vertex>
          <vertex>
            <position x="3.976" y="0.0" z="0.5118"></position>
            <normal x="0.0" y="-1.0" z="0.0"></normal>
          </vertex>
          <vertex>
            <position x="3.976" y="0.0" z="-3.425"></position>
            <normal x="0.0" y="-1.0" z="0.0"></normal>
          </vertex>
          <vertex>
            <position x="0.0" y="0.0" z="2.638"></position>
            <normal x="0.0" y="-1.0" z="0.0"></normal>
          </vertex>
          <vertex>
            <position x="3.9" y="0.0" z="-4.369"></position>
            <normal x="0.0" y="-0.99999994" z="0.0"></normal>
          </vertex>
          <vertex>
            <position x="3.622" y="0.0" z="-3.425"></position>
            <normal x="0.0" y="-0.99999994" z="0.0"></normal>
          </vertex>
          <vertex>
            <position x="3.081" y="0.0" z="-4.635"></position>
            <normal x="0.0" y="-0.99999994" z="0.0"></normal>
          </vertex>
          <vertex>
            <position x="3.9" y="0.0" z="-4.369"></position>
            <normal x="0.0" y="-1.0" z="0.0"></normal>
          </vertex>
          <vertex>
            <position x="3.705" y="0.0" z="-3.595"></position>
            <normal x="0.0" y="-1.0" z="0.0"></normal>
          </vertex>
          <vertex>
            <position x="3.894" y="0.0" z="-3.595"></position>
            <normal x="0.0" y="-1.0" z="0.0"></normal>
          </vertex>
          <vertex>
            <position x="4.646" y="0.0" z="-3.937"></position>
            <normal x="0.0" y="-1.0" z="0.0"></normal>
          </vertex>
          <vertex>
            <position x="4.449" y="0.0" z="0.0"></position>
            <normal x="0.0" y="-1.0" z="0.0"></normal>
          </vertex>
          <vertex>
            <position x="4.473" y="0.0" z="-0.1222"></position>
            <normal x="0.0" y="-1.0" z="0.0"></normal>
          </vertex>
          <vertex>
            <position x="4.473" y="0.0" z="-0.1222"></position>
            <normal x="0.0" y="-0.99999994" z="0.0"></normal>
          </vertex>
          <vertex>
            <position x="4.646" y="0.0" z="-3.937"></position>
            <normal x="0.0" y="-0.99999994" z="0.0"></normal>
          </vertex>
          <vertex>
            <position x="4.542" y="0.0" z="-0.2259"></position>
            <normal x="0.0" y="-0.99999994" z="0.0"></normal>
          </vertex>
          <vertex>
            <position x="4.646" y="0.0" z="-0.2953"></position>
            <normal x="0.0" y="-0.99999994" z="0.0"></normal>
          </vertex>
          <vertex>
            <position x="4.646" y="0.0" z="-0.2953"></position>
            <normal x="0.0" y="-1.0" z="0.0"></normal>
          </vertex>
          <vertex>
            <position x="4.738" y="0.0" z="-3.85"></position>
            <normal x="0.0" y="-1.0" z="0.0"></normal>
          </vertex>
          <vertex>
            <position x="4.749" y="0.0" z="-0.3647"></position>
            <normal x="0.0" y="-1.0" z="0.0"></normal>
          </vertex>
          <vertex>
            <position x="4.805" y="0.0" z="-3.743"></position>
            <normal x="0.0" y="-1.0" z="0.0"></normal>
          </vertex>
          <vertex>
            <position x="4.818" y="0.0" z="-0.4683"></position>
            <normal x="0.0" y="-1.0" z="0.0"></normal>
          </vertex>
          <vertex>
            <position x="4.818" y="0.0" z="-0.4683"></position>
            <normal x="0.0" y="-0.99999994" z="0.0"></normal>
          </vertex>
          <vertex>
            <position x="4.805" y="0.0" z="-3.743"></position>
            <normal x="0.0" y="-0.99999994" z="0.0"></normal>
          </vertex>
          <vertex>
            <position x="4.843" y="0.0" z="-3.622"></position>
            <normal x="0.0" y="-0.99999994" z="0.0"></normal>
          </vertex>
          <vertex>
            <position x="4.843" y="0.0" z="-3.622"></position>
            <normal x="0.0" y="-1.0" z="0.0"></normal>
          </vertex>
          <vertex>
            <position x="4.843" y="0.0" z="-0.5906"></position>
            <normal x="0.0" y="-1.0" z="0.0"></normal>
          </vertex>
          <vertex>
            <position x="4.449" y="0.0" z="2.638"></position>
            <normal x="0.0" y="-1.0" z="0.0"></normal>
          </vertex>
        </vertexbuffer>
      </geometry>
    </submesh>
  </submeshes>
</mesh>
