<mesh>
  <submeshes>
    <submesh material="Material.1167" usesharedvertices="false">
      <faces count="132">
        <face v1="0" v2="1" v3="2"></face>
        <face v1="3" v2="4" v3="5"></face>
        <face v1="6" v2="4" v3="3"></face>
        <face v1="6" v2="7" v3="4"></face>
        <face v1="8" v2="9" v3="10"></face>
        <face v1="8" v2="11" v3="9"></face>
        <face v1="12" v2="11" v3="8"></face>
        <face v1="13" v2="11" v3="12"></face>
        <face v1="14" v2="11" v3="13"></face>
        <face v1="15" v2="16" v3="17"></face>
        <face v1="18" v2="19" v3="20"></face>
        <face v1="19" v2="18" v3="21"></face>
        <face v1="22" v2="23" v3="24"></face>
        <face v1="23" v2="22" v3="25"></face>
        <face v1="26" v2="27" v3="28"></face>
        <face v1="27" v2="26" v3="29"></face>
        <face v1="30" v2="31" v3="32"></face>
        <face v1="31" v2="30" v3="33"></face>
        <face v1="34" v2="35" v3="36"></face>
        <face v1="35" v2="34" v3="37"></face>
        <face v1="38" v2="39" v3="40"></face>
        <face v1="39" v2="38" v3="41"></face>
        <face v1="42" v2="43" v3="44"></face>
        <face v1="43" v2="42" v3="45"></face>
        <face v1="46" v2="47" v3="48"></face>
        <face v1="47" v2="46" v3="49"></face>
        <face v1="50" v2="51" v3="52"></face>
        <face v1="51" v2="50" v3="53"></face>
        <face v1="54" v2="55" v3="56"></face>
        <face v1="55" v2="54" v3="57"></face>
        <face v1="58" v2="59" v3="60"></face>
        <face v1="59" v2="58" v3="61"></face>
        <face v1="62" v2="63" v3="64"></face>
        <face v1="63" v2="62" v3="65"></face>
        <face v1="66" v2="67" v3="68"></face>
        <face v1="66" v2="69" v3="67"></face>
        <face v1="66" v2="70" v3="69"></face>
        <face v1="71" v2="72" v3="73"></face>
        <face v1="72" v2="71" v3="74"></face>
        <face v1="75" v2="76" v3="77"></face>
        <face v1="78" v2="79" v3="80"></face>
        <face v1="75" v2="81" v3="82"></face>
        <face v1="68" v2="81" v3="75"></face>
        <face v1="81" v2="68" v3="67"></face>
      </faces>
      <geometry vertexcount="83">
        <vertexbuffer positions="true" normals="true">
          <vertex>
            <position x="0.0" y="-0.4818" z="24.42"></position>
            <normal x="-1.0" y="0.0" z="0.0"></normal>
          </vertex>
          <vertex>
            <position x="0.0" y="-1.754" z="23.96"></position>
            <normal x="-1.0" y="0.0" z="0.0"></normal>
          </vertex>
          <vertex>
            <position x="0.0" y="-1.214" z="24.46"></position>
            <normal x="-1.0" y="0.0" z="0.0"></normal>
          </vertex>
          <vertex>
            <position x="0.0" y="0.01312" z="23.88"></position>
            <normal x="-0.99999994" y="0.0" z="0.0"></normal>
          </vertex>
          <vertex>
            <position x="0.0" y="-1.754" z="23.96"></position>
            <normal x="-0.99999994" y="0.0" z="0.0"></normal>
          </vertex>
          <vertex>
            <position x="0.0" y="-0.4818" z="24.42"></position>
            <normal x="-0.99999994" y="0.0" z="0.0"></normal>
          </vertex>
          <vertex>
            <position x="0.0" y="-0.01883" z="23.15"></position>
            <normal x="-0.99999994" y="0.0" z="0.0"></normal>
          </vertex>
          <vertex>
            <position x="0.0" y="-9.93" z="9.843"></position>
            <normal x="-0.99999994" y="0.0" z="0.0"></normal>
          </vertex>
          <vertex>
            <position x="0.0" y="-8.245" z="0.5229"></position>
            <normal x="-1.0" y="0.0" z="0.0"></normal>
          </vertex>
          <vertex>
            <position x="0.0" y="-9.93" z="9.843"></position>
            <normal x="-1.0" y="0.0" z="0.0"></normal>
          </vertex>
          <vertex>
            <position x="0.0" y="-0.01883" z="23.15"></position>
            <normal x="-1.0" y="0.0" z="0.0"></normal>
          </vertex>
          <vertex>
            <position x="0.0" y="-10.62" z="9.843"></position>
            <normal x="-1.0" y="0.0" z="0.0"></normal>
          </vertex>
          <vertex>
            <position x="0.0" y="-8.405" z="0.259"></position>
            <normal x="-1.0" y="0.0" z="0.0"></normal>
          </vertex>
          <vertex>
            <position x="0.0" y="-8.655" z="0.07745"></position>
            <normal x="-1.0" y="0.0" z="0.0"></normal>
          </vertex>
          <vertex>
            <position x="0.0" y="-8.956" z="0.006234"></position>
            <normal x="-1.0" y="0.0" z="0.0"></normal>
          </vertex>
          <vertex>
            <position x="0.0" y="-10.62" z="9.843"></position>
            <normal x="-0.99999994" y="0.0" z="0.0"></normal>
          </vertex>
          <vertex>
            <position x="0.0" y="-8.956" z="0.006234"></position>
            <normal x="-0.99999994" y="0.0" z="0.0"></normal>
          </vertex>
          <vertex>
            <position x="0.0" y="-10.62" z="0.0"></position>
            <normal x="-0.99999994" y="0.0" z="0.0"></normal>
          </vertex>
          <vertex>
            <position x="0.0" y="-8.245" z="0.5229"></position>
            <normal x="0.0" y="-0.93981826" z="0.34167457"></normal>
          </vertex>
          <vertex>
            <position x="-0.3937" y="-0.01883" z="23.15"></position>
            <normal x="0.0" y="-0.93981826" z="0.34167457"></normal>
          </vertex>
          <vertex>
            <position x="-0.3937" y="-8.245" z="0.5229"></position>
            <normal x="0.0" y="-0.93981826" z="0.34167457"></normal>
          </vertex>
          <vertex>
            <position x="0.0" y="-0.01883" z="23.15"></position>
            <normal x="0.0" y="-0.93981826" z="0.34167457"></normal>
          </vertex>
          <vertex>
            <position x="0.0" y="-8.405" z="0.259"></position>
            <normal x="0.0" y="-0.855111" z="0.518445"></normal>
          </vertex>
          <vertex>
            <position x="-0.3937" y="-8.245" z="0.5229"></position>
            <normal x="0.0" y="-0.855111" z="0.518445"></normal>
          </vertex>
          <vertex>
            <position x="-0.3937" y="-8.405" z="0.259"></position>
            <normal x="0.0" y="-0.855111" z="0.518445"></normal>
          </vertex>
          <vertex>
            <position x="0.0" y="-8.245" z="0.5229"></position>
            <normal x="0.0" y="-0.855111" z="0.518445"></normal>
          </vertex>
          <vertex>
            <position x="0.0" y="-8.405" z="0.259"></position>
            <normal x="0.0" y="-0.58760387" z="0.8091488"></normal>
          </vertex>
          <vertex>
            <position x="-0.3937" y="-8.655" z="0.07745"></position>
            <normal x="0.0" y="-0.58760387" z="0.8091488"></normal>
          </vertex>
          <vertex>
            <position x="0.0" y="-8.655" z="0.07745"></position>
            <normal x="0.0" y="-0.58760387" z="0.8091488"></normal>
          </vertex>
          <vertex>
            <position x="-0.3937" y="-8.405" z="0.259"></position>
            <normal x="0.0" y="-0.58760387" z="0.8091488"></normal>
          </vertex>
          <vertex>
            <position x="0.0" y="-8.655" z="0.07745"></position>
            <normal x="0.0" y="-0.23024103" z="0.9731336"></normal>
          </vertex>
          <vertex>
            <position x="-0.3937" y="-8.956" z="0.006234"></position>
            <normal x="0.0" y="-0.23024103" z="0.9731336"></normal>
          </vertex>
          <vertex>
            <position x="0.0" y="-8.956" z="0.006234"></position>
            <normal x="0.0" y="-0.23024103" z="0.9731336"></normal>
          </vertex>
          <vertex>
            <position x="-0.3937" y="-8.655" z="0.07745"></position>
            <normal x="0.0" y="-0.23024103" z="0.9731336"></normal>
          </vertex>
          <vertex>
            <position x="0.0" y="-8.956" z="0.006234"></position>
            <normal x="0.0" y="-0.003746369" z="0.99999297"></normal>
          </vertex>
          <vertex>
            <position x="-0.3937" y="-10.62" z="0.0"></position>
            <normal x="0.0" y="-0.003746369" z="0.99999297"></normal>
          </vertex>
          <vertex>
            <position x="0.0" y="-10.62" z="0.0"></position>
            <normal x="0.0" y="-0.003746369" z="0.99999297"></normal>
          </vertex>
          <vertex>
            <position x="-0.3937" y="-8.956" z="0.006234"></position>
            <normal x="0.0" y="-0.003746369" z="0.99999297"></normal>
          </vertex>
          <vertex>
            <position x="0.0" y="-10.62" z="9.843"></position>
            <normal x="0.0" y="1.0" z="0.0"></normal>
          </vertex>
          <vertex>
            <position x="-0.3937" y="-10.62" z="0.0"></position>
            <normal x="0.0" y="1.0" z="0.0"></normal>
          </vertex>
          <vertex>
            <position x="-0.3937" y="-10.62" z="9.843"></position>
            <normal x="0.0" y="1.0" z="0.0"></normal>
          </vertex>
          <vertex>
            <position x="0.0" y="-10.62" z="0.0"></position>
            <normal x="0.0" y="1.0" z="0.0"></normal>
          </vertex>
          <vertex>
            <position x="-0.3937" y="-10.62" z="9.843"></position>
            <normal x="0.0" y="-0.0" z="-1.0"></normal>
          </vertex>
          <vertex>
            <position x="0.0" y="-9.93" z="9.843"></position>
            <normal x="0.0" y="-0.0" z="-1.0"></normal>
          </vertex>
          <vertex>
            <position x="0.0" y="-10.62" z="9.843"></position>
            <normal x="0.0" y="-0.0" z="-1.0"></normal>
          </vertex>
          <vertex>
            <position x="-0.3937" y="-9.93" z="9.843"></position>
            <normal x="0.0" y="-0.0" z="-1.0"></normal>
          </vertex>
          <vertex>
            <position x="-0.3937" y="-1.754" z="23.96"></position>
            <normal x="0.0" y="0.8653465" z="-0.50117403"></normal>
          </vertex>
          <vertex>
            <position x="0.0" y="-9.93" z="9.843"></position>
            <normal x="0.0" y="0.8653465" z="-0.50117403"></normal>
          </vertex>
          <vertex>
            <position x="-0.3937" y="-9.93" z="9.843"></position>
            <normal x="0.0" y="0.8653465" z="-0.50117403"></normal>
          </vertex>
          <vertex>
            <position x="0.0" y="-1.754" z="23.96"></position>
            <normal x="0.0" y="0.8653465" z="-0.50117403"></normal>
          </vertex>
          <vertex>
            <position x="-0.3937" y="-1.754" z="23.96"></position>
            <normal x="0.0" y="0.6794081" z="-0.73376065"></normal>
          </vertex>
          <vertex>
            <position x="0.0" y="-1.214" z="24.46"></position>
            <normal x="0.0" y="0.6794081" z="-0.73376065"></normal>
          </vertex>
          <vertex>
            <position x="0.0" y="-1.754" z="23.96"></position>
            <normal x="0.0" y="0.6794081" z="-0.73376065"></normal>
          </vertex>
          <vertex>
            <position x="-0.3937" y="-1.214" z="24.46"></position>
            <normal x="0.0" y="0.6794081" z="-0.73376065"></normal>
          </vertex>
          <vertex>
            <position x="-0.3937" y="-1.214" z="24.46"></position>
            <normal x="0.0" y="-0.054547194" z="-0.9985112"></normal>
          </vertex>
          <vertex>
            <position x="0.0" y="-0.4818" z="24.42"></position>
            <normal x="0.0" y="-0.054547194" z="-0.9985112"></normal>
          </vertex>
          <vertex>
            <position x="0.0" y="-1.214" z="24.46"></position>
            <normal x="0.0" y="-0.054547194" z="-0.9985112"></normal>
          </vertex>
          <vertex>
            <position x="-0.3937" y="-0.4818" z="24.42"></position>
            <normal x="0.0" y="-0.054547194" z="-0.9985112"></normal>
          </vertex>
          <vertex>
            <position x="0.0" y="0.01312" z="23.88"></position>
            <normal x="0.0" y="-0.73720914" z="-0.6756646"></normal>
          </vertex>
          <vertex>
            <position x="-0.3937" y="-0.4818" z="24.42"></position>
            <normal x="0.0" y="-0.73720914" z="-0.6756646"></normal>
          </vertex>
          <vertex>
            <position x="-0.3937" y="0.01312" z="23.88"></position>
            <normal x="0.0" y="-0.73720914" z="-0.6756646"></normal>
          </vertex>
          <vertex>
            <position x="0.0" y="-0.4818" z="24.42"></position>
            <normal x="0.0" y="-0.73720914" z="-0.6756646"></normal>
          </vertex>
          <vertex>
            <position x="0.0" y="-0.01883" z="23.15"></position>
            <normal x="0.0" y="-0.99904364" z="0.043725297"></normal>
          </vertex>
          <vertex>
            <position x="-0.3937" y="0.01312" z="23.88"></position>
            <normal x="0.0" y="-0.99904364" z="0.043725297"></normal>
          </vertex>
          <vertex>
            <position x="-0.3937" y="-0.01883" z="23.15"></position>
            <normal x="0.0" y="-0.99904364" z="0.043725297"></normal>
          </vertex>
          <vertex>
            <position x="0.0" y="0.01312" z="23.88"></position>
            <normal x="0.0" y="-0.99904364" z="0.043725297"></normal>
          </vertex>
          <vertex>
            <position x="-0.3937" y="-10.62" z="9.843"></position>
            <normal x="1.0" y="0.0" z="0.0"></normal>
          </vertex>
          <vertex>
            <position x="-0.3937" y="-8.245" z="0.5229"></position>
            <normal x="1.0" y="0.0" z="0.0"></normal>
          </vertex>
          <vertex>
            <position x="-0.3937" y="-9.93" z="9.843"></position>
            <normal x="1.0" y="0.0" z="0.0"></normal>
          </vertex>
          <vertex>
            <position x="-0.3937" y="-8.405" z="0.259"></position>
            <normal x="1.0" y="0.0" z="0.0"></normal>
          </vertex>
          <vertex>
            <position x="-0.3937" y="-8.655" z="0.07745"></position>
            <normal x="1.0" y="0.0" z="0.0"></normal>
          </vertex>
          <vertex>
            <position x="-0.3937" y="-10.62" z="9.843"></position>
            <normal x="0.99999994" y="0.0" z="-0.0"></normal>
          </vertex>
          <vertex>
            <position x="-0.3937" y="-8.956" z="0.006234"></position>
            <normal x="0.99999994" y="0.0" z="-0.0"></normal>
          </vertex>
          <vertex>
            <position x="-0.3937" y="-8.655" z="0.07745"></position>
            <normal x="0.99999994" y="0.0" z="-0.0"></normal>
          </vertex>
          <vertex>
            <position x="-0.3937" y="-10.62" z="0.0"></position>
            <normal x="0.99999994" y="0.0" z="-0.0"></normal>
          </vertex>
          <vertex>
            <position x="-0.3937" y="-1.754" z="23.96"></position>
            <normal x="1.0" y="0.0" z="0.0"></normal>
          </vertex>
          <vertex>
            <position x="-0.3937" y="-0.4818" z="24.42"></position>
            <normal x="1.0" y="0.0" z="0.0"></normal>
          </vertex>
          <vertex>
            <position x="-0.3937" y="-1.214" z="24.46"></position>
            <normal x="1.0" y="0.0" z="0.0"></normal>
          </vertex>
          <vertex>
            <position x="-0.3937" y="-1.754" z="23.96"></position>
            <normal x="0.99999994" y="0.0" z="-0.0"></normal>
          </vertex>
          <vertex>
            <position x="-0.3937" y="0.01312" z="23.88"></position>
            <normal x="0.99999994" y="0.0" z="-0.0"></normal>
          </vertex>
          <vertex>
            <position x="-0.3937" y="-0.4818" z="24.42"></position>
            <normal x="0.99999994" y="0.0" z="-0.0"></normal>
          </vertex>
          <vertex>
            <position x="-0.3937" y="-0.01883" z="23.15"></position>
            <normal x="1.0" y="0.0" z="0.0"></normal>
          </vertex>
          <vertex>
            <position x="-0.3937" y="0.01312" z="23.88"></position>
            <normal x="1.0" y="0.0" z="0.0"></normal>
          </vertex>
        </vertexbuffer>
      </geometry>
    </submesh>
  </submeshes>
</mesh>
