<mesh>
  <submeshes>
    <submesh material="Material.987" usesharedvertices="false">
      <faces count="198">
        <face v1="0" v2="1" v3="2"></face>
        <face v1="3" v2="4" v3="5"></face>
        <face v1="6" v2="7" v3="8"></face>
        <face v1="9" v2="10" v3="11"></face>
        <face v1="12" v2="13" v3="14"></face>
        <face v1="15" v2="16" v3="17"></face>
        <face v1="18" v2="19" v3="20"></face>
        <face v1="21" v2="22" v3="23"></face>
        <face v1="24" v2="25" v3="26"></face>
        <face v1="27" v2="28" v3="29"></face>
        <face v1="30" v2="31" v3="32"></face>
        <face v1="33" v2="34" v3="35"></face>
        <face v1="36" v2="37" v3="38"></face>
        <face v1="39" v2="40" v3="41"></face>
        <face v1="42" v2="43" v3="44"></face>
        <face v1="45" v2="46" v3="47"></face>
        <face v1="48" v2="49" v3="50"></face>
        <face v1="51" v2="52" v3="53"></face>
        <face v1="54" v2="55" v3="56"></face>
        <face v1="57" v2="58" v3="59"></face>
        <face v1="60" v2="61" v3="62"></face>
        <face v1="63" v2="64" v3="65"></face>
        <face v1="66" v2="67" v3="68"></face>
        <face v1="69" v2="70" v3="71"></face>
        <face v1="72" v2="73" v3="74"></face>
        <face v1="75" v2="76" v3="77"></face>
        <face v1="78" v2="79" v3="80"></face>
        <face v1="81" v2="82" v3="83"></face>
        <face v1="84" v2="85" v3="86"></face>
        <face v1="87" v2="88" v3="89"></face>
        <face v1="90" v2="91" v3="92"></face>
        <face v1="93" v2="94" v3="95"></face>
        <face v1="96" v2="97" v3="98"></face>
        <face v1="99" v2="100" v3="101"></face>
        <face v1="100" v2="99" v3="102"></face>
        <face v1="103" v2="104" v3="105"></face>
        <face v1="106" v2="107" v3="108"></face>
        <face v1="109" v2="110" v3="111"></face>
        <face v1="112" v2="113" v3="114"></face>
        <face v1="115" v2="116" v3="117"></face>
        <face v1="118" v2="119" v3="120"></face>
        <face v1="121" v2="122" v3="123"></face>
        <face v1="124" v2="125" v3="126"></face>
        <face v1="127" v2="128" v3="129"></face>
        <face v1="130" v2="131" v3="132"></face>
        <face v1="133" v2="134" v3="135"></face>
        <face v1="136" v2="137" v3="138"></face>
        <face v1="139" v2="140" v3="141"></face>
        <face v1="142" v2="143" v3="144"></face>
        <face v1="145" v2="146" v3="147"></face>
        <face v1="148" v2="149" v3="150"></face>
        <face v1="151" v2="152" v3="153"></face>
        <face v1="154" v2="155" v3="156"></face>
        <face v1="157" v2="158" v3="159"></face>
        <face v1="160" v2="161" v3="162"></face>
        <face v1="163" v2="164" v3="165"></face>
        <face v1="166" v2="167" v3="168"></face>
        <face v1="169" v2="170" v3="171"></face>
        <face v1="172" v2="173" v3="174"></face>
        <face v1="175" v2="176" v3="177"></face>
        <face v1="178" v2="179" v3="180"></face>
        <face v1="181" v2="182" v3="183"></face>
        <face v1="184" v2="185" v3="186"></face>
        <face v1="187" v2="188" v3="189"></face>
        <face v1="190" v2="191" v3="192"></face>
        <face v1="193" v2="194" v3="195"></face>
      </faces>
      <geometry vertexcount="196">
        <vertexbuffer positions="true" normals="true">
          <vertex>
            <position x="20.89" y="1.378" z="-8.634"></position>
            <normal x="0.97571313" y="-0.119475275" z="0.1836018"></normal>
          </vertex>
          <vertex>
            <position x="20.11" y="3.583" z="-3.054"></position>
            <normal x="0.97571313" y="-0.119475275" z="0.1836018"></normal>
          </vertex>
          <vertex>
            <position x="19.84" y="1.378" z="-3.054"></position>
            <normal x="0.97571313" y="-0.119475275" z="0.1836018"></normal>
          </vertex>
          <vertex>
            <position x="20.11" y="3.583" z="-3.054"></position>
            <normal x="0.9754517" y="-0.120832965" z="0.18410176"></normal>
          </vertex>
          <vertex>
            <position x="20.89" y="1.378" z="-8.634"></position>
            <normal x="0.9754517" y="-0.120832965" z="0.18410176"></normal>
          </vertex>
          <vertex>
            <position x="21.22" y="4.042" z="-8.634"></position>
            <normal x="0.9754517" y="-0.120832965" z="0.18410176"></normal>
          </vertex>
          <vertex>
            <position x="21.15" y="1.378" z="-11.85"></position>
            <normal x="0.989236" y="-0.12254047" z="0.079975605"></normal>
          </vertex>
          <vertex>
            <position x="21.22" y="4.042" z="-8.634"></position>
            <normal x="0.989236" y="-0.12254047" z="0.079975605"></normal>
          </vertex>
          <vertex>
            <position x="20.89" y="1.378" z="-8.634"></position>
            <normal x="0.989236" y="-0.12254047" z="0.079975605"></normal>
          </vertex>
          <vertex>
            <position x="21.22" y="4.042" z="-8.634"></position>
            <normal x="0.9898958" y="-0.11903227" z="0.07705519"></normal>
          </vertex>
          <vertex>
            <position x="21.15" y="1.378" z="-11.85"></position>
            <normal x="0.9898958" y="-0.11903227" z="0.07705519"></normal>
          </vertex>
          <vertex>
            <position x="21.52" y="4.455" z="-11.85"></position>
            <normal x="0.9898958" y="-0.11903227" z="0.07705519"></normal>
          </vertex>
          <vertex>
            <position x="18.56" y="3.81" z="-0.3185"></position>
            <normal x="0.40546766" y="0.90091383" z="0.15475833"></normal>
          </vertex>
          <vertex>
            <position x="19.56" y="4.972" z="-9.703"></position>
            <normal x="0.40546766" y="0.90091383" z="0.15475833"></normal>
          </vertex>
          <vertex>
            <position x="17.12" y="4.473" z="-0.4053"></position>
            <normal x="0.40546766" y="0.90091383" z="0.15475833"></normal>
          </vertex>
          <vertex>
            <position x="19.56" y="4.972" z="-9.703"></position>
            <normal x="0.40505496" y="0.9011031" z="0.15473779"></normal>
          </vertex>
          <vertex>
            <position x="18.56" y="3.81" z="-0.3185"></position>
            <normal x="0.40505496" y="0.9011031" z="0.15473779"></normal>
          </vertex>
          <vertex>
            <position x="20.11" y="3.583" z="-3.054"></position>
            <normal x="0.40505496" y="0.9011031" z="0.15473779"></normal>
          </vertex>
          <vertex>
            <position x="19.56" y="4.972" z="-9.703"></position>
            <normal x="0.4142509" y="0.8971838" z="0.15315837"></normal>
          </vertex>
          <vertex>
            <position x="20.11" y="3.583" z="-3.054"></position>
            <normal x="0.4142509" y="0.8971838" z="0.15315837"></normal>
          </vertex>
          <vertex>
            <position x="19.62" y="5.164" z="-10.99"></position>
            <normal x="0.4142509" y="0.8971838" z="0.15315837"></normal>
          </vertex>
          <vertex>
            <position x="19.62" y="5.164" z="-10.99"></position>
            <normal x="0.405995" y="0.9007418" z="0.15437695"></normal>
          </vertex>
          <vertex>
            <position x="20.11" y="3.583" z="-3.054"></position>
            <normal x="0.405995" y="0.9007418" z="0.15437695"></normal>
          </vertex>
          <vertex>
            <position x="21.52" y="4.455" z="-11.85"></position>
            <normal x="0.405995" y="0.9007418" z="0.15437695"></normal>
          </vertex>
          <vertex>
            <position x="21.52" y="4.455" z="-11.85"></position>
            <normal x="0.3956889" y="0.9055168" z="0.15319827"></normal>
          </vertex>
          <vertex>
            <position x="20.11" y="3.583" z="-3.054"></position>
            <normal x="0.3956889" y="0.9055168" z="0.15319827"></normal>
          </vertex>
          <vertex>
            <position x="21.22" y="4.042" z="-8.634"></position>
            <normal x="0.3956889" y="0.9055168" z="0.15319827"></normal>
          </vertex>
          <vertex>
            <position x="19.84" y="1.378" z="-3.054"></position>
            <normal x="0.8616296" y="-0.105028845" z="0.4965515"></normal>
          </vertex>
          <vertex>
            <position x="18.56" y="3.81" z="-0.3185"></position>
            <normal x="0.8616296" y="-0.105028845" z="0.4965515"></normal>
          </vertex>
          <vertex>
            <position x="18.08" y="1.378" z="0.0"></position>
            <normal x="0.8616296" y="-0.105028845" z="0.4965515"></normal>
          </vertex>
          <vertex>
            <position x="18.56" y="3.81" z="-0.3185"></position>
            <normal x="0.8614049" y="-0.10547833" z="0.49684602"></normal>
          </vertex>
          <vertex>
            <position x="19.84" y="1.378" z="-3.054"></position>
            <normal x="0.8614049" y="-0.10547833" z="0.49684602"></normal>
          </vertex>
          <vertex>
            <position x="20.11" y="3.583" z="-3.054"></position>
            <normal x="0.8614049" y="-0.10547833" z="0.49684602"></normal>
          </vertex>
          <vertex>
            <position x="20.24" y="0.0" z="-8.678"></position>
            <normal x="0.89029956" y="-0.4236034" z="0.16711324"></normal>
          </vertex>
          <vertex>
            <position x="19.84" y="1.378" z="-3.054"></position>
            <normal x="0.89029956" y="-0.4236034" z="0.16711324"></normal>
          </vertex>
          <vertex>
            <position x="19.15" y="0.0" z="-2.871"></position>
            <normal x="0.89029956" y="-0.4236034" z="0.16711324"></normal>
          </vertex>
          <vertex>
            <position x="19.84" y="1.378" z="-3.054"></position>
            <normal x="0.88959664" y="-0.42496592" z="0.1673971"></normal>
          </vertex>
          <vertex>
            <position x="20.24" y="0.0" z="-8.678"></position>
            <normal x="0.88959664" y="-0.42496592" z="0.1673971"></normal>
          </vertex>
          <vertex>
            <position x="20.89" y="1.378" z="-8.634"></position>
            <normal x="0.88959664" y="-0.42496592" z="0.1673971"></normal>
          </vertex>
          <vertex>
            <position x="21.07" y="1.378" z="-18.16"></position>
            <normal x="0.99276906" y="-0.11937778" z="-0.012586598"></normal>
          </vertex>
          <vertex>
            <position x="21.52" y="4.455" z="-11.85"></position>
            <normal x="0.99276906" y="-0.11937778" z="-0.012586598"></normal>
          </vertex>
          <vertex>
            <position x="21.15" y="1.378" z="-11.85"></position>
            <normal x="0.99276906" y="-0.11937778" z="-0.012586598"></normal>
          </vertex>
          <vertex>
            <position x="21.52" y="4.455" z="-11.85"></position>
            <normal x="0.992818" y="-0.118948296" z="-0.012799514"></normal>
          </vertex>
          <vertex>
            <position x="21.07" y="1.378" z="-18.16"></position>
            <normal x="0.992818" y="-0.118948296" z="-0.012799514"></normal>
          </vertex>
          <vertex>
            <position x="21.37" y="3.882" z="-18.16"></position>
            <normal x="0.992818" y="-0.118948296" z="-0.012799514"></normal>
          </vertex>
          <vertex>
            <position x="20.24" y="0.0" z="-8.678"></position>
            <normal x="0.90112877" y="-0.42738673" z="0.07285251"></normal>
          </vertex>
          <vertex>
            <position x="21.15" y="1.378" z="-11.85"></position>
            <normal x="0.90112877" y="-0.42738673" z="0.07285251"></normal>
          </vertex>
          <vertex>
            <position x="20.89" y="1.378" z="-8.634"></position>
            <normal x="0.90112877" y="-0.42738673" z="0.07285251"></normal>
          </vertex>
          <vertex>
            <position x="21.15" y="1.378" z="-11.85"></position>
            <normal x="0.9012033" y="-0.4272132" z="0.072949275"></normal>
          </vertex>
          <vertex>
            <position x="20.24" y="0.0" z="-8.678"></position>
            <normal x="0.9012033" y="-0.4272132" z="0.072949275"></normal>
          </vertex>
          <vertex>
            <position x="20.5" y="0.0" z="-11.89"></position>
            <normal x="0.9012033" y="-0.4272132" z="0.072949275"></normal>
          </vertex>
          <vertex>
            <position x="18.56" y="3.81" z="-0.3185"></position>
            <normal x="-0.0" y="0.12985335" z="0.9915332"></normal>
          </vertex>
          <vertex>
            <position x="3.442" y="1.378" z="0.0"></position>
            <normal x="-0.0" y="0.12985335" z="0.9915332"></normal>
          </vertex>
          <vertex>
            <position x="18.08" y="1.378" z="0.0"></position>
            <normal x="-0.0" y="0.12985335" z="0.9915332"></normal>
          </vertex>
          <vertex>
            <position x="3.442" y="1.378" z="0.0"></position>
            <normal x="5.63412E-6" y="0.12981892" z="0.99153775"></normal>
          </vertex>
          <vertex>
            <position x="18.56" y="3.81" z="-0.3185"></position>
            <normal x="5.63412E-6" y="0.12981892" z="0.99153775"></normal>
          </vertex>
          <vertex>
            <position x="13.6" y="3.452" z="-0.2716"></position>
            <normal x="5.63412E-6" y="0.12981892" z="0.99153775"></normal>
          </vertex>
          <vertex>
            <position x="13.6" y="3.452" z="-0.2716"></position>
            <normal x="1.17367545E-5" y="0.1297358" z="0.9915486"></normal>
          </vertex>
          <vertex>
            <position x="18.56" y="3.81" z="-0.3185"></position>
            <normal x="1.17367545E-5" y="0.1297358" z="0.9915486"></normal>
          </vertex>
          <vertex>
            <position x="15.94" y="4.132" z="-0.3606"></position>
            <normal x="1.17367545E-5" y="0.1297358" z="0.9915486"></normal>
          </vertex>
          <vertex>
            <position x="15.94" y="4.132" z="-0.3606"></position>
            <normal x="2.9046503E-5" y="0.12987426" z="0.9915305"></normal>
          </vertex>
          <vertex>
            <position x="18.56" y="3.81" z="-0.3185"></position>
            <normal x="2.9046503E-5" y="0.12987426" z="0.9915305"></normal>
          </vertex>
          <vertex>
            <position x="17.12" y="4.473" z="-0.4053"></position>
            <normal x="2.9046503E-5" y="0.12987426" z="0.9915305"></normal>
          </vertex>
          <vertex>
            <position x="3.442" y="1.378" z="0.0"></position>
            <normal x="-3.1473362E-6" y="0.12985273" z="0.9915333"></normal>
          </vertex>
          <vertex>
            <position x="7.927" y="3.452" z="-0.2716"></position>
            <normal x="-3.1473362E-6" y="0.12985273" z="0.9915333"></normal>
          </vertex>
          <vertex>
            <position x="2.961" y="3.81" z="-0.3185"></position>
            <normal x="-3.1473362E-6" y="0.12985273" z="0.9915333"></normal>
          </vertex>
          <vertex>
            <position x="7.927" y="3.452" z="-0.2716"></position>
            <normal x="0.0" y="0.12984604" z="0.99153423"></normal>
          </vertex>
          <vertex>
            <position x="3.442" y="1.378" z="0.0"></position>
            <normal x="0.0" y="0.12984604" z="0.99153423"></normal>
          </vertex>
          <vertex>
            <position x="13.6" y="3.452" z="-0.2716"></position>
            <normal x="0.0" y="0.12984604" z="0.99153423"></normal>
          </vertex>
          <vertex>
            <position x="2.961" y="3.81" z="-0.3185"></position>
            <normal x="-1.1727816E-5" y="0.12973574" z="0.99154866"></normal>
          </vertex>
          <vertex>
            <position x="7.927" y="3.452" z="-0.2716"></position>
            <normal x="-1.1727816E-5" y="0.12973574" z="0.99154866"></normal>
          </vertex>
          <vertex>
            <position x="5.581" y="4.132" z="-0.3606"></position>
            <normal x="-1.1727816E-5" y="0.12973574" z="0.99154866"></normal>
          </vertex>
          <vertex>
            <position x="2.961" y="3.81" z="-0.3185"></position>
            <normal x="-2.906121E-5" y="0.12987436" z="0.9915304"></normal>
          </vertex>
          <vertex>
            <position x="5.581" y="4.132" z="-0.3606"></position>
            <normal x="-2.906121E-5" y="0.12987436" z="0.9915304"></normal>
          </vertex>
          <vertex>
            <position x="4.403" y="4.473" z="-0.4053"></position>
            <normal x="-2.906121E-5" y="0.12987436" z="0.9915304"></normal>
          </vertex>
          <vertex>
            <position x="21.52" y="4.455" z="-11.85"></position>
            <normal x="0.3108093" y="0.94589734" z="-0.09314385"></normal>
          </vertex>
          <vertex>
            <position x="20.21" y="4.399" z="-16.79"></position>
            <normal x="0.3108093" y="0.94589734" z="-0.09314385"></normal>
          </vertex>
          <vertex>
            <position x="19.62" y="5.164" z="-10.99"></position>
            <normal x="0.3108093" y="0.94589734" z="-0.09314385"></normal>
          </vertex>
          <vertex>
            <position x="20.21" y="4.399" z="-16.79"></position>
            <normal x="0.31132826" y="0.94571334" z="-0.093279384"></normal>
          </vertex>
          <vertex>
            <position x="21.52" y="4.455" z="-11.85"></position>
            <normal x="0.31132826" y="0.94571334" z="-0.093279384"></normal>
          </vertex>
          <vertex>
            <position x="21.37" y="3.882" z="-18.16"></position>
            <normal x="0.31132826" y="0.94571334" z="-0.093279384"></normal>
          </vertex>
          <vertex>
            <position x="18.08" y="0.0" z="-1.021"></position>
            <normal x="0.81259555" y="-0.34697217" z="0.46829352"></normal>
          </vertex>
          <vertex>
            <position x="19.84" y="1.378" z="-3.054"></position>
            <normal x="0.81259555" y="-0.34697217" z="0.46829352"></normal>
          </vertex>
          <vertex>
            <position x="18.08" y="1.378" z="0.0"></position>
            <normal x="0.81259555" y="-0.34697217" z="0.46829352"></normal>
          </vertex>
          <vertex>
            <position x="19.84" y="1.378" z="-3.054"></position>
            <normal x="0.8126519" y="-0.3444968" z="0.47002017"></normal>
          </vertex>
          <vertex>
            <position x="18.08" y="0.0" z="-1.021"></position>
            <normal x="0.8126519" y="-0.3444968" z="0.47002017"></normal>
          </vertex>
          <vertex>
            <position x="19.15" y="0.0" z="-2.871"></position>
            <normal x="0.8126519" y="-0.3444968" z="0.47002017"></normal>
          </vertex>
          <vertex>
            <position x="20.5" y="0.0" z="-11.89"></position>
            <normal x="0.9045006" y="-0.4263181" z="-0.01146751"></normal>
          </vertex>
          <vertex>
            <position x="21.07" y="1.378" z="-18.16"></position>
            <normal x="0.9045006" y="-0.4263181" z="-0.01146751"></normal>
          </vertex>
          <vertex>
            <position x="21.15" y="1.378" z="-11.85"></position>
            <normal x="0.9045006" y="-0.4263181" z="-0.01146751"></normal>
          </vertex>
          <vertex>
            <position x="21.07" y="1.378" z="-18.16"></position>
            <normal x="0.90437156" y="-0.42659009" z="-0.011539021"></normal>
          </vertex>
          <vertex>
            <position x="20.5" y="0.0" z="-11.89"></position>
            <normal x="0.90437156" y="-0.42659009" z="-0.011539021"></normal>
          </vertex>
          <vertex>
            <position x="20.42" y="0.0" z="-18.16"></position>
            <normal x="0.90437156" y="-0.42659009" z="-0.011539021"></normal>
          </vertex>
          <vertex>
            <position x="20.15" y="1.672" z="-20.51"></position>
            <normal x="0.92073905" y="-0.1103126" z="-0.37426034"></normal>
          </vertex>
          <vertex>
            <position x="21.37" y="3.882" z="-18.16"></position>
            <normal x="0.92073905" y="-0.1103126" z="-0.37426034"></normal>
          </vertex>
          <vertex>
            <position x="21.07" y="1.378" z="-18.16"></position>
            <normal x="0.92073905" y="-0.1103126" z="-0.37426034"></normal>
          </vertex>
          <vertex>
            <position x="21.37" y="3.882" z="-18.16"></position>
            <normal x="0.9209767" y="-0.11141372" z="-0.37334818"></normal>
          </vertex>
          <vertex>
            <position x="20.15" y="1.672" z="-20.51"></position>
            <normal x="0.9209767" y="-0.11141372" z="-0.37334818"></normal>
          </vertex>
          <vertex>
            <position x="20.4" y="3.504" z="-20.44"></position>
            <normal x="0.9209767" y="-0.11141372" z="-0.37334818"></normal>
          </vertex>
          <vertex>
            <position x="18.08" y="0.0" z="-1.021"></position>
            <normal x="0.0" y="-0.5953252" z="0.8034849"></normal>
          </vertex>
          <vertex>
            <position x="3.442" y="1.378" z="0.0"></position>
            <normal x="0.0" y="-0.5953252" z="0.8034849"></normal>
          </vertex>
          <vertex>
            <position x="3.442" y="0.0" z="-1.021"></position>
            <normal x="0.0" y="-0.5953252" z="0.8034849"></normal>
          </vertex>
          <vertex>
            <position x="18.08" y="1.378" z="0.0"></position>
            <normal x="0.0" y="-0.5953252" z="0.8034849"></normal>
          </vertex>
          <vertex>
            <position x="0.306" y="4.042" z="-8.634"></position>
            <normal x="-0.4056008" y="0.90093416" z="0.15429094"></normal>
          </vertex>
          <vertex>
            <position x="1.902" y="5.164" z="-10.99"></position>
            <normal x="-0.4056008" y="0.90093416" z="0.15429094"></normal>
          </vertex>
          <vertex>
            <position x="0.0" y="4.455" z="-11.85"></position>
            <normal x="-0.4056008" y="0.90093416" z="0.15429094"></normal>
          </vertex>
          <vertex>
            <position x="1.902" y="5.164" z="-10.99"></position>
            <normal x="-0.40546164" y="0.9009771" z="0.15440564"></normal>
          </vertex>
          <vertex>
            <position x="0.306" y="4.042" z="-8.634"></position>
            <normal x="-0.40546164" y="0.9009771" z="0.15440564"></normal>
          </vertex>
          <vertex>
            <position x="1.411" y="3.583" z="-3.054"></position>
            <normal x="-0.40546164" y="0.9009771" z="0.15440564"></normal>
          </vertex>
          <vertex>
            <position x="1.902" y="5.164" z="-10.99"></position>
            <normal x="-0.4041923" y="0.9015155" z="0.15459147"></normal>
          </vertex>
          <vertex>
            <position x="1.411" y="3.583" z="-3.054"></position>
            <normal x="-0.4041923" y="0.9015155" z="0.15459147"></normal>
          </vertex>
          <vertex>
            <position x="1.966" y="4.972" z="-9.703"></position>
            <normal x="-0.4041923" y="0.9015155" z="0.15459147"></normal>
          </vertex>
          <vertex>
            <position x="1.966" y="4.972" z="-9.703"></position>
            <normal x="-0.40468007" y="0.90131086" z="0.15450798"></normal>
          </vertex>
          <vertex>
            <position x="1.411" y="3.583" z="-3.054"></position>
            <normal x="-0.40468007" y="0.90131086" z="0.15450798"></normal>
          </vertex>
          <vertex>
            <position x="2.961" y="3.81" z="-0.3185"></position>
            <normal x="-0.40468007" y="0.90131086" z="0.15450798"></normal>
          </vertex>
          <vertex>
            <position x="1.966" y="4.972" z="-9.703"></position>
            <normal x="-0.40502828" y="0.9011515" z="0.15452515"></normal>
          </vertex>
          <vertex>
            <position x="2.961" y="3.81" z="-0.3185"></position>
            <normal x="-0.40502828" y="0.9011515" z="0.15452515"></normal>
          </vertex>
          <vertex>
            <position x="4.403" y="4.473" z="-0.4053"></position>
            <normal x="-0.40502828" y="0.9011515" z="0.15452515"></normal>
          </vertex>
          <vertex>
            <position x="2.961" y="3.81" z="-0.3185"></position>
            <normal x="-0.8614802" y="-0.10532805" z="0.49674737"></normal>
          </vertex>
          <vertex>
            <position x="1.681" y="1.378" z="-3.054"></position>
            <normal x="-0.8614802" y="-0.10532805" z="0.49674737"></normal>
          </vertex>
          <vertex>
            <position x="3.442" y="1.378" z="0.0"></position>
            <normal x="-0.8614802" y="-0.10532805" z="0.49674737"></normal>
          </vertex>
          <vertex>
            <position x="1.681" y="1.378" z="-3.054"></position>
            <normal x="-0.8614051" y="-0.10547815" z="0.4968457"></normal>
          </vertex>
          <vertex>
            <position x="2.961" y="3.81" z="-0.3185"></position>
            <normal x="-0.8614051" y="-0.10547815" z="0.4968457"></normal>
          </vertex>
          <vertex>
            <position x="1.411" y="3.583" z="-3.054"></position>
            <normal x="-0.8614051" y="-0.10547815" z="0.4968457"></normal>
          </vertex>
          <vertex>
            <position x="21.37" y="3.882" z="-18.16"></position>
            <normal x="0.15977283" y="0.9606433" z="-0.22723812"></normal>
          </vertex>
          <vertex>
            <position x="20.4" y="3.504" z="-20.44"></position>
            <normal x="0.15977283" y="0.9606433" z="-0.22723812"></normal>
          </vertex>
          <vertex>
            <position x="20.21" y="4.399" z="-16.79"></position>
            <normal x="0.15977283" y="0.9606433" z="-0.22723812"></normal>
          </vertex>
          <vertex>
            <position x="19.79" y="0.0" z="-19.56"></position>
            <normal x="0.8377083" y="-0.39514518" z="-0.37696832"></normal>
          </vertex>
          <vertex>
            <position x="21.07" y="1.378" z="-18.16"></position>
            <normal x="0.8377083" y="-0.39514518" z="-0.37696832"></normal>
          </vertex>
          <vertex>
            <position x="20.42" y="0.0" z="-18.16"></position>
            <normal x="0.8377083" y="-0.39514518" z="-0.37696832"></normal>
          </vertex>
          <vertex>
            <position x="21.07" y="1.378" z="-18.16"></position>
            <normal x="0.8377158" y="-0.39476952" z="-0.37734497"></normal>
          </vertex>
          <vertex>
            <position x="19.79" y="0.0" z="-19.56"></position>
            <normal x="0.8377158" y="-0.39476952" z="-0.37734497"></normal>
          </vertex>
          <vertex>
            <position x="20.15" y="1.672" z="-20.51"></position>
            <normal x="0.8377158" y="-0.39476952" z="-0.37734497"></normal>
          </vertex>
          <vertex>
            <position x="1.681" y="1.378" z="-3.054"></position>
            <normal x="-0.8124387" y="-0.34710225" z="0.46846905"></normal>
          </vertex>
          <vertex>
            <position x="3.442" y="0.0" z="-1.021"></position>
            <normal x="-0.8124387" y="-0.34710225" z="0.46846905"></normal>
          </vertex>
          <vertex>
            <position x="3.442" y="1.378" z="0.0"></position>
            <normal x="-0.8124387" y="-0.34710225" z="0.46846905"></normal>
          </vertex>
          <vertex>
            <position x="3.442" y="0.0" z="-1.021"></position>
            <normal x="-0.81244266" y="-0.34694108" z="0.46858174"></normal>
          </vertex>
          <vertex>
            <position x="1.681" y="1.378" z="-3.054"></position>
            <normal x="-0.81244266" y="-0.34694108" z="0.46858174"></normal>
          </vertex>
          <vertex>
            <position x="2.375" y="0.0" z="-2.871"></position>
            <normal x="-0.81244266" y="-0.34694108" z="0.46858174"></normal>
          </vertex>
          <vertex>
            <position x="1.902" y="5.164" z="-10.99"></position>
            <normal x="-0.3104035" y="0.9460047" z="-0.09340685"></normal>
          </vertex>
          <vertex>
            <position x="0.1525" y="3.882" z="-18.16"></position>
            <normal x="-0.3104035" y="0.9460047" z="-0.09340685"></normal>
          </vertex>
          <vertex>
            <position x="0.0" y="4.455" z="-11.85"></position>
            <normal x="-0.3104035" y="0.9460047" z="-0.09340685"></normal>
          </vertex>
          <vertex>
            <position x="0.1525" y="3.882" z="-18.16"></position>
            <normal x="-0.3093432" y="0.9463207" z="-0.09372208"></normal>
          </vertex>
          <vertex>
            <position x="1.902" y="5.164" z="-10.99"></position>
            <normal x="-0.3093432" y="0.9463207" z="-0.09372208"></normal>
          </vertex>
          <vertex>
            <position x="1.319" y="4.399" z="-16.79"></position>
            <normal x="-0.3093432" y="0.9463207" z="-0.09372208"></normal>
          </vertex>
          <vertex>
            <position x="0.0" y="4.455" z="-11.85"></position>
            <normal x="-0.9895449" y="-0.120907255" z="0.07862749"></normal>
          </vertex>
          <vertex>
            <position x="0.6315" y="1.378" z="-8.634"></position>
            <normal x="-0.9895449" y="-0.120907255" z="0.07862749"></normal>
          </vertex>
          <vertex>
            <position x="0.306" y="4.042" z="-8.634"></position>
            <normal x="-0.9895449" y="-0.120907255" z="0.07862749"></normal>
          </vertex>
          <vertex>
            <position x="0.6315" y="1.378" z="-8.634"></position>
            <normal x="-0.9895473" y="-0.12085535" z="0.07867762"></normal>
          </vertex>
          <vertex>
            <position x="0.0" y="4.455" z="-11.85"></position>
            <normal x="-0.9895473" y="-0.12085535" z="0.07867762"></normal>
          </vertex>
          <vertex>
            <position x="0.3758" y="1.378" z="-11.85"></position>
            <normal x="-0.9895473" y="-0.12085535" z="0.07867762"></normal>
          </vertex>
          <vertex>
            <position x="0.306" y="4.042" z="-8.634"></position>
            <normal x="-0.9757508" y="-0.119479686" z="0.18339846"></normal>
          </vertex>
          <vertex>
            <position x="1.681" y="1.378" z="-3.054"></position>
            <normal x="-0.9757508" y="-0.119479686" z="0.18339846"></normal>
          </vertex>
          <vertex>
            <position x="1.411" y="3.583" z="-3.054"></position>
            <normal x="-0.9757508" y="-0.119479686" z="0.18339846"></normal>
          </vertex>
          <vertex>
            <position x="1.681" y="1.378" z="-3.054"></position>
            <normal x="-0.97575885" y="-0.1192228" z="0.18352309"></normal>
          </vertex>
          <vertex>
            <position x="0.306" y="4.042" z="-8.634"></position>
            <normal x="-0.97575885" y="-0.1192228" z="0.18352309"></normal>
          </vertex>
          <vertex>
            <position x="0.6315" y="1.378" z="-8.634"></position>
            <normal x="-0.97575885" y="-0.1192228" z="0.18352309"></normal>
          </vertex>
          <vertex>
            <position x="1.681" y="1.378" z="-3.054"></position>
            <normal x="-0.8892936" y="-0.42566514" z="0.16723068"></normal>
          </vertex>
          <vertex>
            <position x="1.283" y="0.0" z="-8.678"></position>
            <normal x="-0.8892936" y="-0.42566514" z="0.16723068"></normal>
          </vertex>
          <vertex>
            <position x="2.375" y="0.0" z="-2.871"></position>
            <normal x="-0.8892936" y="-0.42566514" z="0.16723068"></normal>
          </vertex>
          <vertex>
            <position x="1.283" y="0.0" z="-8.678"></position>
            <normal x="-0.889243" y="-0.42576265" z="0.16725099"></normal>
          </vertex>
          <vertex>
            <position x="1.681" y="1.378" z="-3.054"></position>
            <normal x="-0.889243" y="-0.42576265" z="0.16725099"></normal>
          </vertex>
          <vertex>
            <position x="0.6315" y="1.378" z="-8.634"></position>
            <normal x="-0.889243" y="-0.42576265" z="0.16725099"></normal>
          </vertex>
          <vertex>
            <position x="1.319" y="4.399" z="-16.79"></position>
            <normal x="-0.15928611" y="0.960792" z="-0.22695081"></normal>
          </vertex>
          <vertex>
            <position x="1.121" y="3.504" z="-20.44"></position>
            <normal x="-0.15928611" y="0.960792" z="-0.22695081"></normal>
          </vertex>
          <vertex>
            <position x="0.1525" y="3.882" z="-18.16"></position>
            <normal x="-0.15928611" y="0.960792" z="-0.22695081"></normal>
          </vertex>
          <vertex>
            <position x="0.1525" y="3.882" z="-18.16"></position>
            <normal x="-0.99254066" y="-0.12122094" z="-0.012979854"></normal>
          </vertex>
          <vertex>
            <position x="0.3758" y="1.378" z="-11.85"></position>
            <normal x="-0.99254066" y="-0.12122094" z="-0.012979854"></normal>
          </vertex>
          <vertex>
            <position x="0.0" y="4.455" z="-11.85"></position>
            <normal x="-0.99254066" y="-0.12122094" z="-0.012979854"></normal>
          </vertex>
          <vertex>
            <position x="0.3758" y="1.378" z="-11.85"></position>
            <normal x="-0.99254656" y="-0.121174715" z="-0.012961306"></normal>
          </vertex>
          <vertex>
            <position x="0.1525" y="3.882" z="-18.16"></position>
            <normal x="-0.99254656" y="-0.121174715" z="-0.012961306"></normal>
          </vertex>
          <vertex>
            <position x="0.4582" y="1.378" z="-18.16"></position>
            <normal x="-0.99254656" y="-0.121174715" z="-0.012961306"></normal>
          </vertex>
          <vertex>
            <position x="0.3758" y="1.378" z="-11.85"></position>
            <normal x="-0.9008439" y="-0.42819402" z="0.07162492"></normal>
          </vertex>
          <vertex>
            <position x="1.283" y="0.0" z="-8.678"></position>
            <normal x="-0.9008439" y="-0.42819402" z="0.07162492"></normal>
          </vertex>
          <vertex>
            <position x="0.6315" y="1.378" z="-8.634"></position>
            <normal x="-0.9008439" y="-0.42819402" z="0.07162492"></normal>
          </vertex>
          <vertex>
            <position x="1.283" y="0.0" z="-8.678"></position>
            <normal x="-0.9009867" y="-0.42786273" z="0.07180966"></normal>
          </vertex>
          <vertex>
            <position x="0.3758" y="1.378" z="-11.85"></position>
            <normal x="-0.9009867" y="-0.42786273" z="0.07180966"></normal>
          </vertex>
          <vertex>
            <position x="1.027" y="0.0" z="-11.89"></position>
            <normal x="-0.9009867" y="-0.42786273" z="0.07180966"></normal>
          </vertex>
          <vertex>
            <position x="0.1525" y="3.882" z="-18.16"></position>
            <normal x="-0.92113465" y="-0.11245639" z="-0.37264517"></normal>
          </vertex>
          <vertex>
            <position x="1.373" y="1.672" z="-20.51"></position>
            <normal x="-0.92113465" y="-0.11245639" z="-0.37264517"></normal>
          </vertex>
          <vertex>
            <position x="0.4582" y="1.378" z="-18.16"></position>
            <normal x="-0.92113465" y="-0.11245639" z="-0.37264517"></normal>
          </vertex>
          <vertex>
            <position x="1.373" y="1.672" z="-20.51"></position>
            <normal x="-0.92113733" y="-0.11246846" z="-0.3726352"></normal>
          </vertex>
          <vertex>
            <position x="0.1525" y="3.882" z="-18.16"></position>
            <normal x="-0.92113733" y="-0.11246846" z="-0.3726352"></normal>
          </vertex>
          <vertex>
            <position x="1.121" y="3.504" z="-20.44"></position>
            <normal x="-0.92113733" y="-0.11246846" z="-0.3726352"></normal>
          </vertex>
          <vertex>
            <position x="0.4582" y="1.378" z="-18.16"></position>
            <normal x="-0.9041969" y="-0.42695257" z="-0.011807575"></normal>
          </vertex>
          <vertex>
            <position x="1.027" y="0.0" z="-11.89"></position>
            <normal x="-0.9041969" y="-0.42695257" z="-0.011807575"></normal>
          </vertex>
          <vertex>
            <position x="0.3758" y="1.378" z="-11.85"></position>
            <normal x="-0.9041969" y="-0.42695257" z="-0.011807575"></normal>
          </vertex>
          <vertex>
            <position x="1.027" y="0.0" z="-11.89"></position>
            <normal x="-0.90416574" y="-0.42701814" z="-0.01182482"></normal>
          </vertex>
          <vertex>
            <position x="0.4582" y="1.378" z="-18.16"></position>
            <normal x="-0.90416574" y="-0.42701814" z="-0.01182482"></normal>
          </vertex>
          <vertex>
            <position x="1.109" y="0.0" z="-18.16"></position>
            <normal x="-0.90416574" y="-0.42701814" z="-0.01182482"></normal>
          </vertex>
          <vertex>
            <position x="0.4582" y="1.378" z="-18.16"></position>
            <normal x="-0.8384891" y="-0.3960005" z="-0.37432563"></normal>
          </vertex>
          <vertex>
            <position x="1.734" y="0.0" z="-19.56"></position>
            <normal x="-0.8384891" y="-0.3960005" z="-0.37432563"></normal>
          </vertex>
          <vertex>
            <position x="1.109" y="0.0" z="-18.16"></position>
            <normal x="-0.8384891" y="-0.3960005" z="-0.37432563"></normal>
          </vertex>
          <vertex>
            <position x="1.734" y="0.0" z="-19.56"></position>
            <normal x="-0.83852106" y="-0.39455464" z="-0.3757779"></normal>
          </vertex>
          <vertex>
            <position x="0.4582" y="1.378" z="-18.16"></position>
            <normal x="-0.83852106" y="-0.39455464" z="-0.3757779"></normal>
          </vertex>
          <vertex>
            <position x="1.373" y="1.672" z="-20.51"></position>
            <normal x="-0.83852106" y="-0.39455464" z="-0.3757779"></normal>
          </vertex>
        </vertexbuffer>
      </geometry>
    </submesh>
  </submeshes>
</mesh>
