<mesh>
  <submeshes>
    <submesh material="Material.1190" usesharedvertices="false">
      <faces count="54">
        <face v1="0" v2="1" v3="2"></face>
        <face v1="1" v2="0" v3="3"></face>
        <face v1="4" v2="5" v3="6"></face>
        <face v1="7" v2="8" v3="9"></face>
        <face v1="5" v2="10" v3="11"></face>
        <face v1="11" v2="10" v3="12"></face>
        <face v1="13" v2="14" v3="15"></face>
        <face v1="14" v2="13" v3="16"></face>
        <face v1="17" v2="18" v3="19"></face>
        <face v1="20" v2="21" v3="22"></face>
        <face v1="20" v2="22" v3="23"></face>
        <face v1="24" v2="19" v3="18"></face>
        <face v1="25" v2="26" v3="27"></face>
        <face v1="26" v2="25" v3="28"></face>
        <face v1="29" v2="30" v3="31"></face>
        <face v1="30" v2="29" v3="32"></face>
        <face v1="33" v2="34" v3="35"></face>
        <face v1="34" v2="33" v3="36"></face>
      </faces>
      <geometry vertexcount="37">
        <vertexbuffer positions="true" normals="true">
          <vertex>
            <position x="55.12" y="0.0" z="-10.47"></position>
            <normal x="0.0" y="-1.0" z="0.0"></normal>
          </vertex>
          <vertex>
            <position x="0.0" y="0.0" z="0.0"></position>
            <normal x="0.0" y="-1.0" z="0.0"></normal>
          </vertex>
          <vertex>
            <position x="0.0" y="0.0" z="-10.47"></position>
            <normal x="0.0" y="-1.0" z="0.0"></normal>
          </vertex>
          <vertex>
            <position x="55.12" y="0.0" z="0.0"></position>
            <normal x="0.0" y="-1.0" z="0.0"></normal>
          </vertex>
          <vertex>
            <position x="0.0" y="17.6" z="-0.3937"></position>
            <normal x="-0.99999994" y="0.0" z="0.0"></normal>
          </vertex>
          <vertex>
            <position x="0.0" y="0.0" z="0.0"></position>
            <normal x="-0.99999994" y="0.0" z="0.0"></normal>
          </vertex>
          <vertex>
            <position x="0.0" y="17.6" z="0.0"></position>
            <normal x="-0.99999994" y="0.0" z="0.0"></normal>
          </vertex>
          <vertex>
            <position x="0.0" y="0.0" z="0.0"></position>
            <normal x="-1.0" y="0.0" z="0.0"></normal>
          </vertex>
          <vertex>
            <position x="0.0" y="17.6" z="-0.3937"></position>
            <normal x="-1.0" y="0.0" z="0.0"></normal>
          </vertex>
          <vertex>
            <position x="0.0" y="0.3937" z="-0.3937"></position>
            <normal x="-1.0" y="0.0" z="0.0"></normal>
          </vertex>
          <vertex>
            <position x="0.0" y="0.3937" z="-0.3937"></position>
            <normal x="-0.99999994" y="0.0" z="0.0"></normal>
          </vertex>
          <vertex>
            <position x="0.0" y="0.0" z="-10.47"></position>
            <normal x="-0.99999994" y="0.0" z="0.0"></normal>
          </vertex>
          <vertex>
            <position x="0.0" y="0.3937" z="-10.47"></position>
            <normal x="-0.99999994" y="0.0" z="0.0"></normal>
          </vertex>
          <vertex>
            <position x="0.0" y="0.3937" z="-10.47"></position>
            <normal x="0.0" y="0.0" z="-1.0"></normal>
          </vertex>
          <vertex>
            <position x="55.12" y="0.0" z="-10.47"></position>
            <normal x="0.0" y="0.0" z="-1.0"></normal>
          </vertex>
          <vertex>
            <position x="0.0" y="0.0" z="-10.47"></position>
            <normal x="0.0" y="0.0" z="-1.0"></normal>
          </vertex>
          <vertex>
            <position x="55.12" y="0.3937" z="-10.47"></position>
            <normal x="0.0" y="0.0" z="-1.0"></normal>
          </vertex>
          <vertex>
            <position x="55.12" y="0.0" z="0.0"></position>
            <normal x="1.0" y="0.0" z="-0.0"></normal>
          </vertex>
          <vertex>
            <position x="55.12" y="0.3937" z="-0.3937"></position>
            <normal x="1.0" y="0.0" z="-0.0"></normal>
          </vertex>
          <vertex>
            <position x="55.12" y="17.6" z="0.0"></position>
            <normal x="1.0" y="0.0" z="-0.0"></normal>
          </vertex>
          <vertex>
            <position x="55.12" y="0.3937" z="-0.3937"></position>
            <normal x="0.99999994" y="0.0" z="0.0"></normal>
          </vertex>
          <vertex>
            <position x="55.12" y="0.0" z="0.0"></position>
            <normal x="0.99999994" y="0.0" z="0.0"></normal>
          </vertex>
          <vertex>
            <position x="55.12" y="0.0" z="-10.47"></position>
            <normal x="0.99999994" y="0.0" z="0.0"></normal>
          </vertex>
          <vertex>
            <position x="55.12" y="0.3937" z="-10.47"></position>
            <normal x="0.99999994" y="0.0" z="0.0"></normal>
          </vertex>
          <vertex>
            <position x="55.12" y="17.6" z="-0.3937"></position>
            <normal x="1.0" y="0.0" z="-0.0"></normal>
          </vertex>
          <vertex>
            <position x="0.0" y="17.6" z="-0.3937"></position>
            <normal x="0.0" y="0.0" z="-0.99999994"></normal>
          </vertex>
          <vertex>
            <position x="55.12" y="0.3937" z="-0.3937"></position>
            <normal x="0.0" y="0.0" z="-0.99999994"></normal>
          </vertex>
          <vertex>
            <position x="0.0" y="0.3937" z="-0.3937"></position>
            <normal x="0.0" y="0.0" z="-0.99999994"></normal>
          </vertex>
          <vertex>
            <position x="55.12" y="17.6" z="-0.3937"></position>
            <normal x="0.0" y="0.0" z="-0.99999994"></normal>
          </vertex>
          <vertex>
            <position x="55.12" y="0.3937" z="-0.3937"></position>
            <normal x="0.0" y="1.0" z="0.0"></normal>
          </vertex>
          <vertex>
            <position x="0.0" y="0.3937" z="-10.47"></position>
            <normal x="0.0" y="1.0" z="0.0"></normal>
          </vertex>
          <vertex>
            <position x="0.0" y="0.3937" z="-0.3937"></position>
            <normal x="0.0" y="1.0" z="0.0"></normal>
          </vertex>
          <vertex>
            <position x="55.12" y="0.3937" z="-10.47"></position>
            <normal x="0.0" y="1.0" z="0.0"></normal>
          </vertex>
          <vertex>
            <position x="55.12" y="17.6" z="0.0"></position>
            <normal x="0.0" y="1.0" z="0.0"></normal>
          </vertex>
          <vertex>
            <position x="0.0" y="17.6" z="-0.3937"></position>
            <normal x="0.0" y="1.0" z="0.0"></normal>
          </vertex>
          <vertex>
            <position x="0.0" y="17.6" z="0.0"></position>
            <normal x="0.0" y="1.0" z="0.0"></normal>
          </vertex>
          <vertex>
            <position x="55.12" y="17.6" z="-0.3937"></position>
            <normal x="0.0" y="1.0" z="0.0"></normal>
          </vertex>
        </vertexbuffer>
      </geometry>
    </submesh>
  </submeshes>
</mesh>
