<mesh>
  <submeshes>
    <submesh material="Material.1001" usesharedvertices="false">
      <faces count="132">
        <face v1="0" v2="1" v3="2"></face>
        <face v1="1" v2="0" v3="3"></face>
        <face v1="4" v2="5" v3="6"></face>
        <face v1="5" v2="4" v3="7"></face>
        <face v1="6" v2="8" v3="9"></face>
        <face v1="8" v2="6" v3="5"></face>
        <face v1="8" v2="5" v3="10"></face>
        <face v1="11" v2="12" v3="13"></face>
        <face v1="12" v2="11" v3="14"></face>
        <face v1="12" v2="14" v3="15"></face>
        <face v1="15" v2="14" v3="16"></face>
        <face v1="17" v2="18" v3="19"></face>
        <face v1="20" v2="21" v3="22"></face>
        <face v1="20" v2="22" v3="23"></face>
        <face v1="24" v2="25" v3="26"></face>
        <face v1="25" v2="27" v3="28"></face>
        <face v1="27" v2="25" v3="29"></face>
        <face v1="29" v2="25" v3="24"></face>
        <face v1="30" v2="31" v3="32"></face>
        <face v1="31" v2="30" v3="33"></face>
        <face v1="34" v2="35" v3="36"></face>
        <face v1="35" v2="34" v3="37"></face>
        <face v1="38" v2="39" v3="40"></face>
        <face v1="39" v2="38" v3="41"></face>
        <face v1="42" v2="43" v3="44"></face>
        <face v1="45" v2="46" v3="47"></face>
        <face v1="48" v2="49" v3="50"></face>
        <face v1="49" v2="48" v3="51"></face>
        <face v1="52" v2="53" v3="54"></face>
        <face v1="53" v2="52" v3="55"></face>
        <face v1="56" v2="57" v3="58"></face>
        <face v1="57" v2="56" v3="59"></face>
        <face v1="57" v2="59" v3="60"></face>
        <face v1="61" v2="62" v3="63"></face>
        <face v1="62" v2="61" v3="64"></face>
        <face v1="65" v2="66" v3="67"></face>
        <face v1="68" v2="69" v3="70"></face>
        <face v1="69" v2="68" v3="71"></face>
        <face v1="72" v2="73" v3="74"></face>
        <face v1="75" v2="76" v3="77"></face>
        <face v1="76" v2="75" v3="78"></face>
        <face v1="77" v2="79" v3="80"></face>
        <face v1="79" v2="77" v3="76"></face>
        <face v1="79" v2="76" v3="81"></face>
      </faces>
      <geometry vertexcount="82">
        <vertexbuffer positions="true" normals="true">
          <vertex>
            <position x="5.906" y="0.0" z="-1.417"></position>
            <normal x="-0.51436764" y="-0.85756975" z="-0.0"></normal>
          </vertex>
          <vertex>
            <position x="3.937" y="1.181" z="0.0"></position>
            <normal x="-0.51436764" y="-0.85756975" z="-0.0"></normal>
          </vertex>
          <vertex>
            <position x="3.937" y="1.181" z="-1.417"></position>
            <normal x="-0.51436764" y="-0.85756975" z="-0.0"></normal>
          </vertex>
          <vertex>
            <position x="5.906" y="0.0" z="0.0"></position>
            <normal x="-0.51436764" y="-0.85756975" z="-0.0"></normal>
          </vertex>
          <vertex>
            <position x="11.56" y="0.0" z="-1.536"></position>
            <normal x="0.0" y="-1.0" z="-0.0"></normal>
          </vertex>
          <vertex>
            <position x="11.52" y="0.0" z="-0.7083"></position>
            <normal x="0.0" y="-1.0" z="-0.0"></normal>
          </vertex>
          <vertex>
            <position x="5.906" y="0.0" z="-1.417"></position>
            <normal x="0.0" y="-1.0" z="-0.0"></normal>
          </vertex>
          <vertex>
            <position x="11.92" y="0.0" z="-1.27"></position>
            <normal x="0.0" y="-1.0" z="-0.0"></normal>
          </vertex>
          <vertex>
            <position x="11.56" y="0.0" z="0.1198"></position>
            <normal x="0.0" y="-1.0" z="-0.0"></normal>
          </vertex>
          <vertex>
            <position x="5.906" y="0.0" z="0.0"></position>
            <normal x="0.0" y="-1.0" z="-0.0"></normal>
          </vertex>
          <vertex>
            <position x="11.92" y="0.0" z="-0.1466"></position>
            <normal x="0.0" y="-1.0" z="-0.0"></normal>
          </vertex>
          <vertex>
            <position x="6.124" y="0.7874" z="0.0"></position>
            <normal x="0.0" y="0.0" z="1.0"></normal>
          </vertex>
          <vertex>
            <position x="3.937" y="1.181" z="0.0"></position>
            <normal x="0.0" y="0.0" z="1.0"></normal>
          </vertex>
          <vertex>
            <position x="5.906" y="0.0" z="0.0"></position>
            <normal x="0.0" y="0.0" z="1.0"></normal>
          </vertex>
          <vertex>
            <position x="4.155" y="1.969" z="0.0"></position>
            <normal x="0.0" y="0.0" z="1.0"></normal>
          </vertex>
          <vertex>
            <position x="0.5906" y="1.181" z="0.0"></position>
            <normal x="0.0" y="0.0" z="1.0"></normal>
          </vertex>
          <vertex>
            <position x="0.5906" y="1.969" z="0.0"></position>
            <normal x="0.0" y="0.0" z="1.0"></normal>
          </vertex>
          <vertex>
            <position x="0.5906" y="1.181" z="-1.417"></position>
            <normal x="0.0" y="-1.0" z="-0.0"></normal>
          </vertex>
          <vertex>
            <position x="0.5906" y="1.181" z="0.0"></position>
            <normal x="0.0" y="-1.0" z="-0.0"></normal>
          </vertex>
          <vertex>
            <position x="0.0" y="1.181" z="-0.7083"></position>
            <normal x="0.0" y="-1.0" z="-0.0"></normal>
          </vertex>
          <vertex>
            <position x="0.5906" y="1.181" z="0.0"></position>
            <normal x="0.0" y="-0.99999994" z="0.0"></normal>
          </vertex>
          <vertex>
            <position x="0.5906" y="1.181" z="-1.417"></position>
            <normal x="0.0" y="-0.99999994" z="0.0"></normal>
          </vertex>
          <vertex>
            <position x="3.937" y="1.181" z="-1.417"></position>
            <normal x="0.0" y="-0.99999994" z="0.0"></normal>
          </vertex>
          <vertex>
            <position x="3.937" y="1.181" z="0.0"></position>
            <normal x="0.0" y="-0.99999994" z="0.0"></normal>
          </vertex>
          <vertex>
            <position x="0.5906" y="1.969" z="-1.417"></position>
            <normal x="0.0" y="0.0" z="-1.0"></normal>
          </vertex>
          <vertex>
            <position x="3.937" y="1.181" z="-1.417"></position>
            <normal x="0.0" y="0.0" z="-1.0"></normal>
          </vertex>
          <vertex>
            <position x="0.5906" y="1.181" z="-1.417"></position>
            <normal x="0.0" y="0.0" z="-1.0"></normal>
          </vertex>
          <vertex>
            <position x="6.124" y="0.7874" z="-1.417"></position>
            <normal x="0.0" y="0.0" z="-1.0"></normal>
          </vertex>
          <vertex>
            <position x="5.906" y="0.0" z="-1.417"></position>
            <normal x="0.0" y="0.0" z="-1.0"></normal>
          </vertex>
          <vertex>
            <position x="4.155" y="1.969" z="-1.417"></position>
            <normal x="0.0" y="0.0" z="-1.0"></normal>
          </vertex>
          <vertex>
            <position x="11.92" y="0.0" z="-1.27"></position>
            <normal x="0.8145657" y="0.0" z="0.5800712"></normal>
          </vertex>
          <vertex>
            <position x="11.52" y="0.7874" z="-0.7083"></position>
            <normal x="0.8145657" y="0.0" z="0.5800712"></normal>
          </vertex>
          <vertex>
            <position x="11.52" y="0.0" z="-0.7083"></position>
            <normal x="0.8145657" y="0.0" z="0.5800712"></normal>
          </vertex>
          <vertex>
            <position x="11.92" y="0.7874" z="-1.27"></position>
            <normal x="0.8145657" y="0.0" z="0.5800712"></normal>
          </vertex>
          <vertex>
            <position x="11.52" y="0.0" z="-0.7083"></position>
            <normal x="0.8145657" y="0.0" z="-0.5800712"></normal>
          </vertex>
          <vertex>
            <position x="11.92" y="0.7874" z="-0.1466"></position>
            <normal x="0.8145657" y="0.0" z="-0.5800712"></normal>
          </vertex>
          <vertex>
            <position x="11.92" y="0.0" z="-0.1466"></position>
            <normal x="0.8145657" y="0.0" z="-0.5800712"></normal>
          </vertex>
          <vertex>
            <position x="11.52" y="0.7874" z="-0.7083"></position>
            <normal x="0.8145657" y="0.0" z="-0.5800712"></normal>
          </vertex>
          <vertex>
            <position x="11.92" y="0.7874" z="-0.1466"></position>
            <normal x="0.5948433" y="0.0" z="0.80384165"></normal>
          </vertex>
          <vertex>
            <position x="11.56" y="0.0" z="0.1198"></position>
            <normal x="0.5948433" y="0.0" z="0.80384165"></normal>
          </vertex>
          <vertex>
            <position x="11.92" y="0.0" z="-0.1466"></position>
            <normal x="0.5948433" y="0.0" z="0.80384165"></normal>
          </vertex>
          <vertex>
            <position x="11.56" y="0.7874" z="0.1198"></position>
            <normal x="0.5948433" y="0.0" z="0.80384165"></normal>
          </vertex>
          <vertex>
            <position x="11.56" y="0.7874" z="0.1198"></position>
            <normal x="-0.021183783" y="0.0" z="0.99977565"></normal>
          </vertex>
          <vertex>
            <position x="5.906" y="0.0" z="0.0"></position>
            <normal x="-0.021183783" y="0.0" z="0.99977565"></normal>
          </vertex>
          <vertex>
            <position x="11.56" y="0.0" z="0.1198"></position>
            <normal x="-0.021183783" y="0.0" z="0.99977565"></normal>
          </vertex>
          <vertex>
            <position x="11.56" y="0.7874" z="-1.536"></position>
            <normal x="-0.021042377" y="0.0" z="-0.9997786"></normal>
          </vertex>
          <vertex>
            <position x="11.56" y="0.0" z="-1.536"></position>
            <normal x="-0.021042377" y="0.0" z="-0.9997786"></normal>
          </vertex>
          <vertex>
            <position x="5.906" y="0.0" z="-1.417"></position>
            <normal x="-0.021042377" y="0.0" z="-0.9997786"></normal>
          </vertex>
          <vertex>
            <position x="11.56" y="0.7874" z="-1.536"></position>
            <normal x="0.59426576" y="0.0" z="-0.80426866"></normal>
          </vertex>
          <vertex>
            <position x="11.92" y="0.0" z="-1.27"></position>
            <normal x="0.59426576" y="0.0" z="-0.80426866"></normal>
          </vertex>
          <vertex>
            <position x="11.56" y="0.0" z="-1.536"></position>
            <normal x="0.59426576" y="0.0" z="-0.80426866"></normal>
          </vertex>
          <vertex>
            <position x="11.92" y="0.7874" z="-1.27"></position>
            <normal x="0.59426576" y="0.0" z="-0.80426866"></normal>
          </vertex>
          <vertex>
            <position x="6.124" y="0.7874" z="0.0"></position>
            <normal x="0.51455986" y="0.85745454" z="-0.0"></normal>
          </vertex>
          <vertex>
            <position x="4.155" y="1.969" z="-1.417"></position>
            <normal x="0.51455986" y="0.85745454" z="-0.0"></normal>
          </vertex>
          <vertex>
            <position x="4.155" y="1.969" z="0.0"></position>
            <normal x="0.51455986" y="0.85745454" z="-0.0"></normal>
          </vertex>
          <vertex>
            <position x="6.124" y="0.7874" z="-1.417"></position>
            <normal x="0.51455986" y="0.85745454" z="-0.0"></normal>
          </vertex>
          <vertex>
            <position x="0.5906" y="1.969" z="0.0"></position>
            <normal x="0.0" y="1.0" z="-0.0"></normal>
          </vertex>
          <vertex>
            <position x="0.5906" y="1.969" z="-1.417"></position>
            <normal x="0.0" y="1.0" z="-0.0"></normal>
          </vertex>
          <vertex>
            <position x="0.0" y="1.969" z="-0.7083"></position>
            <normal x="0.0" y="1.0" z="-0.0"></normal>
          </vertex>
          <vertex>
            <position x="4.155" y="1.969" z="0.0"></position>
            <normal x="0.0" y="1.0" z="-0.0"></normal>
          </vertex>
          <vertex>
            <position x="4.155" y="1.969" z="-1.417"></position>
            <normal x="0.0" y="1.0" z="-0.0"></normal>
          </vertex>
          <vertex>
            <position x="0.0" y="1.969" z="-0.7083"></position>
            <normal x="-0.76803464" y="0.0" z="0.64040834"></normal>
          </vertex>
          <vertex>
            <position x="0.5906" y="1.181" z="0.0"></position>
            <normal x="-0.76803464" y="0.0" z="0.64040834"></normal>
          </vertex>
          <vertex>
            <position x="0.5906" y="1.969" z="0.0"></position>
            <normal x="-0.76803464" y="0.0" z="0.64040834"></normal>
          </vertex>
          <vertex>
            <position x="0.0" y="1.181" z="-0.7083"></position>
            <normal x="-0.76803464" y="0.0" z="0.64040834"></normal>
          </vertex>
          <vertex>
            <position x="6.124" y="0.7874" z="0.0"></position>
            <normal x="-0.022032501" y="0.0060999286" z="0.9997387"></normal>
          </vertex>
          <vertex>
            <position x="5.906" y="0.0" z="0.0"></position>
            <normal x="-0.022032501" y="0.0060999286" z="0.9997387"></normal>
          </vertex>
          <vertex>
            <position x="11.56" y="0.7874" z="0.1198"></position>
            <normal x="-0.022032501" y="0.0060999286" z="0.9997387"></normal>
          </vertex>
          <vertex>
            <position x="0.5906" y="1.969" z="-1.417"></position>
            <normal x="-0.7682124" y="0.0" z="-0.640195"></normal>
          </vertex>
          <vertex>
            <position x="0.0" y="1.181" z="-0.7083"></position>
            <normal x="-0.7682124" y="0.0" z="-0.640195"></normal>
          </vertex>
          <vertex>
            <position x="0.0" y="1.969" z="-0.7083"></position>
            <normal x="-0.7682124" y="0.0" z="-0.640195"></normal>
          </vertex>
          <vertex>
            <position x="0.5906" y="1.181" z="-1.417"></position>
            <normal x="-0.7682124" y="0.0" z="-0.640195"></normal>
          </vertex>
          <vertex>
            <position x="11.56" y="0.7874" z="-1.536"></position>
            <normal x="-0.021885442" y="0.0060592135" z="-0.9997421"></normal>
          </vertex>
          <vertex>
            <position x="5.906" y="0.0" z="-1.417"></position>
            <normal x="-0.021885442" y="0.0060592135" z="-0.9997421"></normal>
          </vertex>
          <vertex>
            <position x="6.124" y="0.7874" z="-1.417"></position>
            <normal x="-0.021885442" y="0.0060592135" z="-0.9997421"></normal>
          </vertex>
          <vertex>
            <position x="11.56" y="0.7874" z="0.1198"></position>
            <normal x="0.0" y="1.0" z="-0.0"></normal>
          </vertex>
          <vertex>
            <position x="11.52" y="0.7874" z="-0.7083"></position>
            <normal x="0.0" y="1.0" z="-0.0"></normal>
          </vertex>
          <vertex>
            <position x="6.124" y="0.7874" z="0.0"></position>
            <normal x="0.0" y="1.0" z="-0.0"></normal>
          </vertex>
          <vertex>
            <position x="11.92" y="0.7874" z="-0.1466"></position>
            <normal x="0.0" y="1.0" z="-0.0"></normal>
          </vertex>
          <vertex>
            <position x="11.56" y="0.7874" z="-1.536"></position>
            <normal x="0.0" y="1.0" z="-0.0"></normal>
          </vertex>
          <vertex>
            <position x="6.124" y="0.7874" z="-1.417"></position>
            <normal x="0.0" y="1.0" z="-0.0"></normal>
          </vertex>
          <vertex>
            <position x="11.92" y="0.7874" z="-1.27"></position>
            <normal x="0.0" y="1.0" z="-0.0"></normal>
          </vertex>
        </vertexbuffer>
      </geometry>
    </submesh>
  </submeshes>
</mesh>
