<mesh>
  <submeshes>
    <submesh material="Material.1145" usesharedvertices="false">
      <faces count="54">
        <face v1="0" v2="1" v3="2"></face>
        <face v1="1" v2="0" v3="3"></face>
        <face v1="4" v2="5" v3="6"></face>
        <face v1="5" v2="4" v3="7"></face>
        <face v1="8" v2="9" v3="10"></face>
        <face v1="9" v2="8" v3="11"></face>
        <face v1="12" v2="13" v3="14"></face>
        <face v1="13" v2="12" v3="15"></face>
        <face v1="16" v2="17" v3="18"></face>
        <face v1="17" v2="16" v3="19"></face>
        <face v1="20" v2="21" v3="22"></face>
        <face v1="21" v2="20" v3="23"></face>
        <face v1="24" v2="25" v3="26"></face>
        <face v1="27" v2="23" v3="28"></face>
        <face v1="22" v2="29" v3="30"></face>
        <face v1="29" v2="22" v3="21"></face>
        <face v1="30" v2="29" v3="28"></face>
        <face v1="30" v2="28" v3="23"></face>
      </faces>
      <geometry vertexcount="31">
        <vertexbuffer positions="true" normals="true" texture_coords="1">
          <vertex>
            <position x="0.7874" y="0.0" z="-23.86"></position>
            <normal x="1.0" y="0.0" z="0.0"></normal>
            <texcoord u="4.04" v="1.0"></texcoord>
          </vertex>
          <vertex>
            <position x="0.7874" y="19.69" z="0.0"></position>
            <normal x="1.0" y="0.0" z="0.0"></normal>
            <texcoord u="0.0" v="-2.333"></texcoord>
          </vertex>
          <vertex>
            <position x="0.7874" y="0.0" z="0.0"></position>
            <normal x="1.0" y="0.0" z="0.0"></normal>
            <texcoord u="0.0" v="1.0"></texcoord>
          </vertex>
          <vertex>
            <position x="0.7874" y="19.69" z="-23.86"></position>
            <normal x="1.0" y="0.0" z="0.0"></normal>
            <texcoord u="4.04" v="-2.333"></texcoord>
          </vertex>
          <vertex>
            <position x="0.7874" y="0.0" z="-23.86"></position>
            <normal x="0.0" y="-1.0" z="0.0"></normal>
            <texcoord u="-0.1333" v="-3.04"></texcoord>
          </vertex>
          <vertex>
            <position x="0.5906" y="0.0" z="0.0"></position>
            <normal x="0.0" y="-1.0" z="0.0"></normal>
            <texcoord u="-0.1" v="1.0"></texcoord>
          </vertex>
          <vertex>
            <position x="0.5906" y="0.0" z="-23.86"></position>
            <normal x="0.0" y="-1.0" z="0.0"></normal>
            <texcoord u="-0.1" v="-3.04"></texcoord>
          </vertex>
          <vertex>
            <position x="0.7874" y="0.0" z="0.0"></position>
            <normal x="0.0" y="-1.0" z="0.0"></normal>
            <texcoord u="-0.1333" v="1.0"></texcoord>
          </vertex>
          <vertex>
            <position x="0.5906" y="19.69" z="-23.86"></position>
            <normal x="0.0" y="0.0" z="-0.99999994"></normal>
            <texcoord u="-0.1" v="-2.333"></texcoord>
          </vertex>
          <vertex>
            <position x="0.7874" y="0.0" z="-23.86"></position>
            <normal x="0.0" y="0.0" z="-0.99999994"></normal>
            <texcoord u="-0.1333" v="1.0"></texcoord>
          </vertex>
          <vertex>
            <position x="0.5906" y="0.0" z="-23.86"></position>
            <normal x="0.0" y="0.0" z="-0.99999994"></normal>
            <texcoord u="-0.1" v="1.0"></texcoord>
          </vertex>
          <vertex>
            <position x="0.7874" y="19.69" z="-23.86"></position>
            <normal x="0.0" y="0.0" z="-0.99999994"></normal>
            <texcoord u="-0.1333" v="-2.333"></texcoord>
          </vertex>
          <vertex>
            <position x="0.5906" y="19.69" z="0.0"></position>
            <normal x="0.0" y="1.0" z="0.0"></normal>
            <texcoord u="0.1" v="1.0"></texcoord>
          </vertex>
          <vertex>
            <position x="0.7874" y="19.69" z="-23.86"></position>
            <normal x="0.0" y="1.0" z="0.0"></normal>
            <texcoord u="0.1333" v="-3.04"></texcoord>
          </vertex>
          <vertex>
            <position x="0.5906" y="19.69" z="-23.86"></position>
            <normal x="0.0" y="1.0" z="0.0"></normal>
            <texcoord u="0.1" v="-3.04"></texcoord>
          </vertex>
          <vertex>
            <position x="0.7874" y="19.69" z="0.0"></position>
            <normal x="0.0" y="1.0" z="0.0"></normal>
            <texcoord u="0.1333" v="1.0"></texcoord>
          </vertex>
          <vertex>
            <position x="0.7874" y="19.69" z="0.0"></position>
            <normal x="0.0" y="0.0" z="0.99999994"></normal>
            <texcoord u="0.1333" v="-2.333"></texcoord>
          </vertex>
          <vertex>
            <position x="0.5906" y="0.0" z="0.0"></position>
            <normal x="0.0" y="0.0" z="0.99999994"></normal>
            <texcoord u="0.1" v="1.0"></texcoord>
          </vertex>
          <vertex>
            <position x="0.7874" y="0.0" z="0.0"></position>
            <normal x="0.0" y="0.0" z="0.99999994"></normal>
            <texcoord u="0.1333" v="1.0"></texcoord>
          </vertex>
          <vertex>
            <position x="0.5906" y="19.69" z="0.0"></position>
            <normal x="0.0" y="0.0" z="0.99999994"></normal>
            <texcoord u="0.1" v="-2.333"></texcoord>
          </vertex>
          <vertex>
            <position x="0.5906" y="19.69" z="0.0"></position>
            <normal x="-1.0" y="0.0" z="0.0"></normal>
            <texcoord u="0.0" v="-2.333"></texcoord>
          </vertex>
          <vertex>
            <position x="0.5906" y="18.5" z="-1.181"></position>
            <normal x="-1.0" y="0.0" z="0.0"></normal>
            <texcoord u="-0.2" v="-2.133"></texcoord>
          </vertex>
          <vertex>
            <position x="0.5906" y="0.0" z="0.0"></position>
            <normal x="-1.0" y="0.0" z="0.0"></normal>
            <texcoord u="0.0" v="1.0"></texcoord>
          </vertex>
          <vertex>
            <position x="0.5906" y="19.69" z="-23.86"></position>
            <normal x="-1.0" y="0.0" z="0.0"></normal>
            <texcoord u="-4.04" v="-2.333"></texcoord>
          </vertex>
          <vertex>
            <position x="0.5906" y="18.5" z="-1.181"></position>
            <normal x="-0.99999994" y="0.0" z="0.0"></normal>
            <texcoord u="-0.2" v="-2.133"></texcoord>
          </vertex>
          <vertex>
            <position x="0.5906" y="19.69" z="-23.86"></position>
            <normal x="-0.99999994" y="0.0" z="0.0"></normal>
            <texcoord u="-4.04" v="-2.333"></texcoord>
          </vertex>
          <vertex>
            <position x="0.5906" y="18.5" z="-22.68"></position>
            <normal x="-0.99999994" y="0.0" z="0.0"></normal>
            <texcoord u="-3.84" v="-2.133"></texcoord>
          </vertex>
          <vertex>
            <position x="0.5906" y="18.5" z="-22.68"></position>
            <normal x="-1.0" y="0.0" z="0.0"></normal>
            <texcoord u="-3.84" v="-2.133"></texcoord>
          </vertex>
          <vertex>
            <position x="0.5906" y="1.181" z="-22.68"></position>
            <normal x="-1.0" y="0.0" z="0.0"></normal>
            <texcoord u="-3.84" v="0.8"></texcoord>
          </vertex>
          <vertex>
            <position x="0.5906" y="1.181" z="-1.181"></position>
            <normal x="-1.0" y="0.0" z="0.0"></normal>
            <texcoord u="-0.2" v="0.8"></texcoord>
          </vertex>
          <vertex>
            <position x="0.5906" y="0.0" z="-23.86"></position>
            <normal x="-1.0" y="0.0" z="0.0"></normal>
            <texcoord u="-4.04" v="1.0"></texcoord>
          </vertex>
        </vertexbuffer>
      </geometry>
    </submesh>
  </submeshes>
</mesh>
