<mesh>
  <submeshes>
    <submesh material="Material.1125" usesharedvertices="false">
      <faces count="72">
        <face v1="0" v2="1" v3="2"></face>
        <face v1="1" v2="0" v3="3"></face>
        <face v1="2" v2="1" v3="4"></face>
        <face v1="1" v2="3" v3="5"></face>
        <face v1="5" v2="3" v3="6"></face>
        <face v1="7" v2="8" v3="9"></face>
        <face v1="6" v2="4" v3="10"></face>
        <face v1="6" v2="10" v3="5"></face>
        <face v1="11" v2="12" v3="13"></face>
        <face v1="12" v2="11" v3="14"></face>
        <face v1="15" v2="16" v3="17"></face>
        <face v1="16" v2="15" v3="18"></face>
        <face v1="19" v2="20" v3="21"></face>
        <face v1="20" v2="19" v3="22"></face>
        <face v1="23" v2="24" v3="25"></face>
        <face v1="24" v2="23" v3="26"></face>
        <face v1="27" v2="28" v3="29"></face>
        <face v1="30" v2="31" v3="32"></face>
        <face v1="28" v2="33" v3="34"></face>
        <face v1="34" v2="33" v3="35"></face>
        <face v1="36" v2="29" v3="35"></face>
        <face v1="29" v2="36" v3="27"></face>
        <face v1="35" v2="29" v3="37"></face>
        <face v1="35" v2="37" v3="34"></face>
      </faces>
      <geometry vertexcount="38">
        <vertexbuffer positions="true" normals="true">
          <vertex>
            <position x="22.05" y="0.0" z="0.0"></position>
            <normal x="0.0" y="0.0" z="1.0"></normal>
          </vertex>
          <vertex>
            <position x="21.65" y="0.9843" z="0.0"></position>
            <normal x="0.0" y="0.0" z="1.0"></normal>
          </vertex>
          <vertex>
            <position x="0.0" y="0.0" z="0.0"></position>
            <normal x="0.0" y="0.0" z="1.0"></normal>
          </vertex>
          <vertex>
            <position x="22.05" y="14.41" z="0.0"></position>
            <normal x="0.0" y="0.0" z="1.0"></normal>
          </vertex>
          <vertex>
            <position x="0.3937" y="0.9843" z="0.0"></position>
            <normal x="0.0" y="0.0" z="1.0"></normal>
          </vertex>
          <vertex>
            <position x="21.65" y="14.02" z="0.0"></position>
            <normal x="0.0" y="0.0" z="1.0"></normal>
          </vertex>
          <vertex>
            <position x="0.0" y="14.41" z="0.0"></position>
            <normal x="0.0" y="0.0" z="1.0"></normal>
          </vertex>
          <vertex>
            <position x="0.3937" y="0.9843" z="0.0"></position>
            <normal x="0.0" y="0.0" z="0.99999994"></normal>
          </vertex>
          <vertex>
            <position x="0.0" y="14.41" z="0.0"></position>
            <normal x="0.0" y="0.0" z="0.99999994"></normal>
          </vertex>
          <vertex>
            <position x="0.0" y="0.0" z="0.0"></position>
            <normal x="0.0" y="0.0" z="0.99999994"></normal>
          </vertex>
          <vertex>
            <position x="0.3937" y="14.02" z="0.0"></position>
            <normal x="0.0" y="0.0" z="1.0"></normal>
          </vertex>
          <vertex>
            <position x="0.0" y="14.41" z="0.0"></position>
            <normal x="-0.99999994" y="0.0" z="0.0"></normal>
          </vertex>
          <vertex>
            <position x="0.0" y="0.0" z="-0.7874"></position>
            <normal x="-0.99999994" y="0.0" z="0.0"></normal>
          </vertex>
          <vertex>
            <position x="0.0" y="0.0" z="0.0"></position>
            <normal x="-0.99999994" y="0.0" z="0.0"></normal>
          </vertex>
          <vertex>
            <position x="0.0" y="14.41" z="-0.7874"></position>
            <normal x="-0.99999994" y="0.0" z="0.0"></normal>
          </vertex>
          <vertex>
            <position x="22.05" y="0.0" z="-0.7874"></position>
            <normal x="0.0" y="-1.0" z="0.0"></normal>
          </vertex>
          <vertex>
            <position x="0.0" y="0.0" z="0.0"></position>
            <normal x="0.0" y="-1.0" z="0.0"></normal>
          </vertex>
          <vertex>
            <position x="0.0" y="0.0" z="-0.7874"></position>
            <normal x="0.0" y="-1.0" z="0.0"></normal>
          </vertex>
          <vertex>
            <position x="22.05" y="0.0" z="0.0"></position>
            <normal x="0.0" y="-1.0" z="0.0"></normal>
          </vertex>
          <vertex>
            <position x="22.05" y="0.0" z="-0.7874"></position>
            <normal x="0.99999994" y="0.0" z="0.0"></normal>
          </vertex>
          <vertex>
            <position x="22.05" y="14.41" z="0.0"></position>
            <normal x="0.99999994" y="0.0" z="0.0"></normal>
          </vertex>
          <vertex>
            <position x="22.05" y="0.0" z="0.0"></position>
            <normal x="0.99999994" y="0.0" z="0.0"></normal>
          </vertex>
          <vertex>
            <position x="22.05" y="14.41" z="-0.7874"></position>
            <normal x="0.99999994" y="0.0" z="0.0"></normal>
          </vertex>
          <vertex>
            <position x="22.05" y="14.41" z="0.0"></position>
            <normal x="0.0" y="1.0" z="0.0"></normal>
          </vertex>
          <vertex>
            <position x="0.0" y="14.41" z="-0.7874"></position>
            <normal x="0.0" y="1.0" z="0.0"></normal>
          </vertex>
          <vertex>
            <position x="0.0" y="14.41" z="0.0"></position>
            <normal x="0.0" y="1.0" z="0.0"></normal>
          </vertex>
          <vertex>
            <position x="22.05" y="14.41" z="-0.7874"></position>
            <normal x="0.0" y="1.0" z="0.0"></normal>
          </vertex>
          <vertex>
            <position x="0.0" y="0.0" z="-0.7874"></position>
            <normal x="0.0" y="-0.0" z="-1.0"></normal>
          </vertex>
          <vertex>
            <position x="0.3937" y="0.9843" z="-0.7874"></position>
            <normal x="0.0" y="-0.0" z="-1.0"></normal>
          </vertex>
          <vertex>
            <position x="21.65" y="0.9843" z="-0.7874"></position>
            <normal x="0.0" y="-0.0" z="-1.0"></normal>
          </vertex>
          <vertex>
            <position x="0.3937" y="0.9843" z="-0.7874"></position>
            <normal x="0.0" y="0.0" z="-0.99999994"></normal>
          </vertex>
          <vertex>
            <position x="0.0" y="0.0" z="-0.7874"></position>
            <normal x="0.0" y="0.0" z="-0.99999994"></normal>
          </vertex>
          <vertex>
            <position x="0.0" y="14.41" z="-0.7874"></position>
            <normal x="0.0" y="0.0" z="-0.99999994"></normal>
          </vertex>
          <vertex>
            <position x="0.0" y="14.41" z="-0.7874"></position>
            <normal x="0.0" y="-0.0" z="-1.0"></normal>
          </vertex>
          <vertex>
            <position x="0.3937" y="14.02" z="-0.7874"></position>
            <normal x="0.0" y="-0.0" z="-1.0"></normal>
          </vertex>
          <vertex>
            <position x="22.05" y="14.41" z="-0.7874"></position>
            <normal x="0.0" y="-0.0" z="-1.0"></normal>
          </vertex>
          <vertex>
            <position x="22.05" y="0.0" z="-0.7874"></position>
            <normal x="0.0" y="-0.0" z="-1.0"></normal>
          </vertex>
          <vertex>
            <position x="21.65" y="14.02" z="-0.7874"></position>
            <normal x="0.0" y="-0.0" z="-1.0"></normal>
          </vertex>
        </vertexbuffer>
      </geometry>
    </submesh>
  </submeshes>
</mesh>
