<mesh>
  <submeshes>
    <submesh material="Material.1163" usesharedvertices="false">
      <faces count="36">
        <face v1="0" v2="1" v3="2"></face>
        <face v1="1" v2="0" v3="3"></face>
        <face v1="4" v2="5" v3="6"></face>
        <face v1="7" v2="8" v3="9"></face>
        <face v1="10" v2="11" v3="12"></face>
        <face v1="13" v2="14" v3="15"></face>
        <face v1="16" v2="17" v3="18"></face>
        <face v1="17" v2="16" v3="19"></face>
        <face v1="20" v2="21" v3="22"></face>
        <face v1="23" v2="24" v3="25"></face>
        <face v1="26" v2="27" v3="28"></face>
        <face v1="27" v2="26" v3="29"></face>
      </faces>
      <geometry vertexcount="30">
        <vertexbuffer positions="true" normals="true">
          <vertex>
            <position x="7.283" y="0.0" z="-7.283"></position>
            <normal x="0.0" y="-1.0" z="0.0"></normal>
          </vertex>
          <vertex>
            <position x="0.0" y="0.0" z="0.0"></position>
            <normal x="0.0" y="-1.0" z="0.0"></normal>
          </vertex>
          <vertex>
            <position x="0.0" y="0.0" z="-7.283"></position>
            <normal x="0.0" y="-1.0" z="0.0"></normal>
          </vertex>
          <vertex>
            <position x="7.283" y="0.0" z="0.0"></position>
            <normal x="0.0" y="-1.0" z="0.0"></normal>
          </vertex>
          <vertex>
            <position x="7.283" y="0.0" z="0.0"></position>
            <normal x="0.0" y="0.89438176" z="0.44730443"></normal>
          </vertex>
          <vertex>
            <position x="0.3937" y="0.1969" z="-0.3937"></position>
            <normal x="0.0" y="0.89438176" z="0.44730443"></normal>
          </vertex>
          <vertex>
            <position x="0.0" y="0.0" z="0.0"></position>
            <normal x="0.0" y="0.89438176" z="0.44730443"></normal>
          </vertex>
          <vertex>
            <position x="0.3937" y="0.1969" z="-0.3937"></position>
            <normal x="0.0" y="0.89438176" z="0.44730446"></normal>
          </vertex>
          <vertex>
            <position x="7.283" y="0.0" z="0.0"></position>
            <normal x="0.0" y="0.89438176" z="0.44730446"></normal>
          </vertex>
          <vertex>
            <position x="6.89" y="0.1969" z="-0.3937"></position>
            <normal x="0.0" y="0.89438176" z="0.44730446"></normal>
          </vertex>
          <vertex>
            <position x="0.3937" y="0.1969" z="-0.3937"></position>
            <normal x="-0.44730443" y="0.89438176" z="0.0"></normal>
          </vertex>
          <vertex>
            <position x="0.0" y="0.0" z="-7.283"></position>
            <normal x="-0.44730443" y="0.89438176" z="0.0"></normal>
          </vertex>
          <vertex>
            <position x="0.0" y="0.0" z="0.0"></position>
            <normal x="-0.44730443" y="0.89438176" z="0.0"></normal>
          </vertex>
          <vertex>
            <position x="0.0" y="0.0" z="-7.283"></position>
            <normal x="-0.44730446" y="0.89438176" z="0.0"></normal>
          </vertex>
          <vertex>
            <position x="0.3937" y="0.1969" z="-0.3937"></position>
            <normal x="-0.44730446" y="0.89438176" z="0.0"></normal>
          </vertex>
          <vertex>
            <position x="0.3937" y="0.1969" z="-7.283"></position>
            <normal x="-0.44730446" y="0.89438176" z="0.0"></normal>
          </vertex>
          <vertex>
            <position x="0.3937" y="0.1969" z="-7.283"></position>
            <normal x="0.0" y="0.0" z="-1.0"></normal>
          </vertex>
          <vertex>
            <position x="7.283" y="0.0" z="-7.283"></position>
            <normal x="0.0" y="0.0" z="-1.0"></normal>
          </vertex>
          <vertex>
            <position x="0.0" y="0.0" z="-7.283"></position>
            <normal x="0.0" y="0.0" z="-1.0"></normal>
          </vertex>
          <vertex>
            <position x="6.89" y="0.1969" z="-7.283"></position>
            <normal x="0.0" y="0.0" z="-1.0"></normal>
          </vertex>
          <vertex>
            <position x="7.283" y="0.0" z="0.0"></position>
            <normal x="0.44794133" y="0.894063" z="-0.0"></normal>
          </vertex>
          <vertex>
            <position x="6.89" y="0.1969" z="-7.283"></position>
            <normal x="0.44794133" y="0.894063" z="-0.0"></normal>
          </vertex>
          <vertex>
            <position x="6.89" y="0.1969" z="-0.3937"></position>
            <normal x="0.44794133" y="0.894063" z="-0.0"></normal>
          </vertex>
          <vertex>
            <position x="6.89" y="0.1969" z="-7.283"></position>
            <normal x="0.4479413" y="0.89406294" z="0.0"></normal>
          </vertex>
          <vertex>
            <position x="7.283" y="0.0" z="0.0"></position>
            <normal x="0.4479413" y="0.89406294" z="0.0"></normal>
          </vertex>
          <vertex>
            <position x="7.283" y="0.0" z="-7.283"></position>
            <normal x="0.4479413" y="0.89406294" z="0.0"></normal>
          </vertex>
          <vertex>
            <position x="6.89" y="0.1969" z="-0.3937"></position>
            <normal x="0.0" y="1.0" z="0.0"></normal>
          </vertex>
          <vertex>
            <position x="0.3937" y="0.1969" z="-7.283"></position>
            <normal x="0.0" y="1.0" z="0.0"></normal>
          </vertex>
          <vertex>
            <position x="0.3937" y="0.1969" z="-0.3937"></position>
            <normal x="0.0" y="1.0" z="0.0"></normal>
          </vertex>
          <vertex>
            <position x="6.89" y="0.1969" z="-7.283"></position>
            <normal x="0.0" y="1.0" z="0.0"></normal>
          </vertex>
        </vertexbuffer>
      </geometry>
    </submesh>
  </submeshes>
</mesh>
