<mesh>
  <submeshes>
    <submesh material="Material.1029" usesharedvertices="false">
      <faces count="6">
        <face v1="0" v2="1" v3="2"></face>
        <face v1="1" v2="0" v3="3"></face>
      </faces>
      <geometry vertexcount="4">
        <vertexbuffer positions="true" normals="true" texture_coords="1">
          <vertex>
            <position x="8.268" y="0.1969" z="0.0"></position>
            <normal x="0.0" y="1.0" z="0.0"></normal>
            <texcoord u="-0.002135" v="0.995333"></texcoord>
          </vertex>
          <vertex>
            <position x="0.0" y="0.1969" z="-11.69"></position>
            <normal x="0.0" y="1.0" z="0.0"></normal>
            <texcoord u="-0.9938" v="0.0052999854"></texcoord>
          </vertex>
          <vertex>
            <position x="0.0" y="0.1969" z="0.0"></position>
            <normal x="0.0" y="1.0" z="0.0"></normal>
            <texcoord u="-0.9938" v="0.995333"></texcoord>
          </vertex>
          <vertex>
            <position x="8.268" y="0.1969" z="-11.69"></position>
            <normal x="0.0" y="1.0" z="0.0"></normal>
            <texcoord u="-0.002135" v="0.0052999854"></texcoord>
          </vertex>
        </vertexbuffer>
      </geometry>
    </submesh>
  </submeshes>
</mesh>
