<mesh>
  <submeshes>
    <submesh material="Material.1046" usesharedvertices="false">
      <faces count="84">
        <face v1="0" v2="1" v3="2"></face>
        <face v1="1" v2="0" v3="3"></face>
        <face v1="4" v2="5" v3="6"></face>
        <face v1="5" v2="4" v3="7"></face>
        <face v1="7" v2="4" v3="8"></face>
        <face v1="7" v2="8" v3="9"></face>
        <face v1="9" v2="8" v3="10"></face>
        <face v1="9" v2="10" v3="11"></face>
        <face v1="12" v2="13" v3="14"></face>
        <face v1="13" v2="12" v3="15"></face>
        <face v1="16" v2="17" v3="18"></face>
        <face v1="17" v2="16" v3="19"></face>
        <face v1="19" v2="16" v3="20"></face>
        <face v1="20" v2="16" v3="21"></face>
        <face v1="20" v2="21" v3="22"></face>
        <face v1="22" v2="21" v3="23"></face>
        <face v1="24" v2="25" v3="26"></face>
        <face v1="25" v2="24" v3="27"></face>
        <face v1="28" v2="29" v3="30"></face>
        <face v1="29" v2="28" v3="31"></face>
        <face v1="32" v2="33" v3="34"></face>
        <face v1="33" v2="32" v3="35"></face>
        <face v1="36" v2="37" v3="38"></face>
        <face v1="37" v2="36" v3="39"></face>
        <face v1="40" v2="41" v3="42"></face>
        <face v1="41" v2="40" v3="43"></face>
        <face v1="44" v2="45" v3="46"></face>
        <face v1="45" v2="44" v3="47"></face>
      </faces>
      <geometry vertexcount="48">
        <vertexbuffer positions="true" normals="true">
          <vertex>
            <position x="1.969" y="1.969" z="-0.3937"></position>
            <normal x="0.70683753" y="0.0" z="0.707376"></normal>
          </vertex>
          <vertex>
            <position x="1.575" y="0.0" z="0.0"></position>
            <normal x="0.70683753" y="0.0" z="0.707376"></normal>
          </vertex>
          <vertex>
            <position x="1.969" y="0.0" z="-0.3937"></position>
            <normal x="0.70683753" y="0.0" z="0.707376"></normal>
          </vertex>
          <vertex>
            <position x="1.575" y="1.969" z="0.0"></position>
            <normal x="0.70683753" y="0.0" z="0.707376"></normal>
          </vertex>
          <vertex>
            <position x="0.3937" y="1.969" z="0.0"></position>
            <normal x="0.0" y="1.0" z="0.0"></normal>
          </vertex>
          <vertex>
            <position x="0.0" y="1.969" z="-2.362"></position>
            <normal x="0.0" y="1.0" z="0.0"></normal>
          </vertex>
          <vertex>
            <position x="0.0" y="1.969" z="-0.3937"></position>
            <normal x="0.0" y="1.0" z="0.0"></normal>
          </vertex>
          <vertex>
            <position x="0.3937" y="1.969" z="-2.756"></position>
            <normal x="0.0" y="1.0" z="0.0"></normal>
          </vertex>
          <vertex>
            <position x="1.575" y="1.969" z="0.0"></position>
            <normal x="0.0" y="1.0" z="0.0"></normal>
          </vertex>
          <vertex>
            <position x="1.575" y="1.969" z="-2.756"></position>
            <normal x="0.0" y="1.0" z="0.0"></normal>
          </vertex>
          <vertex>
            <position x="1.969" y="1.969" z="-0.3937"></position>
            <normal x="0.0" y="1.0" z="0.0"></normal>
          </vertex>
          <vertex>
            <position x="1.969" y="1.969" z="-2.362"></position>
            <normal x="0.0" y="1.0" z="0.0"></normal>
          </vertex>
          <vertex>
            <position x="1.575" y="1.969" z="0.0"></position>
            <normal x="0.0" y="0.0" z="1.0"></normal>
          </vertex>
          <vertex>
            <position x="0.3937" y="0.0" z="0.0"></position>
            <normal x="0.0" y="0.0" z="1.0"></normal>
          </vertex>
          <vertex>
            <position x="1.575" y="0.0" z="0.0"></position>
            <normal x="0.0" y="0.0" z="1.0"></normal>
          </vertex>
          <vertex>
            <position x="0.3937" y="1.969" z="0.0"></position>
            <normal x="0.0" y="0.0" z="1.0"></normal>
          </vertex>
          <vertex>
            <position x="0.3937" y="0.0" z="-2.756"></position>
            <normal x="0.0" y="-1.0" z="0.0"></normal>
          </vertex>
          <vertex>
            <position x="0.0" y="0.0" z="-0.3937"></position>
            <normal x="0.0" y="-1.0" z="0.0"></normal>
          </vertex>
          <vertex>
            <position x="0.0" y="0.0" z="-2.362"></position>
            <normal x="0.0" y="-1.0" z="0.0"></normal>
          </vertex>
          <vertex>
            <position x="0.3937" y="0.0" z="0.0"></position>
            <normal x="0.0" y="-1.0" z="0.0"></normal>
          </vertex>
          <vertex>
            <position x="1.575" y="0.0" z="0.0"></position>
            <normal x="0.0" y="-1.0" z="0.0"></normal>
          </vertex>
          <vertex>
            <position x="1.575" y="0.0" z="-2.756"></position>
            <normal x="0.0" y="-1.0" z="0.0"></normal>
          </vertex>
          <vertex>
            <position x="1.969" y="0.0" z="-0.3937"></position>
            <normal x="0.0" y="-1.0" z="0.0"></normal>
          </vertex>
          <vertex>
            <position x="1.969" y="0.0" z="-2.362"></position>
            <normal x="0.0" y="-1.0" z="0.0"></normal>
          </vertex>
          <vertex>
            <position x="1.969" y="0.0" z="-0.3937"></position>
            <normal x="0.99999994" y="0.0" z="-0.0"></normal>
          </vertex>
          <vertex>
            <position x="1.969" y="1.969" z="-2.362"></position>
            <normal x="0.99999994" y="0.0" z="-0.0"></normal>
          </vertex>
          <vertex>
            <position x="1.969" y="1.969" z="-0.3937"></position>
            <normal x="0.99999994" y="0.0" z="-0.0"></normal>
          </vertex>
          <vertex>
            <position x="1.969" y="0.0" z="-2.362"></position>
            <normal x="0.99999994" y="0.0" z="-0.0"></normal>
          </vertex>
          <vertex>
            <position x="0.3937" y="1.969" z="-2.756"></position>
            <normal x="-0.70737606" y="0.0" z="-0.70683736"></normal>
          </vertex>
          <vertex>
            <position x="0.0" y="0.0" z="-2.362"></position>
            <normal x="-0.70737606" y="0.0" z="-0.70683736"></normal>
          </vertex>
          <vertex>
            <position x="0.0" y="1.969" z="-2.362"></position>
            <normal x="-0.70737606" y="0.0" z="-0.70683736"></normal>
          </vertex>
          <vertex>
            <position x="0.3937" y="0.0" z="-2.756"></position>
            <normal x="-0.70737606" y="0.0" z="-0.70683736"></normal>
          </vertex>
          <vertex>
            <position x="0.0" y="1.969" z="-2.362"></position>
            <normal x="-0.99999994" y="0.0" z="0.0"></normal>
          </vertex>
          <vertex>
            <position x="0.0" y="0.0" z="-0.3937"></position>
            <normal x="-0.99999994" y="0.0" z="0.0"></normal>
          </vertex>
          <vertex>
            <position x="0.0" y="1.969" z="-0.3937"></position>
            <normal x="-0.99999994" y="0.0" z="0.0"></normal>
          </vertex>
          <vertex>
            <position x="0.0" y="0.0" z="-2.362"></position>
            <normal x="-0.99999994" y="0.0" z="0.0"></normal>
          </vertex>
          <vertex>
            <position x="0.0" y="1.969" z="-0.3937"></position>
            <normal x="-0.70710677" y="0.0" z="0.70710677"></normal>
          </vertex>
          <vertex>
            <position x="0.3937" y="0.0" z="0.0"></position>
            <normal x="-0.70710677" y="0.0" z="0.70710677"></normal>
          </vertex>
          <vertex>
            <position x="0.3937" y="1.969" z="0.0"></position>
            <normal x="-0.70710677" y="0.0" z="0.70710677"></normal>
          </vertex>
          <vertex>
            <position x="0.0" y="0.0" z="-0.3937"></position>
            <normal x="-0.70710677" y="0.0" z="0.70710677"></normal>
          </vertex>
          <vertex>
            <position x="1.575" y="1.969" z="-2.756"></position>
            <normal x="0.7071069" y="0.0" z="-0.7071067"></normal>
          </vertex>
          <vertex>
            <position x="1.969" y="0.0" z="-2.362"></position>
            <normal x="0.7071069" y="0.0" z="-0.7071067"></normal>
          </vertex>
          <vertex>
            <position x="1.575" y="0.0" z="-2.756"></position>
            <normal x="0.7071069" y="0.0" z="-0.7071067"></normal>
          </vertex>
          <vertex>
            <position x="1.969" y="1.969" z="-2.362"></position>
            <normal x="0.7071069" y="0.0" z="-0.7071067"></normal>
          </vertex>
          <vertex>
            <position x="0.3937" y="1.969" z="-2.756"></position>
            <normal x="0.0" y="0.0" z="-1.0"></normal>
          </vertex>
          <vertex>
            <position x="1.575" y="0.0" z="-2.756"></position>
            <normal x="0.0" y="0.0" z="-1.0"></normal>
          </vertex>
          <vertex>
            <position x="0.3937" y="0.0" z="-2.756"></position>
            <normal x="0.0" y="0.0" z="-1.0"></normal>
          </vertex>
          <vertex>
            <position x="1.575" y="1.969" z="-2.756"></position>
            <normal x="0.0" y="0.0" z="-1.0"></normal>
          </vertex>
        </vertexbuffer>
      </geometry>
    </submesh>
  </submeshes>
</mesh>
