<mesh>
  <submeshes>
    <submesh material="Material.985" usesharedvertices="false">
      <faces count="48">
        <face v1="0" v2="1" v3="2"></face>
        <face v1="3" v2="4" v3="5"></face>
        <face v1="6" v2="7" v3="8"></face>
        <face v1="9" v2="10" v3="11"></face>
        <face v1="12" v2="13" v3="14"></face>
        <face v1="15" v2="16" v3="17"></face>
        <face v1="18" v2="19" v3="20"></face>
        <face v1="21" v2="22" v3="23"></face>
        <face v1="24" v2="25" v3="26"></face>
        <face v1="27" v2="28" v3="29"></face>
        <face v1="30" v2="31" v3="32"></face>
        <face v1="33" v2="34" v3="35"></face>
        <face v1="36" v2="37" v3="38"></face>
        <face v1="39" v2="40" v3="41"></face>
        <face v1="42" v2="43" v3="44"></face>
        <face v1="45" v2="46" v3="47"></face>
      </faces>
      <geometry vertexcount="48">
        <vertexbuffer positions="true" normals="true">
          <vertex>
            <position x="4.258" y="19.62" z="-3.276"></position>
            <normal x="0.5034356" y="0.1761032" z="-0.84589607"></normal>
          </vertex>
          <vertex>
            <position x="5.41" y="15.88" z="-3.369"></position>
            <normal x="0.5034356" y="0.1761032" z="-0.84589607"></normal>
          </vertex>
          <vertex>
            <position x="3.455" y="16.31" z="-4.443"></position>
            <normal x="0.5034356" y="0.1761032" z="-0.84589607"></normal>
          </vertex>
          <vertex>
            <position x="1.421" y="16.46" z="-4.189"></position>
            <normal x="-0.09054629" y="0.3506072" z="-0.9321351"></normal>
          </vertex>
          <vertex>
            <position x="4.258" y="19.62" z="-3.276"></position>
            <normal x="-0.09054629" y="0.3506072" z="-0.9321351"></normal>
          </vertex>
          <vertex>
            <position x="3.455" y="16.31" z="-4.443"></position>
            <normal x="-0.09054629" y="0.3506072" z="-0.9321351"></normal>
          </vertex>
          <vertex>
            <position x="4.258" y="19.62" z="-3.276"></position>
            <normal x="-0.08975045" y="0.3499827" z="-0.9324467"></normal>
          </vertex>
          <vertex>
            <position x="1.421" y="16.46" z="-4.189"></position>
            <normal x="-0.08975045" y="0.3499827" z="-0.9324467"></normal>
          </vertex>
          <vertex>
            <position x="1.949" y="19.63" z="-3.05"></position>
            <normal x="-0.08975045" y="0.3499827" z="-0.9324467"></normal>
          </vertex>
          <vertex>
            <position x="5.625" y="20.48" z="-2.705"></position>
            <normal x="0.3168342" y="0.120984234" z="-0.9407332"></normal>
          </vertex>
          <vertex>
            <position x="5.41" y="15.88" z="-3.369"></position>
            <normal x="0.3168342" y="0.120984234" z="-0.9407332"></normal>
          </vertex>
          <vertex>
            <position x="4.258" y="19.62" z="-3.276"></position>
            <normal x="0.3168342" y="0.120984234" z="-0.9407332"></normal>
          </vertex>
          <vertex>
            <position x="3.455" y="16.31" z="-4.443"></position>
            <normal x="0.4183395" y="-0.26665932" z="-0.86826545"></normal>
          </vertex>
          <vertex>
            <position x="5.41" y="15.88" z="-3.369"></position>
            <normal x="0.4183395" y="-0.26665932" z="-0.86826545"></normal>
          </vertex>
          <vertex>
            <position x="5.423" y="13.95" z="-2.77"></position>
            <normal x="0.4183395" y="-0.26665932" z="-0.86826545"></normal>
          </vertex>
          <vertex>
            <position x="2.158" y="20.7" z="-2.524"></position>
            <normal x="-0.08490754" y="0.4528789" z="-0.8875198"></normal>
          </vertex>
          <vertex>
            <position x="4.258" y="19.62" z="-3.276"></position>
            <normal x="-0.08490754" y="0.4528789" z="-0.8875198"></normal>
          </vertex>
          <vertex>
            <position x="1.949" y="19.63" z="-3.05"></position>
            <normal x="-0.08490754" y="0.4528789" z="-0.8875198"></normal>
          </vertex>
          <vertex>
            <position x="0.9642" y="14.09" z="-5.049"></position>
            <normal x="-0.09046353" y="0.35544756" z="-0.9303083"></normal>
          </vertex>
          <vertex>
            <position x="3.455" y="16.31" z="-4.443"></position>
            <normal x="-0.09046353" y="0.35544756" z="-0.9303083"></normal>
          </vertex>
          <vertex>
            <position x="3.085" y="11.79" z="-6.134"></position>
            <normal x="-0.09046353" y="0.35544756" z="-0.9303083"></normal>
          </vertex>
          <vertex>
            <position x="3.455" y="16.31" z="-4.443"></position>
            <normal x="-0.090019986" y="0.3550075" z="-0.9305193"></normal>
          </vertex>
          <vertex>
            <position x="0.9642" y="14.09" z="-5.049"></position>
            <normal x="-0.090019986" y="0.3550075" z="-0.9305193"></normal>
          </vertex>
          <vertex>
            <position x="1.421" y="16.46" z="-4.189"></position>
            <normal x="-0.090019986" y="0.3550075" z="-0.9305193"></normal>
          </vertex>
          <vertex>
            <position x="5.731" y="22.05" z="-1.783"></position>
            <normal x="0.043474007" y="0.50373304" z="-0.8627647"></normal>
          </vertex>
          <vertex>
            <position x="5.625" y="20.48" z="-2.705"></position>
            <normal x="0.043474007" y="0.50373304" z="-0.8627647"></normal>
          </vertex>
          <vertex>
            <position x="4.258" y="19.62" z="-3.276"></position>
            <normal x="0.043474007" y="0.50373304" z="-0.8627647"></normal>
          </vertex>
          <vertex>
            <position x="3.455" y="16.31" z="-4.443"></position>
            <normal x="0.7030496" y="0.08583072" z="-0.7059421"></normal>
          </vertex>
          <vertex>
            <position x="5.423" y="13.95" z="-2.77"></position>
            <normal x="0.7030496" y="0.08583072" z="-0.7059421"></normal>
          </vertex>
          <vertex>
            <position x="4.745" y="11.69" z="-3.72"></position>
            <normal x="0.7030496" y="0.08583072" z="-0.7059421"></normal>
          </vertex>
          <vertex>
            <position x="5.731" y="22.05" z="-1.783"></position>
            <normal x="-0.027108135" y="0.5351765" z="-0.8443052"></normal>
          </vertex>
          <vertex>
            <position x="4.258" y="19.62" z="-3.276"></position>
            <normal x="-0.027108135" y="0.5351765" z="-0.8443052"></normal>
          </vertex>
          <vertex>
            <position x="2.158" y="20.7" z="-2.524"></position>
            <normal x="-0.027108135" y="0.5351765" z="-0.8443052"></normal>
          </vertex>
          <vertex>
            <position x="3.085" y="11.79" z="-6.134"></position>
            <normal x="0.81843174" y="0.14136522" z="-0.5569428"></normal>
          </vertex>
          <vertex>
            <position x="3.455" y="16.31" z="-4.443"></position>
            <normal x="0.81843174" y="0.14136522" z="-0.5569428"></normal>
          </vertex>
          <vertex>
            <position x="4.745" y="11.69" z="-3.72"></position>
            <normal x="0.81843174" y="0.14136522" z="-0.5569428"></normal>
          </vertex>
          <vertex>
            <position x="5.2" y="3.851" z="-5.151"></position>
            <normal x="0.81765795" y="0.14897399" z="-0.55609554"></normal>
          </vertex>
          <vertex>
            <position x="3.085" y="11.79" z="-6.134"></position>
            <normal x="0.81765795" y="0.14897399" z="-0.55609554"></normal>
          </vertex>
          <vertex>
            <position x="4.745" y="11.69" z="-3.72"></position>
            <normal x="0.81765795" y="0.14897399" z="-0.55609554"></normal>
          </vertex>
          <vertex>
            <position x="3.085" y="11.79" z="-6.134"></position>
            <normal x="0.81790715" y="0.14908966" z="-0.5556978"></normal>
          </vertex>
          <vertex>
            <position x="5.2" y="3.851" z="-5.151"></position>
            <normal x="0.81790715" y="0.14908966" z="-0.5556978"></normal>
          </vertex>
          <vertex>
            <position x="2.981" y="6.259" z="-7.771"></position>
            <normal x="0.81790715" y="0.14908966" z="-0.5556978"></normal>
          </vertex>
          <vertex>
            <position x="1.922" y="1.805" z="-7.753"></position>
            <normal x="0.67388624" y="-0.16328847" z="-0.72056526"></normal>
          </vertex>
          <vertex>
            <position x="5.2" y="3.851" z="-5.151"></position>
            <normal x="0.67388624" y="-0.16328847" z="-0.72056526"></normal>
          </vertex>
          <vertex>
            <position x="5.34" y="0.1395" z="-4.179"></position>
            <normal x="0.67388624" y="-0.16328847" z="-0.72056526"></normal>
          </vertex>
          <vertex>
            <position x="5.2" y="3.851" z="-5.151"></position>
            <normal x="0.6738453" y="-0.16312836" z="-0.72063965"></normal>
          </vertex>
          <vertex>
            <position x="1.922" y="1.805" z="-7.753"></position>
            <normal x="0.6738453" y="-0.16312836" z="-0.72063965"></normal>
          </vertex>
          <vertex>
            <position x="2.981" y="6.259" z="-7.771"></position>
            <normal x="0.6738453" y="-0.16312836" z="-0.72063965"></normal>
          </vertex>
        </vertexbuffer>
      </geometry>
    </submesh>
  </submeshes>
</mesh>
