<mesh>
  <submeshes>
    <submesh material="Material.974" usesharedvertices="false">
      <faces count="42">
        <face v1="0" v2="1" v3="2"></face>
        <face v1="3" v2="4" v3="5"></face>
        <face v1="6" v2="7" v3="8"></face>
        <face v1="9" v2="10" v3="11"></face>
        <face v1="12" v2="13" v3="14"></face>
        <face v1="15" v2="16" v3="17"></face>
        <face v1="18" v2="19" v3="20"></face>
        <face v1="21" v2="22" v3="23"></face>
        <face v1="24" v2="25" v3="26"></face>
        <face v1="27" v2="28" v3="29"></face>
        <face v1="30" v2="31" v3="32"></face>
        <face v1="33" v2="34" v3="35"></face>
        <face v1="36" v2="37" v3="38"></face>
        <face v1="39" v2="40" v3="41"></face>
      </faces>
      <geometry vertexcount="42">
        <vertexbuffer positions="true" normals="true" texture_coords="1">
          <vertex>
            <position x="0.1055" y="0.5026" z="-0.3925"></position>
            <normal x="-1.18556374E-4" y="0.997052" z="0.076728165"></normal>
            <texcoord u="0.006945" v="0.92514"></texcoord>
          </vertex>
          <vertex>
            <position x="0.0" y="1.033" z="-7.285"></position>
            <normal x="-1.18556374E-4" y="0.997052" z="0.076728165"></normal>
            <texcoord u="0.001487" v="0.058499992"></texcoord>
          </vertex>
          <vertex>
            <position x="0.0" y="0.5328" z="-0.7851"></position>
            <normal x="-1.18556374E-4" y="0.997052" z="0.076728165"></normal>
            <texcoord u="0.001487" v="0.8758"></texcoord>
          </vertex>
          <vertex>
            <position x="0.0" y="1.033" z="-7.285"></position>
            <normal x="0.001482255" y="0.99705285" z="0.076703735"></normal>
            <texcoord u="0.001487" v="0.058499992"></texcoord>
          </vertex>
          <vertex>
            <position x="0.1055" y="0.5026" z="-0.3925"></position>
            <normal x="0.001482255" y="0.99705285" z="0.076703735"></normal>
            <texcoord u="0.006945" v="0.92514"></texcoord>
          </vertex>
          <vertex>
            <position x="0.05275" y="1.048" z="-7.481"></position>
            <normal x="0.001482255" y="0.99705285" z="0.076703735"></normal>
            <texcoord u="0.004216" v="0.033800006"></texcoord>
          </vertex>
          <vertex>
            <position x="0.05275" y="1.048" z="-7.481"></position>
            <normal x="5.4614013E-4" y="0.9970532" z="0.07671073"></normal>
            <texcoord u="0.004216" v="0.033800006"></texcoord>
          </vertex>
          <vertex>
            <position x="0.1055" y="0.5026" z="-0.3925"></position>
            <normal x="5.4614013E-4" y="0.9970532" z="0.07671073"></normal>
            <texcoord u="0.006945" v="0.92514"></texcoord>
          </vertex>
          <vertex>
            <position x="0.1969" y="1.059" z="-7.625"></position>
            <normal x="5.4614013E-4" y="0.9970532" z="0.07671073"></normal>
            <texcoord u="0.01167" v="0.0158"></texcoord>
          </vertex>
          <vertex>
            <position x="0.1969" y="1.059" z="-7.625"></position>
            <normal x="-7.306622E-6" y="0.9970539" z="0.076703794"></normal>
            <texcoord u="0.01167" v="0.0158"></texcoord>
          </vertex>
          <vertex>
            <position x="0.1055" y="0.5026" z="-0.3925"></position>
            <normal x="-7.306622E-6" y="0.9970539" z="0.076703794"></normal>
            <texcoord u="0.006945" v="0.92514"></texcoord>
          </vertex>
          <vertex>
            <position x="0.3937" y="0.4805" z="-0.1052"></position>
            <normal x="-7.306622E-6" y="0.9970539" z="0.076703794"></normal>
            <texcoord u="0.02186" v="0.96127"></texcoord>
          </vertex>
          <vertex>
            <position x="0.1969" y="1.059" z="-7.625"></position>
            <normal x="2.2333797E-6" y="0.997054" z="0.07670355"></normal>
            <texcoord u="0.01167" v="0.0158"></texcoord>
          </vertex>
          <vertex>
            <position x="0.3937" y="0.4805" z="-0.1052"></position>
            <normal x="2.2333797E-6" y="0.997054" z="0.07670355"></normal>
            <texcoord u="0.02186" v="0.96127"></texcoord>
          </vertex>
          <vertex>
            <position x="0.3937" y="1.063" z="-7.677"></position>
            <normal x="2.2333797E-6" y="0.997054" z="0.07670355"></normal>
            <texcoord u="0.02186" v="0.009199977"></texcoord>
          </vertex>
          <vertex>
            <position x="0.3937" y="1.063" z="-7.677"></position>
            <normal x="1.759461E-5" y="0.9970539" z="0.07670354"></normal>
            <texcoord u="0.02186" v="0.009199977"></texcoord>
          </vertex>
          <vertex>
            <position x="0.3937" y="0.4805" z="-0.1052"></position>
            <normal x="1.759461E-5" y="0.9970539" z="0.07670354"></normal>
            <texcoord u="0.02186" v="0.96127"></texcoord>
          </vertex>
          <vertex>
            <position x="0.7874" y="0.4724" z="0.0"></position>
            <normal x="1.759461E-5" y="0.9970539" z="0.07670354"></normal>
            <texcoord u="0.04222" v="0.9745"></texcoord>
          </vertex>
          <vertex>
            <position x="0.3937" y="1.063" z="-7.677"></position>
            <normal x="0.0" y="0.9970539" z="0.07670444"></normal>
            <texcoord u="0.02186" v="0.009199977"></texcoord>
          </vertex>
          <vertex>
            <position x="0.7874" y="0.4724" z="0.0"></position>
            <normal x="0.0" y="0.9970539" z="0.07670444"></normal>
            <texcoord u="0.04222" v="0.9745"></texcoord>
          </vertex>
          <vertex>
            <position x="18.78" y="1.063" z="-7.677"></position>
            <normal x="0.0" y="0.9970539" z="0.07670444"></normal>
            <texcoord u="0.9731" v="0.009199977"></texcoord>
          </vertex>
          <vertex>
            <position x="18.78" y="1.063" z="-7.677"></position>
            <normal x="-0.0" y="0.99705386" z="0.07670444"></normal>
            <texcoord u="0.9731" v="0.009199977"></texcoord>
          </vertex>
          <vertex>
            <position x="0.7874" y="0.4724" z="0.0"></position>
            <normal x="-0.0" y="0.99705386" z="0.07670444"></normal>
            <texcoord u="0.04222" v="0.9745"></texcoord>
          </vertex>
          <vertex>
            <position x="18.39" y="0.4724" z="0.0"></position>
            <normal x="-0.0" y="0.99705386" z="0.07670444"></normal>
            <texcoord u="0.9527" v="0.9745"></texcoord>
          </vertex>
          <vertex>
            <position x="18.78" y="1.063" z="-7.677"></position>
            <normal x="-1.7762733E-5" y="0.997054" z="0.07670353"></normal>
            <texcoord u="0.9731" v="0.009199977"></texcoord>
          </vertex>
          <vertex>
            <position x="18.39" y="0.4724" z="0.0"></position>
            <normal x="-1.7762733E-5" y="0.997054" z="0.07670353"></normal>
            <texcoord u="0.9527" v="0.9745"></texcoord>
          </vertex>
          <vertex>
            <position x="18.78" y="0.4805" z="-0.1052"></position>
            <normal x="-1.7762733E-5" y="0.997054" z="0.07670353"></normal>
            <texcoord u="0.9731" v="0.96127"></texcoord>
          </vertex>
          <vertex>
            <position x="18.78" y="1.063" z="-7.677"></position>
            <normal x="7.0232877E-6" y="0.9970539" z="0.07670354"></normal>
            <texcoord u="0.9731" v="0.009199977"></texcoord>
          </vertex>
          <vertex>
            <position x="18.78" y="0.4805" z="-0.1052"></position>
            <normal x="7.0232877E-6" y="0.9970539" z="0.07670354"></normal>
            <texcoord u="0.9731" v="0.96127"></texcoord>
          </vertex>
          <vertex>
            <position x="19.07" y="0.5026" z="-0.3925"></position>
            <normal x="7.0232877E-6" y="0.9970539" z="0.07670354"></normal>
            <texcoord u="0.988" v="0.92514"></texcoord>
          </vertex>
          <vertex>
            <position x="18.78" y="1.063" z="-7.677"></position>
            <normal x="-2.3082255E-6" y="0.99705386" z="0.076703906"></normal>
            <texcoord u="0.9731" v="0.009199977"></texcoord>
          </vertex>
          <vertex>
            <position x="19.07" y="0.5026" z="-0.3925"></position>
            <normal x="-2.3082255E-6" y="0.99705386" z="0.076703906"></normal>
            <texcoord u="0.988" v="0.92514"></texcoord>
          </vertex>
          <vertex>
            <position x="18.98" y="1.059" z="-7.625"></position>
            <normal x="-2.3082255E-6" y="0.99705386" z="0.076703906"></normal>
            <texcoord u="0.9832" v="0.0158"></texcoord>
          </vertex>
          <vertex>
            <position x="18.98" y="1.059" z="-7.625"></position>
            <normal x="-5.624237E-4" y="0.9970532" z="0.07671083"></normal>
            <texcoord u="0.9832" v="0.0158"></texcoord>
          </vertex>
          <vertex>
            <position x="19.07" y="0.5026" z="-0.3925"></position>
            <normal x="-5.624237E-4" y="0.9970532" z="0.07671083"></normal>
            <texcoord u="0.988" v="0.92514"></texcoord>
          </vertex>
          <vertex>
            <position x="19.12" y="1.048" z="-7.481"></position>
            <normal x="-5.624237E-4" y="0.9970532" z="0.07671083"></normal>
            <texcoord u="0.9907" v="0.033800006"></texcoord>
          </vertex>
          <vertex>
            <position x="19.12" y="1.048" z="-7.481"></position>
            <normal x="7.417605E-5" y="0.99705297" z="0.0767153"></normal>
            <texcoord u="0.9907" v="0.033800006"></texcoord>
          </vertex>
          <vertex>
            <position x="19.07" y="0.5026" z="-0.3925"></position>
            <normal x="7.417605E-5" y="0.99705297" z="0.0767153"></normal>
            <texcoord u="0.988" v="0.92514"></texcoord>
          </vertex>
          <vertex>
            <position x="19.17" y="0.5328" z="-0.7851"></position>
            <normal x="7.417605E-5" y="0.99705297" z="0.0767153"></normal>
            <texcoord u="0.9934" v="0.8758"></texcoord>
          </vertex>
          <vertex>
            <position x="19.12" y="1.048" z="-7.481"></position>
            <normal x="-0.0016589387" y="0.9970507" z="0.07672807"></normal>
            <texcoord u="0.9907" v="0.033800006"></texcoord>
          </vertex>
          <vertex>
            <position x="19.17" y="0.5328" z="-0.7851"></position>
            <normal x="-0.0016589387" y="0.9970507" z="0.07672807"></normal>
            <texcoord u="0.9934" v="0.8758"></texcoord>
          </vertex>
          <vertex>
            <position x="19.17" y="1.033" z="-7.285"></position>
            <normal x="-0.0016589387" y="0.9970507" z="0.07672807"></normal>
            <texcoord u="0.9934" v="0.058499992"></texcoord>
          </vertex>
        </vertexbuffer>
      </geometry>
    </submesh>
  </submeshes>
</mesh>
