<mesh>
  <submeshes>
    <submesh material="Material.994" usesharedvertices="false">
      <faces count="21">
        <face v1="0" v2="1" v3="2"></face>
        <face v1="3" v2="4" v3="5"></face>
        <face v1="4" v2="3" v3="6"></face>
        <face v1="7" v2="8" v3="9"></face>
        <face v1="8" v2="7" v3="10"></face>
        <face v1="11" v2="12" v3="13"></face>
        <face v1="12" v2="11" v3="14"></face>
      </faces>
      <geometry vertexcount="15">
        <vertexbuffer positions="true" normals="true">
          <vertex>
            <position x="0.5906" y="-5.408" z="4.406"></position>
            <normal x="-1.0" y="0.0" z="0.0"></normal>
          </vertex>
          <vertex>
            <position x="0.5906" y="-5.408" z="3.724"></position>
            <normal x="-1.0" y="0.0" z="0.0"></normal>
          </vertex>
          <vertex>
            <position x="0.5906" y="-5.998" z="4.065"></position>
            <normal x="-1.0" y="0.0" z="0.0"></normal>
          </vertex>
          <vertex>
            <position x="0.0" y="-5.408" z="4.406"></position>
            <normal x="0.0" y="0.5003998" z="-0.8657945"></normal>
          </vertex>
          <vertex>
            <position x="0.5906" y="-5.998" z="4.065"></position>
            <normal x="0.0" y="0.5003998" z="-0.8657945"></normal>
          </vertex>
          <vertex>
            <position x="0.0" y="-5.998" z="4.065"></position>
            <normal x="0.0" y="0.5003998" z="-0.8657945"></normal>
          </vertex>
          <vertex>
            <position x="0.5906" y="-5.408" z="4.406"></position>
            <normal x="0.0" y="0.5003998" z="-0.8657945"></normal>
          </vertex>
          <vertex>
            <position x="0.5906" y="-5.408" z="3.724"></position>
            <normal x="0.0" y="-1.0" z="0.0"></normal>
          </vertex>
          <vertex>
            <position x="0.0" y="-5.408" z="4.406"></position>
            <normal x="0.0" y="-1.0" z="0.0"></normal>
          </vertex>
          <vertex>
            <position x="0.0" y="-5.408" z="3.724"></position>
            <normal x="0.0" y="-1.0" z="0.0"></normal>
          </vertex>
          <vertex>
            <position x="0.5906" y="-5.408" z="4.406"></position>
            <normal x="0.0" y="-1.0" z="0.0"></normal>
          </vertex>
          <vertex>
            <position x="0.5906" y="-5.408" z="3.724"></position>
            <normal x="-0.0" y="0.5003998" z="0.8657945"></normal>
          </vertex>
          <vertex>
            <position x="0.0" y="-5.998" z="4.065"></position>
            <normal x="-0.0" y="0.5003998" z="0.8657945"></normal>
          </vertex>
          <vertex>
            <position x="0.5906" y="-5.998" z="4.065"></position>
            <normal x="-0.0" y="0.5003998" z="0.8657945"></normal>
          </vertex>
          <vertex>
            <position x="0.0" y="-5.408" z="3.724"></position>
            <normal x="-0.0" y="0.5003998" z="0.8657945"></normal>
          </vertex>
        </vertexbuffer>
      </geometry>
    </submesh>
  </submeshes>
</mesh>
