<mesh>
  <submeshes>
    <submesh material="Material.996" usesharedvertices="false">
      <faces count="78">
        <face v1="0" v2="1" v3="2"></face>
        <face v1="1" v2="0" v3="3"></face>
        <face v1="4" v2="5" v3="6"></face>
        <face v1="5" v2="4" v3="7"></face>
        <face v1="8" v2="9" v3="10"></face>
        <face v1="9" v2="8" v3="11"></face>
        <face v1="12" v2="13" v3="14"></face>
        <face v1="13" v2="12" v3="15"></face>
        <face v1="16" v2="17" v3="18"></face>
        <face v1="17" v2="16" v3="19"></face>
        <face v1="20" v2="21" v3="22"></face>
        <face v1="21" v2="20" v3="23"></face>
        <face v1="24" v2="25" v3="26"></face>
        <face v1="25" v2="24" v3="27"></face>
        <face v1="28" v2="29" v3="30"></face>
        <face v1="29" v2="28" v3="31"></face>
        <face v1="32" v2="33" v3="34"></face>
        <face v1="33" v2="32" v3="35"></face>
        <face v1="36" v2="37" v3="38"></face>
        <face v1="37" v2="36" v3="39"></face>
        <face v1="40" v2="41" v3="42"></face>
        <face v1="41" v2="40" v3="43"></face>
        <face v1="44" v2="45" v3="46"></face>
        <face v1="45" v2="44" v3="47"></face>
        <face v1="48" v2="49" v3="50"></face>
        <face v1="49" v2="48" v3="51"></face>
      </faces>
      <geometry vertexcount="52">
        <vertexbuffer positions="true" normals="true">
          <vertex>
            <position x="0.7874" y="7.127" z="-6.289"></position>
            <normal x="0.0" y="0.23080462" z="-0.9730001"></normal>
          </vertex>
          <vertex>
            <position x="10.24" y="4.117" z="-7.003"></position>
            <normal x="0.0" y="0.23080462" z="-0.9730001"></normal>
          </vertex>
          <vertex>
            <position x="0.7874" y="4.117" z="-7.003"></position>
            <normal x="0.0" y="0.23080462" z="-0.9730001"></normal>
          </vertex>
          <vertex>
            <position x="10.24" y="7.127" z="-6.289"></position>
            <normal x="0.0" y="0.23080462" z="-0.9730001"></normal>
          </vertex>
          <vertex>
            <position x="0.7874" y="4.117" z="-7.003"></position>
            <normal x="-0.0" y="-0.19428624" z="-0.9809449"></normal>
          </vertex>
          <vertex>
            <position x="10.24" y="0.7039" z="-6.327"></position>
            <normal x="-0.0" y="-0.19428624" z="-0.9809449"></normal>
          </vertex>
          <vertex>
            <position x="0.7874" y="0.7039" z="-6.327"></position>
            <normal x="-0.0" y="-0.19428624" z="-0.9809449"></normal>
          </vertex>
          <vertex>
            <position x="10.24" y="4.117" z="-7.003"></position>
            <normal x="-0.0" y="-0.19428624" z="-0.9809449"></normal>
          </vertex>
          <vertex>
            <position x="0.7874" y="8.456" z="-5.028"></position>
            <normal x="0.0" y="0.68830454" z="-0.72542185"></normal>
          </vertex>
          <vertex>
            <position x="10.24" y="7.127" z="-6.289"></position>
            <normal x="0.0" y="0.68830454" z="-0.72542185"></normal>
          </vertex>
          <vertex>
            <position x="0.7874" y="7.127" z="-6.289"></position>
            <normal x="0.0" y="0.68830454" z="-0.72542185"></normal>
          </vertex>
          <vertex>
            <position x="10.24" y="8.456" z="-5.028"></position>
            <normal x="0.0" y="0.68830454" z="-0.72542185"></normal>
          </vertex>
          <vertex>
            <position x="10.24" y="0.7039" z="-6.327"></position>
            <normal x="0.0" y="-0.72641176" z="-0.6872598"></normal>
          </vertex>
          <vertex>
            <position x="0.7874" y="0.0" z="-5.583"></position>
            <normal x="0.0" y="-0.72641176" z="-0.6872598"></normal>
          </vertex>
          <vertex>
            <position x="0.7874" y="0.7039" z="-6.327"></position>
            <normal x="0.0" y="-0.72641176" z="-0.6872598"></normal>
          </vertex>
          <vertex>
            <position x="10.24" y="0.0" z="-5.583"></position>
            <normal x="0.0" y="-0.72641176" z="-0.6872598"></normal>
          </vertex>
          <vertex>
            <position x="10.24" y="8.255" z="-2.782"></position>
            <normal x="0.0" y="0.9960195" z="0.0891363"></normal>
          </vertex>
          <vertex>
            <position x="0.7874" y="8.456" z="-5.028"></position>
            <normal x="0.0" y="0.9960195" z="0.0891363"></normal>
          </vertex>
          <vertex>
            <position x="0.7874" y="8.255" z="-2.782"></position>
            <normal x="0.0" y="0.9960195" z="0.0891363"></normal>
          </vertex>
          <vertex>
            <position x="10.24" y="8.456" z="-5.028"></position>
            <normal x="0.0" y="0.9960195" z="0.0891363"></normal>
          </vertex>
          <vertex>
            <position x="10.24" y="0.0" z="-5.583"></position>
            <normal x="0.0" y="-0.99998933" z="0.004616433"></normal>
          </vertex>
          <vertex>
            <position x="0.7874" y="0.004201" z="-4.673"></position>
            <normal x="0.0" y="-0.99998933" z="0.004616433"></normal>
          </vertex>
          <vertex>
            <position x="0.7874" y="0.0" z="-5.583"></position>
            <normal x="0.0" y="-0.99998933" z="0.004616433"></normal>
          </vertex>
          <vertex>
            <position x="10.24" y="0.004201" z="-4.673"></position>
            <normal x="0.0" y="-0.99998933" z="0.004616433"></normal>
          </vertex>
          <vertex>
            <position x="10.24" y="8.255" z="-2.782"></position>
            <normal x="-0.0" y="0.65967137" z="0.75155413"></normal>
          </vertex>
          <vertex>
            <position x="0.7874" y="6.341" z="-1.102"></position>
            <normal x="-0.0" y="0.65967137" z="0.75155413"></normal>
          </vertex>
          <vertex>
            <position x="10.24" y="6.341" z="-1.102"></position>
            <normal x="-0.0" y="0.65967137" z="0.75155413"></normal>
          </vertex>
          <vertex>
            <position x="0.7874" y="8.255" z="-2.782"></position>
            <normal x="-0.0" y="0.65967137" z="0.75155413"></normal>
          </vertex>
          <vertex>
            <position x="10.24" y="1.929" z="-3.63"></position>
            <normal x="0.0" y="-0.47642455" z="0.87921536"></normal>
          </vertex>
          <vertex>
            <position x="0.7874" y="0.004201" z="-4.673"></position>
            <normal x="0.0" y="-0.47642455" z="0.87921536"></normal>
          </vertex>
          <vertex>
            <position x="10.24" y="0.004201" z="-4.673"></position>
            <normal x="0.0" y="-0.47642455" z="0.87921536"></normal>
          </vertex>
          <vertex>
            <position x="0.7874" y="1.929" z="-3.63"></position>
            <normal x="0.0" y="-0.47642455" z="0.87921536"></normal>
          </vertex>
          <vertex>
            <position x="10.24" y="6.341" z="-1.102"></position>
            <normal x="-0.0" y="0.3740813" z="0.9273959"></normal>
          </vertex>
          <vertex>
            <position x="0.7874" y="3.609" z="0.0"></position>
            <normal x="-0.0" y="0.3740813" z="0.9273959"></normal>
          </vertex>
          <vertex>
            <position x="10.24" y="3.609" z="0.0"></position>
            <normal x="-0.0" y="0.3740813" z="0.9273959"></normal>
          </vertex>
          <vertex>
            <position x="0.7874" y="6.341" z="-1.102"></position>
            <normal x="-0.0" y="0.3740813" z="0.9273959"></normal>
          </vertex>
          <vertex>
            <position x="10.24" y="6.025" z="-4.232"></position>
            <normal x="-0.0" y="0.14541048" z="0.9893714"></normal>
          </vertex>
          <vertex>
            <position x="0.7874" y="1.929" z="-3.63"></position>
            <normal x="-0.0" y="0.14541048" z="0.9893714"></normal>
          </vertex>
          <vertex>
            <position x="10.24" y="1.929" z="-3.63"></position>
            <normal x="-0.0" y="0.14541048" z="0.9893714"></normal>
          </vertex>
          <vertex>
            <position x="0.7874" y="6.025" z="-4.232"></position>
            <normal x="-0.0" y="0.14541048" z="0.9893714"></normal>
          </vertex>
          <vertex>
            <position x="10.24" y="3.609" z="0.0"></position>
            <normal x="0.0" y="-0.17438465" z="0.9846777"></normal>
          </vertex>
          <vertex>
            <position x="0.7874" y="1.369" z="-0.3967"></position>
            <normal x="0.0" y="-0.17438465" z="0.9846777"></normal>
          </vertex>
          <vertex>
            <position x="10.24" y="1.369" z="-0.3967"></position>
            <normal x="0.0" y="-0.17438465" z="0.9846777"></normal>
          </vertex>
          <vertex>
            <position x="0.7874" y="3.609" z="0.0"></position>
            <normal x="0.0" y="-0.17438465" z="0.9846777"></normal>
          </vertex>
          <vertex>
            <position x="0.7874" y="6.025" z="-4.232"></position>
            <normal x="-0.0" y="-0.36659917" z="-0.93037903"></normal>
          </vertex>
          <vertex>
            <position x="10.24" y="2.104" z="-2.687"></position>
            <normal x="-0.0" y="-0.36659917" z="-0.93037903"></normal>
          </vertex>
          <vertex>
            <position x="0.7874" y="2.104" z="-2.687"></position>
            <normal x="-0.0" y="-0.36659917" z="-0.93037903"></normal>
          </vertex>
          <vertex>
            <position x="10.24" y="6.025" z="-4.232"></position>
            <normal x="-0.0" y="-0.36659917" z="-0.93037903"></normal>
          </vertex>
          <vertex>
            <position x="10.24" y="2.104" z="-2.687"></position>
            <normal x="0.0" y="-0.95216984" z="-0.3055691"></normal>
          </vertex>
          <vertex>
            <position x="0.7874" y="1.369" z="-0.3967"></position>
            <normal x="0.0" y="-0.95216984" z="-0.3055691"></normal>
          </vertex>
          <vertex>
            <position x="0.7874" y="2.104" z="-2.687"></position>
            <normal x="0.0" y="-0.95216984" z="-0.3055691"></normal>
          </vertex>
          <vertex>
            <position x="10.24" y="1.369" z="-0.3967"></position>
            <normal x="0.0" y="-0.95216984" z="-0.3055691"></normal>
          </vertex>
        </vertexbuffer>
      </geometry>
    </submesh>
  </submeshes>
</mesh>
