<mesh>
  <submeshes>
    <submesh material="Material.997" usesharedvertices="false">
      <faces count="111">
        <face v1="0" v2="1" v3="2"></face>
        <face v1="1" v2="0" v3="3"></face>
        <face v1="4" v2="5" v3="6"></face>
        <face v1="4" v2="6" v3="7"></face>
        <face v1="7" v2="6" v3="8"></face>
        <face v1="9" v2="10" v3="11"></face>
        <face v1="11" v2="10" v3="12"></face>
        <face v1="13" v2="8" v3="14"></face>
        <face v1="13" v2="14" v3="15"></face>
        <face v1="15" v2="14" v3="16"></face>
        <face v1="17" v2="18" v3="7"></face>
        <face v1="19" v2="20" v3="21"></face>
        <face v1="22" v2="23" v3="24"></face>
        <face v1="25" v2="26" v3="27"></face>
        <face v1="28" v2="29" v3="30"></face>
        <face v1="31" v2="32" v3="33"></face>
        <face v1="34" v2="35" v3="36"></face>
        <face v1="37" v2="38" v3="39"></face>
        <face v1="40" v2="41" v3="42"></face>
        <face v1="43" v2="44" v3="45"></face>
        <face v1="46" v2="47" v3="48"></face>
        <face v1="49" v2="50" v3="51"></face>
        <face v1="52" v2="53" v3="54"></face>
        <face v1="55" v2="56" v3="57"></face>
        <face v1="58" v2="59" v3="60"></face>
        <face v1="61" v2="62" v3="63"></face>
        <face v1="64" v2="65" v3="66"></face>
        <face v1="67" v2="68" v3="69"></face>
        <face v1="70" v2="71" v3="72"></face>
        <face v1="73" v2="74" v3="75"></face>
        <face v1="76" v2="77" v3="78"></face>
        <face v1="79" v2="80" v3="81"></face>
        <face v1="82" v2="83" v3="84"></face>
        <face v1="85" v2="86" v3="87"></face>
        <face v1="88" v2="89" v3="90"></face>
        <face v1="91" v2="92" v3="93"></face>
        <face v1="94" v2="95" v3="96"></face>
      </faces>
      <geometry vertexcount="97">
        <vertexbuffer positions="true" normals="true">
          <vertex>
            <position x="0.0" y="6.129" z="-1.342"></position>
            <normal x="-0.99999994" y="0.0" z="0.0"></normal>
          </vertex>
          <vertex>
            <position x="0.0" y="1.655" z="-0.7072"></position>
            <normal x="-0.99999994" y="0.0" z="0.0"></normal>
          </vertex>
          <vertex>
            <position x="0.0" y="3.671" z="-0.3502"></position>
            <normal x="-0.99999994" y="0.0" z="0.0"></normal>
          </vertex>
          <vertex>
            <position x="0.0" y="2.317" z="-2.769"></position>
            <normal x="-0.99999994" y="0.0" z="0.0"></normal>
          </vertex>
          <vertex>
            <position x="0.0" y="2.317" z="-2.769"></position>
            <normal x="-1.0" y="0.0" z="-0.0"></normal>
          </vertex>
          <vertex>
            <position x="0.0" y="6.129" z="-1.342"></position>
            <normal x="-1.0" y="0.0" z="-0.0"></normal>
          </vertex>
          <vertex>
            <position x="0.0" y="7.853" z="-2.854"></position>
            <normal x="-1.0" y="0.0" z="-0.0"></normal>
          </vertex>
          <vertex>
            <position x="0.0" y="5.846" z="-4.159"></position>
            <normal x="-1.0" y="0.0" z="-0.0"></normal>
          </vertex>
          <vertex>
            <position x="0.0" y="8.033" z="-4.875"></position>
            <normal x="-1.0" y="0.0" z="-0.0"></normal>
          </vertex>
          <vertex>
            <position x="0.0" y="5.846" z="-4.159"></position>
            <normal x="-0.99999994" y="0.0" z="0.0"></normal>
          </vertex>
          <vertex>
            <position x="0.0" y="8.033" z="-4.875"></position>
            <normal x="-0.99999994" y="0.0" z="0.0"></normal>
          </vertex>
          <vertex>
            <position x="0.0" y="0.4266" z="-4.555"></position>
            <normal x="-0.99999994" y="0.0" z="0.0"></normal>
          </vertex>
          <vertex>
            <position x="0.0" y="0.4228" z="-5.375"></position>
            <normal x="-0.99999994" y="0.0" z="0.0"></normal>
          </vertex>
          <vertex>
            <position x="0.0" y="0.4228" z="-5.375"></position>
            <normal x="-1.0" y="0.0" z="-0.0"></normal>
          </vertex>
          <vertex>
            <position x="0.0" y="6.837" z="-6.01"></position>
            <normal x="-1.0" y="0.0" z="-0.0"></normal>
          </vertex>
          <vertex>
            <position x="0.0" y="1.056" z="-6.045"></position>
            <normal x="-1.0" y="0.0" z="-0.0"></normal>
          </vertex>
          <vertex>
            <position x="0.0" y="4.128" z="-6.653"></position>
            <normal x="-1.0" y="0.0" z="-0.0"></normal>
          </vertex>
          <vertex>
            <position x="0.0" y="0.4266" z="-4.555"></position>
            <normal x="-1.0" y="0.0" z="-0.0"></normal>
          </vertex>
          <vertex>
            <position x="0.0" y="2.159" z="-3.617"></position>
            <normal x="-1.0" y="0.0" z="-0.0"></normal>
          </vertex>
          <vertex>
            <position x="0.0" y="4.128" z="-6.653"></position>
            <normal x="-0.39446542" y="0.21208885" z="-0.89410025"></normal>
          </vertex>
          <vertex>
            <position x="0.7874" y="7.127" z="-6.289"></position>
            <normal x="-0.39446542" y="0.21208885" z="-0.89410025"></normal>
          </vertex>
          <vertex>
            <position x="0.7874" y="4.117" z="-7.003"></position>
            <normal x="-0.39446542" y="0.21208885" z="-0.89410025"></normal>
          </vertex>
          <vertex>
            <position x="0.7874" y="7.127" z="-6.289"></position>
            <normal x="-0.3948787" y="0.21217279" z="-0.89389795"></normal>
          </vertex>
          <vertex>
            <position x="0.0" y="4.128" z="-6.653"></position>
            <normal x="-0.3948787" y="0.21217279" z="-0.89389795"></normal>
          </vertex>
          <vertex>
            <position x="0.0" y="6.837" z="-6.01"></position>
            <normal x="-0.3948787" y="0.21217279" z="-0.89389795"></normal>
          </vertex>
          <vertex>
            <position x="0.0" y="1.056" z="-6.045"></position>
            <normal x="-0.40135297" y="-0.1779513" z="-0.8984704"></normal>
          </vertex>
          <vertex>
            <position x="0.7874" y="4.117" z="-7.003"></position>
            <normal x="-0.40135297" y="-0.1779513" z="-0.8984704"></normal>
          </vertex>
          <vertex>
            <position x="0.7874" y="0.7039" z="-6.327"></position>
            <normal x="-0.40135297" y="-0.1779513" z="-0.8984704"></normal>
          </vertex>
          <vertex>
            <position x="0.7874" y="4.117" z="-7.003"></position>
            <normal x="-0.40178314" y="-0.1777905" z="-0.89831"></normal>
          </vertex>
          <vertex>
            <position x="0.0" y="1.056" z="-6.045"></position>
            <normal x="-0.40178314" y="-0.1777905" z="-0.89831"></normal>
          </vertex>
          <vertex>
            <position x="0.0" y="4.128" z="-6.653"></position>
            <normal x="-0.40178314" y="-0.1777905" z="-0.89831"></normal>
          </vertex>
          <vertex>
            <position x="0.7874" y="0.7039" z="-6.327"></position>
            <normal x="-0.49585137" y="-0.6311451" z="-0.5964791"></normal>
          </vertex>
          <vertex>
            <position x="0.0" y="0.4228" z="-5.375"></position>
            <normal x="-0.49585137" y="-0.6311451" z="-0.5964791"></normal>
          </vertex>
          <vertex>
            <position x="0.0" y="1.056" z="-6.045"></position>
            <normal x="-0.49585137" y="-0.6311451" z="-0.5964791"></normal>
          </vertex>
          <vertex>
            <position x="0.0" y="0.4228" z="-5.375"></position>
            <normal x="-0.4962505" y="-0.6306557" z="-0.5966647"></normal>
          </vertex>
          <vertex>
            <position x="0.7874" y="0.7039" z="-6.327"></position>
            <normal x="-0.4962505" y="-0.6306557" z="-0.5966647"></normal>
          </vertex>
          <vertex>
            <position x="0.7874" y="0.0" z="-5.583"></position>
            <normal x="-0.4962505" y="-0.6306557" z="-0.5966647"></normal>
          </vertex>
          <vertex>
            <position x="0.7874" y="0.0" z="-5.583"></position>
            <normal x="-0.47223026" y="-0.8814658" z="0.004084846"></normal>
          </vertex>
          <vertex>
            <position x="0.0" y="0.4266" z="-4.555"></position>
            <normal x="-0.47223026" y="-0.8814658" z="0.004084846"></normal>
          </vertex>
          <vertex>
            <position x="0.0" y="0.4228" z="-5.375"></position>
            <normal x="-0.47223026" y="-0.8814658" z="0.004084846"></normal>
          </vertex>
          <vertex>
            <position x="0.0" y="0.4266" z="-4.555"></position>
            <normal x="-0.47224605" y="-0.8814573" z="0.004069232"></normal>
          </vertex>
          <vertex>
            <position x="0.7874" y="0.0" z="-5.583"></position>
            <normal x="-0.47224605" y="-0.8814573" z="0.004069232"></normal>
          </vertex>
          <vertex>
            <position x="0.7874" y="0.004201" z="-4.673"></position>
            <normal x="-0.47224605" y="-0.8814573" z="0.004069232"></normal>
          </vertex>
          <vertex>
            <position x="0.7874" y="1.929" z="-3.63"></position>
            <normal x="-0.12287903" y="-0.472814" z="0.8725524"></normal>
          </vertex>
          <vertex>
            <position x="0.0" y="0.4266" z="-4.555"></position>
            <normal x="-0.12287903" y="-0.472814" z="0.8725524"></normal>
          </vertex>
          <vertex>
            <position x="0.7874" y="0.004201" z="-4.673"></position>
            <normal x="-0.12287903" y="-0.472814" z="0.8725524"></normal>
          </vertex>
          <vertex>
            <position x="0.0" y="0.4266" z="-4.555"></position>
            <normal x="-0.123604864" y="-0.4724814" z="0.87263006"></normal>
          </vertex>
          <vertex>
            <position x="0.7874" y="1.929" z="-3.63"></position>
            <normal x="-0.123604864" y="-0.4724814" z="0.87263006"></normal>
          </vertex>
          <vertex>
            <position x="0.0" y="2.159" z="-3.617"></position>
            <normal x="-0.123604864" y="-0.4724814" z="0.87263006"></normal>
          </vertex>
          <vertex>
            <position x="0.7874" y="6.025" z="-4.232"></position>
            <normal x="0.058707602" y="0.14515968" z="0.98766494"></normal>
          </vertex>
          <vertex>
            <position x="0.0" y="2.159" z="-3.617"></position>
            <normal x="0.058707602" y="0.14515968" z="0.98766494"></normal>
          </vertex>
          <vertex>
            <position x="0.7874" y="1.929" z="-3.63"></position>
            <normal x="0.058707602" y="0.14515968" z="0.98766494"></normal>
          </vertex>
          <vertex>
            <position x="0.0" y="2.159" z="-3.617"></position>
            <normal x="0.058560785" y="0.14519025" z="0.9876692"></normal>
          </vertex>
          <vertex>
            <position x="0.7874" y="6.025" z="-4.232"></position>
            <normal x="0.058560785" y="0.14519025" z="0.9876692"></normal>
          </vertex>
          <vertex>
            <position x="0.0" y="5.846" z="-4.159"></position>
            <normal x="0.058560785" y="0.14519025" z="0.9876692"></normal>
          </vertex>
          <vertex>
            <position x="0.0" y="2.317" z="-2.769"></position>
            <normal x="-0.0022789761" y="-0.36659822" z="-0.9303766"></normal>
          </vertex>
          <vertex>
            <position x="0.7874" y="6.025" z="-4.232"></position>
            <normal x="-0.0022789761" y="-0.36659822" z="-0.9303766"></normal>
          </vertex>
          <vertex>
            <position x="0.7874" y="2.104" z="-2.687"></position>
            <normal x="-0.0022789761" y="-0.36659822" z="-0.9303766"></normal>
          </vertex>
          <vertex>
            <position x="0.7874" y="6.025" z="-4.232"></position>
            <normal x="-0.0029488113" y="-0.36647442" z="-0.9304234"></normal>
          </vertex>
          <vertex>
            <position x="0.0" y="2.317" z="-2.769"></position>
            <normal x="-0.0029488113" y="-0.36647442" z="-0.9304234"></normal>
          </vertex>
          <vertex>
            <position x="0.0" y="5.846" z="-4.159"></position>
            <normal x="-0.0029488113" y="-0.36647442" z="-0.9304234"></normal>
          </vertex>
          <vertex>
            <position x="0.7874" y="2.104" z="-2.687"></position>
            <normal x="-0.22018373" y="-0.9287589" z="-0.29820466"></normal>
          </vertex>
          <vertex>
            <position x="0.0" y="1.655" z="-0.7072"></position>
            <normal x="-0.22018373" y="-0.9287589" z="-0.29820466"></normal>
          </vertex>
          <vertex>
            <position x="0.0" y="2.317" z="-2.769"></position>
            <normal x="-0.22018373" y="-0.9287589" z="-0.29820466"></normal>
          </vertex>
          <vertex>
            <position x="0.0" y="1.655" z="-0.7072"></position>
            <normal x="-0.21983807" y="-0.9288764" z="-0.2980938"></normal>
          </vertex>
          <vertex>
            <position x="0.7874" y="2.104" z="-2.687"></position>
            <normal x="-0.21983807" y="-0.9288764" z="-0.2980938"></normal>
          </vertex>
          <vertex>
            <position x="0.7874" y="1.369" z="-0.3967"></position>
            <normal x="-0.21983807" y="-0.9288764" z="-0.2980938"></normal>
          </vertex>
          <vertex>
            <position x="0.7874" y="3.609" z="0.0"></position>
            <normal x="-0.41160247" y="-0.1589278" z="0.8973992"></normal>
          </vertex>
          <vertex>
            <position x="0.0" y="1.655" z="-0.7072"></position>
            <normal x="-0.41160247" y="-0.1589278" z="0.8973992"></normal>
          </vertex>
          <vertex>
            <position x="0.7874" y="1.369" z="-0.3967"></position>
            <normal x="-0.41160247" y="-0.1589278" z="0.8973992"></normal>
          </vertex>
          <vertex>
            <position x="0.0" y="1.655" z="-0.7072"></position>
            <normal x="-0.41163087" y="-0.15891261" z="0.8973889"></normal>
          </vertex>
          <vertex>
            <position x="0.7874" y="3.609" z="0.0"></position>
            <normal x="-0.41163087" y="-0.15891261" z="0.8973889"></normal>
          </vertex>
          <vertex>
            <position x="0.0" y="3.671" z="-0.3502"></position>
            <normal x="-0.41163087" y="-0.15891261" z="0.8973889"></normal>
          </vertex>
          <vertex>
            <position x="0.7874" y="6.341" z="-1.102"></position>
            <normal x="-0.35767162" y="0.3493349" z="0.86604625"></normal>
          </vertex>
          <vertex>
            <position x="0.0" y="3.671" z="-0.3502"></position>
            <normal x="-0.35767162" y="0.3493349" z="0.86604625"></normal>
          </vertex>
          <vertex>
            <position x="0.7874" y="3.609" z="0.0"></position>
            <normal x="-0.35767162" y="0.3493349" z="0.86604625"></normal>
          </vertex>
          <vertex>
            <position x="0.0" y="3.671" z="-0.3502"></position>
            <normal x="-0.3579935" y="0.3493865" z="0.8658924"></normal>
          </vertex>
          <vertex>
            <position x="0.7874" y="6.341" z="-1.102"></position>
            <normal x="-0.3579935" y="0.3493865" z="0.8658924"></normal>
          </vertex>
          <vertex>
            <position x="0.0" y="6.129" z="-1.342"></position>
            <normal x="-0.3579935" y="0.3493865" z="0.8658924"></normal>
          </vertex>
          <vertex>
            <position x="0.7874" y="6.341" z="-1.102"></position>
            <normal x="-0.376722" y="0.6107906" z="0.6964305"></normal>
          </vertex>
          <vertex>
            <position x="0.0" y="7.853" z="-2.854"></position>
            <normal x="-0.376722" y="0.6107906" z="0.6964305"></normal>
          </vertex>
          <vertex>
            <position x="0.0" y="6.129" z="-1.342"></position>
            <normal x="-0.376722" y="0.6107906" z="0.6964305"></normal>
          </vertex>
          <vertex>
            <position x="0.0" y="7.853" z="-2.854"></position>
            <normal x="-0.37578958" y="0.6113208" z="0.696469"></normal>
          </vertex>
          <vertex>
            <position x="0.7874" y="6.341" z="-1.102"></position>
            <normal x="-0.37578958" y="0.6113208" z="0.696469"></normal>
          </vertex>
          <vertex>
            <position x="0.7874" y="8.255" z="-2.782"></position>
            <normal x="-0.37578958" y="0.6113208" z="0.696469"></normal>
          </vertex>
          <vertex>
            <position x="0.7874" y="8.255" z="-2.782"></position>
            <normal x="-0.45900136" y="0.88493264" z="0.0788163"></normal>
          </vertex>
          <vertex>
            <position x="0.0" y="8.033" z="-4.875"></position>
            <normal x="-0.45900136" y="0.88493264" z="0.0788163"></normal>
          </vertex>
          <vertex>
            <position x="0.0" y="7.853" z="-2.854"></position>
            <normal x="-0.45900136" y="0.88493264" z="0.0788163"></normal>
          </vertex>
          <vertex>
            <position x="0.0" y="8.033" z="-4.875"></position>
            <normal x="-0.4597813" y="0.8844972" z="0.0791559"></normal>
          </vertex>
          <vertex>
            <position x="0.7874" y="8.255" z="-2.782"></position>
            <normal x="-0.4597813" y="0.8844972" z="0.0791559"></normal>
          </vertex>
          <vertex>
            <position x="0.7874" y="8.456" z="-5.028"></position>
            <normal x="-0.4597813" y="0.8844972" z="0.0791559"></normal>
          </vertex>
          <vertex>
            <position x="0.0" y="8.033" z="-4.875"></position>
            <normal x="-0.45471057" y="0.6130865" z="-0.6460365"></normal>
          </vertex>
          <vertex>
            <position x="0.7874" y="7.127" z="-6.289"></position>
            <normal x="-0.45471057" y="0.6130865" z="-0.6460365"></normal>
          </vertex>
          <vertex>
            <position x="0.0" y="6.837" z="-6.01"></position>
            <normal x="-0.45471057" y="0.6130865" z="-0.6460365"></normal>
          </vertex>
          <vertex>
            <position x="0.7874" y="7.127" z="-6.289"></position>
            <normal x="-0.45483625" y="0.6129869" z="-0.6460426"></normal>
          </vertex>
          <vertex>
            <position x="0.0" y="8.033" z="-4.875"></position>
            <normal x="-0.45483625" y="0.6129869" z="-0.6460426"></normal>
          </vertex>
          <vertex>
            <position x="0.7874" y="8.456" z="-5.028"></position>
            <normal x="-0.45483625" y="0.6129869" z="-0.6460426"></normal>
          </vertex>
        </vertexbuffer>
      </geometry>
    </submesh>
  </submeshes>
</mesh>
