<mesh>
  <submeshes>
    <submesh material="Material.1011" usesharedvertices="false">
      <faces count="48">
        <face v1="0" v2="1" v3="2"></face>
        <face v1="1" v2="0" v3="3"></face>
        <face v1="4" v2="5" v3="6"></face>
        <face v1="7" v2="8" v3="9"></face>
        <face v1="10" v2="11" v3="12"></face>
        <face v1="11" v2="10" v3="13"></face>
        <face v1="11" v2="13" v3="14"></face>
        <face v1="14" v2="13" v3="15"></face>
        <face v1="16" v2="17" v3="18"></face>
        <face v1="19" v2="20" v3="21"></face>
        <face v1="22" v2="23" v3="24"></face>
        <face v1="25" v2="26" v3="27"></face>
        <face v1="28" v2="29" v3="30"></face>
        <face v1="29" v2="28" v3="31"></face>
        <face v1="32" v2="33" v3="34"></face>
        <face v1="35" v2="36" v3="37"></face>
      </faces>
      <geometry vertexcount="38">
        <vertexbuffer positions="true" normals="true">
          <vertex>
            <position x="0.4724" y="0.3665" z="-1.618"></position>
            <normal x="0.0" y="-0.0" z="-1.0"></normal>
          </vertex>
          <vertex>
            <position x="0.6299" y="1.43" z="-1.618"></position>
            <normal x="0.0" y="-0.0" z="-1.0"></normal>
          </vertex>
          <vertex>
            <position x="0.6299" y="0.3665" z="-1.618"></position>
            <normal x="0.0" y="-0.0" z="-1.0"></normal>
          </vertex>
          <vertex>
            <position x="0.4724" y="1.43" z="-1.618"></position>
            <normal x="0.0" y="-0.0" z="-1.0"></normal>
          </vertex>
          <vertex>
            <position x="0.2756" y="0.733" z="-1.466"></position>
            <normal x="-0.61126447" y="-0.0" z="-0.79142636"></normal>
          </vertex>
          <vertex>
            <position x="0.4724" y="1.43" z="-1.618"></position>
            <normal x="-0.61126447" y="-0.0" z="-0.79142636"></normal>
          </vertex>
          <vertex>
            <position x="0.4724" y="0.3665" z="-1.618"></position>
            <normal x="-0.61126447" y="-0.0" z="-0.79142636"></normal>
          </vertex>
          <vertex>
            <position x="0.4724" y="1.43" z="-1.618"></position>
            <normal x="-0.6112645" y="0.0" z="-0.7914264"></normal>
          </vertex>
          <vertex>
            <position x="0.2756" y="0.733" z="-1.466"></position>
            <normal x="-0.6112645" y="0.0" z="-0.7914264"></normal>
          </vertex>
          <vertex>
            <position x="0.2756" y="1.43" z="-1.466"></position>
            <normal x="-0.6112645" y="0.0" z="-0.7914264"></normal>
          </vertex>
          <vertex>
            <position x="0.3543" y="1.43" z="-1.027"></position>
            <normal x="0.0" y="1.0" z="0.0"></normal>
          </vertex>
          <vertex>
            <position x="0.4724" y="1.43" z="-1.618"></position>
            <normal x="0.0" y="1.0" z="0.0"></normal>
          </vertex>
          <vertex>
            <position x="0.2756" y="1.43" z="-1.466"></position>
            <normal x="0.0" y="1.0" z="0.0"></normal>
          </vertex>
          <vertex>
            <position x="0.748" y="1.43" z="-1.027"></position>
            <normal x="0.0" y="1.0" z="0.0"></normal>
          </vertex>
          <vertex>
            <position x="0.6299" y="1.43" z="-1.618"></position>
            <normal x="0.0" y="1.0" z="0.0"></normal>
          </vertex>
          <vertex>
            <position x="0.8268" y="1.43" z="-1.466"></position>
            <normal x="0.0" y="1.0" z="0.0"></normal>
          </vertex>
          <vertex>
            <position x="0.6299" y="1.43" z="-1.618"></position>
            <normal x="0.61107" y="0.0" z="-0.7915765"></normal>
          </vertex>
          <vertex>
            <position x="0.8268" y="0.733" z="-1.466"></position>
            <normal x="0.61107" y="0.0" z="-0.7915765"></normal>
          </vertex>
          <vertex>
            <position x="0.6299" y="0.3665" z="-1.618"></position>
            <normal x="0.61107" y="0.0" z="-0.7915765"></normal>
          </vertex>
          <vertex>
            <position x="0.8268" y="0.733" z="-1.466"></position>
            <normal x="0.61107004" y="0.0" z="-0.79157656"></normal>
          </vertex>
          <vertex>
            <position x="0.6299" y="1.43" z="-1.618"></position>
            <normal x="0.61107004" y="0.0" z="-0.79157656"></normal>
          </vertex>
          <vertex>
            <position x="0.8268" y="1.43" z="-1.466"></position>
            <normal x="0.61107004" y="0.0" z="-0.79157656"></normal>
          </vertex>
          <vertex>
            <position x="0.2756" y="1.43" z="-1.466"></position>
            <normal x="-0.9843081" y="0.0" z="0.17645799"></normal>
          </vertex>
          <vertex>
            <position x="0.3543" y="0.9147" z="-1.027"></position>
            <normal x="-0.9843081" y="0.0" z="0.17645799"></normal>
          </vertex>
          <vertex>
            <position x="0.3543" y="1.43" z="-1.027"></position>
            <normal x="-0.9843081" y="0.0" z="0.17645799"></normal>
          </vertex>
          <vertex>
            <position x="0.3543" y="0.9147" z="-1.027"></position>
            <normal x="-0.9843082" y="0.0" z="0.17645797"></normal>
          </vertex>
          <vertex>
            <position x="0.2756" y="1.43" z="-1.466"></position>
            <normal x="-0.9843082" y="0.0" z="0.17645797"></normal>
          </vertex>
          <vertex>
            <position x="0.2756" y="0.733" z="-1.466"></position>
            <normal x="-0.9843082" y="0.0" z="0.17645797"></normal>
          </vertex>
          <vertex>
            <position x="0.748" y="1.43" z="-1.027"></position>
            <normal x="0.0" y="0.0" z="1.0"></normal>
          </vertex>
          <vertex>
            <position x="0.3543" y="0.9147" z="-1.027"></position>
            <normal x="0.0" y="0.0" z="1.0"></normal>
          </vertex>
          <vertex>
            <position x="0.748" y="0.9147" z="-1.027"></position>
            <normal x="0.0" y="0.0" z="1.0"></normal>
          </vertex>
          <vertex>
            <position x="0.3543" y="1.43" z="-1.027"></position>
            <normal x="0.0" y="0.0" z="1.0"></normal>
          </vertex>
          <vertex>
            <position x="0.8268" y="0.733" z="-1.466"></position>
            <normal x="0.9842692" y="0.0" z="0.17667513"></normal>
          </vertex>
          <vertex>
            <position x="0.748" y="1.43" z="-1.027"></position>
            <normal x="0.9842692" y="0.0" z="0.17667513"></normal>
          </vertex>
          <vertex>
            <position x="0.748" y="0.9147" z="-1.027"></position>
            <normal x="0.9842692" y="0.0" z="0.17667513"></normal>
          </vertex>
          <vertex>
            <position x="0.748" y="1.43" z="-1.027"></position>
            <normal x="0.9842692" y="-0.0" z="0.17667511"></normal>
          </vertex>
          <vertex>
            <position x="0.8268" y="0.733" z="-1.466"></position>
            <normal x="0.9842692" y="-0.0" z="0.17667511"></normal>
          </vertex>
          <vertex>
            <position x="0.8268" y="1.43" z="-1.466"></position>
            <normal x="0.9842692" y="-0.0" z="0.17667511"></normal>
          </vertex>
        </vertexbuffer>
      </geometry>
    </submesh>
  </submeshes>
</mesh>
