<mesh>
  <submeshes>
    <submesh material="Material.1036" usesharedvertices="false">
      <faces count="48">
        <face v1="0" v2="1" v3="2"></face>
        <face v1="3" v2="4" v3="5"></face>
        <face v1="6" v2="7" v3="8"></face>
        <face v1="7" v2="6" v3="9"></face>
        <face v1="10" v2="11" v3="12"></face>
        <face v1="11" v2="10" v3="13"></face>
        <face v1="14" v2="15" v3="16"></face>
        <face v1="15" v2="14" v3="17"></face>
        <face v1="18" v2="19" v3="20"></face>
        <face v1="21" v2="22" v3="23"></face>
        <face v1="24" v2="25" v3="26"></face>
        <face v1="25" v2="24" v3="27"></face>
        <face v1="28" v2="29" v3="30"></face>
        <face v1="29" v2="28" v3="31"></face>
        <face v1="32" v2="33" v3="34"></face>
        <face v1="33" v2="32" v3="35"></face>
      </faces>
      <geometry vertexcount="36">
        <vertexbuffer positions="true" normals="true">
          <vertex>
            <position x="0.1969" y="1.091" z="-7.874"></position>
            <normal x="0.0" y="-0.9133311" z="0.4072178"></normal>
          </vertex>
          <vertex>
            <position x="4.625E-5" y="1.161" z="-7.717"></position>
            <normal x="0.0" y="-0.9133311" z="0.4072178"></normal>
          </vertex>
          <vertex>
            <position x="4.062E-5" y="1.091" z="-7.874"></position>
            <normal x="0.0" y="-0.9133311" z="0.4072178"></normal>
          </vertex>
          <vertex>
            <position x="4.625E-5" y="1.161" z="-7.717"></position>
            <normal x="0.0" y="-0.9133311" z="0.40721783"></normal>
          </vertex>
          <vertex>
            <position x="0.1969" y="1.091" z="-7.874"></position>
            <normal x="0.0" y="-0.9133311" z="0.40721783"></normal>
          </vertex>
          <vertex>
            <position x="0.1969" y="1.161" z="-7.717"></position>
            <normal x="0.0" y="-0.9133311" z="0.40721783"></normal>
          </vertex>
          <vertex>
            <position x="0.1969" y="1.161" z="-7.717"></position>
            <normal x="0.0" y="-1.0" z="0.0"></normal>
          </vertex>
          <vertex>
            <position x="4.625E-5" y="1.161" z="-4.173"></position>
            <normal x="0.0" y="-1.0" z="0.0"></normal>
          </vertex>
          <vertex>
            <position x="4.625E-5" y="1.161" z="-7.717"></position>
            <normal x="0.0" y="-1.0" z="0.0"></normal>
          </vertex>
          <vertex>
            <position x="0.1969" y="1.161" z="-4.173"></position>
            <normal x="0.0" y="-1.0" z="0.0"></normal>
          </vertex>
          <vertex>
            <position x="0.1969" y="0.878" z="-7.874"></position>
            <normal x="0.0" y="0.0" z="1.0"></normal>
          </vertex>
          <vertex>
            <position x="4.062E-5" y="1.091" z="-7.874"></position>
            <normal x="0.0" y="0.0" z="1.0"></normal>
          </vertex>
          <vertex>
            <position x="4.062E-5" y="0.878" z="-7.874"></position>
            <normal x="0.0" y="0.0" z="1.0"></normal>
          </vertex>
          <vertex>
            <position x="0.1969" y="1.091" z="-7.874"></position>
            <normal x="0.0" y="0.0" z="1.0"></normal>
          </vertex>
          <vertex>
            <position x="4.625E-5" y="1.161" z="-4.173"></position>
            <normal x="-0.0" y="-0.9133311" z="-0.40721783"></normal>
          </vertex>
          <vertex>
            <position x="0.1969" y="1.091" z="-4.016"></position>
            <normal x="-0.0" y="-0.9133311" z="-0.40721783"></normal>
          </vertex>
          <vertex>
            <position x="2.488E-5" y="1.091" z="-4.016"></position>
            <normal x="-0.0" y="-0.9133311" z="-0.40721783"></normal>
          </vertex>
          <vertex>
            <position x="0.1969" y="1.161" z="-4.173"></position>
            <normal x="-0.0" y="-0.9133311" z="-0.40721783"></normal>
          </vertex>
          <vertex>
            <position x="4.625E-5" y="0.8071" z="-7.717"></position>
            <normal x="0.0" y="0.9113776" z="0.41157112"></normal>
          </vertex>
          <vertex>
            <position x="0.1969" y="0.878" z="-7.874"></position>
            <normal x="0.0" y="0.9113776" z="0.41157112"></normal>
          </vertex>
          <vertex>
            <position x="4.062E-5" y="0.878" z="-7.874"></position>
            <normal x="0.0" y="0.9113776" z="0.41157112"></normal>
          </vertex>
          <vertex>
            <position x="0.1969" y="0.878" z="-7.874"></position>
            <normal x="-0.0" y="0.91137767" z="0.41157117"></normal>
          </vertex>
          <vertex>
            <position x="4.625E-5" y="0.8071" z="-7.717"></position>
            <normal x="-0.0" y="0.91137767" z="0.41157117"></normal>
          </vertex>
          <vertex>
            <position x="0.1969" y="0.8071" z="-7.717"></position>
            <normal x="-0.0" y="0.91137767" z="0.41157117"></normal>
          </vertex>
          <vertex>
            <position x="2.488E-5" y="1.091" z="-4.016"></position>
            <normal x="0.0" y="0.0" z="-1.0"></normal>
          </vertex>
          <vertex>
            <position x="0.1969" y="0.878" z="-4.016"></position>
            <normal x="0.0" y="0.0" z="-1.0"></normal>
          </vertex>
          <vertex>
            <position x="3.326E-5" y="0.878" z="-4.016"></position>
            <normal x="0.0" y="0.0" z="-1.0"></normal>
          </vertex>
          <vertex>
            <position x="0.1969" y="1.091" z="-4.016"></position>
            <normal x="0.0" y="0.0" z="-1.0"></normal>
          </vertex>
          <vertex>
            <position x="4.625E-5" y="0.8071" z="-4.173"></position>
            <normal x="0.0" y="1.0" z="0.0"></normal>
          </vertex>
          <vertex>
            <position x="0.1969" y="0.8071" z="-7.717"></position>
            <normal x="0.0" y="1.0" z="0.0"></normal>
          </vertex>
          <vertex>
            <position x="4.625E-5" y="0.8071" z="-7.717"></position>
            <normal x="0.0" y="1.0" z="0.0"></normal>
          </vertex>
          <vertex>
            <position x="0.1969" y="0.8071" z="-4.173"></position>
            <normal x="0.0" y="1.0" z="0.0"></normal>
          </vertex>
          <vertex>
            <position x="0.1969" y="0.878" z="-4.016"></position>
            <normal x="0.0" y="0.91137767" z="-0.41157117"></normal>
          </vertex>
          <vertex>
            <position x="4.625E-5" y="0.8071" z="-4.173"></position>
            <normal x="0.0" y="0.91137767" z="-0.41157117"></normal>
          </vertex>
          <vertex>
            <position x="3.326E-5" y="0.878" z="-4.016"></position>
            <normal x="0.0" y="0.91137767" z="-0.41157117"></normal>
          </vertex>
          <vertex>
            <position x="0.1969" y="0.8071" z="-4.173"></position>
            <normal x="0.0" y="0.91137767" z="-0.41157117"></normal>
          </vertex>
        </vertexbuffer>
      </geometry>
    </submesh>
  </submeshes>
</mesh>
