<mesh>
  <submeshes>
    <submesh material="Material.1059" usesharedvertices="false">
      <faces count="48">
        <face v1="0" v2="1" v3="2"></face>
        <face v1="1" v2="0" v3="3"></face>
        <face v1="4" v2="5" v3="6"></face>
        <face v1="5" v2="4" v3="7"></face>
        <face v1="8" v2="9" v3="10"></face>
        <face v1="9" v2="8" v3="11"></face>
        <face v1="12" v2="13" v3="14"></face>
        <face v1="13" v2="12" v3="15"></face>
        <face v1="16" v2="17" v3="18"></face>
        <face v1="17" v2="16" v3="19"></face>
        <face v1="20" v2="21" v3="22"></face>
        <face v1="21" v2="20" v3="23"></face>
        <face v1="24" v2="25" v3="26"></face>
        <face v1="25" v2="24" v3="27"></face>
        <face v1="28" v2="29" v3="30"></face>
        <face v1="29" v2="28" v3="31"></face>
      </faces>
      <geometry vertexcount="32">
        <vertexbuffer positions="true" normals="true">
          <vertex>
            <position x="3.622" y="0.0" z="-3.425"></position>
            <normal x="1.0" y="0.0" z="0.0"></normal>
          </vertex>
          <vertex>
            <position x="3.622" y="0.315" z="0.5118"></position>
            <normal x="1.0" y="0.0" z="0.0"></normal>
          </vertex>
          <vertex>
            <position x="3.622" y="0.0" z="0.5118"></position>
            <normal x="1.0" y="0.0" z="0.0"></normal>
          </vertex>
          <vertex>
            <position x="3.622" y="0.315" z="-3.425"></position>
            <normal x="1.0" y="0.0" z="0.0"></normal>
          </vertex>
          <vertex>
            <position x="3.705" y="0.0" z="-3.595"></position>
            <normal x="0.8986162" y="0.0" z="0.43873566"></normal>
          </vertex>
          <vertex>
            <position x="3.622" y="0.315" z="-3.425"></position>
            <normal x="0.8986162" y="0.0" z="0.43873566"></normal>
          </vertex>
          <vertex>
            <position x="3.622" y="0.0" z="-3.425"></position>
            <normal x="0.8986162" y="0.0" z="0.43873566"></normal>
          </vertex>
          <vertex>
            <position x="3.705" y="0.315" z="-3.595"></position>
            <normal x="0.8986162" y="0.0" z="0.43873566"></normal>
          </vertex>
          <vertex>
            <position x="3.622" y="0.0" z="0.5118"></position>
            <normal x="0.89841235" y="0.0" z="-0.43915302"></normal>
          </vertex>
          <vertex>
            <position x="3.705" y="0.315" z="0.6816"></position>
            <normal x="0.89841235" y="0.0" z="-0.43915302"></normal>
          </vertex>
          <vertex>
            <position x="3.705" y="0.0" z="0.6816"></position>
            <normal x="0.89841235" y="0.0" z="-0.43915302"></normal>
          </vertex>
          <vertex>
            <position x="3.622" y="0.315" z="0.5118"></position>
            <normal x="0.89841235" y="0.0" z="-0.43915302"></normal>
          </vertex>
          <vertex>
            <position x="3.894" y="0.315" z="-3.595"></position>
            <normal x="0.0" y="0.0" z="1.0"></normal>
          </vertex>
          <vertex>
            <position x="3.705" y="0.0" z="-3.595"></position>
            <normal x="0.0" y="0.0" z="1.0"></normal>
          </vertex>
          <vertex>
            <position x="3.894" y="0.0" z="-3.595"></position>
            <normal x="0.0" y="0.0" z="1.0"></normal>
          </vertex>
          <vertex>
            <position x="3.705" y="0.315" z="-3.595"></position>
            <normal x="0.0" y="0.0" z="1.0"></normal>
          </vertex>
          <vertex>
            <position x="3.705" y="0.315" z="0.6816"></position>
            <normal x="0.0" y="0.0" z="-1.0"></normal>
          </vertex>
          <vertex>
            <position x="3.894" y="0.0" z="0.6816"></position>
            <normal x="0.0" y="0.0" z="-1.0"></normal>
          </vertex>
          <vertex>
            <position x="3.705" y="0.0" z="0.6816"></position>
            <normal x="0.0" y="0.0" z="-1.0"></normal>
          </vertex>
          <vertex>
            <position x="3.894" y="0.315" z="0.6816"></position>
            <normal x="0.0" y="0.0" z="-1.0"></normal>
          </vertex>
          <vertex>
            <position x="3.894" y="0.315" z="-3.595"></position>
            <normal x="-0.9006946" y="0.0" z="0.4344526"></normal>
          </vertex>
          <vertex>
            <position x="3.976" y="0.0" z="-3.425"></position>
            <normal x="-0.9006946" y="0.0" z="0.4344526"></normal>
          </vertex>
          <vertex>
            <position x="3.976" y="0.315" z="-3.425"></position>
            <normal x="-0.9006946" y="0.0" z="0.4344526"></normal>
          </vertex>
          <vertex>
            <position x="3.894" y="0.0" z="-3.595"></position>
            <normal x="-0.9006946" y="0.0" z="0.4344526"></normal>
          </vertex>
          <vertex>
            <position x="3.976" y="0.315" z="0.5118"></position>
            <normal x="-0.90049434" y="0.0" z="-0.4348678"></normal>
          </vertex>
          <vertex>
            <position x="3.894" y="0.0" z="0.6816"></position>
            <normal x="-0.90049434" y="0.0" z="-0.4348678"></normal>
          </vertex>
          <vertex>
            <position x="3.894" y="0.315" z="0.6816"></position>
            <normal x="-0.90049434" y="0.0" z="-0.4348678"></normal>
          </vertex>
          <vertex>
            <position x="3.976" y="0.0" z="0.5118"></position>
            <normal x="-0.90049434" y="0.0" z="-0.4348678"></normal>
          </vertex>
          <vertex>
            <position x="3.976" y="0.315" z="-3.425"></position>
            <normal x="-1.0" y="0.0" z="0.0"></normal>
          </vertex>
          <vertex>
            <position x="3.976" y="0.0" z="0.5118"></position>
            <normal x="-1.0" y="0.0" z="0.0"></normal>
          </vertex>
          <vertex>
            <position x="3.976" y="0.315" z="0.5118"></position>
            <normal x="-1.0" y="0.0" z="0.0"></normal>
          </vertex>
          <vertex>
            <position x="3.976" y="0.0" z="-3.425"></position>
            <normal x="-1.0" y="0.0" z="0.0"></normal>
          </vertex>
        </vertexbuffer>
      </geometry>
    </submesh>
  </submeshes>
</mesh>
