<mesh>
  <submeshes>
    <submesh material="Material.1118" usesharedvertices="false">
      <faces count="84">
        <face v1="0" v2="1" v3="2"></face>
        <face v1="3" v2="4" v3="5"></face>
        <face v1="1" v2="6" v3="7"></face>
        <face v1="8" v2="5" v3="9"></face>
        <face v1="8" v2="9" v3="10"></face>
        <face v1="11" v2="12" v3="13"></face>
        <face v1="11" v2="13" v3="14"></face>
        <face v1="14" v2="13" v3="15"></face>
        <face v1="16" v2="17" v3="18"></face>
        <face v1="17" v2="16" v3="19"></face>
        <face v1="20" v2="21" v3="22"></face>
        <face v1="21" v2="20" v3="23"></face>
        <face v1="24" v2="25" v3="26"></face>
        <face v1="25" v2="24" v3="27"></face>
        <face v1="28" v2="29" v3="30"></face>
        <face v1="29" v2="28" v3="31"></face>
        <face v1="32" v2="33" v3="34"></face>
        <face v1="33" v2="32" v3="35"></face>
        <face v1="36" v2="37" v3="38"></face>
        <face v1="37" v2="36" v3="39"></face>
        <face v1="40" v2="41" v3="42"></face>
        <face v1="41" v2="40" v3="43"></face>
        <face v1="44" v2="45" v3="46"></face>
        <face v1="45" v2="44" v3="47"></face>
        <face v1="48" v2="49" v3="50"></face>
        <face v1="49" v2="48" v3="51"></face>
        <face v1="52" v2="53" v3="54"></face>
        <face v1="53" v2="52" v3="55"></face>
      </faces>
      <geometry vertexcount="56">
        <vertexbuffer positions="true" normals="true">
          <vertex>
            <position x="1.715" y="11.34" z="-1.834"></position>
            <normal x="0.0" y="1.0" z="-0.0"></normal>
          </vertex>
          <vertex>
            <position x="1.715" y="11.34" z="-2.575"></position>
            <normal x="0.0" y="1.0" z="-0.0"></normal>
          </vertex>
          <vertex>
            <position x="1.594" y="11.34" z="-2.205"></position>
            <normal x="0.0" y="1.0" z="-0.0"></normal>
          </vertex>
          <vertex>
            <position x="1.715" y="11.34" z="-2.575"></position>
            <normal x="-0.0" y="0.99999994" z="0.0"></normal>
          </vertex>
          <vertex>
            <position x="1.715" y="11.34" z="-1.834"></position>
            <normal x="-0.0" y="0.99999994" z="0.0"></normal>
          </vertex>
          <vertex>
            <position x="2.03" y="11.34" z="-1.606"></position>
            <normal x="-0.0" y="0.99999994" z="0.0"></normal>
          </vertex>
          <vertex>
            <position x="2.03" y="11.34" z="-1.606"></position>
            <normal x="0.0" y="1.0" z="-0.0"></normal>
          </vertex>
          <vertex>
            <position x="2.03" y="11.34" z="-2.804"></position>
            <normal x="0.0" y="1.0" z="-0.0"></normal>
          </vertex>
          <vertex>
            <position x="2.03" y="11.34" z="-2.804"></position>
            <normal x="-0.0" y="0.99999994" z="0.0"></normal>
          </vertex>
          <vertex>
            <position x="2.419" y="11.34" z="-1.606"></position>
            <normal x="-0.0" y="0.99999994" z="0.0"></normal>
          </vertex>
          <vertex>
            <position x="2.419" y="11.34" z="-2.804"></position>
            <normal x="-0.0" y="0.99999994" z="0.0"></normal>
          </vertex>
          <vertex>
            <position x="2.419" y="11.34" z="-2.804"></position>
            <normal x="0.0" y="1.0" z="-0.0"></normal>
          </vertex>
          <vertex>
            <position x="2.419" y="11.34" z="-1.606"></position>
            <normal x="0.0" y="1.0" z="-0.0"></normal>
          </vertex>
          <vertex>
            <position x="2.734" y="11.34" z="-1.834"></position>
            <normal x="0.0" y="1.0" z="-0.0"></normal>
          </vertex>
          <vertex>
            <position x="2.734" y="11.34" z="-2.575"></position>
            <normal x="0.0" y="1.0" z="-0.0"></normal>
          </vertex>
          <vertex>
            <position x="2.854" y="11.34" z="-2.205"></position>
            <normal x="0.0" y="1.0" z="-0.0"></normal>
          </vertex>
          <vertex>
            <position x="2.734" y="11.14" z="-2.575"></position>
            <normal x="0.9512228" y="0.0" z="-0.30850488"></normal>
          </vertex>
          <vertex>
            <position x="2.854" y="11.34" z="-2.205"></position>
            <normal x="0.9512228" y="0.0" z="-0.30850488"></normal>
          </vertex>
          <vertex>
            <position x="2.854" y="11.14" z="-2.205"></position>
            <normal x="0.9512228" y="0.0" z="-0.30850488"></normal>
          </vertex>
          <vertex>
            <position x="2.734" y="11.34" z="-2.575"></position>
            <normal x="0.9512228" y="0.0" z="-0.30850488"></normal>
          </vertex>
          <vertex>
            <position x="2.419" y="11.34" z="-2.804"></position>
            <normal x="0.5880187" y="0.0" z="-0.8088473"></normal>
          </vertex>
          <vertex>
            <position x="2.734" y="11.14" z="-2.575"></position>
            <normal x="0.5880187" y="0.0" z="-0.8088473"></normal>
          </vertex>
          <vertex>
            <position x="2.419" y="11.14" z="-2.804"></position>
            <normal x="0.5880187" y="0.0" z="-0.8088473"></normal>
          </vertex>
          <vertex>
            <position x="2.734" y="11.34" z="-2.575"></position>
            <normal x="0.5880187" y="0.0" z="-0.8088473"></normal>
          </vertex>
          <vertex>
            <position x="2.03" y="11.34" z="-2.804"></position>
            <normal x="0.0" y="0.0" z="-1.0"></normal>
          </vertex>
          <vertex>
            <position x="2.419" y="11.14" z="-2.804"></position>
            <normal x="0.0" y="0.0" z="-1.0"></normal>
          </vertex>
          <vertex>
            <position x="2.03" y="11.14" z="-2.804"></position>
            <normal x="0.0" y="0.0" z="-1.0"></normal>
          </vertex>
          <vertex>
            <position x="2.419" y="11.34" z="-2.804"></position>
            <normal x="0.0" y="0.0" z="-1.0"></normal>
          </vertex>
          <vertex>
            <position x="1.715" y="11.14" z="-2.575"></position>
            <normal x="-0.58801883" y="-0.0" z="-0.8088472"></normal>
          </vertex>
          <vertex>
            <position x="2.03" y="11.34" z="-2.804"></position>
            <normal x="-0.58801883" y="-0.0" z="-0.8088472"></normal>
          </vertex>
          <vertex>
            <position x="2.03" y="11.14" z="-2.804"></position>
            <normal x="-0.58801883" y="-0.0" z="-0.8088472"></normal>
          </vertex>
          <vertex>
            <position x="1.715" y="11.34" z="-2.575"></position>
            <normal x="-0.58801883" y="-0.0" z="-0.8088472"></normal>
          </vertex>
          <vertex>
            <position x="1.594" y="11.34" z="-2.205"></position>
            <normal x="-0.9504661" y="0.0" z="-0.31082812"></normal>
          </vertex>
          <vertex>
            <position x="1.715" y="11.14" z="-2.575"></position>
            <normal x="-0.9504661" y="0.0" z="-0.31082812"></normal>
          </vertex>
          <vertex>
            <position x="1.594" y="11.14" z="-2.205"></position>
            <normal x="-0.9504661" y="0.0" z="-0.31082812"></normal>
          </vertex>
          <vertex>
            <position x="1.715" y="11.34" z="-2.575"></position>
            <normal x="-0.9504661" y="0.0" z="-0.31082812"></normal>
          </vertex>
          <vertex>
            <position x="1.715" y="11.34" z="-1.834"></position>
            <normal x="-0.9507134" y="0.0" z="0.3100711"></normal>
          </vertex>
          <vertex>
            <position x="1.594" y="11.14" z="-2.205"></position>
            <normal x="-0.9507134" y="0.0" z="0.3100711"></normal>
          </vertex>
          <vertex>
            <position x="1.715" y="11.14" z="-1.834"></position>
            <normal x="-0.9507134" y="0.0" z="0.3100711"></normal>
          </vertex>
          <vertex>
            <position x="1.594" y="11.34" z="-2.205"></position>
            <normal x="-0.9507134" y="0.0" z="0.3100711"></normal>
          </vertex>
          <vertex>
            <position x="2.03" y="11.14" z="-1.606"></position>
            <normal x="-0.5863355" y="0.0" z="0.81006837"></normal>
          </vertex>
          <vertex>
            <position x="1.715" y="11.34" z="-1.834"></position>
            <normal x="-0.5863355" y="0.0" z="0.81006837"></normal>
          </vertex>
          <vertex>
            <position x="1.715" y="11.14" z="-1.834"></position>
            <normal x="-0.5863355" y="0.0" z="0.81006837"></normal>
          </vertex>
          <vertex>
            <position x="2.03" y="11.34" z="-1.606"></position>
            <normal x="-0.5863355" y="0.0" z="0.81006837"></normal>
          </vertex>
          <vertex>
            <position x="2.419" y="11.14" z="-1.606"></position>
            <normal x="0.0" y="0.0" z="1.0"></normal>
          </vertex>
          <vertex>
            <position x="2.03" y="11.34" z="-1.606"></position>
            <normal x="0.0" y="0.0" z="1.0"></normal>
          </vertex>
          <vertex>
            <position x="2.03" y="11.14" z="-1.606"></position>
            <normal x="0.0" y="0.0" z="1.0"></normal>
          </vertex>
          <vertex>
            <position x="2.419" y="11.34" z="-1.606"></position>
            <normal x="0.0" y="0.0" z="1.0"></normal>
          </vertex>
          <vertex>
            <position x="2.734" y="11.34" z="-1.834"></position>
            <normal x="0.5863353" y="0.0" z="0.8100685"></normal>
          </vertex>
          <vertex>
            <position x="2.419" y="11.14" z="-1.606"></position>
            <normal x="0.5863353" y="0.0" z="0.8100685"></normal>
          </vertex>
          <vertex>
            <position x="2.734" y="11.14" z="-1.834"></position>
            <normal x="0.5863353" y="0.0" z="0.8100685"></normal>
          </vertex>
          <vertex>
            <position x="2.419" y="11.34" z="-1.606"></position>
            <normal x="0.5863353" y="0.0" z="0.8100685"></normal>
          </vertex>
          <vertex>
            <position x="2.854" y="11.14" z="-2.205"></position>
            <normal x="0.9514665" y="0.0" z="0.30775234"></normal>
          </vertex>
          <vertex>
            <position x="2.734" y="11.34" z="-1.834"></position>
            <normal x="0.9514665" y="0.0" z="0.30775234"></normal>
          </vertex>
          <vertex>
            <position x="2.734" y="11.14" z="-1.834"></position>
            <normal x="0.9514665" y="0.0" z="0.30775234"></normal>
          </vertex>
          <vertex>
            <position x="2.854" y="11.34" z="-2.205"></position>
            <normal x="0.9514665" y="0.0" z="0.30775234"></normal>
          </vertex>
        </vertexbuffer>
      </geometry>
    </submesh>
  </submeshes>
</mesh>
