<mesh>
  <submeshes>
    <submesh material="Material.1062" usesharedvertices="false">
      <faces count="60">
        <face v1="0" v2="1" v3="2"></face>
        <face v1="1" v2="0" v3="3"></face>
        <face v1="4" v2="5" v3="6"></face>
        <face v1="5" v2="4" v3="7"></face>
        <face v1="8" v2="9" v3="10"></face>
        <face v1="9" v2="8" v3="11"></face>
        <face v1="12" v2="13" v3="14"></face>
        <face v1="13" v2="12" v3="15"></face>
        <face v1="16" v2="17" v3="18"></face>
        <face v1="17" v2="16" v3="19"></face>
        <face v1="20" v2="21" v3="22"></face>
        <face v1="21" v2="20" v3="23"></face>
        <face v1="24" v2="25" v3="26"></face>
        <face v1="25" v2="24" v3="27"></face>
        <face v1="28" v2="29" v3="30"></face>
        <face v1="29" v2="28" v3="31"></face>
        <face v1="32" v2="33" v3="34"></face>
        <face v1="33" v2="32" v3="35"></face>
        <face v1="36" v2="37" v3="38"></face>
        <face v1="37" v2="36" v3="39"></face>
      </faces>
      <geometry vertexcount="40">
        <vertexbuffer positions="true" normals="true">
          <vertex>
            <position x="2.734" y="0.315" z="-2.575"></position>
            <normal x="0.9512228" y="0.0" z="-0.30850494"></normal>
          </vertex>
          <vertex>
            <position x="2.854" y="11.14" z="-2.205"></position>
            <normal x="0.9512228" y="0.0" z="-0.30850494"></normal>
          </vertex>
          <vertex>
            <position x="2.854" y="0.315" z="-2.205"></position>
            <normal x="0.9512228" y="0.0" z="-0.30850494"></normal>
          </vertex>
          <vertex>
            <position x="2.734" y="11.14" z="-2.575"></position>
            <normal x="0.9512228" y="0.0" z="-0.30850494"></normal>
          </vertex>
          <vertex>
            <position x="2.854" y="0.315" z="-2.205"></position>
            <normal x="0.9514665" y="0.0" z="0.30775234"></normal>
          </vertex>
          <vertex>
            <position x="2.734" y="11.14" z="-1.834"></position>
            <normal x="0.9514665" y="0.0" z="0.30775234"></normal>
          </vertex>
          <vertex>
            <position x="2.734" y="0.315" z="-1.834"></position>
            <normal x="0.9514665" y="0.0" z="0.30775234"></normal>
          </vertex>
          <vertex>
            <position x="2.854" y="11.14" z="-2.205"></position>
            <normal x="0.9514665" y="0.0" z="0.30775234"></normal>
          </vertex>
          <vertex>
            <position x="2.419" y="11.14" z="-2.804"></position>
            <normal x="0.58801866" y="0.0" z="-0.8088473"></normal>
          </vertex>
          <vertex>
            <position x="2.734" y="0.315" z="-2.575"></position>
            <normal x="0.58801866" y="0.0" z="-0.8088473"></normal>
          </vertex>
          <vertex>
            <position x="2.419" y="0.315" z="-2.804"></position>
            <normal x="0.58801866" y="0.0" z="-0.8088473"></normal>
          </vertex>
          <vertex>
            <position x="2.734" y="11.14" z="-2.575"></position>
            <normal x="0.58801866" y="0.0" z="-0.8088473"></normal>
          </vertex>
          <vertex>
            <position x="2.734" y="11.14" z="-1.834"></position>
            <normal x="0.5863353" y="0.0" z="0.81006855"></normal>
          </vertex>
          <vertex>
            <position x="2.419" y="0.315" z="-1.606"></position>
            <normal x="0.5863353" y="0.0" z="0.81006855"></normal>
          </vertex>
          <vertex>
            <position x="2.734" y="0.315" z="-1.834"></position>
            <normal x="0.5863353" y="0.0" z="0.81006855"></normal>
          </vertex>
          <vertex>
            <position x="2.419" y="11.14" z="-1.606"></position>
            <normal x="0.5863353" y="0.0" z="0.81006855"></normal>
          </vertex>
          <vertex>
            <position x="2.03" y="11.14" z="-2.804"></position>
            <normal x="0.0" y="0.0" z="-1.0"></normal>
          </vertex>
          <vertex>
            <position x="2.419" y="0.315" z="-2.804"></position>
            <normal x="0.0" y="0.0" z="-1.0"></normal>
          </vertex>
          <vertex>
            <position x="2.03" y="0.315" z="-2.804"></position>
            <normal x="0.0" y="0.0" z="-1.0"></normal>
          </vertex>
          <vertex>
            <position x="2.419" y="11.14" z="-2.804"></position>
            <normal x="0.0" y="0.0" z="-1.0"></normal>
          </vertex>
          <vertex>
            <position x="2.419" y="0.315" z="-1.606"></position>
            <normal x="0.0" y="0.0" z="1.0"></normal>
          </vertex>
          <vertex>
            <position x="2.03" y="11.14" z="-1.606"></position>
            <normal x="0.0" y="0.0" z="1.0"></normal>
          </vertex>
          <vertex>
            <position x="2.03" y="0.315" z="-1.606"></position>
            <normal x="0.0" y="0.0" z="1.0"></normal>
          </vertex>
          <vertex>
            <position x="2.419" y="11.14" z="-1.606"></position>
            <normal x="0.0" y="0.0" z="1.0"></normal>
          </vertex>
          <vertex>
            <position x="1.715" y="0.315" z="-2.575"></position>
            <normal x="-0.58801883" y="-0.0" z="-0.80884725"></normal>
          </vertex>
          <vertex>
            <position x="2.03" y="11.14" z="-2.804"></position>
            <normal x="-0.58801883" y="-0.0" z="-0.80884725"></normal>
          </vertex>
          <vertex>
            <position x="2.03" y="0.315" z="-2.804"></position>
            <normal x="-0.58801883" y="-0.0" z="-0.80884725"></normal>
          </vertex>
          <vertex>
            <position x="1.715" y="11.14" z="-2.575"></position>
            <normal x="-0.58801883" y="-0.0" z="-0.80884725"></normal>
          </vertex>
          <vertex>
            <position x="2.03" y="0.315" z="-1.606"></position>
            <normal x="-0.5863354" y="0.0" z="0.81006837"></normal>
          </vertex>
          <vertex>
            <position x="1.715" y="11.14" z="-1.834"></position>
            <normal x="-0.5863354" y="0.0" z="0.81006837"></normal>
          </vertex>
          <vertex>
            <position x="1.715" y="0.315" z="-1.834"></position>
            <normal x="-0.5863354" y="0.0" z="0.81006837"></normal>
          </vertex>
          <vertex>
            <position x="2.03" y="11.14" z="-1.606"></position>
            <normal x="-0.5863354" y="0.0" z="0.81006837"></normal>
          </vertex>
          <vertex>
            <position x="1.594" y="11.14" z="-2.205"></position>
            <normal x="-0.9504662" y="0.0" z="-0.31082818"></normal>
          </vertex>
          <vertex>
            <position x="1.715" y="0.315" z="-2.575"></position>
            <normal x="-0.9504662" y="0.0" z="-0.31082818"></normal>
          </vertex>
          <vertex>
            <position x="1.594" y="0.315" z="-2.205"></position>
            <normal x="-0.9504662" y="0.0" z="-0.31082818"></normal>
          </vertex>
          <vertex>
            <position x="1.715" y="11.14" z="-2.575"></position>
            <normal x="-0.9504662" y="0.0" z="-0.31082818"></normal>
          </vertex>
          <vertex>
            <position x="1.715" y="11.14" z="-1.834"></position>
            <normal x="-0.9507134" y="0.0" z="0.31007114"></normal>
          </vertex>
          <vertex>
            <position x="1.594" y="0.315" z="-2.205"></position>
            <normal x="-0.9507134" y="0.0" z="0.31007114"></normal>
          </vertex>
          <vertex>
            <position x="1.715" y="0.315" z="-1.834"></position>
            <normal x="-0.9507134" y="0.0" z="0.31007114"></normal>
          </vertex>
          <vertex>
            <position x="1.594" y="11.14" z="-2.205"></position>
            <normal x="-0.9507134" y="0.0" z="0.31007114"></normal>
          </vertex>
        </vertexbuffer>
      </geometry>
    </submesh>
  </submeshes>
</mesh>
