<mesh>
  <submeshes>
    <submesh material="Material.1051" usesharedvertices="false">
      <faces count="30">
        <face v1="0" v2="1" v3="2"></face>
        <face v1="3" v2="4" v3="5"></face>
        <face v1="6" v2="7" v3="8"></face>
        <face v1="9" v2="10" v3="11"></face>
        <face v1="12" v2="13" v3="14"></face>
        <face v1="13" v2="12" v3="15"></face>
        <face v1="16" v2="17" v3="18"></face>
        <face v1="19" v2="20" v3="21"></face>
        <face v1="22" v2="23" v3="24"></face>
        <face v1="25" v2="26" v3="27"></face>
      </faces>
      <geometry vertexcount="28">
        <vertexbuffer positions="true" normals="true">
          <vertex>
            <position x="0.3937" y="14.02" z="-0.7874"></position>
            <normal x="-0.099525" y="0.0" z="-0.99503505"></normal>
          </vertex>
          <vertex>
            <position x="8.268" y="4.528" z="-1.575"></position>
            <normal x="-0.099525" y="0.0" z="-0.99503505"></normal>
          </vertex>
          <vertex>
            <position x="0.3937" y="0.9843" z="-0.7874"></position>
            <normal x="-0.099525" y="0.0" z="-0.99503505"></normal>
          </vertex>
          <vertex>
            <position x="8.268" y="4.528" z="-1.575"></position>
            <normal x="-0.099525005" y="0.0" z="-0.9950351"></normal>
          </vertex>
          <vertex>
            <position x="0.3937" y="14.02" z="-0.7874"></position>
            <normal x="-0.099525005" y="0.0" z="-0.9950351"></normal>
          </vertex>
          <vertex>
            <position x="8.268" y="10.47" z="-1.575"></position>
            <normal x="-0.099525005" y="0.0" z="-0.9950351"></normal>
          </vertex>
          <vertex>
            <position x="8.268" y="10.47" z="-1.575"></position>
            <normal x="0.0" y="0.21659264" z="-0.9762621"></normal>
          </vertex>
          <vertex>
            <position x="21.65" y="14.02" z="-0.7874"></position>
            <normal x="0.0" y="0.21659264" z="-0.9762621"></normal>
          </vertex>
          <vertex>
            <position x="13.78" y="10.47" z="-1.575"></position>
            <normal x="0.0" y="0.21659264" z="-0.9762621"></normal>
          </vertex>
          <vertex>
            <position x="21.65" y="14.02" z="-0.7874"></position>
            <normal x="0.0" y="0.21659267" z="-0.9762621"></normal>
          </vertex>
          <vertex>
            <position x="8.268" y="10.47" z="-1.575"></position>
            <normal x="0.0" y="0.21659267" z="-0.9762621"></normal>
          </vertex>
          <vertex>
            <position x="0.3937" y="14.02" z="-0.7874"></position>
            <normal x="0.0" y="0.21659267" z="-0.9762621"></normal>
          </vertex>
          <vertex>
            <position x="8.268" y="10.47" z="-1.575"></position>
            <normal x="0.0" y="0.0" z="-1.0"></normal>
          </vertex>
          <vertex>
            <position x="13.78" y="4.528" z="-1.575"></position>
            <normal x="0.0" y="0.0" z="-1.0"></normal>
          </vertex>
          <vertex>
            <position x="8.268" y="4.528" z="-1.575"></position>
            <normal x="0.0" y="0.0" z="-1.0"></normal>
          </vertex>
          <vertex>
            <position x="13.78" y="10.47" z="-1.575"></position>
            <normal x="0.0" y="0.0" z="-1.0"></normal>
          </vertex>
          <vertex>
            <position x="0.3937" y="0.9843" z="-0.7874"></position>
            <normal x="0.0" y="-0.21695966" z="-0.9761806"></normal>
          </vertex>
          <vertex>
            <position x="13.78" y="4.528" z="-1.575"></position>
            <normal x="0.0" y="-0.21695966" z="-0.9761806"></normal>
          </vertex>
          <vertex>
            <position x="21.65" y="0.9843" z="-0.7874"></position>
            <normal x="0.0" y="-0.21695966" z="-0.9761806"></normal>
          </vertex>
          <vertex>
            <position x="13.78" y="4.528" z="-1.575"></position>
            <normal x="0.0" y="-0.2169597" z="-0.9761806"></normal>
          </vertex>
          <vertex>
            <position x="0.3937" y="0.9843" z="-0.7874"></position>
            <normal x="0.0" y="-0.2169597" z="-0.9761806"></normal>
          </vertex>
          <vertex>
            <position x="8.268" y="4.528" z="-1.575"></position>
            <normal x="0.0" y="-0.2169597" z="-0.9761806"></normal>
          </vertex>
          <vertex>
            <position x="13.78" y="4.528" z="-1.575"></position>
            <normal x="0.09957883" y="0.0" z="-0.9950297"></normal>
          </vertex>
          <vertex>
            <position x="21.65" y="14.02" z="-0.7874"></position>
            <normal x="0.09957883" y="0.0" z="-0.9950297"></normal>
          </vertex>
          <vertex>
            <position x="21.65" y="0.9843" z="-0.7874"></position>
            <normal x="0.09957883" y="0.0" z="-0.9950297"></normal>
          </vertex>
          <vertex>
            <position x="21.65" y="14.02" z="-0.7874"></position>
            <normal x="0.099578835" y="0.0" z="-0.9950297"></normal>
          </vertex>
          <vertex>
            <position x="13.78" y="4.528" z="-1.575"></position>
            <normal x="0.099578835" y="0.0" z="-0.9950297"></normal>
          </vertex>
          <vertex>
            <position x="13.78" y="10.47" z="-1.575"></position>
            <normal x="0.099578835" y="0.0" z="-0.9950297"></normal>
          </vertex>
        </vertexbuffer>
      </geometry>
    </submesh>
  </submeshes>
</mesh>
