<mesh>
  <submeshes>
    <submesh material="Material.1110" usesharedvertices="false">
      <faces count="6">
        <face v1="0" v2="1" v3="2"></face>
        <face v1="1" v2="0" v3="3"></face>
      </faces>
      <geometry vertexcount="4">
        <vertexbuffer positions="true" normals="true" texture_coords="1">
          <vertex>
            <position x="21.26" y="13.03" z="0.0"></position>
            <normal x="0.0" y="0.0" z="1.0"></normal>
            <texcoord u="1.0" v="0.0"></texcoord>
          </vertex>
          <vertex>
            <position x="0.0" y="0.0" z="0.0"></position>
            <normal x="0.0" y="0.0" z="1.0"></normal>
            <texcoord u="0.0" v="1.0"></texcoord>
          </vertex>
          <vertex>
            <position x="21.26" y="0.0" z="0.0"></position>
            <normal x="0.0" y="0.0" z="1.0"></normal>
            <texcoord u="1.0" v="1.0"></texcoord>
          </vertex>
          <vertex>
            <position x="0.0" y="13.03" z="0.0"></position>
            <normal x="0.0" y="0.0" z="1.0"></normal>
            <texcoord u="0.0" v="0.0"></texcoord>
          </vertex>
        </vertexbuffer>
      </geometry>
    </submesh>
  </submeshes>
</mesh>
