<mesh>
  <submeshes>
    <submesh material="Material.1156" usesharedvertices="false">
      <faces count="30">
        <face v1="0" v2="1" v3="2"></face>
        <face v1="1" v2="0" v3="3"></face>
        <face v1="4" v2="5" v3="6"></face>
        <face v1="7" v2="8" v3="9"></face>
        <face v1="10" v2="11" v3="12"></face>
        <face v1="11" v2="10" v3="13"></face>
        <face v1="14" v2="15" v3="16"></face>
        <face v1="17" v2="18" v3="19"></face>
        <face v1="20" v2="21" v3="22"></face>
        <face v1="21" v2="20" v3="23"></face>
      </faces>
      <geometry vertexcount="24">
        <vertexbuffer positions="true" normals="true" texture_coords="1">
          <vertex>
            <position x="0.5906" y="18.5" z="-22.68"></position>
            <normal x="-0.89424527" y="0.44757724" z="0.0"></normal>
            <texcoord u="-3.84" v="-1.8469999"></texcoord>
          </vertex>
          <vertex>
            <position x="0.0" y="17.32" z="-2.362"></position>
            <normal x="-0.89424527" y="0.44757724" z="0.0"></normal>
            <texcoord u="-0.4" v="-1.6240001"></texcoord>
          </vertex>
          <vertex>
            <position x="0.5906" y="18.5" z="-1.181"></position>
            <normal x="-0.89424527" y="0.44757724" z="0.0"></normal>
            <texcoord u="-0.2" v="-1.8469999"></texcoord>
          </vertex>
          <vertex>
            <position x="0.0" y="17.32" z="-21.5"></position>
            <normal x="-0.89424527" y="0.44757724" z="0.0"></normal>
            <texcoord u="-3.64" v="-1.6240001"></texcoord>
          </vertex>
          <vertex>
            <position x="0.5906" y="18.5" z="-22.68"></position>
            <normal x="-0.89424527" y="0.0" z="-0.44757724"></normal>
            <texcoord u="-3.479" v="-2.133"></texcoord>
          </vertex>
          <vertex>
            <position x="0.0" y="2.362" z="-21.5"></position>
            <normal x="-0.89424527" y="0.0" z="-0.44757724"></normal>
            <texcoord u="-3.256" v="0.6"></texcoord>
          </vertex>
          <vertex>
            <position x="0.0" y="17.32" z="-21.5"></position>
            <normal x="-0.89424527" y="0.0" z="-0.44757724"></normal>
            <texcoord u="-3.256" v="-1.9330001"></texcoord>
          </vertex>
          <vertex>
            <position x="0.0" y="2.362" z="-21.5"></position>
            <normal x="-0.89424527" y="-0.0" z="-0.4475772"></normal>
            <texcoord u="-3.256" v="0.6"></texcoord>
          </vertex>
          <vertex>
            <position x="0.5906" y="18.5" z="-22.68"></position>
            <normal x="-0.89424527" y="-0.0" z="-0.4475772"></normal>
            <texcoord u="-3.479" v="-2.133"></texcoord>
          </vertex>
          <vertex>
            <position x="0.5906" y="1.181" z="-22.68"></position>
            <normal x="-0.89424527" y="-0.0" z="-0.4475772"></normal>
            <texcoord u="-3.479" v="0.8"></texcoord>
          </vertex>
          <vertex>
            <position x="0.0" y="17.32" z="-21.5"></position>
            <normal x="-1.0" y="0.0" z="0.0"></normal>
            <texcoord u="-3.64" v="-1.9330001"></texcoord>
          </vertex>
          <vertex>
            <position x="0.0" y="2.362" z="-2.362"></position>
            <normal x="-1.0" y="0.0" z="0.0"></normal>
            <texcoord u="-0.4" v="0.6"></texcoord>
          </vertex>
          <vertex>
            <position x="0.0" y="17.32" z="-2.362"></position>
            <normal x="-1.0" y="0.0" z="0.0"></normal>
            <texcoord u="-0.4" v="-1.9330001"></texcoord>
          </vertex>
          <vertex>
            <position x="0.0" y="2.362" z="-21.5"></position>
            <normal x="-1.0" y="0.0" z="0.0"></normal>
            <texcoord u="-3.64" v="0.6"></texcoord>
          </vertex>
          <vertex>
            <position x="0.0" y="17.32" z="-2.362"></position>
            <normal x="-0.89439684" y="0.0" z="0.44727418"></normal>
            <texcoord u="-0.3578" v="-1.9330001"></texcoord>
          </vertex>
          <vertex>
            <position x="0.5906" y="1.181" z="-1.181"></position>
            <normal x="-0.89439684" y="0.0" z="0.44727418"></normal>
            <texcoord u="-0.1342" v="0.8"></texcoord>
          </vertex>
          <vertex>
            <position x="0.5906" y="18.5" z="-1.181"></position>
            <normal x="-0.89439684" y="0.0" z="0.44727418"></normal>
            <texcoord u="-0.1342" v="-2.133"></texcoord>
          </vertex>
          <vertex>
            <position x="0.5906" y="1.181" z="-1.181"></position>
            <normal x="-0.8943969" y="0.0" z="0.4472742"></normal>
            <texcoord u="-0.1342" v="0.8"></texcoord>
          </vertex>
          <vertex>
            <position x="0.0" y="17.32" z="-2.362"></position>
            <normal x="-0.8943969" y="0.0" z="0.4472742"></normal>
            <texcoord u="-0.3578" v="-1.9330001"></texcoord>
          </vertex>
          <vertex>
            <position x="0.0" y="2.362" z="-2.362"></position>
            <normal x="-0.8943969" y="0.0" z="0.4472742"></normal>
            <texcoord u="-0.3578" v="0.6"></texcoord>
          </vertex>
          <vertex>
            <position x="0.0" y="2.362" z="-2.362"></position>
            <normal x="-0.8943969" y="-0.4472742" z="0.0"></normal>
            <texcoord u="-0.4" v="0.6422"></texcoord>
          </vertex>
          <vertex>
            <position x="0.5906" y="1.181" z="-22.68"></position>
            <normal x="-0.8943969" y="-0.4472742" z="0.0"></normal>
            <texcoord u="-3.84" v="0.8658"></texcoord>
          </vertex>
          <vertex>
            <position x="0.5906" y="1.181" z="-1.181"></position>
            <normal x="-0.8943969" y="-0.4472742" z="0.0"></normal>
            <texcoord u="-0.2" v="0.8658"></texcoord>
          </vertex>
          <vertex>
            <position x="0.0" y="2.362" z="-21.5"></position>
            <normal x="-0.8943969" y="-0.4472742" z="0.0"></normal>
            <texcoord u="-3.64" v="0.6422"></texcoord>
          </vertex>
        </vertexbuffer>
      </geometry>
    </submesh>
  </submeshes>
</mesh>
