<mesh>
  <submeshes>
    <submesh material="Material.1154" usesharedvertices="false">
      <faces count="30">
        <face v1="0" v2="1" v3="2"></face>
        <face v1="1" v2="0" v3="3"></face>
        <face v1="4" v2="5" v3="6"></face>
        <face v1="5" v2="4" v3="7"></face>
        <face v1="8" v2="9" v3="10"></face>
        <face v1="9" v2="8" v3="11"></face>
        <face v1="12" v2="13" v3="14"></face>
        <face v1="13" v2="12" v3="15"></face>
        <face v1="16" v2="17" v3="18"></face>
        <face v1="17" v2="16" v3="19"></face>
      </faces>
      <geometry vertexcount="20">
        <vertexbuffer positions="true" normals="true">
          <vertex>
            <position x="0.0" y="13.15" z="-1.969"></position>
            <normal x="0.0" y="0.0" z="-1.0"></normal>
          </vertex>
          <vertex>
            <position x="1.299" y="0.0" z="-1.969"></position>
            <normal x="0.0" y="0.0" z="-1.0"></normal>
          </vertex>
          <vertex>
            <position x="0.0" y="0.0" z="-1.969"></position>
            <normal x="0.0" y="0.0" z="-1.0"></normal>
          </vertex>
          <vertex>
            <position x="1.299" y="13.15" z="-1.969"></position>
            <normal x="0.0" y="0.0" z="-1.0"></normal>
          </vertex>
          <vertex>
            <position x="1.299" y="0.0" z="-1.969"></position>
            <normal x="0.0" y="-1.0" z="0.0"></normal>
          </vertex>
          <vertex>
            <position x="0.0" y="0.0" z="0.0"></position>
            <normal x="0.0" y="-1.0" z="0.0"></normal>
          </vertex>
          <vertex>
            <position x="0.0" y="0.0" z="-1.969"></position>
            <normal x="0.0" y="-1.0" z="0.0"></normal>
          </vertex>
          <vertex>
            <position x="1.299" y="0.0" z="0.0"></position>
            <normal x="0.0" y="-1.0" z="0.0"></normal>
          </vertex>
          <vertex>
            <position x="0.0" y="13.15" z="-1.969"></position>
            <normal x="-1.0" y="0.0" z="0.0"></normal>
          </vertex>
          <vertex>
            <position x="0.0" y="0.0" z="0.0"></position>
            <normal x="-1.0" y="0.0" z="0.0"></normal>
          </vertex>
          <vertex>
            <position x="0.0" y="13.15" z="0.0"></position>
            <normal x="-1.0" y="0.0" z="0.0"></normal>
          </vertex>
          <vertex>
            <position x="0.0" y="0.0" z="-1.969"></position>
            <normal x="-1.0" y="0.0" z="0.0"></normal>
          </vertex>
          <vertex>
            <position x="1.299" y="0.0" z="-1.969"></position>
            <normal x="1.0" y="0.0" z="0.0"></normal>
          </vertex>
          <vertex>
            <position x="1.299" y="13.15" z="0.0"></position>
            <normal x="1.0" y="0.0" z="0.0"></normal>
          </vertex>
          <vertex>
            <position x="1.299" y="0.0" z="0.0"></position>
            <normal x="1.0" y="0.0" z="0.0"></normal>
          </vertex>
          <vertex>
            <position x="1.299" y="13.15" z="-1.969"></position>
            <normal x="1.0" y="0.0" z="0.0"></normal>
          </vertex>
          <vertex>
            <position x="1.299" y="13.15" z="0.0"></position>
            <normal x="0.0" y="0.0" z="1.0"></normal>
          </vertex>
          <vertex>
            <position x="0.0" y="0.0" z="0.0"></position>
            <normal x="0.0" y="0.0" z="1.0"></normal>
          </vertex>
          <vertex>
            <position x="1.299" y="0.0" z="0.0"></position>
            <normal x="0.0" y="0.0" z="1.0"></normal>
          </vertex>
          <vertex>
            <position x="0.0" y="13.15" z="0.0"></position>
            <normal x="0.0" y="0.0" z="1.0"></normal>
          </vertex>
        </vertexbuffer>
      </geometry>
    </submesh>
  </submeshes>
</mesh>
