<mesh>
  <submeshes>
    <submesh material="Material.1159" usesharedvertices="false">
      <faces count="54">
        <face v1="0" v2="1" v3="2"></face>
        <face v1="1" v2="0" v3="3"></face>
        <face v1="4" v2="5" v3="6"></face>
        <face v1="5" v2="4" v3="7"></face>
        <face v1="8" v2="9" v3="10"></face>
        <face v1="9" v2="8" v3="11"></face>
        <face v1="12" v2="13" v3="14"></face>
        <face v1="13" v2="12" v3="15"></face>
        <face v1="16" v2="17" v3="18"></face>
        <face v1="17" v2="16" v3="19"></face>
        <face v1="20" v2="21" v3="22"></face>
        <face v1="21" v2="20" v3="23"></face>
        <face v1="24" v2="25" v3="26"></face>
        <face v1="25" v2="24" v3="27"></face>
        <face v1="28" v2="29" v3="30"></face>
        <face v1="29" v2="28" v3="31"></face>
        <face v1="32" v2="33" v3="34"></face>
        <face v1="33" v2="32" v3="35"></face>
      </faces>
      <geometry vertexcount="36">
        <vertexbuffer positions="true" normals="true">
          <vertex>
            <position x="0.1181" y="9.449" z="-0.1181"></position>
            <normal x="0.0" y="0.0" z="-0.99999994"></normal>
          </vertex>
          <vertex>
            <position x="5.669" y="0.0" z="-0.1181"></position>
            <normal x="0.0" y="0.0" z="-0.99999994"></normal>
          </vertex>
          <vertex>
            <position x="0.1181" y="0.0" z="-0.1181"></position>
            <normal x="0.0" y="0.0" z="-0.99999994"></normal>
          </vertex>
          <vertex>
            <position x="5.669" y="9.449" z="-0.1181"></position>
            <normal x="0.0" y="0.0" z="-0.99999994"></normal>
          </vertex>
          <vertex>
            <position x="0.1181" y="0.0" z="-14.6"></position>
            <normal x="1.0" y="0.0" z="0.0"></normal>
          </vertex>
          <vertex>
            <position x="0.1181" y="9.449" z="-0.1181"></position>
            <normal x="1.0" y="0.0" z="0.0"></normal>
          </vertex>
          <vertex>
            <position x="0.1181" y="0.0" z="-0.1181"></position>
            <normal x="1.0" y="0.0" z="0.0"></normal>
          </vertex>
          <vertex>
            <position x="0.1181" y="9.449" z="-14.6"></position>
            <normal x="1.0" y="0.0" z="0.0"></normal>
          </vertex>
          <vertex>
            <position x="5.669" y="9.449" z="-14.6"></position>
            <normal x="-1.0" y="0.0" z="0.0"></normal>
          </vertex>
          <vertex>
            <position x="5.669" y="0.0" z="-0.1181"></position>
            <normal x="-1.0" y="0.0" z="0.0"></normal>
          </vertex>
          <vertex>
            <position x="5.669" y="9.449" z="-0.1181"></position>
            <normal x="-1.0" y="0.0" z="0.0"></normal>
          </vertex>
          <vertex>
            <position x="5.669" y="0.0" z="-14.6"></position>
            <normal x="-1.0" y="0.0" z="0.0"></normal>
          </vertex>
          <vertex>
            <position x="0.8137" y="0.0" z="-15.46"></position>
            <normal x="0.7775058" y="0.0" z="0.6288759"></normal>
          </vertex>
          <vertex>
            <position x="0.1181" y="9.449" z="-14.6"></position>
            <normal x="0.7775058" y="0.0" z="0.6288759"></normal>
          </vertex>
          <vertex>
            <position x="0.1181" y="0.0" z="-14.6"></position>
            <normal x="0.7775058" y="0.0" z="0.6288759"></normal>
          </vertex>
          <vertex>
            <position x="0.8137" y="9.449" z="-15.46"></position>
            <normal x="0.7775058" y="0.0" z="0.6288759"></normal>
          </vertex>
          <vertex>
            <position x="4.974" y="9.449" z="-15.46"></position>
            <normal x="-0.777771" y="0.0" z="0.6285479"></normal>
          </vertex>
          <vertex>
            <position x="5.669" y="0.0" z="-14.6"></position>
            <normal x="-0.777771" y="0.0" z="0.6285479"></normal>
          </vertex>
          <vertex>
            <position x="5.669" y="9.449" z="-14.6"></position>
            <normal x="-0.777771" y="0.0" z="0.6285479"></normal>
          </vertex>
          <vertex>
            <position x="4.974" y="0.0" z="-15.46"></position>
            <normal x="-0.777771" y="0.0" z="0.6285479"></normal>
          </vertex>
          <vertex>
            <position x="1.784" y="9.449" z="-16.03"></position>
            <normal x="0.50651556" y="0.0" z="0.8622308"></normal>
          </vertex>
          <vertex>
            <position x="0.8137" y="0.0" z="-15.46"></position>
            <normal x="0.50651556" y="0.0" z="0.8622308"></normal>
          </vertex>
          <vertex>
            <position x="1.784" y="0.0" z="-16.03"></position>
            <normal x="0.50651556" y="0.0" z="0.8622308"></normal>
          </vertex>
          <vertex>
            <position x="0.8137" y="9.449" z="-15.46"></position>
            <normal x="0.50651556" y="0.0" z="0.8622308"></normal>
          </vertex>
          <vertex>
            <position x="4.974" y="9.449" z="-15.46"></position>
            <normal x="-0.506244" y="0.0" z="0.8623903"></normal>
          </vertex>
          <vertex>
            <position x="4.003" y="0.0" z="-16.03"></position>
            <normal x="-0.506244" y="0.0" z="0.8623903"></normal>
          </vertex>
          <vertex>
            <position x="4.974" y="0.0" z="-15.46"></position>
            <normal x="-0.506244" y="0.0" z="0.8623903"></normal>
          </vertex>
          <vertex>
            <position x="4.003" y="9.449" z="-16.03"></position>
            <normal x="-0.506244" y="0.0" z="0.8623903"></normal>
          </vertex>
          <vertex>
            <position x="2.894" y="9.449" z="-16.23"></position>
            <normal x="0.17732376" y="0.0" z="0.98415256"></normal>
          </vertex>
          <vertex>
            <position x="1.784" y="0.0" z="-16.03"></position>
            <normal x="0.17732376" y="0.0" z="0.98415256"></normal>
          </vertex>
          <vertex>
            <position x="2.894" y="0.0" z="-16.23"></position>
            <normal x="0.17732376" y="0.0" z="0.98415256"></normal>
          </vertex>
          <vertex>
            <position x="1.784" y="9.449" z="-16.03"></position>
            <normal x="0.17732376" y="0.0" z="0.98415256"></normal>
          </vertex>
          <vertex>
            <position x="4.003" y="9.449" z="-16.03"></position>
            <normal x="-0.17747867" y="0.0" z="0.98412466"></normal>
          </vertex>
          <vertex>
            <position x="2.894" y="0.0" z="-16.23"></position>
            <normal x="-0.17747867" y="0.0" z="0.98412466"></normal>
          </vertex>
          <vertex>
            <position x="4.003" y="0.0" z="-16.03"></position>
            <normal x="-0.17747867" y="0.0" z="0.98412466"></normal>
          </vertex>
          <vertex>
            <position x="2.894" y="9.449" z="-16.23"></position>
            <normal x="-0.17747867" y="0.0" z="0.98412466"></normal>
          </vertex>
        </vertexbuffer>
      </geometry>
    </submesh>
  </submeshes>
</mesh>
