<mesh>
  <submeshes>
    <submesh material="Material.1175" usesharedvertices="false">
      <faces count="120">
        <face v1="0" v2="1" v3="2"></face>
        <face v1="1" v2="0" v3="3"></face>
        <face v1="4" v2="5" v3="6"></face>
        <face v1="5" v2="4" v3="7"></face>
        <face v1="8" v2="9" v3="10"></face>
        <face v1="9" v2="8" v3="11"></face>
        <face v1="12" v2="13" v3="14"></face>
        <face v1="13" v2="12" v3="15"></face>
        <face v1="16" v2="17" v3="18"></face>
        <face v1="17" v2="16" v3="19"></face>
        <face v1="20" v2="21" v3="22"></face>
        <face v1="21" v2="20" v3="23"></face>
        <face v1="24" v2="25" v3="26"></face>
        <face v1="25" v2="24" v3="27"></face>
        <face v1="28" v2="29" v3="30"></face>
        <face v1="29" v2="28" v3="31"></face>
        <face v1="32" v2="33" v3="34"></face>
        <face v1="33" v2="32" v3="35"></face>
        <face v1="36" v2="37" v3="38"></face>
        <face v1="37" v2="36" v3="39"></face>
        <face v1="40" v2="41" v3="42"></face>
        <face v1="41" v2="40" v3="43"></face>
        <face v1="44" v2="45" v3="46"></face>
        <face v1="45" v2="44" v3="47"></face>
        <face v1="48" v2="49" v3="50"></face>
        <face v1="49" v2="48" v3="51"></face>
        <face v1="52" v2="53" v3="54"></face>
        <face v1="53" v2="52" v3="55"></face>
        <face v1="56" v2="57" v3="58"></face>
        <face v1="57" v2="56" v3="59"></face>
        <face v1="60" v2="61" v3="62"></face>
        <face v1="61" v2="60" v3="63"></face>
        <face v1="64" v2="65" v3="66"></face>
        <face v1="65" v2="64" v3="67"></face>
        <face v1="68" v2="69" v3="70"></face>
        <face v1="69" v2="68" v3="71"></face>
        <face v1="72" v2="73" v3="74"></face>
        <face v1="73" v2="72" v3="75"></face>
        <face v1="76" v2="77" v3="78"></face>
        <face v1="77" v2="76" v3="79"></face>
      </faces>
      <geometry vertexcount="80">
        <vertexbuffer positions="true" normals="true">
          <vertex>
            <position x="78.96" y="1.181" z="-19.75"></position>
            <normal x="-0.058331195" y="0.0" z="0.9982973"></normal>
          </vertex>
          <vertex>
            <position x="60.99" y="0.0" z="-20.8"></position>
            <normal x="-0.058331195" y="0.0" z="0.9982973"></normal>
          </vertex>
          <vertex>
            <position x="78.96" y="0.0" z="-19.75"></position>
            <normal x="-0.058331195" y="0.0" z="0.9982973"></normal>
          </vertex>
          <vertex>
            <position x="60.99" y="1.181" z="-20.8"></position>
            <normal x="-0.058331195" y="0.0" z="0.9982973"></normal>
          </vertex>
          <vertex>
            <position x="96.69" y="1.181" z="-16.63"></position>
            <normal x="-0.17331" y="0.0" z="0.98486733"></normal>
          </vertex>
          <vertex>
            <position x="78.96" y="0.0" z="-19.75"></position>
            <normal x="-0.17331" y="0.0" z="0.98486733"></normal>
          </vertex>
          <vertex>
            <position x="96.69" y="0.0" z="-16.63"></position>
            <normal x="-0.17331" y="0.0" z="0.98486733"></normal>
          </vertex>
          <vertex>
            <position x="78.96" y="1.181" z="-19.75"></position>
            <normal x="-0.17331" y="0.0" z="0.98486733"></normal>
          </vertex>
          <vertex>
            <position x="60.99" y="1.181" z="-20.8"></position>
            <normal x="0.05829884" y="0.0" z="0.9982992"></normal>
          </vertex>
          <vertex>
            <position x="43.01" y="0.0" z="-19.75"></position>
            <normal x="0.05829884" y="0.0" z="0.9982992"></normal>
          </vertex>
          <vertex>
            <position x="60.99" y="0.0" z="-20.8"></position>
            <normal x="0.05829884" y="0.0" z="0.9982992"></normal>
          </vertex>
          <vertex>
            <position x="43.01" y="1.181" z="-19.75"></position>
            <normal x="0.05829884" y="0.0" z="0.9982992"></normal>
          </vertex>
          <vertex>
            <position x="113.9" y="1.181" z="-11.46"></position>
            <normal x="-0.28770524" y="0.0" z="0.957719"></normal>
          </vertex>
          <vertex>
            <position x="96.69" y="0.0" z="-16.63"></position>
            <normal x="-0.28770524" y="0.0" z="0.957719"></normal>
          </vertex>
          <vertex>
            <position x="113.9" y="0.0" z="-11.46"></position>
            <normal x="-0.28770524" y="0.0" z="0.957719"></normal>
          </vertex>
          <vertex>
            <position x="96.69" y="1.181" z="-16.63"></position>
            <normal x="-0.28770524" y="0.0" z="0.957719"></normal>
          </vertex>
          <vertex>
            <position x="43.01" y="1.181" z="-19.75"></position>
            <normal x="0.17331004" y="0.0" z="0.9848673"></normal>
          </vertex>
          <vertex>
            <position x="25.28" y="0.0" z="-16.63"></position>
            <normal x="0.17331004" y="0.0" z="0.9848673"></normal>
          </vertex>
          <vertex>
            <position x="43.01" y="0.0" z="-19.75"></position>
            <normal x="0.17331004" y="0.0" z="0.9848673"></normal>
          </vertex>
          <vertex>
            <position x="25.28" y="1.181" z="-16.63"></position>
            <normal x="0.17331004" y="0.0" z="0.9848673"></normal>
          </vertex>
          <vertex>
            <position x="114.2" y="1.181" z="-11.21"></position>
            <normal x="-0.6401902" y="0.0" z="0.76821655"></normal>
          </vertex>
          <vertex>
            <position x="113.9" y="0.0" z="-11.46"></position>
            <normal x="-0.6401902" y="0.0" z="0.76821655"></normal>
          </vertex>
          <vertex>
            <position x="114.2" y="0.0" z="-11.21"></position>
            <normal x="-0.6401902" y="0.0" z="0.76821655"></normal>
          </vertex>
          <vertex>
            <position x="113.9" y="1.181" z="-11.46"></position>
            <normal x="-0.6401902" y="0.0" z="0.76821655"></normal>
          </vertex>
          <vertex>
            <position x="25.28" y="1.181" z="-16.63"></position>
            <normal x="0.28716946" y="0.0" z="0.9578798"></normal>
          </vertex>
          <vertex>
            <position x="8.035" y="0.0" z="-11.46"></position>
            <normal x="0.28716946" y="0.0" z="0.9578798"></normal>
          </vertex>
          <vertex>
            <position x="25.28" y="0.0" z="-16.63"></position>
            <normal x="0.28716946" y="0.0" z="0.9578798"></normal>
          </vertex>
          <vertex>
            <position x="8.035" y="1.181" z="-11.46"></position>
            <normal x="0.28716946" y="0.0" z="0.9578798"></normal>
          </vertex>
          <vertex>
            <position x="114.2" y="1.181" z="-11.21"></position>
            <normal x="-1.0" y="0.0" z="0.0"></normal>
          </vertex>
          <vertex>
            <position x="114.2" y="0.0" z="-10.83"></position>
            <normal x="-1.0" y="0.0" z="0.0"></normal>
          </vertex>
          <vertex>
            <position x="114.2" y="1.181" z="-10.83"></position>
            <normal x="-1.0" y="0.0" z="0.0"></normal>
          </vertex>
          <vertex>
            <position x="114.2" y="0.0" z="-11.21"></position>
            <normal x="-1.0" y="0.0" z="0.0"></normal>
          </vertex>
          <vertex>
            <position x="8.035" y="1.181" z="-11.46"></position>
            <normal x="0.66866934" y="0.0" z="0.74355996"></normal>
          </vertex>
          <vertex>
            <position x="7.757" y="0.0" z="-11.21"></position>
            <normal x="0.66866934" y="0.0" z="0.74355996"></normal>
          </vertex>
          <vertex>
            <position x="8.035" y="0.0" z="-11.46"></position>
            <normal x="0.66866934" y="0.0" z="0.74355996"></normal>
          </vertex>
          <vertex>
            <position x="7.757" y="1.181" z="-11.21"></position>
            <normal x="0.66866934" y="0.0" z="0.74355996"></normal>
          </vertex>
          <vertex>
            <position x="114.2" y="1.181" z="-10.83"></position>
            <normal x="-0.8137374" y="0.0" z="-0.5812327"></normal>
          </vertex>
          <vertex>
            <position x="114.0" y="0.0" z="-10.55"></position>
            <normal x="-0.8137374" y="0.0" z="-0.5812327"></normal>
          </vertex>
          <vertex>
            <position x="114.0" y="1.181" z="-10.55"></position>
            <normal x="-0.8137374" y="0.0" z="-0.5812327"></normal>
          </vertex>
          <vertex>
            <position x="114.2" y="0.0" z="-10.83"></position>
            <normal x="-0.8137374" y="0.0" z="-0.5812327"></normal>
          </vertex>
          <vertex>
            <position x="7.757" y="0.0" z="-11.21"></position>
            <normal x="0.9991148" y="0.0" z="0.04206744"></normal>
          </vertex>
          <vertex>
            <position x="7.741" y="1.181" z="-10.83"></position>
            <normal x="0.9991148" y="0.0" z="0.04206744"></normal>
          </vertex>
          <vertex>
            <position x="7.741" y="0.0" z="-10.83"></position>
            <normal x="0.9991148" y="0.0" z="0.04206744"></normal>
          </vertex>
          <vertex>
            <position x="7.757" y="1.181" z="-11.21"></position>
            <normal x="0.9991148" y="0.0" z="0.04206744"></normal>
          </vertex>
          <vertex>
            <position x="113.6" y="1.181" z="-10.54"></position>
            <normal x="-0.024992667" y="0.0" z="-0.9996877"></normal>
          </vertex>
          <vertex>
            <position x="114.0" y="0.0" z="-10.55"></position>
            <normal x="-0.024992667" y="0.0" z="-0.9996877"></normal>
          </vertex>
          <vertex>
            <position x="113.6" y="0.0" z="-10.54"></position>
            <normal x="-0.024992667" y="0.0" z="-0.9996877"></normal>
          </vertex>
          <vertex>
            <position x="114.0" y="1.181" z="-10.55"></position>
            <normal x="-0.024992667" y="0.0" z="-0.9996877"></normal>
          </vertex>
          <vertex>
            <position x="7.741" y="0.0" z="-10.83"></position>
            <normal x="0.74065787" y="0.0" z="-0.6718824"></normal>
          </vertex>
          <vertex>
            <position x="7.995" y="1.181" z="-10.55"></position>
            <normal x="0.74065787" y="0.0" z="-0.6718824"></normal>
          </vertex>
          <vertex>
            <position x="7.995" y="0.0" z="-10.55"></position>
            <normal x="0.74065787" y="0.0" z="-0.6718824"></normal>
          </vertex>
          <vertex>
            <position x="7.741" y="1.181" z="-10.83"></position>
            <normal x="0.74065787" y="0.0" z="-0.6718824"></normal>
          </vertex>
          <vertex>
            <position x="96.47" y="1.181" z="-15.67"></position>
            <normal x="0.2868862" y="0.0" z="-0.9579647"></normal>
          </vertex>
          <vertex>
            <position x="113.6" y="0.0" z="-10.54"></position>
            <normal x="0.2868862" y="0.0" z="-0.9579647"></normal>
          </vertex>
          <vertex>
            <position x="96.47" y="0.0" z="-15.67"></position>
            <normal x="0.2868862" y="0.0" z="-0.9579647"></normal>
          </vertex>
          <vertex>
            <position x="113.6" y="1.181" z="-10.54"></position>
            <normal x="0.2868862" y="0.0" z="-0.9579647"></normal>
          </vertex>
          <vertex>
            <position x="7.995" y="1.181" z="-10.55"></position>
            <normal x="0.026516488" y="0.0" z="-0.99964833"></normal>
          </vertex>
          <vertex>
            <position x="8.372" y="0.0" z="-10.54"></position>
            <normal x="0.026516488" y="0.0" z="-0.99964833"></normal>
          </vertex>
          <vertex>
            <position x="7.995" y="0.0" z="-10.55"></position>
            <normal x="0.026516488" y="0.0" z="-0.99964833"></normal>
          </vertex>
          <vertex>
            <position x="8.372" y="1.181" z="-10.54"></position>
            <normal x="0.026516488" y="0.0" z="-0.99964833"></normal>
          </vertex>
          <vertex>
            <position x="78.85" y="1.181" z="-18.77"></position>
            <normal x="0.17327511" y="0.0" z="-0.9848735"></normal>
          </vertex>
          <vertex>
            <position x="96.47" y="0.0" z="-15.67"></position>
            <normal x="0.17327511" y="0.0" z="-0.9848735"></normal>
          </vertex>
          <vertex>
            <position x="78.85" y="0.0" z="-18.77"></position>
            <normal x="0.17327511" y="0.0" z="-0.9848735"></normal>
          </vertex>
          <vertex>
            <position x="96.47" y="1.181" z="-15.67"></position>
            <normal x="0.17327511" y="0.0" z="-0.9848735"></normal>
          </vertex>
          <vertex>
            <position x="8.372" y="1.181" z="-10.54"></position>
            <normal x="-0.28676322" y="0.0" z="-0.95800155"></normal>
          </vertex>
          <vertex>
            <position x="25.51" y="0.0" z="-15.67"></position>
            <normal x="-0.28676322" y="0.0" z="-0.95800155"></normal>
          </vertex>
          <vertex>
            <position x="8.372" y="0.0" z="-10.54"></position>
            <normal x="-0.28676322" y="0.0" z="-0.95800155"></normal>
          </vertex>
          <vertex>
            <position x="25.51" y="1.181" z="-15.67"></position>
            <normal x="-0.28676322" y="0.0" z="-0.95800155"></normal>
          </vertex>
          <vertex>
            <position x="60.99" y="1.181" z="-19.82"></position>
            <normal x="0.05868923" y="0.0" z="-0.9982763"></normal>
          </vertex>
          <vertex>
            <position x="78.85" y="0.0" z="-18.77"></position>
            <normal x="0.05868923" y="0.0" z="-0.9982763"></normal>
          </vertex>
          <vertex>
            <position x="60.99" y="0.0" z="-19.82"></position>
            <normal x="0.05868923" y="0.0" z="-0.9982763"></normal>
          </vertex>
          <vertex>
            <position x="78.85" y="1.181" z="-18.77"></position>
            <normal x="0.05868923" y="0.0" z="-0.9982763"></normal>
          </vertex>
          <vertex>
            <position x="25.51" y="1.181" z="-15.67"></position>
            <normal x="-0.17327513" y="0.0" z="-0.9848735"></normal>
          </vertex>
          <vertex>
            <position x="43.13" y="0.0" z="-18.77"></position>
            <normal x="-0.17327513" y="0.0" z="-0.9848735"></normal>
          </vertex>
          <vertex>
            <position x="25.51" y="0.0" z="-15.67"></position>
            <normal x="-0.17327513" y="0.0" z="-0.9848735"></normal>
          </vertex>
          <vertex>
            <position x="43.13" y="1.181" z="-18.77"></position>
            <normal x="-0.17327513" y="0.0" z="-0.9848735"></normal>
          </vertex>
          <vertex>
            <position x="43.13" y="1.181" z="-18.77"></position>
            <normal x="-0.058689214" y="0.0" z="-0.99827635"></normal>
          </vertex>
          <vertex>
            <position x="60.99" y="0.0" z="-19.82"></position>
            <normal x="-0.058689214" y="0.0" z="-0.99827635"></normal>
          </vertex>
          <vertex>
            <position x="43.13" y="0.0" z="-18.77"></position>
            <normal x="-0.058689214" y="0.0" z="-0.99827635"></normal>
          </vertex>
          <vertex>
            <position x="60.99" y="1.181" z="-19.82"></position>
            <normal x="-0.058689214" y="0.0" z="-0.99827635"></normal>
          </vertex>
        </vertexbuffer>
      </geometry>
    </submesh>
  </submeshes>
</mesh>
