<mesh>
  <submeshes>
    <submesh material="Material.1177" usesharedvertices="false">
      <faces count="192">
        <face v1="0" v2="1" v3="2"></face>
        <face v1="1" v2="0" v3="3"></face>
        <face v1="3" v2="0" v3="4"></face>
        <face v1="5" v2="6" v3="7"></face>
        <face v1="8" v2="0" v3="9"></face>
        <face v1="7" v2="10" v3="11"></face>
        <face v1="8" v2="12" v3="13"></face>
        <face v1="8" v2="13" v3="14"></face>
        <face v1="14" v2="13" v3="15"></face>
        <face v1="14" v2="15" v3="16"></face>
        <face v1="17" v2="18" v3="19"></face>
        <face v1="20" v2="16" v3="21"></face>
        <face v1="20" v2="21" v3="22"></face>
        <face v1="22" v2="21" v3="23"></face>
        <face v1="22" v2="23" v3="24"></face>
        <face v1="22" v2="24" v3="25"></face>
        <face v1="25" v2="24" v3="26"></face>
        <face v1="25" v2="26" v3="27"></face>
        <face v1="25" v2="27" v3="28"></face>
        <face v1="28" v2="27" v3="29"></face>
        <face v1="28" v2="29" v3="30"></face>
        <face v1="31" v2="32" v3="33"></face>
        <face v1="28" v2="34" v3="35"></face>
        <face v1="35" v2="34" v3="36"></face>
        <face v1="37" v2="38" v3="39"></face>
        <face v1="40" v2="41" v3="42"></face>
        <face v1="40" v2="42" v3="43"></face>
        <face v1="43" v2="42" v3="44"></face>
        <face v1="44" v2="42" v3="45"></face>
        <face v1="44" v2="45" v3="46"></face>
        <face v1="45" v2="42" v3="47"></face>
        <face v1="45" v2="47" v3="48"></face>
        <face v1="45" v2="48" v3="49"></face>
        <face v1="45" v2="49" v3="2"></face>
        <face v1="50" v2="51" v3="52"></face>
        <face v1="46" v2="45" v3="53"></face>
        <face v1="46" v2="53" v3="54"></face>
        <face v1="55" v2="56" v3="57"></face>
        <face v1="58" v2="54" v3="59"></face>
        <face v1="59" v2="54" v3="60"></face>
        <face v1="61" v2="62" v3="63"></face>
        <face v1="64" v2="60" v3="65"></face>
        <face v1="65" v2="60" v3="66"></face>
        <face v1="65" v2="66" v3="67"></face>
        <face v1="68" v2="69" v3="70"></face>
        <face v1="67" v2="71" v3="72"></face>
        <face v1="72" v2="71" v3="73"></face>
        <face v1="73" v2="71" v3="74"></face>
        <face v1="73" v2="74" v3="75"></face>
        <face v1="76" v2="77" v3="78"></face>
        <face v1="79" v2="74" v3="80"></face>
        <face v1="79" v2="80" v3="81"></face>
        <face v1="82" v2="83" v3="84"></face>
        <face v1="85" v2="80" v3="86"></face>
        <face v1="85" v2="86" v3="36"></face>
        <face v1="85" v2="36" v3="34"></face>
        <face v1="85" v2="34" v3="87"></face>
        <face v1="85" v2="87" v3="88"></face>
        <face v1="85" v2="88" v3="89"></face>
        <face v1="85" v2="89" v3="90"></face>
        <face v1="85" v2="90" v3="91"></face>
        <face v1="92" v2="93" v3="94"></face>
        <face v1="95" v2="91" v3="96"></face>
        <face v1="96" v2="91" v3="97"></face>
      </faces>
      <geometry vertexcount="98">
        <vertexbuffer positions="true" normals="true" texture_coords="1">
          <vertex>
            <position x="11.46" y="1.181" z="-2.056"></position>
            <normal x="0.0" y="1.0" z="-0.0"></normal>
            <texcoord u="0.4158" v="0.8785"></texcoord>
          </vertex>
          <vertex>
            <position x="7.741" y="1.181" z="-10.83"></position>
            <normal x="0.0" y="1.0" z="-0.0"></normal>
            <texcoord u="0.2809" v="0.36009997"></texcoord>
          </vertex>
          <vertex>
            <position x="6.097" y="1.181" z="-0.0381"></position>
            <normal x="0.0" y="1.0" z="-0.0"></normal>
            <texcoord u="0.2212" v="0.997749"></texcoord>
          </vertex>
          <vertex>
            <position x="7.995" y="1.181" z="-10.55"></position>
            <normal x="0.0" y="1.0" z="-0.0"></normal>
            <texcoord u="0.2901" v="0.3765"></texcoord>
          </vertex>
          <vertex>
            <position x="8.372" y="1.181" z="-10.54"></position>
            <normal x="0.0" y="1.0" z="-0.0"></normal>
            <texcoord u="0.3038" v="0.3775"></texcoord>
          </vertex>
          <vertex>
            <position x="8.372" y="1.181" z="-10.54"></position>
            <normal x="0.0" y="0.99999994" z="0.0"></normal>
            <texcoord u="0.3038" v="0.3775"></texcoord>
          </vertex>
          <vertex>
            <position x="11.46" y="1.181" z="-2.056"></position>
            <normal x="0.0" y="0.99999994" z="0.0"></normal>
            <texcoord u="0.4158" v="0.8785"></texcoord>
          </vertex>
          <vertex>
            <position x="25.51" y="1.181" z="-15.67"></position>
            <normal x="0.0" y="0.99999994" z="0.0"></normal>
            <texcoord u="0.9256" v="0.07429999"></texcoord>
          </vertex>
          <vertex>
            <position x="25.51" y="1.181" z="-15.67"></position>
            <normal x="0.0" y="1.0" z="-0.0"></normal>
            <texcoord u="0.9256" v="0.07429999"></texcoord>
          </vertex>
          <vertex>
            <position x="14.42" y="1.181" z="-3.17"></position>
            <normal x="0.0" y="1.0" z="-0.0"></normal>
            <texcoord u="0.5231" v="0.81270003"></texcoord>
          </vertex>
          <vertex>
            <position x="14.42" y="1.181" z="-3.17"></position>
            <normal x="0.0" y="0.99999994" z="0.0"></normal>
            <texcoord u="0.5231" v="0.81270003"></texcoord>
          </vertex>
          <vertex>
            <position x="23.49" y="1.181" z="-5.922"></position>
            <normal x="0.0" y="0.99999994" z="0.0"></normal>
            <texcoord u="0.8523" v="0.6502"></texcoord>
          </vertex>
          <vertex>
            <position x="23.49" y="1.181" z="-5.922"></position>
            <normal x="0.0" y="1.0" z="-0.0"></normal>
            <texcoord u="0.8523" v="0.6502"></texcoord>
          </vertex>
          <vertex>
            <position x="32.72" y="1.181" z="-8.075"></position>
            <normal x="0.0" y="1.0" z="-0.0"></normal>
            <texcoord u="1.187" v="0.523"></texcoord>
          </vertex>
          <vertex>
            <position x="43.13" y="1.181" z="-18.77"></position>
            <normal x="0.0" y="1.0" z="-0.0"></normal>
            <texcoord u="1.565" v="-0.10899997"></texcoord>
          </vertex>
          <vertex>
            <position x="42.08" y="1.181" z="-9.619"></position>
            <normal x="0.0" y="1.0" z="-0.0"></normal>
            <texcoord u="1.527" v="0.4317"></texcoord>
          </vertex>
          <vertex>
            <position x="51.51" y="1.181" z="-10.55"></position>
            <normal x="0.0" y="1.0" z="-0.0"></normal>
            <texcoord u="1.869" v="0.3768"></texcoord>
          </vertex>
          <vertex>
            <position x="43.13" y="1.181" z="-18.77"></position>
            <normal x="0.0" y="0.99999994" z="0.0"></normal>
            <texcoord u="1.565" v="-0.10899997"></texcoord>
          </vertex>
          <vertex>
            <position x="51.51" y="1.181" z="-10.55"></position>
            <normal x="0.0" y="0.99999994" z="0.0"></normal>
            <texcoord u="1.869" v="0.3768"></texcoord>
          </vertex>
          <vertex>
            <position x="60.99" y="1.181" z="-19.82"></position>
            <normal x="0.0" y="0.99999994" z="0.0"></normal>
            <texcoord u="2.213" v="-0.171"></texcoord>
          </vertex>
          <vertex>
            <position x="60.99" y="1.181" z="-19.82"></position>
            <normal x="0.0" y="1.0" z="-0.0"></normal>
            <texcoord u="2.213" v="-0.171"></texcoord>
          </vertex>
          <vertex>
            <position x="60.99" y="1.181" z="-10.86"></position>
            <normal x="0.0" y="1.0" z="-0.0"></normal>
            <texcoord u="2.213" v="0.3585"></texcoord>
          </vertex>
          <vertex>
            <position x="78.85" y="1.181" z="-18.77"></position>
            <normal x="0.0" y="1.0" z="-0.0"></normal>
            <texcoord u="2.861" v="-0.10899997"></texcoord>
          </vertex>
          <vertex>
            <position x="70.46" y="1.181" z="-10.55"></position>
            <normal x="0.0" y="1.0" z="-0.0"></normal>
            <texcoord u="2.557" v="0.3768"></texcoord>
          </vertex>
          <vertex>
            <position x="79.9" y="1.181" z="-9.619"></position>
            <normal x="0.0" y="1.0" z="-0.0"></normal>
            <texcoord u="2.899" v="0.4317"></texcoord>
          </vertex>
          <vertex>
            <position x="96.47" y="1.181" z="-15.67"></position>
            <normal x="0.0" y="1.0" z="-0.0"></normal>
            <texcoord u="3.5" v="0.07429999"></texcoord>
          </vertex>
          <vertex>
            <position x="89.25" y="1.181" z="-8.075"></position>
            <normal x="0.0" y="1.0" z="-0.0"></normal>
            <texcoord u="3.239" v="0.523"></texcoord>
          </vertex>
          <vertex>
            <position x="98.49" y="1.181" z="-5.922"></position>
            <normal x="0.0" y="1.0" z="-0.0"></normal>
            <texcoord u="3.574" v="0.6502"></texcoord>
          </vertex>
          <vertex>
            <position x="113.6" y="1.181" z="-10.54"></position>
            <normal x="0.0" y="1.0" z="-0.0"></normal>
            <texcoord u="4.122" v="0.3775"></texcoord>
          </vertex>
          <vertex>
            <position x="107.6" y="1.181" z="-3.17"></position>
            <normal x="0.0" y="1.0" z="-0.0"></normal>
            <texcoord u="3.903" v="0.81270003"></texcoord>
          </vertex>
          <vertex>
            <position x="110.5" y="1.181" z="-2.056"></position>
            <normal x="0.0" y="1.0" z="-0.0"></normal>
            <texcoord u="4.01" v="0.8785"></texcoord>
          </vertex>
          <vertex>
            <position x="113.6" y="1.181" z="-10.54"></position>
            <normal x="0.0" y="0.99999994" z="0.0"></normal>
            <texcoord u="4.122" v="0.3775"></texcoord>
          </vertex>
          <vertex>
            <position x="110.5" y="1.181" z="-2.056"></position>
            <normal x="0.0" y="0.99999994" z="0.0"></normal>
            <texcoord u="4.01" v="0.8785"></texcoord>
          </vertex>
          <vertex>
            <position x="115.9" y="1.181" z="-0.0381"></position>
            <normal x="0.0" y="0.99999994" z="0.0"></normal>
            <texcoord u="4.205" v="0.997749"></texcoord>
          </vertex>
          <vertex>
            <position x="115.9" y="1.181" z="-0.0381"></position>
            <normal x="0.0" y="1.0" z="-0.0"></normal>
            <texcoord u="4.205" v="0.997749"></texcoord>
          </vertex>
          <vertex>
            <position x="114.0" y="1.181" z="-10.55"></position>
            <normal x="0.0" y="1.0" z="-0.0"></normal>
            <texcoord u="4.136" v="0.3765"></texcoord>
          </vertex>
          <vertex>
            <position x="114.2" y="1.181" z="-10.83"></position>
            <normal x="0.0" y="1.0" z="-0.0"></normal>
            <texcoord u="4.145" v="0.36009997"></texcoord>
          </vertex>
          <vertex>
            <position x="0.04444" y="1.181" z="-13.11"></position>
            <normal x="0.0" y="0.99999994" z="0.0"></normal>
            <texcoord u="0.001612" v="0.22570002"></texcoord>
          </vertex>
          <vertex>
            <position x="0.04652" y="1.181" z="-13.55"></position>
            <normal x="0.0" y="0.99999994" z="0.0"></normal>
            <texcoord u="0.001688" v="0.19929999"></texcoord>
          </vertex>
          <vertex>
            <position x="0.0" y="1.181" z="-13.33"></position>
            <normal x="0.0" y="0.99999994" z="0.0"></normal>
            <texcoord u="0.0" v="0.21240002"></texcoord>
          </vertex>
          <vertex>
            <position x="0.04652" y="1.181" z="-13.55"></position>
            <normal x="0.0" y="1.0" z="-0.0"></normal>
            <texcoord u="0.001688" v="0.19929999"></texcoord>
          </vertex>
          <vertex>
            <position x="0.04444" y="1.181" z="-13.11"></position>
            <normal x="0.0" y="1.0" z="-0.0"></normal>
            <texcoord u="0.001612" v="0.22570002"></texcoord>
          </vertex>
          <vertex>
            <position x="5.317" y="1.181" z="-0.3759"></position>
            <normal x="0.0" y="1.0" z="-0.0"></normal>
            <texcoord u="0.1929" v="0.9778"></texcoord>
          </vertex>
          <vertex>
            <position x="0.1769" y="1.181" z="-13.74"></position>
            <normal x="0.0" y="1.0" z="-0.0"></normal>
            <texcoord u="0.006419" v="0.18830001"></texcoord>
          </vertex>
          <vertex>
            <position x="0.3713" y="1.181" z="-13.86"></position>
            <normal x="0.0" y="1.0" z="-0.0"></normal>
            <texcoord u="0.01347" v="0.18120003"></texcoord>
          </vertex>
          <vertex>
            <position x="7.757" y="1.181" z="-11.21"></position>
            <normal x="0.0" y="1.0" z="-0.0"></normal>
            <texcoord u="0.2815" v="0.33789998"></texcoord>
          </vertex>
          <vertex>
            <position x="9.608" y="1.181" z="-17.34"></position>
            <normal x="0.0" y="1.0" z="-0.0"></normal>
            <texcoord u="0.3486" v="-0.024000049"></texcoord>
          </vertex>
          <vertex>
            <position x="5.446" y="1.181" z="-0.1828"></position>
            <normal x="0.0" y="1.0" z="-0.0"></normal>
            <texcoord u="0.1976" v="0.9892"></texcoord>
          </vertex>
          <vertex>
            <position x="5.639" y="1.181" z="-0.05081"></position>
            <normal x="0.0" y="1.0" z="-0.0"></normal>
            <texcoord u="0.2046" v="0.996998"></texcoord>
          </vertex>
          <vertex>
            <position x="5.868" y="1.181" z="0.0"></position>
            <normal x="0.0" y="1.0" z="-0.0"></normal>
            <texcoord u="0.2129" v="1.0"></texcoord>
          </vertex>
          <vertex>
            <position x="7.757" y="1.181" z="-11.21"></position>
            <normal x="0.0" y="1.0000001" z="0.0"></normal>
            <texcoord u="0.2815" v="0.33789998"></texcoord>
          </vertex>
          <vertex>
            <position x="6.097" y="1.181" z="-0.0381"></position>
            <normal x="0.0" y="1.0000001" z="0.0"></normal>
            <texcoord u="0.2212" v="0.997749"></texcoord>
          </vertex>
          <vertex>
            <position x="7.741" y="1.181" z="-10.83"></position>
            <normal x="0.0" y="1.0000001" z="0.0"></normal>
            <texcoord u="0.2809" v="0.36009997"></texcoord>
          </vertex>
          <vertex>
            <position x="8.035" y="1.181" z="-11.46"></position>
            <normal x="0.0" y="1.0" z="-0.0"></normal>
            <texcoord u="0.2916" v="0.32279998"></texcoord>
          </vertex>
          <vertex>
            <position x="25.28" y="1.181" z="-16.63"></position>
            <normal x="0.0" y="1.0" z="-0.0"></normal>
            <texcoord u="0.9174" v="0.017799973"></texcoord>
          </vertex>
          <vertex>
            <position x="9.608" y="1.181" z="-17.34"></position>
            <normal x="0.0" y="0.99999994" z="0.0"></normal>
            <texcoord u="0.3486" v="-0.024000049"></texcoord>
          </vertex>
          <vertex>
            <position x="25.28" y="1.181" z="-16.63"></position>
            <normal x="0.0" y="0.99999994" z="0.0"></normal>
            <texcoord u="0.9174" v="0.017799973"></texcoord>
          </vertex>
          <vertex>
            <position x="19.62" y="1.181" z="-20.37"></position>
            <normal x="0.0" y="0.99999994" z="0.0"></normal>
            <texcoord u="0.7118" v="-0.204"></texcoord>
          </vertex>
          <vertex>
            <position x="19.62" y="1.181" z="-20.37"></position>
            <normal x="0.0" y="1.0" z="-0.0"></normal>
            <texcoord u="0.7118" v="-0.204"></texcoord>
          </vertex>
          <vertex>
            <position x="29.8" y="1.181" z="-22.75"></position>
            <normal x="0.0" y="1.0" z="-0.0"></normal>
            <texcoord u="1.081" v="-0.34399998"></texcoord>
          </vertex>
          <vertex>
            <position x="43.01" y="1.181" z="-19.75"></position>
            <normal x="0.0" y="1.0" z="-0.0"></normal>
            <texcoord u="1.561" v="-0.16700006"></texcoord>
          </vertex>
          <vertex>
            <position x="29.8" y="1.181" z="-22.75"></position>
            <normal x="0.0" y="0.99999994" z="0.0"></normal>
            <texcoord u="1.081" v="-0.34399998"></texcoord>
          </vertex>
          <vertex>
            <position x="43.01" y="1.181" z="-19.75"></position>
            <normal x="0.0" y="0.99999994" z="0.0"></normal>
            <texcoord u="1.561" v="-0.16700006"></texcoord>
          </vertex>
          <vertex>
            <position x="40.12" y="1.181" z="-24.45"></position>
            <normal x="0.0" y="0.99999994" z="0.0"></normal>
            <texcoord u="1.456" v="-0.44500005"></texcoord>
          </vertex>
          <vertex>
            <position x="40.12" y="1.181" z="-24.45"></position>
            <normal x="0.0" y="1.0" z="-0.0"></normal>
            <texcoord u="1.456" v="-0.44500005"></texcoord>
          </vertex>
          <vertex>
            <position x="50.53" y="1.181" z="-25.48"></position>
            <normal x="0.0" y="1.0" z="-0.0"></normal>
            <texcoord u="1.834" v="-0.505"></texcoord>
          </vertex>
          <vertex>
            <position x="60.99" y="1.181" z="-20.8"></position>
            <normal x="0.0" y="1.0" z="-0.0"></normal>
            <texcoord u="2.213" v="-0.22899997"></texcoord>
          </vertex>
          <vertex>
            <position x="60.99" y="1.181" z="-25.82"></position>
            <normal x="0.0" y="1.0" z="-0.0"></normal>
            <texcoord u="2.213" v="-0.525"></texcoord>
          </vertex>
          <vertex>
            <position x="60.99" y="1.181" z="-25.82"></position>
            <normal x="0.0" y="0.99999994" z="0.0"></normal>
            <texcoord u="2.213" v="-0.525"></texcoord>
          </vertex>
          <vertex>
            <position x="60.99" y="1.181" z="-20.8"></position>
            <normal x="0.0" y="0.99999994" z="0.0"></normal>
            <texcoord u="2.213" v="-0.22899997"></texcoord>
          </vertex>
          <vertex>
            <position x="78.96" y="1.181" z="-19.75"></position>
            <normal x="0.0" y="0.99999994" z="0.0"></normal>
            <texcoord u="2.865" v="-0.16700006"></texcoord>
          </vertex>
          <vertex>
            <position x="78.96" y="1.181" z="-19.75"></position>
            <normal x="0.0" y="1.0" z="-0.0"></normal>
            <texcoord u="2.865" v="-0.16700006"></texcoord>
          </vertex>
          <vertex>
            <position x="71.44" y="1.181" z="-25.48"></position>
            <normal x="0.0" y="1.0" z="-0.0"></normal>
            <texcoord u="2.592" v="-0.505"></texcoord>
          </vertex>
          <vertex>
            <position x="81.85" y="1.181" z="-24.45"></position>
            <normal x="0.0" y="1.0" z="-0.0"></normal>
            <texcoord u="2.97" v="-0.44500005"></texcoord>
          </vertex>
          <vertex>
            <position x="96.69" y="1.181" z="-16.63"></position>
            <normal x="0.0" y="1.0" z="-0.0"></normal>
            <texcoord u="3.509" v="0.017799973"></texcoord>
          </vertex>
          <vertex>
            <position x="92.17" y="1.181" z="-22.75"></position>
            <normal x="0.0" y="1.0" z="-0.0"></normal>
            <texcoord u="3.344" v="-0.34399998"></texcoord>
          </vertex>
          <vertex>
            <position x="92.17" y="1.181" z="-22.75"></position>
            <normal x="0.0" y="0.99999994" z="0.0"></normal>
            <texcoord u="3.344" v="-0.34399998"></texcoord>
          </vertex>
          <vertex>
            <position x="96.69" y="1.181" z="-16.63"></position>
            <normal x="0.0" y="0.99999994" z="0.0"></normal>
            <texcoord u="3.509" v="0.017799973"></texcoord>
          </vertex>
          <vertex>
            <position x="102.4" y="1.181" z="-20.37"></position>
            <normal x="0.0" y="0.99999994" z="0.0"></normal>
            <texcoord u="3.714" v="-0.204"></texcoord>
          </vertex>
          <vertex>
            <position x="102.4" y="1.181" z="-20.37"></position>
            <normal x="0.0" y="1.0" z="-0.0"></normal>
            <texcoord u="3.714" v="-0.204"></texcoord>
          </vertex>
          <vertex>
            <position x="113.9" y="1.181" z="-11.46"></position>
            <normal x="0.0" y="1.0" z="-0.0"></normal>
            <texcoord u="4.134" v="0.32279998"></texcoord>
          </vertex>
          <vertex>
            <position x="112.4" y="1.181" z="-17.34"></position>
            <normal x="0.0" y="1.0" z="-0.0"></normal>
            <texcoord u="4.077" v="-0.024000049"></texcoord>
          </vertex>
          <vertex>
            <position x="112.4" y="1.181" z="-17.34"></position>
            <normal x="0.0" y="0.99999994" z="0.0"></normal>
            <texcoord u="4.077" v="-0.024000049"></texcoord>
          </vertex>
          <vertex>
            <position x="113.9" y="1.181" z="-11.46"></position>
            <normal x="0.0" y="0.99999994" z="0.0"></normal>
            <texcoord u="4.134" v="0.32279998"></texcoord>
          </vertex>
          <vertex>
            <position x="121.6" y="1.181" z="-13.86"></position>
            <normal x="0.0" y="0.99999994" z="0.0"></normal>
            <texcoord u="4.412" v="0.18120003"></texcoord>
          </vertex>
          <vertex>
            <position x="121.6" y="1.181" z="-13.86"></position>
            <normal x="0.0" y="1.0" z="-0.0"></normal>
            <texcoord u="4.412" v="0.18120003"></texcoord>
          </vertex>
          <vertex>
            <position x="114.2" y="1.181" z="-11.21"></position>
            <normal x="0.0" y="1.0" z="-0.0"></normal>
            <texcoord u="4.144" v="0.33789998"></texcoord>
          </vertex>
          <vertex>
            <position x="116.1" y="1.181" z="0.0"></position>
            <normal x="0.0" y="1.0" z="-0.0"></normal>
            <texcoord u="4.213" v="1.0"></texcoord>
          </vertex>
          <vertex>
            <position x="116.3" y="1.181" z="-0.05081"></position>
            <normal x="0.0" y="1.0" z="-0.0"></normal>
            <texcoord u="4.221" v="0.996998"></texcoord>
          </vertex>
          <vertex>
            <position x="116.5" y="1.181" z="-0.1828"></position>
            <normal x="0.0" y="1.0" z="-0.0"></normal>
            <texcoord u="4.228" v="0.9892"></texcoord>
          </vertex>
          <vertex>
            <position x="116.7" y="1.181" z="-0.3759"></position>
            <normal x="0.0" y="1.0" z="-0.0"></normal>
            <texcoord u="4.233" v="0.9778"></texcoord>
          </vertex>
          <vertex>
            <position x="121.9" y="1.181" z="-13.11"></position>
            <normal x="0.0" y="1.0" z="-0.0"></normal>
            <texcoord u="4.424" v="0.22570002"></texcoord>
          </vertex>
          <vertex>
            <position x="121.6" y="1.181" z="-13.86"></position>
            <normal x="0.0" y="1.0000001" z="0.0"></normal>
            <texcoord u="4.412" v="0.18120003"></texcoord>
          </vertex>
          <vertex>
            <position x="121.9" y="1.181" z="-13.11"></position>
            <normal x="0.0" y="1.0000001" z="0.0"></normal>
            <texcoord u="4.424" v="0.22570002"></texcoord>
          </vertex>
          <vertex>
            <position x="121.8" y="1.181" z="-13.74"></position>
            <normal x="0.0" y="1.0000001" z="0.0"></normal>
            <texcoord u="4.42" v="0.18830001"></texcoord>
          </vertex>
          <vertex>
            <position x="121.8" y="1.181" z="-13.74"></position>
            <normal x="0.0" y="1.0" z="-0.0"></normal>
            <texcoord u="4.42" v="0.18830001"></texcoord>
          </vertex>
          <vertex>
            <position x="121.9" y="1.181" z="-13.55"></position>
            <normal x="0.0" y="1.0" z="-0.0"></normal>
            <texcoord u="4.424" v="0.19929999"></texcoord>
          </vertex>
          <vertex>
            <position x="122.0" y="1.181" z="-13.33"></position>
            <normal x="0.0" y="1.0" z="-0.0"></normal>
            <texcoord u="4.426" v="0.21240002"></texcoord>
          </vertex>
        </vertexbuffer>
      </geometry>
    </submesh>
  </submeshes>
</mesh>
