<mesh>
  <submeshes>
    <submesh material="Material.1180" usesharedvertices="false">
      <faces count="39">
        <face v1="0" v2="1" v3="2"></face>
        <face v1="1" v2="0" v3="3"></face>
        <face v1="3" v2="0" v3="4"></face>
        <face v1="4" v2="0" v3="5"></face>
        <face v1="5" v2="0" v3="6"></face>
        <face v1="6" v2="0" v3="7"></face>
        <face v1="8" v2="9" v3="0"></face>
        <face v1="9" v2="8" v3="10"></face>
        <face v1="10" v2="8" v3="11"></face>
        <face v1="11" v2="8" v3="12"></face>
        <face v1="12" v2="8" v3="13"></face>
        <face v1="0" v2="9" v3="14"></face>
        <face v1="0" v2="14" v3="7"></face>
      </faces>
      <geometry vertexcount="15">
        <vertexbuffer positions="true" normals="true">
          <vertex>
            <position x="5.199" y="3.937" z="-0.07874"></position>
            <normal x="0.0" y="0.0" z="1.0"></normal>
          </vertex>
          <vertex>
            <position x="5.22" y="4.127" z="-0.07874"></position>
            <normal x="0.0" y="0.0" z="1.0"></normal>
          </vertex>
          <vertex>
            <position x="5.199" y="4.168" z="-0.07874"></position>
            <normal x="0.0" y="0.0" z="1.0"></normal>
          </vertex>
          <vertex>
            <position x="5.249" y="4.091" z="-0.07874"></position>
            <normal x="0.0" y="0.0" z="1.0"></normal>
          </vertex>
          <vertex>
            <position x="5.284" y="4.061" z="-0.07874"></position>
            <normal x="0.0" y="0.0" z="1.0"></normal>
          </vertex>
          <vertex>
            <position x="5.325" y="4.039" z="-0.07874"></position>
            <normal x="0.0" y="0.0" z="1.0"></normal>
          </vertex>
          <vertex>
            <position x="5.369" y="4.024" z="-0.07874"></position>
            <normal x="0.0" y="0.0" z="1.0"></normal>
          </vertex>
          <vertex>
            <position x="5.415" y="4.019" z="-0.07874"></position>
            <normal x="0.0" y="0.0" z="1.0"></normal>
          </vertex>
          <vertex>
            <position x="5.637" y="3.937" z="-0.07874"></position>
            <normal x="0.0" y="0.0" z="1.0"></normal>
          </vertex>
          <vertex>
            <position x="5.506" y="4.035" z="-0.07874"></position>
            <normal x="0.0" y="0.0" z="1.0"></normal>
          </vertex>
          <vertex>
            <position x="5.547" y="4.055" z="-0.07874"></position>
            <normal x="0.0" y="0.0" z="1.0"></normal>
          </vertex>
          <vertex>
            <position x="5.583" y="4.084" z="-0.07874"></position>
            <normal x="0.0" y="0.0" z="1.0"></normal>
          </vertex>
          <vertex>
            <position x="5.614" y="4.119" z="-0.07874"></position>
            <normal x="0.0" y="0.0" z="1.0"></normal>
          </vertex>
          <vertex>
            <position x="5.637" y="4.159" z="-0.07874"></position>
            <normal x="0.0" y="0.0" z="1.0"></normal>
          </vertex>
          <vertex>
            <position x="5.461" y="4.022" z="-0.07874"></position>
            <normal x="0.0" y="0.0" z="1.0"></normal>
          </vertex>
        </vertexbuffer>
      </geometry>
    </submesh>
  </submeshes>
</mesh>
