<mesh>
  <submeshes>
    <submesh material="Material.1182" usesharedvertices="false">
      <faces count="150">
        <face v1="0" v2="1" v3="2"></face>
        <face v1="1" v2="0" v3="3"></face>
        <face v1="3" v2="0" v3="4"></face>
        <face v1="4" v2="0" v3="5"></face>
        <face v1="5" v2="0" v3="6"></face>
        <face v1="6" v2="0" v3="7"></face>
        <face v1="2" v2="1" v3="8"></face>
        <face v1="2" v2="8" v3="9"></face>
        <face v1="2" v2="9" v3="10"></face>
        <face v1="2" v2="10" v3="11"></face>
        <face v1="12" v2="13" v3="14"></face>
        <face v1="12" v2="14" v3="15"></face>
        <face v1="12" v2="15" v3="16"></face>
        <face v1="17" v2="18" v3="19"></face>
        <face v1="17" v2="19" v3="20"></face>
        <face v1="21" v2="22" v3="23"></face>
        <face v1="24" v2="25" v3="26"></face>
        <face v1="27" v2="21" v3="28"></face>
        <face v1="28" v2="21" v3="29"></face>
        <face v1="29" v2="21" v3="30"></face>
        <face v1="30" v2="21" v3="31"></face>
        <face v1="32" v2="25" v3="33"></face>
        <face v1="34" v2="21" v3="35"></face>
        <face v1="35" v2="21" v3="36"></face>
        <face v1="36" v2="21" v3="37"></face>
        <face v1="37" v2="21" v3="38"></face>
        <face v1="38" v2="21" v3="39"></face>
        <face v1="39" v2="21" v3="40"></face>
        <face v1="40" v2="21" v3="41"></face>
        <face v1="41" v2="21" v3="42"></face>
        <face v1="43" v2="44" v3="16"></face>
        <face v1="45" v2="20" v3="46"></face>
        <face v1="45" v2="46" v3="47"></face>
        <face v1="45" v2="47" v3="48"></face>
        <face v1="48" v2="47" v3="49"></face>
        <face v1="48" v2="49" v3="50"></face>
        <face v1="51" v2="52" v3="53"></face>
        <face v1="53" v2="52" v3="54"></face>
        <face v1="55" v2="56" v3="57"></face>
        <face v1="58" v2="54" v3="59"></face>
        <face v1="57" v2="60" v3="61"></face>
        <face v1="58" v2="62" v3="63"></face>
        <face v1="64" v2="61" v3="65"></face>
        <face v1="64" v2="65" v3="66"></face>
        <face v1="66" v2="65" v3="67"></face>
        <face v1="66" v2="67" v3="68"></face>
        <face v1="68" v2="67" v3="69"></face>
        <face v1="70" v2="71" v3="72"></face>
        <face v1="68" v2="73" v3="39"></face>
        <face v1="68" v2="39" v3="40"></face>
      </faces>
      <geometry vertexcount="74">
        <vertexbuffer positions="true" normals="true">
          <vertex>
            <position x="5.182" y="3.937" z="-0.07874"></position>
            <normal x="0.0" y="0.0" z="1.0"></normal>
          </vertex>
          <vertex>
            <position x="5.112" y="4.062" z="-0.07874"></position>
            <normal x="0.0" y="0.0" z="1.0"></normal>
          </vertex>
          <vertex>
            <position x="4.925" y="3.937" z="-0.07874"></position>
            <normal x="0.0" y="0.0" z="1.0"></normal>
          </vertex>
          <vertex>
            <position x="5.128" y="4.075" z="-0.07874"></position>
            <normal x="0.0" y="0.0" z="1.0"></normal>
          </vertex>
          <vertex>
            <position x="5.144" y="4.089" z="-0.07874"></position>
            <normal x="0.0" y="0.0" z="1.0"></normal>
          </vertex>
          <vertex>
            <position x="5.158" y="4.104" z="-0.07874"></position>
            <normal x="0.0" y="0.0" z="1.0"></normal>
          </vertex>
          <vertex>
            <position x="5.171" y="4.121" z="-0.07874"></position>
            <normal x="0.0" y="0.0" z="1.0"></normal>
          </vertex>
          <vertex>
            <position x="5.182" y="4.138" z="-0.07874"></position>
            <normal x="0.0" y="0.0" z="1.0"></normal>
          </vertex>
          <vertex>
            <position x="5.094" y="4.051" z="-0.07874"></position>
            <normal x="0.0" y="0.0" z="1.0"></normal>
          </vertex>
          <vertex>
            <position x="5.076" y="4.041" z="-0.07874"></position>
            <normal x="0.0" y="0.0" z="1.0"></normal>
          </vertex>
          <vertex>
            <position x="5.057" y="4.033" z="-0.07874"></position>
            <normal x="0.0" y="0.0" z="1.0"></normal>
          </vertex>
          <vertex>
            <position x="4.846" y="3.947" z="-0.07874"></position>
            <normal x="0.0" y="0.0" z="1.0"></normal>
          </vertex>
          <vertex>
            <position x="4.846" y="3.947" z="-0.07874"></position>
            <normal x="0.0" y="0.0" z="0.99999994"></normal>
          </vertex>
          <vertex>
            <position x="5.057" y="4.033" z="-0.07874"></position>
            <normal x="0.0" y="0.0" z="0.99999994"></normal>
          </vertex>
          <vertex>
            <position x="5.037" y="4.027" z="-0.07874"></position>
            <normal x="0.0" y="0.0" z="0.99999994"></normal>
          </vertex>
          <vertex>
            <position x="5.016" y="4.022" z="-0.07874"></position>
            <normal x="0.0" y="0.0" z="0.99999994"></normal>
          </vertex>
          <vertex>
            <position x="4.772" y="3.978" z="-0.07874"></position>
            <normal x="0.0" y="0.0" z="0.99999994"></normal>
          </vertex>
          <vertex>
            <position x="4.772" y="3.978" z="-0.07874"></position>
            <normal x="0.0" y="0.0" z="1.0"></normal>
          </vertex>
          <vertex>
            <position x="5.016" y="4.022" z="-0.07874"></position>
            <normal x="0.0" y="0.0" z="1.0"></normal>
          </vertex>
          <vertex>
            <position x="4.996" y="4.02" z="-0.07874"></position>
            <normal x="0.0" y="0.0" z="1.0"></normal>
          </vertex>
          <vertex>
            <position x="4.975" y="4.019" z="-0.07874"></position>
            <normal x="0.0" y="0.0" z="1.0"></normal>
          </vertex>
          <vertex>
            <position x="5.182" y="4.548" z="-0.07874"></position>
            <normal x="0.0" y="0.0" z="1.0"></normal>
          </vertex>
          <vertex>
            <position x="5.171" y="4.358" z="-0.07874"></position>
            <normal x="0.0" y="0.0" z="1.0"></normal>
          </vertex>
          <vertex>
            <position x="5.182" y="4.341" z="-0.07874"></position>
            <normal x="0.0" y="0.0" z="1.0"></normal>
          </vertex>
          <vertex>
            <position x="5.171" y="4.358" z="-0.07874"></position>
            <normal x="0.0" y="0.0" z="0.99999994"></normal>
          </vertex>
          <vertex>
            <position x="5.182" y="4.548" z="-0.07874"></position>
            <normal x="0.0" y="0.0" z="0.99999994"></normal>
          </vertex>
          <vertex>
            <position x="5.158" y="4.375" z="-0.07874"></position>
            <normal x="0.0" y="0.0" z="0.99999994"></normal>
          </vertex>
          <vertex>
            <position x="5.158" y="4.375" z="-0.07874"></position>
            <normal x="0.0" y="0.0" z="1.0"></normal>
          </vertex>
          <vertex>
            <position x="5.143" y="4.39" z="-0.07874"></position>
            <normal x="0.0" y="0.0" z="1.0"></normal>
          </vertex>
          <vertex>
            <position x="5.128" y="4.404" z="-0.07874"></position>
            <normal x="0.0" y="0.0" z="1.0"></normal>
          </vertex>
          <vertex>
            <position x="5.111" y="4.416" z="-0.07874"></position>
            <normal x="0.0" y="0.0" z="1.0"></normal>
          </vertex>
          <vertex>
            <position x="5.094" y="4.428" z="-0.07874"></position>
            <normal x="0.0" y="0.0" z="1.0"></normal>
          </vertex>
          <vertex>
            <position x="5.094" y="4.428" z="-0.07874"></position>
            <normal x="0.0" y="0.0" z="0.99999994"></normal>
          </vertex>
          <vertex>
            <position x="5.075" y="4.437" z="-0.07874"></position>
            <normal x="0.0" y="0.0" z="0.99999994"></normal>
          </vertex>
          <vertex>
            <position x="5.075" y="4.437" z="-0.07874"></position>
            <normal x="0.0" y="0.0" z="1.0"></normal>
          </vertex>
          <vertex>
            <position x="5.056" y="4.445" z="-0.07874"></position>
            <normal x="0.0" y="0.0" z="1.0"></normal>
          </vertex>
          <vertex>
            <position x="5.036" y="4.451" z="-0.07874"></position>
            <normal x="0.0" y="0.0" z="1.0"></normal>
          </vertex>
          <vertex>
            <position x="5.016" y="4.456" z="-0.07874"></position>
            <normal x="0.0" y="0.0" z="1.0"></normal>
          </vertex>
          <vertex>
            <position x="4.996" y="4.459" z="-0.07874"></position>
            <normal x="0.0" y="0.0" z="1.0"></normal>
          </vertex>
          <vertex>
            <position x="4.975" y="4.46" z="-0.07874"></position>
            <normal x="0.0" y="0.0" z="1.0"></normal>
          </vertex>
          <vertex>
            <position x="4.773" y="4.507" z="-0.07874"></position>
            <normal x="0.0" y="0.0" z="1.0"></normal>
          </vertex>
          <vertex>
            <position x="4.847" y="4.538" z="-0.07874"></position>
            <normal x="0.0" y="0.0" z="1.0"></normal>
          </vertex>
          <vertex>
            <position x="4.926" y="4.548" z="-0.07874"></position>
            <normal x="0.0" y="0.0" z="1.0"></normal>
          </vertex>
          <vertex>
            <position x="4.975" y="4.019" z="-0.07874"></position>
            <normal x="0.0" y="0.0" z="0.99999994"></normal>
          </vertex>
          <vertex>
            <position x="4.709" y="4.027" z="-0.07874"></position>
            <normal x="0.0" y="0.0" z="0.99999994"></normal>
          </vertex>
          <vertex>
            <position x="4.709" y="4.027" z="-0.07874"></position>
            <normal x="0.0" y="0.0" z="1.0"></normal>
          </vertex>
          <vertex>
            <position x="4.915" y="4.024" z="-0.07874"></position>
            <normal x="0.0" y="0.0" z="1.0"></normal>
          </vertex>
          <vertex>
            <position x="4.859" y="4.044" z="-0.07874"></position>
            <normal x="0.0" y="0.0" z="1.0"></normal>
          </vertex>
          <vertex>
            <position x="4.661" y="4.09" z="-0.07874"></position>
            <normal x="0.0" y="0.0" z="1.0"></normal>
          </vertex>
          <vertex>
            <position x="4.81" y="4.079" z="-0.07874"></position>
            <normal x="0.0" y="0.0" z="1.0"></normal>
          </vertex>
          <vertex>
            <position x="4.773" y="4.125" z="-0.07874"></position>
            <normal x="0.0" y="0.0" z="1.0"></normal>
          </vertex>
          <vertex>
            <position x="4.661" y="4.09" z="-0.07874"></position>
            <normal x="0.0" y="0.0" z="0.99999994"></normal>
          </vertex>
          <vertex>
            <position x="4.773" y="4.125" z="-0.07874"></position>
            <normal x="0.0" y="0.0" z="0.99999994"></normal>
          </vertex>
          <vertex>
            <position x="4.63" y="4.164" z="-0.07874"></position>
            <normal x="0.0" y="0.0" z="0.99999994"></normal>
          </vertex>
          <vertex>
            <position x="4.749" y="4.18" z="-0.07874"></position>
            <normal x="0.0" y="0.0" z="0.99999994"></normal>
          </vertex>
          <vertex>
            <position x="4.63" y="4.164" z="-0.07874"></position>
            <normal x="0.0" y="0.0" z="1.0"></normal>
          </vertex>
          <vertex>
            <position x="4.749" y="4.18" z="-0.07874"></position>
            <normal x="0.0" y="0.0" z="1.0"></normal>
          </vertex>
          <vertex>
            <position x="4.62" y="4.243" z="-0.07874"></position>
            <normal x="0.0" y="0.0" z="1.0"></normal>
          </vertex>
          <vertex>
            <position x="4.62" y="4.243" z="-0.07874"></position>
            <normal x="0.0" y="0.0" z="0.99999994"></normal>
          </vertex>
          <vertex>
            <position x="4.741" y="4.24" z="-0.07874"></position>
            <normal x="0.0" y="0.0" z="0.99999994"></normal>
          </vertex>
          <vertex>
            <position x="4.741" y="4.24" z="-0.07874"></position>
            <normal x="0.0" y="0.0" z="1.0"></normal>
          </vertex>
          <vertex>
            <position x="4.749" y="4.299" z="-0.07874"></position>
            <normal x="0.0" y="0.0" z="1.0"></normal>
          </vertex>
          <vertex>
            <position x="4.749" y="4.299" z="-0.07874"></position>
            <normal x="0.0" y="0.0" z="0.99999994"></normal>
          </vertex>
          <vertex>
            <position x="4.63" y="4.322" z="-0.07874"></position>
            <normal x="0.0" y="0.0" z="0.99999994"></normal>
          </vertex>
          <vertex>
            <position x="4.63" y="4.322" z="-0.07874"></position>
            <normal x="0.0" y="0.0" z="1.0"></normal>
          </vertex>
          <vertex>
            <position x="4.773" y="4.354" z="-0.07874"></position>
            <normal x="0.0" y="0.0" z="1.0"></normal>
          </vertex>
          <vertex>
            <position x="4.661" y="4.396" z="-0.07874"></position>
            <normal x="0.0" y="0.0" z="1.0"></normal>
          </vertex>
          <vertex>
            <position x="4.81" y="4.4" z="-0.07874"></position>
            <normal x="0.0" y="0.0" z="1.0"></normal>
          </vertex>
          <vertex>
            <position x="4.71" y="4.459" z="-0.07874"></position>
            <normal x="0.0" y="0.0" z="1.0"></normal>
          </vertex>
          <vertex>
            <position x="4.859" y="4.435" z="-0.07874"></position>
            <normal x="0.0" y="0.0" z="1.0"></normal>
          </vertex>
          <vertex>
            <position x="4.71" y="4.459" z="-0.07874"></position>
            <normal x="0.0" y="0.0" z="0.99999994"></normal>
          </vertex>
          <vertex>
            <position x="4.859" y="4.435" z="-0.07874"></position>
            <normal x="0.0" y="0.0" z="0.99999994"></normal>
          </vertex>
          <vertex>
            <position x="4.915" y="4.455" z="-0.07874"></position>
            <normal x="0.0" y="0.0" z="0.99999994"></normal>
          </vertex>
          <vertex>
            <position x="4.915" y="4.455" z="-0.07874"></position>
            <normal x="0.0" y="0.0" z="1.0"></normal>
          </vertex>
        </vertexbuffer>
      </geometry>
    </submesh>
  </submeshes>
</mesh>
