<mesh>
  <submeshes>
    <submesh material="Material.1187" usesharedvertices="false">
      <faces count="42">
        <face v1="0" v2="1" v3="2"></face>
        <face v1="1" v2="0" v3="3"></face>
        <face v1="4" v2="5" v3="6"></face>
        <face v1="4" v2="6" v3="7"></face>
        <face v1="8" v2="9" v3="10"></face>
        <face v1="9" v2="8" v3="11"></face>
        <face v1="12" v2="3" v3="0"></face>
        <face v1="3" v2="12" v3="13"></face>
        <face v1="13" v2="12" v3="14"></face>
        <face v1="14" v2="12" v3="15"></face>
        <face v1="15" v2="16" v3="14"></face>
        <face v1="17" v2="14" v3="18"></face>
        <face v1="19" v2="20" v3="21"></face>
        <face v1="22" v2="23" v3="24"></face>
      </faces>
      <geometry vertexcount="25">
        <vertexbuffer positions="true" normals="true">
          <vertex>
            <position x="6.299" y="3.937" z="-0.07874"></position>
            <normal x="0.0" y="0.0" z="1.0"></normal>
          </vertex>
          <vertex>
            <position x="5.655" y="4.03" z="-0.07874"></position>
            <normal x="0.0" y="0.0" z="1.0"></normal>
          </vertex>
          <vertex>
            <position x="5.655" y="3.937" z="-0.07874"></position>
            <normal x="0.0" y="0.0" z="1.0"></normal>
          </vertex>
          <vertex>
            <position x="6.1" y="4.03" z="-0.07874"></position>
            <normal x="0.0" y="0.0" z="1.0"></normal>
          </vertex>
          <vertex>
            <position x="5.655" y="4.03" z="-0.07874"></position>
            <normal x="1.0" y="0.0" z="0.0"></normal>
          </vertex>
          <vertex>
            <position x="6.1" y="4.03" z="-0.07874"></position>
            <normal x="1.0" y="0.0" z="0.0"></normal>
          </vertex>
          <vertex>
            <position x="5.996" y="4.03" z="-0.07874"></position>
            <normal x="1.0" y="0.0" z="0.0"></normal>
          </vertex>
          <vertex>
            <position x="5.758" y="4.03" z="-0.07874"></position>
            <normal x="1.0" y="0.0" z="0.0"></normal>
          </vertex>
          <vertex>
            <position x="5.996" y="4.03" z="-0.07874"></position>
            <normal x="0.0" y="0.0" z="1.0"></normal>
          </vertex>
          <vertex>
            <position x="5.876" y="4.109" z="-0.07874"></position>
            <normal x="0.0" y="0.0" z="1.0"></normal>
          </vertex>
          <vertex>
            <position x="5.758" y="4.03" z="-0.07874"></position>
            <normal x="0.0" y="0.0" z="1.0"></normal>
          </vertex>
          <vertex>
            <position x="5.997" y="4.281" z="-0.07874"></position>
            <normal x="0.0" y="0.0" z="1.0"></normal>
          </vertex>
          <vertex>
            <position x="6.299" y="4.548" z="-0.07874"></position>
            <normal x="0.0" y="0.0" z="1.0"></normal>
          </vertex>
          <vertex>
            <position x="6.1" y="4.45" z="-0.07874"></position>
            <normal x="0.0" y="0.0" z="1.0"></normal>
          </vertex>
          <vertex>
            <position x="5.757" y="4.45" z="-0.07874"></position>
            <normal x="0.0" y="0.0" z="1.0"></normal>
          </vertex>
          <vertex>
            <position x="5.655" y="4.548" z="-0.07874"></position>
            <normal x="0.0" y="0.0" z="1.0"></normal>
          </vertex>
          <vertex>
            <position x="5.655" y="4.45" z="-0.07874"></position>
            <normal x="0.0" y="0.0" z="1.0"></normal>
          </vertex>
          <vertex>
            <position x="5.998" y="4.45" z="-0.07874"></position>
            <normal x="0.0" y="0.0" z="1.0"></normal>
          </vertex>
          <vertex>
            <position x="5.877" y="4.284" z="-0.07874"></position>
            <normal x="0.0" y="0.0" z="1.0"></normal>
          </vertex>
          <vertex>
            <position x="5.757" y="4.45" z="-0.07874"></position>
            <normal x="1.0" y="0.0" z="0.0"></normal>
          </vertex>
          <vertex>
            <position x="5.998" y="4.45" z="-0.07874"></position>
            <normal x="1.0" y="0.0" z="0.0"></normal>
          </vertex>
          <vertex>
            <position x="6.1" y="4.45" z="-0.07874"></position>
            <normal x="1.0" y="0.0" z="0.0"></normal>
          </vertex>
          <vertex>
            <position x="5.758" y="4.281" z="-0.07874"></position>
            <normal x="0.0" y="0.0" z="0.99999994"></normal>
          </vertex>
          <vertex>
            <position x="5.758" y="4.03" z="-0.07874"></position>
            <normal x="0.0" y="0.0" z="0.99999994"></normal>
          </vertex>
          <vertex>
            <position x="5.876" y="4.109" z="-0.07874"></position>
            <normal x="0.0" y="0.0" z="0.99999994"></normal>
          </vertex>
        </vertexbuffer>
      </geometry>
    </submesh>
  </submeshes>
</mesh>
