<mesh>
  <submeshes>
    <submesh material="Material.1186" usesharedvertices="false">
      <faces count="39">
        <face v1="0" v2="1" v3="2"></face>
        <face v1="1" v2="0" v3="3"></face>
        <face v1="3" v2="0" v3="4"></face>
        <face v1="4" v2="0" v3="5"></face>
        <face v1="5" v2="0" v3="6"></face>
        <face v1="6" v2="0" v3="7"></face>
        <face v1="8" v2="9" v3="10"></face>
        <face v1="9" v2="8" v3="11"></face>
        <face v1="9" v2="11" v3="12"></face>
        <face v1="9" v2="12" v3="13"></face>
        <face v1="9" v2="13" v3="14"></face>
        <face v1="15" v2="16" v3="17"></face>
        <face v1="9" v2="7" v3="0"></face>
      </faces>
      <geometry vertexcount="18">
        <vertexbuffer positions="true" normals="true">
          <vertex>
            <position x="5.637" y="4.548" z="-0.07874"></position>
            <normal x="-0.0" y="0.0" z="1.0"></normal>
          </vertex>
          <vertex>
            <position x="5.614" y="4.359" z="-0.07874"></position>
            <normal x="-0.0" y="0.0" z="1.0"></normal>
          </vertex>
          <vertex>
            <position x="5.637" y="4.319" z="-0.07874"></position>
            <normal x="-0.0" y="0.0" z="1.0"></normal>
          </vertex>
          <vertex>
            <position x="5.584" y="4.394" z="-0.07874"></position>
            <normal x="-0.0" y="0.0" z="1.0"></normal>
          </vertex>
          <vertex>
            <position x="5.547" y="4.423" z="-0.07874"></position>
            <normal x="-0.0" y="0.0" z="1.0"></normal>
          </vertex>
          <vertex>
            <position x="5.506" y="4.444" z="-0.07874"></position>
            <normal x="-0.0" y="0.0" z="1.0"></normal>
          </vertex>
          <vertex>
            <position x="5.461" y="4.456" z="-0.07874"></position>
            <normal x="-0.0" y="0.0" z="1.0"></normal>
          </vertex>
          <vertex>
            <position x="5.415" y="4.46" z="-0.07874"></position>
            <normal x="-0.0" y="0.0" z="1.0"></normal>
          </vertex>
          <vertex>
            <position x="5.22" y="4.352" z="-0.07874"></position>
            <normal x="-0.0" y="0.0" z="1.0"></normal>
          </vertex>
          <vertex>
            <position x="5.199" y="4.548" z="-0.07874"></position>
            <normal x="-0.0" y="0.0" z="1.0"></normal>
          </vertex>
          <vertex>
            <position x="5.199" y="4.311" z="-0.07874"></position>
            <normal x="-0.0" y="0.0" z="1.0"></normal>
          </vertex>
          <vertex>
            <position x="5.249" y="4.388" z="-0.07874"></position>
            <normal x="-0.0" y="0.0" z="1.0"></normal>
          </vertex>
          <vertex>
            <position x="5.285" y="4.418" z="-0.07874"></position>
            <normal x="-0.0" y="0.0" z="1.0"></normal>
          </vertex>
          <vertex>
            <position x="5.325" y="4.441" z="-0.07874"></position>
            <normal x="-0.0" y="0.0" z="1.0"></normal>
          </vertex>
          <vertex>
            <position x="5.369" y="4.455" z="-0.07874"></position>
            <normal x="-0.0" y="0.0" z="1.0"></normal>
          </vertex>
          <vertex>
            <position x="5.199" y="4.548" z="-0.07874"></position>
            <normal x="0.0" y="-0.0" z="0.99999994"></normal>
          </vertex>
          <vertex>
            <position x="5.369" y="4.455" z="-0.07874"></position>
            <normal x="0.0" y="-0.0" z="0.99999994"></normal>
          </vertex>
          <vertex>
            <position x="5.415" y="4.46" z="-0.07874"></position>
            <normal x="0.0" y="-0.0" z="0.99999994"></normal>
          </vertex>
        </vertexbuffer>
      </geometry>
    </submesh>
  </submeshes>
</mesh>
