<mesh>
  <submeshes>
    <submesh material="Material.983" usesharedvertices="false">
      <faces count="84">
        <face v1="0" v2="1" v3="2"></face>
        <face v1="3" v2="4" v3="5"></face>
        <face v1="6" v2="7" v3="8"></face>
        <face v1="9" v2="10" v3="11"></face>
        <face v1="12" v2="13" v3="14"></face>
        <face v1="15" v2="16" v3="17"></face>
        <face v1="18" v2="19" v3="20"></face>
        <face v1="21" v2="22" v3="23"></face>
        <face v1="24" v2="25" v3="26"></face>
        <face v1="27" v2="28" v3="29"></face>
        <face v1="30" v2="31" v3="32"></face>
        <face v1="33" v2="34" v3="35"></face>
        <face v1="36" v2="37" v3="38"></face>
        <face v1="39" v2="40" v3="41"></face>
        <face v1="39" v2="41" v3="42"></face>
        <face v1="43" v2="44" v3="45"></face>
        <face v1="46" v2="47" v3="48"></face>
        <face v1="49" v2="50" v3="51"></face>
        <face v1="52" v2="53" v3="54"></face>
        <face v1="55" v2="56" v3="57"></face>
        <face v1="58" v2="59" v3="60"></face>
        <face v1="61" v2="62" v3="63"></face>
        <face v1="64" v2="65" v3="66"></face>
        <face v1="67" v2="68" v3="69"></face>
        <face v1="70" v2="71" v3="72"></face>
        <face v1="73" v2="74" v3="75"></face>
        <face v1="76" v2="77" v3="78"></face>
        <face v1="79" v2="80" v3="81"></face>
      </faces>
      <geometry vertexcount="82">
        <vertexbuffer positions="true" normals="true">
          <vertex>
            <position x="18.58" y="20.29" z="-1.28"></position>
            <normal x="0.5351549" y="0.09091072" z="0.83984786"></normal>
          </vertex>
          <vertex>
            <position x="16.33" y="21.71" z="0.0"></position>
            <normal x="0.5351549" y="0.09091072" z="0.83984786"></normal>
          </vertex>
          <vertex>
            <position x="17.64" y="14.3" z="-0.03263"></position>
            <normal x="0.5351549" y="0.09091072" z="0.83984786"></normal>
          </vertex>
          <vertex>
            <position x="16.33" y="21.71" z="0.0"></position>
            <normal x="0.5335393" y="0.08705748" z="0.8412828"></normal>
          </vertex>
          <vertex>
            <position x="18.58" y="20.29" z="-1.28"></position>
            <normal x="0.5335393" y="0.08705748" z="0.8412828"></normal>
          </vertex>
          <vertex>
            <position x="17.77" y="21.41" z="-0.8822"></position>
            <normal x="0.5335393" y="0.08705748" z="0.8412828"></normal>
          </vertex>
          <vertex>
            <position x="16.33" y="21.71" z="0.0"></position>
            <normal x="0.0" y="-0.0044034664" z="0.9999902"></normal>
          </vertex>
          <vertex>
            <position x="3.344" y="14.3" z="-0.03263"></position>
            <normal x="0.0" y="-0.0044034664" z="0.9999902"></normal>
          </vertex>
          <vertex>
            <position x="17.64" y="14.3" z="-0.03263"></position>
            <normal x="0.0" y="-0.0044034664" z="0.9999902"></normal>
          </vertex>
          <vertex>
            <position x="3.344" y="14.3" z="-0.03263"></position>
            <normal x="0.0" y="-0.004403467" z="0.99999034"></normal>
          </vertex>
          <vertex>
            <position x="16.33" y="21.71" z="0.0"></position>
            <normal x="0.0" y="-0.004403467" z="0.99999034"></normal>
          </vertex>
          <vertex>
            <position x="4.652" y="21.71" z="0.0"></position>
            <normal x="0.0" y="-0.004403467" z="0.99999034"></normal>
          </vertex>
          <vertex>
            <position x="17.64" y="14.3" z="-0.03263"></position>
            <normal x="0.73342186" y="0.026356405" z="0.67926264"></normal>
          </vertex>
          <vertex>
            <position x="18.96" y="16.7" z="-1.551"></position>
            <normal x="0.73342186" y="0.026356405" z="0.67926264"></normal>
          </vertex>
          <vertex>
            <position x="18.58" y="20.29" z="-1.28"></position>
            <normal x="0.73342186" y="0.026356405" z="0.67926264"></normal>
          </vertex>
          <vertex>
            <position x="18.96" y="16.7" z="-1.551"></position>
            <normal x="0.7350285" y="0.024418568" z="0.6775964"></normal>
          </vertex>
          <vertex>
            <position x="17.64" y="14.3" z="-0.03263"></position>
            <normal x="0.7350285" y="0.024418568" z="0.6775964"></normal>
          </vertex>
          <vertex>
            <position x="19.61" y="11.98" z="-2.086"></position>
            <normal x="0.7350285" y="0.024418568" z="0.6775964"></normal>
          </vertex>
          <vertex>
            <position x="4.652" y="21.71" z="0.0"></position>
            <normal x="-0.5341473" y="0.09058549" z="0.8405242"></normal>
          </vertex>
          <vertex>
            <position x="2.397" y="20.29" z="-1.28"></position>
            <normal x="-0.5341473" y="0.09058549" z="0.8405242"></normal>
          </vertex>
          <vertex>
            <position x="3.344" y="14.3" z="-0.03263"></position>
            <normal x="-0.5341473" y="0.09058549" z="0.8405242"></normal>
          </vertex>
          <vertex>
            <position x="2.397" y="20.29" z="-1.28"></position>
            <normal x="-0.5341792" y="0.090661764" z="0.84049577"></normal>
          </vertex>
          <vertex>
            <position x="4.652" y="21.71" z="0.0"></position>
            <normal x="-0.5341792" y="0.090661764" z="0.84049577"></normal>
          </vertex>
          <vertex>
            <position x="3.213" y="21.41" z="-0.8822"></position>
            <normal x="-0.5341792" y="0.090661764" z="0.84049577"></normal>
          </vertex>
          <vertex>
            <position x="17.64" y="14.3" z="-0.03263"></position>
            <normal x="0.0" y="-0.18116882" z="0.983452"></normal>
          </vertex>
          <vertex>
            <position x="16.59" y="2.323" z="-2.239"></position>
            <normal x="0.0" y="-0.18116882" z="0.983452"></normal>
          </vertex>
          <vertex>
            <position x="17.69" y="2.323" z="-2.239"></position>
            <normal x="0.0" y="-0.18116882" z="0.983452"></normal>
          </vertex>
          <vertex>
            <position x="16.59" y="2.323" z="-2.239"></position>
            <normal x="-1.2825761E-4" y="-0.18115795" z="0.983454"></normal>
          </vertex>
          <vertex>
            <position x="17.64" y="14.3" z="-0.03263"></position>
            <normal x="-1.2825761E-4" y="-0.18115795" z="0.983454"></normal>
          </vertex>
          <vertex>
            <position x="16.59" y="12.39" z="-0.3846"></position>
            <normal x="-1.2825761E-4" y="-0.18115795" z="0.983454"></normal>
          </vertex>
          <vertex>
            <position x="16.59" y="12.39" z="-0.3846"></position>
            <normal x="0.0" y="-0.18122613" z="0.9834415"></normal>
          </vertex>
          <vertex>
            <position x="17.64" y="14.3" z="-0.03263"></position>
            <normal x="0.0" y="-0.18122613" z="0.9834415"></normal>
          </vertex>
          <vertex>
            <position x="4.388" y="12.39" z="-0.3846"></position>
            <normal x="0.0" y="-0.18122613" z="0.9834415"></normal>
          </vertex>
          <vertex>
            <position x="17.69" y="2.323" z="-2.239"></position>
            <normal x="0.0" y="-0.18119474" z="0.9834472"></normal>
          </vertex>
          <vertex>
            <position x="3.281" y="0.0" z="-2.667"></position>
            <normal x="0.0" y="-0.18119474" z="0.9834472"></normal>
          </vertex>
          <vertex>
            <position x="17.7" y="0.0" z="-2.667"></position>
            <normal x="0.0" y="-0.18119474" z="0.9834472"></normal>
          </vertex>
          <vertex>
            <position x="3.281" y="0.0" z="-2.667"></position>
            <normal x="0.0" y="-0.18119475" z="0.98344725"></normal>
          </vertex>
          <vertex>
            <position x="17.69" y="2.323" z="-2.239"></position>
            <normal x="0.0" y="-0.18119475" z="0.98344725"></normal>
          </vertex>
          <vertex>
            <position x="3.291" y="2.323" z="-2.239"></position>
            <normal x="0.0" y="-0.18119475" z="0.98344725"></normal>
          </vertex>
          <vertex>
            <position x="3.291" y="2.323" z="-2.239"></position>
            <normal x="1.0" y="0.0" z="0.0"></normal>
          </vertex>
          <vertex>
            <position x="17.69" y="2.323" z="-2.239"></position>
            <normal x="1.0" y="0.0" z="0.0"></normal>
          </vertex>
          <vertex>
            <position x="16.59" y="2.323" z="-2.239"></position>
            <normal x="1.0" y="0.0" z="0.0"></normal>
          </vertex>
          <vertex>
            <position x="4.388" y="2.323" z="-2.239"></position>
            <normal x="1.0" y="0.0" z="0.0"></normal>
          </vertex>
          <vertex>
            <position x="3.291" y="2.323" z="-2.239"></position>
            <normal x="0.0" y="-0.18115793" z="0.983454"></normal>
          </vertex>
          <vertex>
            <position x="4.388" y="2.323" z="-2.239"></position>
            <normal x="0.0" y="-0.18115793" z="0.983454"></normal>
          </vertex>
          <vertex>
            <position x="4.388" y="12.39" z="-0.3846"></position>
            <normal x="0.0" y="-0.18115793" z="0.983454"></normal>
          </vertex>
          <vertex>
            <position x="3.291" y="2.323" z="-2.239"></position>
            <normal x="1.07552616E-4" y="-0.18116927" z="0.98345196"></normal>
          </vertex>
          <vertex>
            <position x="4.388" y="12.39" z="-0.3846"></position>
            <normal x="1.07552616E-4" y="-0.18116927" z="0.98345196"></normal>
          </vertex>
          <vertex>
            <position x="3.344" y="14.3" z="-0.03263"></position>
            <normal x="1.07552616E-4" y="-0.18116927" z="0.98345196"></normal>
          </vertex>
          <vertex>
            <position x="3.344" y="14.3" z="-0.03263"></position>
            <normal x="0.0" y="-0.18122615" z="0.9834414"></normal>
          </vertex>
          <vertex>
            <position x="4.388" y="12.39" z="-0.3846"></position>
            <normal x="0.0" y="-0.18122615" z="0.9834414"></normal>
          </vertex>
          <vertex>
            <position x="17.64" y="14.3" z="-0.03263"></position>
            <normal x="0.0" y="-0.18122615" z="0.9834414"></normal>
          </vertex>
          <vertex>
            <position x="17.64" y="14.3" z="-0.03263"></position>
            <normal x="0.66851956" y="-0.0861294" z="0.7386903"></normal>
          </vertex>
          <vertex>
            <position x="19.96" y="9.079" z="-2.741"></position>
            <normal x="0.66851956" y="-0.0861294" z="0.7386903"></normal>
          </vertex>
          <vertex>
            <position x="19.61" y="11.98" z="-2.086"></position>
            <normal x="0.66851956" y="-0.0861294" z="0.7386903"></normal>
          </vertex>
          <vertex>
            <position x="3.344" y="14.3" z="-0.03263"></position>
            <normal x="-0.7346033" y="0.024932152" z="0.6780387"></normal>
          </vertex>
          <vertex>
            <position x="2.024" y="16.7" z="-1.551"></position>
            <normal x="-0.7346033" y="0.024932152" z="0.6780387"></normal>
          </vertex>
          <vertex>
            <position x="1.37" y="11.98" z="-2.086"></position>
            <normal x="-0.7346033" y="0.024932152" z="0.6780387"></normal>
          </vertex>
          <vertex>
            <position x="2.024" y="16.7" z="-1.551"></position>
            <normal x="-0.7344524" y="0.025114177" z="0.6781953"></normal>
          </vertex>
          <vertex>
            <position x="3.344" y="14.3" z="-0.03263"></position>
            <normal x="-0.7344524" y="0.025114177" z="0.6781953"></normal>
          </vertex>
          <vertex>
            <position x="2.397" y="20.29" z="-1.28"></position>
            <normal x="-0.7344524" y="0.025114177" z="0.6781953"></normal>
          </vertex>
          <vertex>
            <position x="3.291" y="2.323" z="-2.239"></position>
            <normal x="-0.59935766" y="-0.14254695" z="0.787687"></normal>
          </vertex>
          <vertex>
            <position x="0.7968" y="4.632" z="-3.719"></position>
            <normal x="-0.59935766" y="-0.14254695" z="0.787687"></normal>
          </vertex>
          <vertex>
            <position x="3.281" y="0.0" z="-2.667"></position>
            <normal x="-0.59935766" y="-0.14254695" z="0.787687"></normal>
          </vertex>
          <vertex>
            <position x="0.7968" y="4.632" z="-3.719"></position>
            <normal x="-0.5993103" y="-0.14246292" z="0.78773826"></normal>
          </vertex>
          <vertex>
            <position x="3.291" y="2.323" z="-2.239"></position>
            <normal x="-0.5993103" y="-0.14246292" z="0.78773826"></normal>
          </vertex>
          <vertex>
            <position x="3.344" y="14.3" z="-0.03263"></position>
            <normal x="-0.5993103" y="-0.14246292" z="0.78773826"></normal>
          </vertex>
          <vertex>
            <position x="0.7968" y="4.632" z="-3.719"></position>
            <normal x="-0.59923077" y="-0.14250408" z="0.78779125"></normal>
          </vertex>
          <vertex>
            <position x="3.344" y="14.3" z="-0.03263"></position>
            <normal x="-0.59923077" y="-0.14250408" z="0.78779125"></normal>
          </vertex>
          <vertex>
            <position x="1.025" y="9.079" z="-2.741"></position>
            <normal x="-0.59923077" y="-0.14250408" z="0.78779125"></normal>
          </vertex>
          <vertex>
            <position x="20.18" y="4.632" z="-3.719"></position>
            <normal x="0.60000265" y="-0.14245659" z="0.78721225"></normal>
          </vertex>
          <vertex>
            <position x="17.69" y="2.323" z="-2.239"></position>
            <normal x="0.60000265" y="-0.14245659" z="0.78721225"></normal>
          </vertex>
          <vertex>
            <position x="17.7" y="0.0" z="-2.667"></position>
            <normal x="0.60000265" y="-0.14245659" z="0.78721225"></normal>
          </vertex>
          <vertex>
            <position x="17.69" y="2.323" z="-2.239"></position>
            <normal x="0.6000312" y="-0.14250737" z="0.78718114"></normal>
          </vertex>
          <vertex>
            <position x="20.18" y="4.632" z="-3.719"></position>
            <normal x="0.6000312" y="-0.14250737" z="0.78718114"></normal>
          </vertex>
          <vertex>
            <position x="17.64" y="14.3" z="-0.03263"></position>
            <normal x="0.6000312" y="-0.14250737" z="0.78718114"></normal>
          </vertex>
          <vertex>
            <position x="17.64" y="14.3" z="-0.03263"></position>
            <normal x="0.59713817" y="-0.14400165" z="0.7891067"></normal>
          </vertex>
          <vertex>
            <position x="20.18" y="4.632" z="-3.719"></position>
            <normal x="0.59713817" y="-0.14400165" z="0.7891067"></normal>
          </vertex>
          <vertex>
            <position x="19.96" y="9.079" z="-2.741"></position>
            <normal x="0.59713817" y="-0.14400165" z="0.7891067"></normal>
          </vertex>
          <vertex>
            <position x="3.344" y="14.3" z="-0.03263"></position>
            <normal x="-0.6666841" y="-0.087828584" z="0.74014765"></normal>
          </vertex>
          <vertex>
            <position x="1.37" y="11.98" z="-2.086"></position>
            <normal x="-0.6666841" y="-0.087828584" z="0.74014765"></normal>
          </vertex>
          <vertex>
            <position x="1.025" y="9.079" z="-2.741"></position>
            <normal x="-0.6666841" y="-0.087828584" z="0.74014765"></normal>
          </vertex>
        </vertexbuffer>
      </geometry>
    </submesh>
  </submeshes>
</mesh>
