<mesh>
  <submeshes>
    <submesh material="Material.6" usesharedvertices="false">
      <faces count="84">
        <face v1="0" v2="1" v3="2"></face>
        <face v1="0" v2="2" v3="3"></face>
        <face v1="0" v2="4" v3="5"></face>
        <face v1="0" v2="5" v3="1"></face>
        <face v1="6" v2="7" v3="8"></face>
        <face v1="6" v2="8" v3="9"></face>
        <face v1="10" v2="11" v3="12"></face>
        <face v1="10" v2="12" v3="13"></face>
        <face v1="14" v2="15" v3="16"></face>
        <face v1="14" v2="16" v3="17"></face>
        <face v1="18" v2="19" v3="20"></face>
        <face v1="18" v2="20" v3="21"></face>
        <face v1="22" v2="23" v3="24"></face>
        <face v1="22" v2="24" v3="25"></face>
        <face v1="26" v2="24" v3="19"></face>
        <face v1="26" v2="19" v3="27"></face>
        <face v1="28" v2="29" v3="30"></face>
        <face v1="28" v2="30" v3="31"></face>
        <face v1="32" v2="33" v3="29"></face>
        <face v1="32" v2="29" v3="34"></face>
        <face v1="35" v2="36" v3="33"></face>
        <face v1="35" v2="33" v3="37"></face>
        <face v1="38" v2="39" v3="40"></face>
        <face v1="38" v2="40" v3="41"></face>
        <face v1="42" v2="43" v3="44"></face>
        <face v1="42" v2="44" v3="45"></face>
        <face v1="46" v2="47" v3="48"></face>
        <face v1="46" v2="48" v3="49"></face>
      </faces>
      <geometry vertexcount="50">
        <vertexbuffer positions="true" normals="true" texture_coords="1">
          <vertex>
            <position x="5.37" y="0.6" z="-7.706"></position>
            <normal x="-1.0" y="0.0" z="0.0"></normal>
            <texcoord u="-2.0" v="5.0"></texcoord>
          </vertex>
          <vertex>
            <position x="5.37" y="3.42" z="-4.481"></position>
            <normal x="-1.0" y="0.0" z="0.0"></normal>
            <texcoord u="4.45" v="-0.64"></texcoord>
          </vertex>
          <vertex>
            <position x="5.37" y="3.42" z="-8.119"></position>
            <normal x="-1.0" y="0.0" z="0.0"></normal>
            <texcoord u="-2.825" v="-0.64"></texcoord>
          </vertex>
          <vertex>
            <position x="5.37" y="0.6" z="-8.119"></position>
            <normal x="-1.0" y="0.0" z="0.0"></normal>
            <texcoord u="-2.825" v="5.0"></texcoord>
          </vertex>
          <vertex>
            <position x="5.37" y="0.0" z="-7.706"></position>
            <normal x="-1.0" y="0.0" z="0.0"></normal>
            <texcoord u="-2.0" v="6.2"></texcoord>
          </vertex>
          <vertex>
            <position x="5.37" y="0.0" z="-4.481"></position>
            <normal x="-1.0" y="0.0" z="0.0"></normal>
            <texcoord u="4.45" v="6.2"></texcoord>
          </vertex>
          <vertex>
            <position x="3.182" y="0.0" z="-4.856"></position>
            <normal x="0.0" y="0.0" z="1.0"></normal>
            <texcoord u="-1.7" v="2.8400002"></texcoord>
          </vertex>
          <vertex>
            <position x="3.182" y="3.42" z="-4.856"></position>
            <normal x="0.0" y="0.0" z="1.0"></normal>
            <texcoord u="-1.7" v="-4.0"></texcoord>
          </vertex>
          <vertex>
            <position x="3.032" y="3.42" z="-4.856"></position>
            <normal x="0.0" y="0.0" z="1.0"></normal>
            <texcoord u="-2.0" v="-4.0"></texcoord>
          </vertex>
          <vertex>
            <position x="3.032" y="0.0" z="-4.856"></position>
            <normal x="0.0" y="0.0" z="1.0"></normal>
            <texcoord u="-2.0" v="2.8400002"></texcoord>
          </vertex>
          <vertex>
            <position x="5.37" y="0.0" z="-4.856"></position>
            <normal x="0.0" y="0.0" z="1.0"></normal>
            <texcoord u="2.675" v="2.8400002"></texcoord>
          </vertex>
          <vertex>
            <position x="5.37" y="3.42" z="-4.856"></position>
            <normal x="0.0" y="0.0" z="1.0"></normal>
            <texcoord u="2.675" v="-4.0"></texcoord>
          </vertex>
          <vertex>
            <position x="5.182" y="3.42" z="-4.856"></position>
            <normal x="0.0" y="0.0" z="1.0"></normal>
            <texcoord u="2.3" v="-4.0"></texcoord>
          </vertex>
          <vertex>
            <position x="5.182" y="0.0" z="-4.856"></position>
            <normal x="0.0" y="0.0" z="1.0"></normal>
            <texcoord u="2.3" v="2.8400002"></texcoord>
          </vertex>
          <vertex>
            <position x="5.182" y="3.42" z="-4.856"></position>
            <normal x="0.0" y="0.0" z="1.0"></normal>
            <texcoord u="24.5" v="-4.0"></texcoord>
          </vertex>
          <vertex>
            <position x="3.182" y="3.42" z="-4.856"></position>
            <normal x="0.0" y="0.0" z="1.0"></normal>
            <texcoord u="20.5" v="-4.0"></texcoord>
          </vertex>
          <vertex>
            <position x="3.182" y="2.09" z="-4.856"></position>
            <normal x="0.0" y="0.0" z="1.0"></normal>
            <texcoord u="20.5" v="-1.3399999"></texcoord>
          </vertex>
          <vertex>
            <position x="5.182" y="2.09" z="-4.856"></position>
            <normal x="0.0" y="0.0" z="1.0"></normal>
            <texcoord u="24.5" v="-1.3399999"></texcoord>
          </vertex>
          <vertex>
            <position x="-10.568" y="0.6" z="-6.394"></position>
            <normal x="0.0" y="0.0" z="1.0"></normal>
            <texcoord u="-7.0" v="1.64"></texcoord>
          </vertex>
          <vertex>
            <position x="-10.568" y="3.42" z="-6.394"></position>
            <normal x="0.0" y="0.0" z="1.0"></normal>
            <texcoord u="-7.0" v="-4.0"></texcoord>
          </vertex>
          <vertex>
            <position x="-10.756" y="3.42" z="-6.394"></position>
            <normal x="0.0" y="0.0" z="1.0"></normal>
            <texcoord u="-7.375" v="-4.0"></texcoord>
          </vertex>
          <vertex>
            <position x="-10.756" y="0.6" z="-6.394"></position>
            <normal x="0.0" y="0.0" z="1.0"></normal>
            <texcoord u="-7.375" v="1.64"></texcoord>
          </vertex>
          <vertex>
            <position x="-8.38" y="0.6" z="-6.394"></position>
            <normal x="0.0" y="0.0" z="1.0"></normal>
            <texcoord u="-2.625" v="1.64"></texcoord>
          </vertex>
          <vertex>
            <position x="-8.38" y="3.42" z="-6.394"></position>
            <normal x="0.0" y="0.0" z="1.0"></normal>
            <texcoord u="-2.625" v="-4.0"></texcoord>
          </vertex>
          <vertex>
            <position x="-8.568" y="3.42" z="-6.394"></position>
            <normal x="0.0" y="0.0" z="1.0"></normal>
            <texcoord u="-3.0" v="-4.0"></texcoord>
          </vertex>
          <vertex>
            <position x="-8.568" y="0.6" z="-6.394"></position>
            <normal x="0.0" y="0.0" z="1.0"></normal>
            <texcoord u="-3.0" v="1.64"></texcoord>
          </vertex>
          <vertex>
            <position x="-8.568" y="2.69" z="-6.394"></position>
            <normal x="0.0" y="0.0" z="1.0"></normal>
            <texcoord u="-3.0" v="-2.54"></texcoord>
          </vertex>
          <vertex>
            <position x="-10.568" y="2.69" z="-6.394"></position>
            <normal x="0.0" y="0.0" z="1.0"></normal>
            <texcoord u="-7.0" v="-2.54"></texcoord>
          </vertex>
          <vertex>
            <position x="-1.248" y="0.0" z="-4.506"></position>
            <normal x="0.0" y="0.0" z="1.0"></normal>
            <texcoord u="11.64" v="2.8400002"></texcoord>
          </vertex>
          <vertex>
            <position x="-1.248" y="3.42" z="-4.506"></position>
            <normal x="0.0" y="0.0" z="1.0"></normal>
            <texcoord u="11.64" v="-4.0"></texcoord>
          </vertex>
          <vertex>
            <position x="-8.443" y="3.42" z="-4.506"></position>
            <normal x="0.0" y="0.0" z="1.0"></normal>
            <texcoord u="-2.75" v="-4.0"></texcoord>
          </vertex>
          <vertex>
            <position x="-8.443" y="0.0" z="-4.506"></position>
            <normal x="0.0" y="0.0" z="1.0"></normal>
            <texcoord u="-2.75" v="2.8400002"></texcoord>
          </vertex>
          <vertex>
            <position x="-0.358" y="2.09" z="-4.506"></position>
            <normal x="0.0" y="0.0" z="1.0"></normal>
            <texcoord u="13.42" v="-1.3399999"></texcoord>
          </vertex>
          <vertex>
            <position x="-0.358" y="3.42" z="-4.506"></position>
            <normal x="0.0" y="0.0" z="1.0"></normal>
            <texcoord u="13.42" v="-4.0"></texcoord>
          </vertex>
          <vertex>
            <position x="-1.248" y="2.09" z="-4.506"></position>
            <normal x="0.0" y="0.0" z="1.0"></normal>
            <texcoord u="11.64" v="-1.3399999"></texcoord>
          </vertex>
          <vertex>
            <position x="0.332" y="0.0" z="-4.506"></position>
            <normal x="0.0" y="0.0" z="1.0"></normal>
            <texcoord u="14.8" v="2.8400002"></texcoord>
          </vertex>
          <vertex>
            <position x="0.332" y="3.42" z="-4.506"></position>
            <normal x="0.0" y="0.0" z="1.0"></normal>
            <texcoord u="14.8" v="-4.0"></texcoord>
          </vertex>
          <vertex>
            <position x="-0.358" y="0.0" z="-4.506"></position>
            <normal x="0.0" y="0.0" z="1.0"></normal>
            <texcoord u="13.42" v="2.8400002"></texcoord>
          </vertex>
          <vertex>
            <position x="3.032" y="0.0" z="-4.481"></position>
            <normal x="0.0" y="0.0" z="1.0"></normal>
            <texcoord u="20.2" v="2.8400002"></texcoord>
          </vertex>
          <vertex>
            <position x="3.032" y="3.42" z="-4.481"></position>
            <normal x="0.0" y="0.0" z="1.0"></normal>
            <texcoord u="20.2" v="-4.0"></texcoord>
          </vertex>
          <vertex>
            <position x="0.332" y="3.42" z="-4.481"></position>
            <normal x="0.0" y="0.0" z="1.0"></normal>
            <texcoord u="14.8" v="-4.0"></texcoord>
          </vertex>
          <vertex>
            <position x="0.332" y="0.0" z="-4.481"></position>
            <normal x="0.0" y="0.0" z="1.0"></normal>
            <texcoord u="14.8" v="2.8400002"></texcoord>
          </vertex>
          <vertex>
            <position x="-8.38" y="0.6" z="-4.656"></position>
            <normal x="-1.0" y="0.0" z="0.0"></normal>
            <texcoord u="4.1" v="5.0"></texcoord>
          </vertex>
          <vertex>
            <position x="-8.38" y="3.42" z="-4.656"></position>
            <normal x="-1.0" y="0.0" z="0.0"></normal>
            <texcoord u="4.1" v="-0.64"></texcoord>
          </vertex>
          <vertex>
            <position x="-8.38" y="3.42" z="-6.519"></position>
            <normal x="-1.0" y="0.0" z="0.0"></normal>
            <texcoord u="0.375" v="-0.64"></texcoord>
          </vertex>
          <vertex>
            <position x="-8.38" y="0.6" z="-6.519"></position>
            <normal x="-1.0" y="0.0" z="0.0"></normal>
            <texcoord u="0.375" v="5.0"></texcoord>
          </vertex>
          <vertex>
            <position x="0.332" y="0.0" z="-4.481"></position>
            <normal x="-1.0" y="0.0" z="0.0"></normal>
            <texcoord u="14.8" v="2.8400002"></texcoord>
          </vertex>
          <vertex>
            <position x="0.332" y="3.42" z="-4.481"></position>
            <normal x="-1.0" y="0.0" z="0.0"></normal>
            <texcoord u="14.8" v="-4.0"></texcoord>
          </vertex>
          <vertex>
            <position x="0.332" y="3.42" z="-4.506"></position>
            <normal x="-1.0" y="0.0" z="0.0"></normal>
            <texcoord u="14.8" v="-4.0"></texcoord>
          </vertex>
          <vertex>
            <position x="0.332" y="0.0" z="-4.506"></position>
            <normal x="-1.0" y="0.0" z="0.0"></normal>
            <texcoord u="14.8" v="2.8400002"></texcoord>
          </vertex>
        </vertexbuffer>
      </geometry>
    </submesh>
  </submeshes>
</mesh>
