<mesh>
  <submeshes>
    <submesh material="Material.33" usesharedvertices="false">
      <faces count="24">
        <face v1="0" v2="1" v3="2"></face>
        <face v1="3" v2="4" v3="5"></face>
        <face v1="0" v2="2" v3="6"></face>
        <face v1="7" v2="3" v3="5"></face>
        <face v1="0" v2="8" v3="9"></face>
        <face v1="10" v2="11" v3="5"></face>
        <face v1="0" v2="9" v3="1"></face>
        <face v1="4" v2="10" v3="5"></face>
      </faces>
      <geometry vertexcount="12">
        <vertexbuffer positions="true" normals="true">
          <vertex>
            <position x="-0.848" y="2.22" z="7.919"></position>
            <normal x="0.0" y="0.0" z="-1.0"></normal>
          </vertex>
          <vertex>
            <position x="0.302" y="2.97" z="7.919"></position>
            <normal x="0.0" y="0.0" z="-1.0"></normal>
          </vertex>
          <vertex>
            <position x="0.302" y="0.03" z="7.919"></position>
            <normal x="0.0" y="0.0" z="-1.0"></normal>
          </vertex>
          <vertex>
            <position x="0.302" y="0.03" z="7.919"></position>
            <normal x="0.0" y="0.0" z="1.0"></normal>
          </vertex>
          <vertex>
            <position x="0.302" y="2.97" z="7.919"></position>
            <normal x="0.0" y="0.0" z="1.0"></normal>
          </vertex>
          <vertex>
            <position x="-0.848" y="2.22" z="7.919"></position>
            <normal x="0.0" y="0.0" z="1.0"></normal>
          </vertex>
          <vertex>
            <position x="-0.848" y="0.03" z="7.919"></position>
            <normal x="0.0" y="0.0" z="-1.0"></normal>
          </vertex>
          <vertex>
            <position x="-0.848" y="0.03" z="7.919"></position>
            <normal x="0.0" y="0.0" z="1.0"></normal>
          </vertex>
          <vertex>
            <position x="-1.838" y="2.22" z="7.919"></position>
            <normal x="0.0" y="0.0" z="-1.0"></normal>
          </vertex>
          <vertex>
            <position x="-1.838" y="2.97" z="7.919"></position>
            <normal x="0.0" y="0.0" z="-1.0"></normal>
          </vertex>
          <vertex>
            <position x="-1.838" y="2.97" z="7.919"></position>
            <normal x="0.0" y="0.0" z="1.0"></normal>
          </vertex>
          <vertex>
            <position x="-1.838" y="2.22" z="7.919"></position>
            <normal x="0.0" y="0.0" z="1.0"></normal>
          </vertex>
        </vertexbuffer>
      </geometry>
    </submesh>
  </submeshes>
</mesh>
