<mesh>
  <submeshes>
    <submesh material="Material.43" usesharedvertices="false">
      <faces count="216">
        <face v1="0" v2="1" v3="2"></face>
        <face v1="0" v2="2" v3="3"></face>
        <face v1="4" v2="5" v3="6"></face>
        <face v1="4" v2="6" v3="7"></face>
        <face v1="8" v2="9" v3="10"></face>
        <face v1="8" v2="10" v3="11"></face>
        <face v1="12" v2="13" v3="14"></face>
        <face v1="12" v2="14" v3="15"></face>
        <face v1="16" v2="17" v3="18"></face>
        <face v1="16" v2="18" v3="19"></face>
        <face v1="20" v2="21" v3="22"></face>
        <face v1="20" v2="22" v3="23"></face>
        <face v1="24" v2="25" v3="26"></face>
        <face v1="24" v2="26" v3="27"></face>
        <face v1="28" v2="29" v3="30"></face>
        <face v1="28" v2="30" v3="31"></face>
        <face v1="32" v2="33" v3="34"></face>
        <face v1="32" v2="34" v3="35"></face>
        <face v1="36" v2="37" v3="38"></face>
        <face v1="36" v2="38" v3="39"></face>
        <face v1="40" v2="41" v3="42"></face>
        <face v1="40" v2="42" v3="43"></face>
        <face v1="44" v2="45" v3="46"></face>
        <face v1="44" v2="46" v3="47"></face>
        <face v1="48" v2="49" v3="50"></face>
        <face v1="48" v2="50" v3="51"></face>
        <face v1="52" v2="53" v3="54"></face>
        <face v1="52" v2="54" v3="55"></face>
        <face v1="56" v2="57" v3="58"></face>
        <face v1="56" v2="58" v3="59"></face>
        <face v1="60" v2="61" v3="62"></face>
        <face v1="60" v2="62" v3="63"></face>
        <face v1="64" v2="65" v3="66"></face>
        <face v1="64" v2="66" v3="67"></face>
        <face v1="68" v2="69" v3="70"></face>
        <face v1="68" v2="70" v3="71"></face>
        <face v1="72" v2="73" v3="74"></face>
        <face v1="72" v2="74" v3="75"></face>
        <face v1="76" v2="77" v3="78"></face>
        <face v1="76" v2="78" v3="79"></face>
        <face v1="80" v2="81" v3="82"></face>
        <face v1="80" v2="82" v3="83"></face>
        <face v1="84" v2="85" v3="86"></face>
        <face v1="84" v2="86" v3="87"></face>
        <face v1="88" v2="89" v3="90"></face>
        <face v1="88" v2="90" v3="91"></face>
        <face v1="92" v2="93" v3="94"></face>
        <face v1="92" v2="94" v3="95"></face>
        <face v1="96" v2="97" v3="98"></face>
        <face v1="96" v2="98" v3="99"></face>
        <face v1="100" v2="101" v3="102"></face>
        <face v1="100" v2="102" v3="103"></face>
        <face v1="104" v2="105" v3="106"></face>
        <face v1="104" v2="106" v3="107"></face>
        <face v1="108" v2="109" v3="110"></face>
        <face v1="108" v2="110" v3="111"></face>
        <face v1="112" v2="113" v3="114"></face>
        <face v1="112" v2="114" v3="115"></face>
        <face v1="116" v2="117" v3="118"></face>
        <face v1="116" v2="118" v3="119"></face>
        <face v1="120" v2="121" v3="122"></face>
        <face v1="120" v2="122" v3="123"></face>
        <face v1="124" v2="125" v3="126"></face>
        <face v1="124" v2="126" v3="127"></face>
        <face v1="128" v2="129" v3="130"></face>
        <face v1="128" v2="130" v3="131"></face>
        <face v1="132" v2="133" v3="134"></face>
        <face v1="132" v2="134" v3="135"></face>
        <face v1="136" v2="137" v3="138"></face>
        <face v1="136" v2="138" v3="139"></face>
        <face v1="140" v2="141" v3="142"></face>
        <face v1="140" v2="142" v3="143"></face>
      </faces>
      <geometry vertexcount="144">
        <vertexbuffer positions="true" normals="true" texture_coords="1">
          <vertex>
            <position x="-8.478" y="0.0" z="7.994"></position>
            <normal x="0.0" y="0.0" z="1.0"></normal>
            <texcoord u="4.15" v="5.5"></texcoord>
          </vertex>
          <vertex>
            <position x="-8.478" y="2.09" z="7.994"></position>
            <normal x="0.0" y="0.0" z="1.0"></normal>
            <texcoord u="4.15" v="0.27499998"></texcoord>
          </vertex>
          <vertex>
            <position x="-8.508" y="2.09" z="7.994"></position>
            <normal x="0.0" y="0.0" z="1.0"></normal>
            <texcoord u="4.075" v="0.27499998"></texcoord>
          </vertex>
          <vertex>
            <position x="-8.508" y="0.0" z="7.994"></position>
            <normal x="0.0" y="0.0" z="1.0"></normal>
            <texcoord u="4.075" v="5.5"></texcoord>
          </vertex>
          <vertex>
            <position x="-8.508" y="0.0" z="7.844"></position>
            <normal x="0.0" y="0.0" z="-1.0"></normal>
            <texcoord u="4.075" v="5.5"></texcoord>
          </vertex>
          <vertex>
            <position x="-8.508" y="2.09" z="7.844"></position>
            <normal x="0.0" y="0.0" z="-1.0"></normal>
            <texcoord u="4.075" v="0.27499998"></texcoord>
          </vertex>
          <vertex>
            <position x="-8.478" y="2.09" z="7.844"></position>
            <normal x="0.0" y="0.0" z="-1.0"></normal>
            <texcoord u="4.15" v="0.27499998"></texcoord>
          </vertex>
          <vertex>
            <position x="-8.478" y="0.0" z="7.844"></position>
            <normal x="0.0" y="0.0" z="-1.0"></normal>
            <texcoord u="4.15" v="5.5"></texcoord>
          </vertex>
          <vertex>
            <position x="-8.508" y="0.0" z="7.994"></position>
            <normal x="-1.0" y="0.0" z="0.0"></normal>
            <texcoord u="1.373" v="1.225"></texcoord>
          </vertex>
          <vertex>
            <position x="-8.508" y="2.09" z="7.994"></position>
            <normal x="-1.0" y="0.0" z="0.0"></normal>
            <texcoord u="1.373" v="-4.0"></texcoord>
          </vertex>
          <vertex>
            <position x="-8.508" y="2.09" z="7.844"></position>
            <normal x="-1.0" y="0.0" z="0.0"></normal>
            <texcoord u="0.998" v="-4.0"></texcoord>
          </vertex>
          <vertex>
            <position x="-8.508" y="0.0" z="7.844"></position>
            <normal x="-1.0" y="0.0" z="0.0"></normal>
            <texcoord u="0.998" v="1.225"></texcoord>
          </vertex>
          <vertex>
            <position x="-9.338" y="0.0" z="7.994"></position>
            <normal x="0.0" y="0.0" z="1.0"></normal>
            <texcoord u="2.0" v="5.5"></texcoord>
          </vertex>
          <vertex>
            <position x="-9.338" y="2.09" z="7.994"></position>
            <normal x="0.0" y="0.0" z="1.0"></normal>
            <texcoord u="2.0" v="0.27499998"></texcoord>
          </vertex>
          <vertex>
            <position x="-9.368" y="2.09" z="7.994"></position>
            <normal x="0.0" y="0.0" z="1.0"></normal>
            <texcoord u="1.925" v="0.27499998"></texcoord>
          </vertex>
          <vertex>
            <position x="-9.368" y="0.0" z="7.994"></position>
            <normal x="0.0" y="0.0" z="1.0"></normal>
            <texcoord u="1.925" v="5.5"></texcoord>
          </vertex>
          <vertex>
            <position x="-9.338" y="0.0" z="7.844"></position>
            <normal x="1.0" y="0.0" z="0.0"></normal>
            <texcoord u="0.998" v="1.225"></texcoord>
          </vertex>
          <vertex>
            <position x="-9.338" y="2.09" z="7.844"></position>
            <normal x="1.0" y="0.0" z="0.0"></normal>
            <texcoord u="0.998" v="-4.0"></texcoord>
          </vertex>
          <vertex>
            <position x="-9.338" y="2.09" z="7.994"></position>
            <normal x="1.0" y="0.0" z="0.0"></normal>
            <texcoord u="1.373" v="-4.0"></texcoord>
          </vertex>
          <vertex>
            <position x="-9.338" y="0.0" z="7.994"></position>
            <normal x="1.0" y="0.0" z="0.0"></normal>
            <texcoord u="1.373" v="1.225"></texcoord>
          </vertex>
          <vertex>
            <position x="-9.368" y="0.0" z="7.844"></position>
            <normal x="0.0" y="0.0" z="-1.0"></normal>
            <texcoord u="1.925" v="5.5"></texcoord>
          </vertex>
          <vertex>
            <position x="-9.368" y="2.09" z="7.844"></position>
            <normal x="0.0" y="0.0" z="-1.0"></normal>
            <texcoord u="1.925" v="0.27499998"></texcoord>
          </vertex>
          <vertex>
            <position x="-9.338" y="2.09" z="7.844"></position>
            <normal x="0.0" y="0.0" z="-1.0"></normal>
            <texcoord u="2.0" v="0.27499998"></texcoord>
          </vertex>
          <vertex>
            <position x="-9.338" y="0.0" z="7.844"></position>
            <normal x="0.0" y="0.0" z="-1.0"></normal>
            <texcoord u="2.0" v="5.5"></texcoord>
          </vertex>
          <vertex>
            <position x="-9.338" y="2.09" z="7.994"></position>
            <normal x="0.0" y="0.0" z="1.0"></normal>
            <texcoord u="0.925" v="10.25"></texcoord>
          </vertex>
          <vertex>
            <position x="-9.338" y="2.06" z="7.994"></position>
            <normal x="0.0" y="0.0" z="1.0"></normal>
            <texcoord u="1.0" v="10.25"></texcoord>
          </vertex>
          <vertex>
            <position x="-8.508" y="2.06" z="7.994"></position>
            <normal x="0.0" y="0.0" z="1.0"></normal>
            <texcoord u="1.0" v="8.175"></texcoord>
          </vertex>
          <vertex>
            <position x="-8.508" y="2.09" z="7.994"></position>
            <normal x="0.0" y="0.0" z="1.0"></normal>
            <texcoord u="0.925" v="8.175"></texcoord>
          </vertex>
          <vertex>
            <position x="-8.508" y="2.09" z="7.844"></position>
            <normal x="0.0" y="0.0" z="-1.0"></normal>
            <texcoord u="0.925" v="8.175"></texcoord>
          </vertex>
          <vertex>
            <position x="-8.508" y="2.06" z="7.844"></position>
            <normal x="0.0" y="0.0" z="-1.0"></normal>
            <texcoord u="1.0" v="8.175"></texcoord>
          </vertex>
          <vertex>
            <position x="-9.338" y="2.06" z="7.844"></position>
            <normal x="0.0" y="0.0" z="-1.0"></normal>
            <texcoord u="1.0" v="10.25"></texcoord>
          </vertex>
          <vertex>
            <position x="-9.338" y="2.09" z="7.844"></position>
            <normal x="0.0" y="0.0" z="-1.0"></normal>
            <texcoord u="0.925" v="10.25"></texcoord>
          </vertex>
          <vertex>
            <position x="-9.338" y="2.06" z="7.844"></position>
            <normal x="0.0" y="-1.0" z="0.0"></normal>
            <texcoord u="6.249" v="37.575"></texcoord>
          </vertex>
          <vertex>
            <position x="-8.508" y="2.06" z="7.844"></position>
            <normal x="0.0" y="-1.0" z="0.0"></normal>
            <texcoord u="6.249" v="35.5"></texcoord>
          </vertex>
          <vertex>
            <position x="-8.508" y="2.06" z="7.994"></position>
            <normal x="0.0" y="-1.0" z="0.0"></normal>
            <texcoord u="6.624" v="35.5"></texcoord>
          </vertex>
          <vertex>
            <position x="-9.338" y="2.06" z="7.994"></position>
            <normal x="0.0" y="-1.0" z="0.0"></normal>
            <texcoord u="6.624" v="37.575"></texcoord>
          </vertex>
          <vertex>
            <position x="-7.168" y="0.0" z="7.994"></position>
            <normal x="0.0" y="0.0" z="1.0"></normal>
            <texcoord u="-14.25" v="4.225"></texcoord>
          </vertex>
          <vertex>
            <position x="-7.168" y="2.09" z="7.994"></position>
            <normal x="0.0" y="0.0" z="1.0"></normal>
            <texcoord u="-14.25" v="-1.0"></texcoord>
          </vertex>
          <vertex>
            <position x="-7.198" y="2.09" z="7.994"></position>
            <normal x="0.0" y="0.0" z="1.0"></normal>
            <texcoord u="-14.325" v="-1.0"></texcoord>
          </vertex>
          <vertex>
            <position x="-7.198" y="0.0" z="7.994"></position>
            <normal x="0.0" y="0.0" z="1.0"></normal>
            <texcoord u="-14.325" v="4.225"></texcoord>
          </vertex>
          <vertex>
            <position x="-7.198" y="0.0" z="7.844"></position>
            <normal x="0.0" y="0.0" z="-1.0"></normal>
            <texcoord u="-14.325" v="4.225"></texcoord>
          </vertex>
          <vertex>
            <position x="-7.198" y="2.09" z="7.844"></position>
            <normal x="0.0" y="0.0" z="-1.0"></normal>
            <texcoord u="-14.325" v="-1.0"></texcoord>
          </vertex>
          <vertex>
            <position x="-7.168" y="2.09" z="7.844"></position>
            <normal x="0.0" y="0.0" z="-1.0"></normal>
            <texcoord u="-14.25" v="-1.0"></texcoord>
          </vertex>
          <vertex>
            <position x="-7.168" y="0.0" z="7.844"></position>
            <normal x="0.0" y="0.0" z="-1.0"></normal>
            <texcoord u="-14.25" v="4.225"></texcoord>
          </vertex>
          <vertex>
            <position x="-7.198" y="0.0" z="7.994"></position>
            <normal x="-1.0" y="0.0" z="0.0"></normal>
            <texcoord u="1.373" v="1.225"></texcoord>
          </vertex>
          <vertex>
            <position x="-7.198" y="2.09" z="7.994"></position>
            <normal x="-1.0" y="0.0" z="0.0"></normal>
            <texcoord u="1.373" v="-4.0"></texcoord>
          </vertex>
          <vertex>
            <position x="-7.198" y="2.09" z="7.844"></position>
            <normal x="-1.0" y="0.0" z="0.0"></normal>
            <texcoord u="0.998" v="-4.0"></texcoord>
          </vertex>
          <vertex>
            <position x="-7.198" y="0.0" z="7.844"></position>
            <normal x="-1.0" y="0.0" z="0.0"></normal>
            <texcoord u="0.998" v="1.225"></texcoord>
          </vertex>
          <vertex>
            <position x="-8.348" y="0.0" z="7.994"></position>
            <normal x="0.0" y="0.0" z="1.0"></normal>
            <texcoord u="4.475" v="5.5"></texcoord>
          </vertex>
          <vertex>
            <position x="-8.348" y="2.09" z="7.994"></position>
            <normal x="0.0" y="0.0" z="1.0"></normal>
            <texcoord u="4.475" v="0.27499998"></texcoord>
          </vertex>
          <vertex>
            <position x="-8.378" y="2.09" z="7.994"></position>
            <normal x="0.0" y="0.0" z="1.0"></normal>
            <texcoord u="4.4" v="0.27499998"></texcoord>
          </vertex>
          <vertex>
            <position x="-8.378" y="0.0" z="7.994"></position>
            <normal x="0.0" y="0.0" z="1.0"></normal>
            <texcoord u="4.4" v="5.5"></texcoord>
          </vertex>
          <vertex>
            <position x="-8.348" y="0.0" z="7.844"></position>
            <normal x="1.0" y="0.0" z="0.0"></normal>
            <texcoord u="0.998" v="1.225"></texcoord>
          </vertex>
          <vertex>
            <position x="-8.348" y="2.09" z="7.844"></position>
            <normal x="1.0" y="0.0" z="0.0"></normal>
            <texcoord u="0.998" v="-4.0"></texcoord>
          </vertex>
          <vertex>
            <position x="-8.348" y="2.09" z="7.994"></position>
            <normal x="1.0" y="0.0" z="0.0"></normal>
            <texcoord u="1.373" v="-4.0"></texcoord>
          </vertex>
          <vertex>
            <position x="-8.348" y="0.0" z="7.994"></position>
            <normal x="1.0" y="0.0" z="0.0"></normal>
            <texcoord u="1.373" v="1.225"></texcoord>
          </vertex>
          <vertex>
            <position x="-8.378" y="0.0" z="7.844"></position>
            <normal x="0.0" y="0.0" z="-1.0"></normal>
            <texcoord u="4.4" v="5.5"></texcoord>
          </vertex>
          <vertex>
            <position x="-8.378" y="2.09" z="7.844"></position>
            <normal x="0.0" y="0.0" z="-1.0"></normal>
            <texcoord u="4.4" v="0.27499998"></texcoord>
          </vertex>
          <vertex>
            <position x="-8.348" y="2.09" z="7.844"></position>
            <normal x="0.0" y="0.0" z="-1.0"></normal>
            <texcoord u="4.475" v="0.27499998"></texcoord>
          </vertex>
          <vertex>
            <position x="-8.348" y="0.0" z="7.844"></position>
            <normal x="0.0" y="0.0" z="-1.0"></normal>
            <texcoord u="4.475" v="5.5"></texcoord>
          </vertex>
          <vertex>
            <position x="-8.348" y="0.03" z="7.994"></position>
            <normal x="0.0" y="1.0" z="0.0"></normal>
            <texcoord u="1.006" v="-89.225"></texcoord>
          </vertex>
          <vertex>
            <position x="-7.198" y="0.03" z="7.994"></position>
            <normal x="0.0" y="1.0" z="0.0"></normal>
            <texcoord u="1.006" v="-92.1"></texcoord>
          </vertex>
          <vertex>
            <position x="-7.198" y="0.03" z="7.844"></position>
            <normal x="0.0" y="1.0" z="0.0"></normal>
            <texcoord u="0.631" v="-92.1"></texcoord>
          </vertex>
          <vertex>
            <position x="-8.348" y="0.03" z="7.844"></position>
            <normal x="0.0" y="1.0" z="0.0"></normal>
            <texcoord u="0.631" v="-89.225"></texcoord>
          </vertex>
          <vertex>
            <position x="-7.198" y="0.0" z="7.994"></position>
            <normal x="0.0" y="0.0" z="1.0"></normal>
            <texcoord u="0.075" v="-1.875"></texcoord>
          </vertex>
          <vertex>
            <position x="-7.198" y="0.03" z="7.994"></position>
            <normal x="0.0" y="0.0" z="1.0"></normal>
            <texcoord u="0.0" v="-1.875"></texcoord>
          </vertex>
          <vertex>
            <position x="-8.348" y="0.03" z="7.994"></position>
            <normal x="0.0" y="0.0" z="1.0"></normal>
            <texcoord u="0.0" v="1.0"></texcoord>
          </vertex>
          <vertex>
            <position x="-8.348" y="0.0" z="7.994"></position>
            <normal x="0.0" y="0.0" z="1.0"></normal>
            <texcoord u="0.075" v="1.0"></texcoord>
          </vertex>
          <vertex>
            <position x="-8.348" y="0.0" z="7.844"></position>
            <normal x="0.0" y="0.0" z="-1.0"></normal>
            <texcoord u="0.075" v="1.0"></texcoord>
          </vertex>
          <vertex>
            <position x="-8.348" y="0.03" z="7.844"></position>
            <normal x="0.0" y="0.0" z="-1.0"></normal>
            <texcoord u="0.0" v="1.0"></texcoord>
          </vertex>
          <vertex>
            <position x="-7.198" y="0.03" z="7.844"></position>
            <normal x="0.0" y="0.0" z="-1.0"></normal>
            <texcoord u="0.0" v="-1.875"></texcoord>
          </vertex>
          <vertex>
            <position x="-7.198" y="0.0" z="7.844"></position>
            <normal x="0.0" y="0.0" z="-1.0"></normal>
            <texcoord u="0.075" v="-1.875"></texcoord>
          </vertex>
          <vertex>
            <position x="-8.348" y="2.09" z="7.994"></position>
            <normal x="0.0" y="0.0" z="1.0"></normal>
            <texcoord u="0.925" v="7.775"></texcoord>
          </vertex>
          <vertex>
            <position x="-8.348" y="2.06" z="7.994"></position>
            <normal x="0.0" y="0.0" z="1.0"></normal>
            <texcoord u="1.0" v="7.775"></texcoord>
          </vertex>
          <vertex>
            <position x="-7.198" y="2.06" z="7.994"></position>
            <normal x="0.0" y="0.0" z="1.0"></normal>
            <texcoord u="1.0" v="4.9"></texcoord>
          </vertex>
          <vertex>
            <position x="-7.198" y="2.09" z="7.994"></position>
            <normal x="0.0" y="0.0" z="1.0"></normal>
            <texcoord u="0.925" v="4.9"></texcoord>
          </vertex>
          <vertex>
            <position x="-7.198" y="2.09" z="7.844"></position>
            <normal x="0.0" y="0.0" z="-1.0"></normal>
            <texcoord u="0.925" v="4.9"></texcoord>
          </vertex>
          <vertex>
            <position x="-7.198" y="2.06" z="7.844"></position>
            <normal x="0.0" y="0.0" z="-1.0"></normal>
            <texcoord u="1.0" v="4.9"></texcoord>
          </vertex>
          <vertex>
            <position x="-8.348" y="2.06" z="7.844"></position>
            <normal x="0.0" y="0.0" z="-1.0"></normal>
            <texcoord u="1.0" v="7.775"></texcoord>
          </vertex>
          <vertex>
            <position x="-8.348" y="2.09" z="7.844"></position>
            <normal x="0.0" y="0.0" z="-1.0"></normal>
            <texcoord u="0.925" v="7.775"></texcoord>
          </vertex>
          <vertex>
            <position x="-8.348" y="2.06" z="7.844"></position>
            <normal x="0.0" y="-1.0" z="0.0"></normal>
            <texcoord u="0.631" v="-89.225"></texcoord>
          </vertex>
          <vertex>
            <position x="-7.198" y="2.06" z="7.844"></position>
            <normal x="0.0" y="-1.0" z="0.0"></normal>
            <texcoord u="0.631" v="-92.1"></texcoord>
          </vertex>
          <vertex>
            <position x="-7.198" y="2.06" z="7.994"></position>
            <normal x="0.0" y="-1.0" z="0.0"></normal>
            <texcoord u="1.006" v="-92.1"></texcoord>
          </vertex>
          <vertex>
            <position x="-8.348" y="2.06" z="7.994"></position>
            <normal x="0.0" y="-1.0" z="0.0"></normal>
            <texcoord u="1.006" v="-89.225"></texcoord>
          </vertex>
          <vertex>
            <position x="-9.338" y="2.97" z="7.844"></position>
            <normal x="0.0" y="-1.0" z="0.0"></normal>
            <texcoord u="6.249" v="37.575"></texcoord>
          </vertex>
          <vertex>
            <position x="-7.198" y="2.97" z="7.844"></position>
            <normal x="0.0" y="-1.0" z="0.0"></normal>
            <texcoord u="6.249" v="32.225"></texcoord>
          </vertex>
          <vertex>
            <position x="-7.198" y="2.97" z="7.994"></position>
            <normal x="0.0" y="-1.0" z="0.0"></normal>
            <texcoord u="6.624" v="32.225"></texcoord>
          </vertex>
          <vertex>
            <position x="-9.338" y="2.97" z="7.994"></position>
            <normal x="0.0" y="-1.0" z="0.0"></normal>
            <texcoord u="6.624" v="37.575"></texcoord>
          </vertex>
          <vertex>
            <position x="-7.198" y="3.0" z="7.844"></position>
            <normal x="0.0" y="0.0" z="-1.0"></normal>
            <texcoord u="0.925" v="-1.0"></texcoord>
          </vertex>
          <vertex>
            <position x="-7.198" y="2.97" z="7.844"></position>
            <normal x="0.0" y="0.0" z="-1.0"></normal>
            <texcoord u="1.0" v="-1.0"></texcoord>
          </vertex>
          <vertex>
            <position x="-9.338" y="2.97" z="7.844"></position>
            <normal x="0.0" y="0.0" z="-1.0"></normal>
            <texcoord u="1.0" v="4.35"></texcoord>
          </vertex>
          <vertex>
            <position x="-9.338" y="3.0" z="7.844"></position>
            <normal x="0.0" y="0.0" z="-1.0"></normal>
            <texcoord u="0.925" v="4.35"></texcoord>
          </vertex>
          <vertex>
            <position x="-9.338" y="3.0" z="7.994"></position>
            <normal x="0.0" y="0.0" z="1.0"></normal>
            <texcoord u="0.925" v="4.35"></texcoord>
          </vertex>
          <vertex>
            <position x="-9.338" y="2.97" z="7.994"></position>
            <normal x="0.0" y="0.0" z="1.0"></normal>
            <texcoord u="1.0" v="4.35"></texcoord>
          </vertex>
          <vertex>
            <position x="-7.198" y="2.97" z="7.994"></position>
            <normal x="0.0" y="0.0" z="1.0"></normal>
            <texcoord u="1.0" v="-1.0"></texcoord>
          </vertex>
          <vertex>
            <position x="-7.198" y="3.0" z="7.994"></position>
            <normal x="0.0" y="0.0" z="1.0"></normal>
            <texcoord u="0.925" v="-1.0"></texcoord>
          </vertex>
          <vertex>
            <position x="-9.338" y="2.19" z="7.844"></position>
            <normal x="0.0" y="0.0" z="-1.0"></normal>
            <texcoord u="0.675" v="10.25"></texcoord>
          </vertex>
          <vertex>
            <position x="-9.338" y="2.22" z="7.844"></position>
            <normal x="0.0" y="0.0" z="-1.0"></normal>
            <texcoord u="0.6" v="10.25"></texcoord>
          </vertex>
          <vertex>
            <position x="-7.198" y="2.22" z="7.844"></position>
            <normal x="0.0" y="0.0" z="-1.0"></normal>
            <texcoord u="0.6" v="4.9"></texcoord>
          </vertex>
          <vertex>
            <position x="-7.198" y="2.19" z="7.844"></position>
            <normal x="0.0" y="0.0" z="-1.0"></normal>
            <texcoord u="0.675" v="4.9"></texcoord>
          </vertex>
          <vertex>
            <position x="-7.198" y="2.19" z="7.994"></position>
            <normal x="0.0" y="0.0" z="1.0"></normal>
            <texcoord u="0.675" v="4.9"></texcoord>
          </vertex>
          <vertex>
            <position x="-7.198" y="2.22" z="7.994"></position>
            <normal x="0.0" y="0.0" z="1.0"></normal>
            <texcoord u="0.6" v="4.9"></texcoord>
          </vertex>
          <vertex>
            <position x="-9.338" y="2.22" z="7.994"></position>
            <normal x="0.0" y="0.0" z="1.0"></normal>
            <texcoord u="0.6" v="10.25"></texcoord>
          </vertex>
          <vertex>
            <position x="-9.338" y="2.19" z="7.994"></position>
            <normal x="0.0" y="0.0" z="1.0"></normal>
            <texcoord u="0.675" v="10.25"></texcoord>
          </vertex>
          <vertex>
            <position x="-9.338" y="2.22" z="7.994"></position>
            <normal x="0.0" y="1.0" z="0.0"></normal>
            <texcoord u="6.624" v="37.575"></texcoord>
          </vertex>
          <vertex>
            <position x="-7.198" y="2.22" z="7.994"></position>
            <normal x="0.0" y="1.0" z="0.0"></normal>
            <texcoord u="6.624" v="32.225"></texcoord>
          </vertex>
          <vertex>
            <position x="-7.198" y="2.22" z="7.844"></position>
            <normal x="0.0" y="1.0" z="0.0"></normal>
            <texcoord u="6.249" v="32.225"></texcoord>
          </vertex>
          <vertex>
            <position x="-9.338" y="2.22" z="7.844"></position>
            <normal x="0.0" y="1.0" z="0.0"></normal>
            <texcoord u="6.249" v="37.575"></texcoord>
          </vertex>
          <vertex>
            <position x="-9.368" y="2.19" z="7.844"></position>
            <normal x="0.0" y="0.0" z="-1.0"></normal>
            <texcoord u="1.925" v="0.024999976"></texcoord>
          </vertex>
          <vertex>
            <position x="-9.368" y="3.0" z="7.844"></position>
            <normal x="0.0" y="0.0" z="-1.0"></normal>
            <texcoord u="1.925" v="-2.0"></texcoord>
          </vertex>
          <vertex>
            <position x="-9.338" y="3.0" z="7.844"></position>
            <normal x="0.0" y="0.0" z="-1.0"></normal>
            <texcoord u="2.0" v="-2.0"></texcoord>
          </vertex>
          <vertex>
            <position x="-9.338" y="2.19" z="7.844"></position>
            <normal x="0.0" y="0.0" z="-1.0"></normal>
            <texcoord u="2.0" v="0.024999976"></texcoord>
          </vertex>
          <vertex>
            <position x="-9.338" y="2.19" z="7.844"></position>
            <normal x="1.0" y="0.0" z="0.0"></normal>
            <texcoord u="48.726" v="-2.75"></texcoord>
          </vertex>
          <vertex>
            <position x="-9.338" y="3.0" z="7.844"></position>
            <normal x="1.0" y="0.0" z="0.0"></normal>
            <texcoord u="48.726" v="-4.775"></texcoord>
          </vertex>
          <vertex>
            <position x="-9.338" y="3.0" z="7.994"></position>
            <normal x="1.0" y="0.0" z="0.0"></normal>
            <texcoord u="49.101" v="-4.775"></texcoord>
          </vertex>
          <vertex>
            <position x="-9.338" y="2.19" z="7.994"></position>
            <normal x="1.0" y="0.0" z="0.0"></normal>
            <texcoord u="49.101" v="-2.75"></texcoord>
          </vertex>
          <vertex>
            <position x="-9.338" y="2.19" z="7.994"></position>
            <normal x="0.0" y="0.0" z="1.0"></normal>
            <texcoord u="2.0" v="0.024999976"></texcoord>
          </vertex>
          <vertex>
            <position x="-9.338" y="3.0" z="7.994"></position>
            <normal x="0.0" y="0.0" z="1.0"></normal>
            <texcoord u="2.0" v="-2.0"></texcoord>
          </vertex>
          <vertex>
            <position x="-9.368" y="3.0" z="7.994"></position>
            <normal x="0.0" y="0.0" z="1.0"></normal>
            <texcoord u="1.925" v="-2.0"></texcoord>
          </vertex>
          <vertex>
            <position x="-9.368" y="2.19" z="7.994"></position>
            <normal x="0.0" y="0.0" z="1.0"></normal>
            <texcoord u="1.925" v="0.024999976"></texcoord>
          </vertex>
          <vertex>
            <position x="-7.198" y="2.19" z="7.994"></position>
            <normal x="-1.0" y="0.0" z="0.0"></normal>
            <texcoord u="49.1" v="-2.75"></texcoord>
          </vertex>
          <vertex>
            <position x="-7.198" y="3.0" z="7.994"></position>
            <normal x="-1.0" y="0.0" z="0.0"></normal>
            <texcoord u="49.1" v="-4.775"></texcoord>
          </vertex>
          <vertex>
            <position x="-7.198" y="3.0" z="7.844"></position>
            <normal x="-1.0" y="0.0" z="0.0"></normal>
            <texcoord u="48.725" v="-4.775"></texcoord>
          </vertex>
          <vertex>
            <position x="-7.198" y="2.19" z="7.844"></position>
            <normal x="-1.0" y="0.0" z="0.0"></normal>
            <texcoord u="48.725" v="-2.75"></texcoord>
          </vertex>
          <vertex>
            <position x="-7.198" y="2.19" z="7.844"></position>
            <normal x="0.0" y="0.0" z="-1.0"></normal>
            <texcoord u="-14.325" v="-1.25"></texcoord>
          </vertex>
          <vertex>
            <position x="-7.198" y="3.0" z="7.844"></position>
            <normal x="0.0" y="0.0" z="-1.0"></normal>
            <texcoord u="-14.325" v="-3.275"></texcoord>
          </vertex>
          <vertex>
            <position x="-7.168" y="3.0" z="7.844"></position>
            <normal x="0.0" y="0.0" z="-1.0"></normal>
            <texcoord u="-14.25" v="-3.275"></texcoord>
          </vertex>
          <vertex>
            <position x="-7.168" y="2.19" z="7.844"></position>
            <normal x="0.0" y="0.0" z="-1.0"></normal>
            <texcoord u="-14.25" v="-1.25"></texcoord>
          </vertex>
          <vertex>
            <position x="-7.168" y="2.19" z="7.994"></position>
            <normal x="0.0" y="0.0" z="1.0"></normal>
            <texcoord u="-14.25" v="-1.25"></texcoord>
          </vertex>
          <vertex>
            <position x="-7.168" y="3.0" z="7.994"></position>
            <normal x="0.0" y="0.0" z="1.0"></normal>
            <texcoord u="-14.25" v="-3.275"></texcoord>
          </vertex>
          <vertex>
            <position x="-7.198" y="3.0" z="7.994"></position>
            <normal x="0.0" y="0.0" z="1.0"></normal>
            <texcoord u="-14.325" v="-3.275"></texcoord>
          </vertex>
          <vertex>
            <position x="-7.198" y="2.19" z="7.994"></position>
            <normal x="0.0" y="0.0" z="1.0"></normal>
            <texcoord u="-14.325" v="-1.25"></texcoord>
          </vertex>
          <vertex>
            <position x="-8.348" y="0.7" z="7.904"></position>
            <normal x="0.0" y="0.0" z="-1.0"></normal>
            <texcoord u="4.4" v="7.775"></texcoord>
          </vertex>
          <vertex>
            <position x="-8.348" y="0.85" z="7.904"></position>
            <normal x="0.0" y="0.0" z="-1.0"></normal>
            <texcoord u="4.025" v="7.775"></texcoord>
          </vertex>
          <vertex>
            <position x="-7.198" y="0.85" z="7.904"></position>
            <normal x="0.0" y="0.0" z="-1.0"></normal>
            <texcoord u="4.025" v="4.9"></texcoord>
          </vertex>
          <vertex>
            <position x="-7.198" y="0.7" z="7.904"></position>
            <normal x="0.0" y="0.0" z="-1.0"></normal>
            <texcoord u="4.4" v="4.9"></texcoord>
          </vertex>
          <vertex>
            <position x="-8.348" y="0.85" z="7.904"></position>
            <normal x="0.0" y="1.0" z="0.0"></normal>
            <texcoord u="0.926" v="19.625"></texcoord>
          </vertex>
          <vertex>
            <position x="-8.348" y="0.85" z="7.934"></position>
            <normal x="0.0" y="1.0" z="0.0"></normal>
            <texcoord u="1.001" v="19.625"></texcoord>
          </vertex>
          <vertex>
            <position x="-7.198" y="0.85" z="7.934"></position>
            <normal x="0.0" y="1.0" z="0.0"></normal>
            <texcoord u="1.001" v="16.75"></texcoord>
          </vertex>
          <vertex>
            <position x="-7.198" y="0.85" z="7.904"></position>
            <normal x="0.0" y="1.0" z="0.0"></normal>
            <texcoord u="0.926" v="16.75"></texcoord>
          </vertex>
          <vertex>
            <position x="-7.198" y="0.7" z="7.934"></position>
            <normal x="0.0" y="0.0" z="1.0"></normal>
            <texcoord u="4.4" v="4.9"></texcoord>
          </vertex>
          <vertex>
            <position x="-7.198" y="0.85" z="7.934"></position>
            <normal x="0.0" y="0.0" z="1.0"></normal>
            <texcoord u="4.025" v="4.9"></texcoord>
          </vertex>
          <vertex>
            <position x="-8.348" y="0.85" z="7.934"></position>
            <normal x="0.0" y="0.0" z="1.0"></normal>
            <texcoord u="4.025" v="7.775"></texcoord>
          </vertex>
          <vertex>
            <position x="-8.348" y="0.7" z="7.934"></position>
            <normal x="0.0" y="0.0" z="1.0"></normal>
            <texcoord u="4.4" v="7.775"></texcoord>
          </vertex>
        </vertexbuffer>
      </geometry>
    </submesh>
  </submeshes>
</mesh>
