<mesh>
  <submeshes>
    <submesh material="Material.16" usesharedvertices="false">
      <faces count="6">
        <face v1="0" v2="1" v3="2"></face>
        <face v1="0" v2="2" v3="3"></face>
      </faces>
      <geometry vertexcount="4">
        <vertexbuffer positions="true" normals="true" texture_coords="1">
          <vertex>
            <position x="10.765" y="0.0" z="0.479"></position>
            <normal x="4.9261167E-4" y="0.0" z="0.9999999"></normal>
            <texcoord u="35.16" v="2.8400002"></texcoord>
          </vertex>
          <vertex>
            <position x="10.765" y="3.42" z="0.479"></position>
            <normal x="4.9261167E-4" y="0.0" z="0.9999999"></normal>
            <texcoord u="35.16" v="-4.0"></texcoord>
          </vertex>
          <vertex>
            <position x="6.705" y="3.42" z="0.481"></position>
            <normal x="4.9261167E-4" y="0.0" z="0.9999999"></normal>
            <texcoord u="27.531" v="-4.0"></texcoord>
          </vertex>
          <vertex>
            <position x="6.705" y="0.0" z="0.481"></position>
            <normal x="4.9261167E-4" y="0.0" z="0.9999999"></normal>
            <texcoord u="27.531" v="2.8400002"></texcoord>
          </vertex>
        </vertexbuffer>
      </geometry>
    </submesh>
  </submeshes>
</mesh>
