<mesh>
  <submeshes>
    <submesh material="Material.47" usesharedvertices="false">
      <faces count="36">
        <face v1="0" v2="1" v3="2"></face>
        <face v1="0" v2="2" v3="3"></face>
        <face v1="4" v2="5" v3="1"></face>
        <face v1="4" v2="1" v3="0"></face>
        <face v1="6" v2="7" v3="5"></face>
        <face v1="6" v2="5" v3="4"></face>
        <face v1="8" v2="9" v3="7"></face>
        <face v1="8" v2="7" v3="6"></face>
        <face v1="10" v2="11" v3="9"></face>
        <face v1="10" v2="9" v3="8"></face>
        <face v1="12" v2="13" v3="11"></face>
        <face v1="12" v2="11" v3="10"></face>
      </faces>
      <geometry vertexcount="14">
        <vertexbuffer positions="true" normals="true">
          <vertex>
            <position x="3.089" y="0.0" z="7.819"></position>
            <normal x="0.8655473" y="0.0" z="-0.5008273"></normal>
          </vertex>
          <vertex>
            <position x="3.089" y="3.42" z="7.819"></position>
            <normal x="0.8655473" y="0.0" z="-0.5008273"></normal>
          </vertex>
          <vertex>
            <position x="3.116" y="3.42" z="7.919"></position>
            <normal x="0.9654294" y="0.0" z="-0.26066446"></normal>
          </vertex>
          <vertex>
            <position x="3.116" y="0.0" z="7.919"></position>
            <normal x="0.9654294" y="0.0" z="-0.26066446"></normal>
          </vertex>
          <vertex>
            <position x="3.016" y="0.0" z="7.746"></position>
            <normal x="0.50082755" y="0.0" z="-0.8655471"></normal>
          </vertex>
          <vertex>
            <position x="3.016" y="3.42" z="7.746"></position>
            <normal x="0.50082755" y="0.0" z="-0.8655471"></normal>
          </vertex>
          <vertex>
            <position x="2.916" y="0.0" z="7.719"></position>
            <normal x="-3.0869506E-7" y="0.0" z="-1.0"></normal>
          </vertex>
          <vertex>
            <position x="2.916" y="3.42" z="7.719"></position>
            <normal x="-3.0869506E-7" y="0.0" z="-1.0"></normal>
          </vertex>
          <vertex>
            <position x="2.816" y="0.0" z="7.746"></position>
            <normal x="-0.5008278" y="0.0" z="-0.86554694"></normal>
          </vertex>
          <vertex>
            <position x="2.816" y="3.42" z="7.746"></position>
            <normal x="-0.5008278" y="0.0" z="-0.86554694"></normal>
          </vertex>
          <vertex>
            <position x="2.743" y="0.0" z="7.819"></position>
            <normal x="-0.8655473" y="0.0" z="-0.5008273"></normal>
          </vertex>
          <vertex>
            <position x="2.743" y="3.42" z="7.819"></position>
            <normal x="-0.8655473" y="0.0" z="-0.5008273"></normal>
          </vertex>
          <vertex>
            <position x="2.716" y="0.0" z="7.919"></position>
            <normal x="-0.9654294" y="0.0" z="-0.26066446"></normal>
          </vertex>
          <vertex>
            <position x="2.716" y="3.42" z="7.919"></position>
            <normal x="-0.9654294" y="0.0" z="-0.26066446"></normal>
          </vertex>
        </vertexbuffer>
      </geometry>
    </submesh>
  </submeshes>
</mesh>
