<mesh>
  <submeshes>
    <submesh material="Material.10" usesharedvertices="false">
      <faces count="48">
        <face v1="0" v2="1" v3="2"></face>
        <face v1="0" v2="2" v3="3"></face>
        <face v1="4" v2="5" v3="1"></face>
        <face v1="4" v2="1" v3="6"></face>
        <face v1="7" v2="8" v3="5"></face>
        <face v1="7" v2="5" v3="9"></face>
        <face v1="10" v2="11" v3="12"></face>
        <face v1="10" v2="12" v3="13"></face>
        <face v1="14" v2="12" v3="15"></face>
        <face v1="14" v2="15" v3="16"></face>
        <face v1="17" v2="15" v3="18"></face>
        <face v1="17" v2="18" v3="19"></face>
        <face v1="20" v2="21" v3="22"></face>
        <face v1="20" v2="22" v3="23"></face>
        <face v1="24" v2="25" v3="26"></face>
        <face v1="24" v2="26" v3="27"></face>
      </faces>
      <geometry vertexcount="28">
        <vertexbuffer positions="true" normals="true" texture_coords="1">
          <vertex>
            <position x="-1.893" y="0.6" z="-6.981"></position>
            <normal x="0.0" y="0.0" z="1.0"></normal>
            <texcoord u="-3.45" v="1.64"></texcoord>
          </vertex>
          <vertex>
            <position x="-1.893" y="3.42" z="-6.981"></position>
            <normal x="0.0" y="0.0" z="1.0"></normal>
            <texcoord u="-3.45" v="-4.0"></texcoord>
          </vertex>
          <vertex>
            <position x="-1.968" y="3.42" z="-6.981"></position>
            <normal x="0.0" y="0.0" z="1.0"></normal>
            <texcoord u="-3.6" v="-4.0"></texcoord>
          </vertex>
          <vertex>
            <position x="-1.968" y="0.6" z="-6.981"></position>
            <normal x="0.0" y="0.0" z="1.0"></normal>
            <texcoord u="-3.6" v="1.64"></texcoord>
          </vertex>
          <vertex>
            <position x="-1.003" y="2.69" z="-6.981"></position>
            <normal x="0.0" y="0.0" z="1.0"></normal>
            <texcoord u="-1.67" v="-2.54"></texcoord>
          </vertex>
          <vertex>
            <position x="-1.003" y="3.42" z="-6.981"></position>
            <normal x="0.0" y="0.0" z="1.0"></normal>
            <texcoord u="-1.67" v="-4.0"></texcoord>
          </vertex>
          <vertex>
            <position x="-1.893" y="2.69" z="-6.981"></position>
            <normal x="0.0" y="0.0" z="1.0"></normal>
            <texcoord u="-3.45" v="-2.54"></texcoord>
          </vertex>
          <vertex>
            <position x="0.332" y="0.0" z="-6.981"></position>
            <normal x="0.0" y="0.0" z="1.0"></normal>
            <texcoord u="1.0" v="2.8400002"></texcoord>
          </vertex>
          <vertex>
            <position x="0.332" y="3.42" z="-6.981"></position>
            <normal x="0.0" y="0.0" z="1.0"></normal>
            <texcoord u="1.0" v="-4.0"></texcoord>
          </vertex>
          <vertex>
            <position x="-1.003" y="0.0" z="-6.981"></position>
            <normal x="0.0" y="0.0" z="1.0"></normal>
            <texcoord u="-1.67" v="2.8400002"></texcoord>
          </vertex>
          <vertex>
            <position x="-1.968" y="0.0" z="-4.656"></position>
            <normal x="0.0" y="0.0" z="-1.0"></normal>
            <texcoord u="-3.6" v="2.8400002"></texcoord>
          </vertex>
          <vertex>
            <position x="-1.968" y="3.42" z="-4.656"></position>
            <normal x="0.0" y="0.0" z="-1.0"></normal>
            <texcoord u="-3.6" v="-4.0"></texcoord>
          </vertex>
          <vertex>
            <position x="-1.248" y="3.42" z="-4.656"></position>
            <normal x="0.0" y="0.0" z="-1.0"></normal>
            <texcoord u="-2.16" v="-4.0"></texcoord>
          </vertex>
          <vertex>
            <position x="-1.248" y="0.0" z="-4.656"></position>
            <normal x="0.0" y="0.0" z="-1.0"></normal>
            <texcoord u="-2.16" v="2.8400002"></texcoord>
          </vertex>
          <vertex>
            <position x="-1.248" y="2.09" z="-4.656"></position>
            <normal x="0.0" y="0.0" z="-1.0"></normal>
            <texcoord u="-2.16" v="-1.3399999"></texcoord>
          </vertex>
          <vertex>
            <position x="-0.358" y="3.42" z="-4.656"></position>
            <normal x="0.0" y="0.0" z="-1.0"></normal>
            <texcoord u="-0.38" v="-4.0"></texcoord>
          </vertex>
          <vertex>
            <position x="-0.358" y="2.09" z="-4.656"></position>
            <normal x="0.0" y="0.0" z="-1.0"></normal>
            <texcoord u="-0.38" v="-1.3399999"></texcoord>
          </vertex>
          <vertex>
            <position x="-0.358" y="0.0" z="-4.656"></position>
            <normal x="0.0" y="0.0" z="-1.0"></normal>
            <texcoord u="-0.38" v="2.8400002"></texcoord>
          </vertex>
          <vertex>
            <position x="0.332" y="3.42" z="-4.656"></position>
            <normal x="0.0" y="0.0" z="-1.0"></normal>
            <texcoord u="1.0" v="-4.0"></texcoord>
          </vertex>
          <vertex>
            <position x="0.332" y="0.0" z="-4.656"></position>
            <normal x="0.0" y="0.0" z="-1.0"></normal>
            <texcoord u="1.0" v="2.8400002"></texcoord>
          </vertex>
          <vertex>
            <position x="0.332" y="0.0" z="-4.656"></position>
            <normal x="-1.0" y="0.0" z="0.0"></normal>
            <texcoord u="3.0" v="4.0"></texcoord>
          </vertex>
          <vertex>
            <position x="0.332" y="3.42" z="-4.656"></position>
            <normal x="-1.0" y="0.0" z="0.0"></normal>
            <texcoord u="3.0" v="-2.84"></texcoord>
          </vertex>
          <vertex>
            <position x="0.332" y="3.42" z="-6.981"></position>
            <normal x="-1.0" y="0.0" z="0.0"></normal>
            <texcoord u="-1.65" v="-2.84"></texcoord>
          </vertex>
          <vertex>
            <position x="0.332" y="0.0" z="-6.981"></position>
            <normal x="-1.0" y="0.0" z="0.0"></normal>
            <texcoord u="-1.65" v="4.0"></texcoord>
          </vertex>
          <vertex>
            <position x="-1.968" y="3.42" z="-6.981"></position>
            <normal x="1.0" y="0.0" z="0.0"></normal>
            <texcoord u="-1.65" v="-2.84"></texcoord>
          </vertex>
          <vertex>
            <position x="-1.968" y="3.42" z="-4.656"></position>
            <normal x="1.0" y="0.0" z="0.0"></normal>
            <texcoord u="3.0" v="-2.84"></texcoord>
          </vertex>
          <vertex>
            <position x="-1.968" y="0.0" z="-4.656"></position>
            <normal x="1.0" y="0.0" z="0.0"></normal>
            <texcoord u="3.0" v="4.0"></texcoord>
          </vertex>
          <vertex>
            <position x="-1.968" y="0.0" z="-6.981"></position>
            <normal x="1.0" y="0.0" z="0.0"></normal>
            <texcoord u="-1.65" v="4.0"></texcoord>
          </vertex>
        </vertexbuffer>
      </geometry>
    </submesh>
  </submeshes>
</mesh>
