<mesh>
  <submeshes>
    <submesh material="Material.14" usesharedvertices="false">
      <faces count="6">
        <face v1="0" v2="1" v3="2"></face>
        <face v1="0" v2="2" v3="3"></face>
      </faces>
      <geometry vertexcount="4">
        <vertexbuffer positions="true" normals="true" texture_coords="1">
          <vertex>
            <position x="0.332" y="0.0" z="-6.981"></position>
            <normal x="0.0" y="1.0" z="0.0"></normal>
            <texcoord u="11.07" v="-3.3530002"></texcoord>
          </vertex>
          <vertex>
            <position x="-1.968" y="0.0" z="-6.981"></position>
            <normal x="0.0" y="1.0" z="0.0"></normal>
            <texcoord u="9.792" v="-3.3530002"></texcoord>
          </vertex>
          <vertex>
            <position x="-1.968" y="0.0" z="-4.656"></position>
            <normal x="0.0" y="1.0" z="0.0"></normal>
            <texcoord u="9.792" v="-2.061"></texcoord>
          </vertex>
          <vertex>
            <position x="0.332" y="0.0" z="-4.656"></position>
            <normal x="0.0" y="1.0" z="0.0"></normal>
            <texcoord u="11.07" v="-2.061"></texcoord>
          </vertex>
        </vertexbuffer>
      </geometry>
    </submesh>
  </submeshes>
</mesh>
