<mesh>
  <submeshes>
    <submesh material="Material.24" usesharedvertices="false">
      <faces count="12">
        <face v1="0" v2="1" v3="2"></face>
        <face v1="0" v2="2" v3="3"></face>
        <face v1="4" v2="5" v3="6"></face>
        <face v1="4" v2="6" v3="7"></face>
      </faces>
      <geometry vertexcount="8">
        <vertexbuffer positions="true" normals="true" texture_coords="1">
          <vertex>
            <position x="10.512" y="2.19" z="8.019"></position>
            <normal x="-1.0" y="0.0" z="0.0"></normal>
            <texcoord u="-4.799" v="-0.38"></texcoord>
          </vertex>
          <vertex>
            <position x="10.512" y="3.42" z="8.019"></position>
            <normal x="-1.0" y="0.0" z="0.0"></normal>
            <texcoord u="-4.799" v="-2.84"></texcoord>
          </vertex>
          <vertex>
            <position x="10.512" y="3.42" z="-4.481"></position>
            <normal x="-1.0" y="0.0" z="0.0"></normal>
            <texcoord u="-29.799" v="-2.84"></texcoord>
          </vertex>
          <vertex>
            <position x="10.512" y="2.19" z="-4.481"></position>
            <normal x="-1.0" y="0.0" z="0.0"></normal>
            <texcoord u="-29.799" v="-0.38"></texcoord>
          </vertex>
          <vertex>
            <position x="10.512" y="0.0" z="8.019"></position>
            <normal x="-1.0" y="0.0" z="0.0"></normal>
            <texcoord u="-4.799" v="4.0"></texcoord>
          </vertex>
          <vertex>
            <position x="10.512" y="0.72" z="8.019"></position>
            <normal x="-1.0" y="0.0" z="0.0"></normal>
            <texcoord u="-4.799" v="2.56"></texcoord>
          </vertex>
          <vertex>
            <position x="10.512" y="0.72" z="-4.481"></position>
            <normal x="-1.0" y="0.0" z="0.0"></normal>
            <texcoord u="-29.799" v="2.56"></texcoord>
          </vertex>
          <vertex>
            <position x="10.512" y="0.0" z="-4.481"></position>
            <normal x="-1.0" y="0.0" z="0.0"></normal>
            <texcoord u="-29.799" v="4.0"></texcoord>
          </vertex>
        </vertexbuffer>
      </geometry>
    </submesh>
  </submeshes>
</mesh>
