<mesh>
  <submeshes>
    <submesh material="Material.36" usesharedvertices="false">
      <faces count="156">
        <face v1="0" v2="1" v3="2"></face>
        <face v1="0" v2="2" v3="3"></face>
        <face v1="4" v2="5" v3="6"></face>
        <face v1="4" v2="6" v3="7"></face>
        <face v1="8" v2="9" v3="10"></face>
        <face v1="8" v2="10" v3="11"></face>
        <face v1="12" v2="13" v3="14"></face>
        <face v1="12" v2="14" v3="15"></face>
        <face v1="16" v2="17" v3="18"></face>
        <face v1="16" v2="18" v3="19"></face>
        <face v1="20" v2="21" v3="22"></face>
        <face v1="20" v2="22" v3="23"></face>
        <face v1="24" v2="25" v3="26"></face>
        <face v1="24" v2="26" v3="27"></face>
        <face v1="28" v2="29" v3="30"></face>
        <face v1="28" v2="30" v3="31"></face>
        <face v1="32" v2="33" v3="34"></face>
        <face v1="32" v2="34" v3="35"></face>
        <face v1="36" v2="37" v3="38"></face>
        <face v1="36" v2="38" v3="39"></face>
        <face v1="40" v2="41" v3="42"></face>
        <face v1="40" v2="42" v3="43"></face>
        <face v1="44" v2="45" v3="46"></face>
        <face v1="44" v2="46" v3="47"></face>
        <face v1="48" v2="49" v3="50"></face>
        <face v1="48" v2="50" v3="51"></face>
        <face v1="52" v2="53" v3="54"></face>
        <face v1="52" v2="54" v3="55"></face>
        <face v1="56" v2="57" v3="58"></face>
        <face v1="56" v2="58" v3="59"></face>
        <face v1="60" v2="61" v3="62"></face>
        <face v1="60" v2="62" v3="63"></face>
        <face v1="64" v2="65" v3="66"></face>
        <face v1="64" v2="66" v3="67"></face>
        <face v1="68" v2="69" v3="70"></face>
        <face v1="68" v2="70" v3="71"></face>
        <face v1="72" v2="73" v3="74"></face>
        <face v1="72" v2="74" v3="75"></face>
        <face v1="76" v2="77" v3="78"></face>
        <face v1="76" v2="78" v3="79"></face>
        <face v1="80" v2="81" v3="82"></face>
        <face v1="80" v2="82" v3="83"></face>
        <face v1="84" v2="85" v3="86"></face>
        <face v1="84" v2="86" v3="87"></face>
        <face v1="88" v2="89" v3="90"></face>
        <face v1="88" v2="90" v3="91"></face>
        <face v1="92" v2="93" v3="94"></face>
        <face v1="92" v2="94" v3="95"></face>
        <face v1="96" v2="97" v3="98"></face>
        <face v1="96" v2="98" v3="99"></face>
        <face v1="100" v2="101" v3="102"></face>
        <face v1="100" v2="102" v3="103"></face>
      </faces>
      <geometry vertexcount="104">
        <vertexbuffer positions="true" normals="true" texture_coords="1">
          <vertex>
            <position x="-3.608" y="0.0" z="7.844"></position>
            <normal x="0.0" y="0.0" z="-1.0"></normal>
            <texcoord u="-8.075" v="6.5"></texcoord>
          </vertex>
          <vertex>
            <position x="-3.608" y="2.09" z="7.844"></position>
            <normal x="0.0" y="0.0" z="-1.0"></normal>
            <texcoord u="-8.075" v="1.275"></texcoord>
          </vertex>
          <vertex>
            <position x="-3.578" y="2.09" z="7.844"></position>
            <normal x="0.0" y="0.0" z="-1.0"></normal>
            <texcoord u="-8.15" v="1.275"></texcoord>
          </vertex>
          <vertex>
            <position x="-3.578" y="0.0" z="7.844"></position>
            <normal x="0.0" y="0.0" z="-1.0"></normal>
            <texcoord u="-8.15" v="6.5"></texcoord>
          </vertex>
          <vertex>
            <position x="-3.608" y="0.0" z="7.994"></position>
            <normal x="-1.0" y="0.0" z="0.0"></normal>
            <texcoord u="1.373" v="1.225"></texcoord>
          </vertex>
          <vertex>
            <position x="-3.608" y="2.09" z="7.994"></position>
            <normal x="-1.0" y="0.0" z="0.0"></normal>
            <texcoord u="1.373" v="-4.0"></texcoord>
          </vertex>
          <vertex>
            <position x="-3.608" y="2.09" z="7.844"></position>
            <normal x="-1.0" y="0.0" z="0.0"></normal>
            <texcoord u="0.998" v="-4.0"></texcoord>
          </vertex>
          <vertex>
            <position x="-3.608" y="0.0" z="7.844"></position>
            <normal x="-1.0" y="0.0" z="0.0"></normal>
            <texcoord u="0.998" v="1.225"></texcoord>
          </vertex>
          <vertex>
            <position x="-4.438" y="0.0" z="7.844"></position>
            <normal x="1.0" y="0.0" z="0.0"></normal>
            <texcoord u="0.998" v="1.225"></texcoord>
          </vertex>
          <vertex>
            <position x="-4.438" y="2.09" z="7.844"></position>
            <normal x="1.0" y="0.0" z="0.0"></normal>
            <texcoord u="0.998" v="-4.0"></texcoord>
          </vertex>
          <vertex>
            <position x="-4.438" y="2.09" z="7.994"></position>
            <normal x="1.0" y="0.0" z="0.0"></normal>
            <texcoord u="1.373" v="-4.0"></texcoord>
          </vertex>
          <vertex>
            <position x="-4.438" y="0.0" z="7.994"></position>
            <normal x="1.0" y="0.0" z="0.0"></normal>
            <texcoord u="1.373" v="1.225"></texcoord>
          </vertex>
          <vertex>
            <position x="-4.468" y="0.0" z="7.844"></position>
            <normal x="0.0" y="0.0" z="-1.0"></normal>
            <texcoord u="-5.925" v="6.5"></texcoord>
          </vertex>
          <vertex>
            <position x="-4.468" y="2.09" z="7.844"></position>
            <normal x="0.0" y="0.0" z="-1.0"></normal>
            <texcoord u="-5.925" v="1.275"></texcoord>
          </vertex>
          <vertex>
            <position x="-4.438" y="2.09" z="7.844"></position>
            <normal x="0.0" y="0.0" z="-1.0"></normal>
            <texcoord u="-6.0" v="1.275"></texcoord>
          </vertex>
          <vertex>
            <position x="-4.438" y="0.0" z="7.844"></position>
            <normal x="0.0" y="0.0" z="-1.0"></normal>
            <texcoord u="-6.0" v="6.5"></texcoord>
          </vertex>
          <vertex>
            <position x="-4.438" y="2.09" z="7.994"></position>
            <normal x="0.0" y="0.0" z="1.0"></normal>
            <texcoord u="0.925" v="-2.0"></texcoord>
          </vertex>
          <vertex>
            <position x="-4.438" y="2.06" z="7.994"></position>
            <normal x="0.0" y="0.0" z="1.0"></normal>
            <texcoord u="1.0" v="-2.0"></texcoord>
          </vertex>
          <vertex>
            <position x="-3.608" y="2.06" z="7.994"></position>
            <normal x="0.0" y="0.0" z="1.0"></normal>
            <texcoord u="1.0" v="-4.075"></texcoord>
          </vertex>
          <vertex>
            <position x="-3.608" y="2.09" z="7.994"></position>
            <normal x="0.0" y="0.0" z="1.0"></normal>
            <texcoord u="0.925" v="-4.075"></texcoord>
          </vertex>
          <vertex>
            <position x="-3.608" y="2.09" z="7.844"></position>
            <normal x="0.0" y="0.0" z="-1.0"></normal>
            <texcoord u="0.925" v="-4.075"></texcoord>
          </vertex>
          <vertex>
            <position x="-3.608" y="2.06" z="7.844"></position>
            <normal x="0.0" y="0.0" z="-1.0"></normal>
            <texcoord u="1.0" v="-4.075"></texcoord>
          </vertex>
          <vertex>
            <position x="-4.438" y="2.06" z="7.844"></position>
            <normal x="0.0" y="0.0" z="-1.0"></normal>
            <texcoord u="1.0" v="-2.0"></texcoord>
          </vertex>
          <vertex>
            <position x="-4.438" y="2.09" z="7.844"></position>
            <normal x="0.0" y="0.0" z="-1.0"></normal>
            <texcoord u="0.925" v="-2.0"></texcoord>
          </vertex>
          <vertex>
            <position x="-4.438" y="2.06" z="7.844"></position>
            <normal x="0.0" y="-1.0" z="0.0"></normal>
            <texcoord u="6.249" v="25.325"></texcoord>
          </vertex>
          <vertex>
            <position x="-3.608" y="2.06" z="7.844"></position>
            <normal x="0.0" y="-1.0" z="0.0"></normal>
            <texcoord u="6.249" v="23.25"></texcoord>
          </vertex>
          <vertex>
            <position x="-3.608" y="2.06" z="7.994"></position>
            <normal x="0.0" y="-1.0" z="0.0"></normal>
            <texcoord u="6.624" v="23.25"></texcoord>
          </vertex>
          <vertex>
            <position x="-4.438" y="2.06" z="7.994"></position>
            <normal x="0.0" y="-1.0" z="0.0"></normal>
            <texcoord u="6.624" v="25.325"></texcoord>
          </vertex>
          <vertex>
            <position x="-2.298" y="0.0" z="7.844"></position>
            <normal x="0.0" y="0.0" z="-1.0"></normal>
            <texcoord u="-11.35" v="6.5"></texcoord>
          </vertex>
          <vertex>
            <position x="-2.298" y="2.09" z="7.844"></position>
            <normal x="0.0" y="0.0" z="-1.0"></normal>
            <texcoord u="-11.35" v="1.275"></texcoord>
          </vertex>
          <vertex>
            <position x="-2.268" y="2.09" z="7.844"></position>
            <normal x="0.0" y="0.0" z="-1.0"></normal>
            <texcoord u="-11.425" v="1.275"></texcoord>
          </vertex>
          <vertex>
            <position x="-2.268" y="0.0" z="7.844"></position>
            <normal x="0.0" y="0.0" z="-1.0"></normal>
            <texcoord u="-11.425" v="6.5"></texcoord>
          </vertex>
          <vertex>
            <position x="-2.298" y="0.0" z="7.994"></position>
            <normal x="-1.0" y="0.0" z="0.0"></normal>
            <texcoord u="1.373" v="1.225"></texcoord>
          </vertex>
          <vertex>
            <position x="-2.298" y="2.09" z="7.994"></position>
            <normal x="-1.0" y="0.0" z="0.0"></normal>
            <texcoord u="1.373" v="-4.0"></texcoord>
          </vertex>
          <vertex>
            <position x="-2.298" y="2.09" z="7.844"></position>
            <normal x="-1.0" y="0.0" z="0.0"></normal>
            <texcoord u="0.998" v="-4.0"></texcoord>
          </vertex>
          <vertex>
            <position x="-2.298" y="0.0" z="7.844"></position>
            <normal x="-1.0" y="0.0" z="0.0"></normal>
            <texcoord u="0.998" v="1.225"></texcoord>
          </vertex>
          <vertex>
            <position x="-3.448" y="0.0" z="7.844"></position>
            <normal x="1.0" y="0.0" z="0.0"></normal>
            <texcoord u="0.998" v="1.225"></texcoord>
          </vertex>
          <vertex>
            <position x="-3.448" y="2.09" z="7.844"></position>
            <normal x="1.0" y="0.0" z="0.0"></normal>
            <texcoord u="0.998" v="-4.0"></texcoord>
          </vertex>
          <vertex>
            <position x="-3.448" y="2.09" z="7.994"></position>
            <normal x="1.0" y="0.0" z="0.0"></normal>
            <texcoord u="1.373" v="-4.0"></texcoord>
          </vertex>
          <vertex>
            <position x="-3.448" y="0.0" z="7.994"></position>
            <normal x="1.0" y="0.0" z="0.0"></normal>
            <texcoord u="1.373" v="1.225"></texcoord>
          </vertex>
          <vertex>
            <position x="-3.478" y="0.0" z="7.844"></position>
            <normal x="0.0" y="0.0" z="-1.0"></normal>
            <texcoord u="-8.4" v="6.5"></texcoord>
          </vertex>
          <vertex>
            <position x="-3.478" y="2.09" z="7.844"></position>
            <normal x="0.0" y="0.0" z="-1.0"></normal>
            <texcoord u="-8.4" v="1.275"></texcoord>
          </vertex>
          <vertex>
            <position x="-3.448" y="2.09" z="7.844"></position>
            <normal x="0.0" y="0.0" z="-1.0"></normal>
            <texcoord u="-8.475" v="1.275"></texcoord>
          </vertex>
          <vertex>
            <position x="-3.448" y="0.0" z="7.844"></position>
            <normal x="0.0" y="0.0" z="-1.0"></normal>
            <texcoord u="-8.475" v="6.5"></texcoord>
          </vertex>
          <vertex>
            <position x="-3.448" y="0.03" z="7.994"></position>
            <normal x="0.0" y="1.0" z="0.0"></normal>
            <texcoord u="1.006" v="-101.475"></texcoord>
          </vertex>
          <vertex>
            <position x="-2.298" y="0.03" z="7.994"></position>
            <normal x="0.0" y="1.0" z="0.0"></normal>
            <texcoord u="1.006" v="-104.35"></texcoord>
          </vertex>
          <vertex>
            <position x="-2.298" y="0.03" z="7.844"></position>
            <normal x="0.0" y="1.0" z="0.0"></normal>
            <texcoord u="0.631" v="-104.35"></texcoord>
          </vertex>
          <vertex>
            <position x="-3.448" y="0.03" z="7.844"></position>
            <normal x="0.0" y="1.0" z="0.0"></normal>
            <texcoord u="0.631" v="-101.475"></texcoord>
          </vertex>
          <vertex>
            <position x="-3.448" y="0.0" z="7.844"></position>
            <normal x="0.0" y="0.0" z="-1.0"></normal>
            <texcoord u="8.425" v="16.875"></texcoord>
          </vertex>
          <vertex>
            <position x="-3.448" y="0.03" z="7.844"></position>
            <normal x="0.0" y="0.0" z="-1.0"></normal>
            <texcoord u="8.35" v="16.875"></texcoord>
          </vertex>
          <vertex>
            <position x="-2.298" y="0.03" z="7.844"></position>
            <normal x="0.0" y="0.0" z="-1.0"></normal>
            <texcoord u="8.35" v="19.75"></texcoord>
          </vertex>
          <vertex>
            <position x="-2.298" y="0.0" z="7.844"></position>
            <normal x="0.0" y="0.0" z="-1.0"></normal>
            <texcoord u="8.425" v="19.75"></texcoord>
          </vertex>
          <vertex>
            <position x="-3.448" y="2.09" z="7.994"></position>
            <normal x="0.0" y="0.0" z="1.0"></normal>
            <texcoord u="0.425" v="6.763"></texcoord>
          </vertex>
          <vertex>
            <position x="-3.448" y="2.06" z="7.994"></position>
            <normal x="0.0" y="0.0" z="1.0"></normal>
            <texcoord u="0.5" v="6.763"></texcoord>
          </vertex>
          <vertex>
            <position x="-2.298" y="2.06" z="7.994"></position>
            <normal x="0.0" y="0.0" z="1.0"></normal>
            <texcoord u="0.5" v="3.888"></texcoord>
          </vertex>
          <vertex>
            <position x="-2.298" y="2.09" z="7.994"></position>
            <normal x="0.0" y="0.0" z="1.0"></normal>
            <texcoord u="0.425" v="3.888"></texcoord>
          </vertex>
          <vertex>
            <position x="-2.298" y="2.09" z="7.844"></position>
            <normal x="0.0" y="0.0" z="-1.0"></normal>
            <texcoord u="0.425" v="3.888"></texcoord>
          </vertex>
          <vertex>
            <position x="-2.298" y="2.06" z="7.844"></position>
            <normal x="0.0" y="0.0" z="-1.0"></normal>
            <texcoord u="0.5" v="3.888"></texcoord>
          </vertex>
          <vertex>
            <position x="-3.448" y="2.06" z="7.844"></position>
            <normal x="0.0" y="0.0" z="-1.0"></normal>
            <texcoord u="0.5" v="6.763"></texcoord>
          </vertex>
          <vertex>
            <position x="-3.448" y="2.09" z="7.844"></position>
            <normal x="0.0" y="0.0" z="-1.0"></normal>
            <texcoord u="0.425" v="6.763"></texcoord>
          </vertex>
          <vertex>
            <position x="-3.448" y="2.06" z="7.844"></position>
            <normal x="0.0" y="-1.0" z="0.0"></normal>
            <texcoord u="0.631" v="-101.475"></texcoord>
          </vertex>
          <vertex>
            <position x="-2.298" y="2.06" z="7.844"></position>
            <normal x="0.0" y="-1.0" z="0.0"></normal>
            <texcoord u="0.631" v="-104.35"></texcoord>
          </vertex>
          <vertex>
            <position x="-2.298" y="2.06" z="7.994"></position>
            <normal x="0.0" y="-1.0" z="0.0"></normal>
            <texcoord u="1.006" v="-104.35"></texcoord>
          </vertex>
          <vertex>
            <position x="-3.448" y="2.06" z="7.994"></position>
            <normal x="0.0" y="-1.0" z="0.0"></normal>
            <texcoord u="1.006" v="-101.475"></texcoord>
          </vertex>
          <vertex>
            <position x="-4.438" y="2.97" z="7.844"></position>
            <normal x="0.0" y="-1.0" z="0.0"></normal>
            <texcoord u="6.249" v="25.325"></texcoord>
          </vertex>
          <vertex>
            <position x="-2.298" y="2.97" z="7.844"></position>
            <normal x="0.0" y="-1.0" z="0.0"></normal>
            <texcoord u="6.249" v="19.975"></texcoord>
          </vertex>
          <vertex>
            <position x="-2.298" y="2.97" z="7.994"></position>
            <normal x="0.0" y="-1.0" z="0.0"></normal>
            <texcoord u="6.624" v="19.975"></texcoord>
          </vertex>
          <vertex>
            <position x="-4.438" y="2.97" z="7.994"></position>
            <normal x="0.0" y="-1.0" z="0.0"></normal>
            <texcoord u="6.624" v="25.325"></texcoord>
          </vertex>
          <vertex>
            <position x="-2.298" y="3.0" z="7.844"></position>
            <normal x="0.0" y="0.0" z="-1.0"></normal>
            <texcoord u="0.925" v="19.75"></texcoord>
          </vertex>
          <vertex>
            <position x="-2.298" y="2.97" z="7.844"></position>
            <normal x="0.0" y="0.0" z="-1.0"></normal>
            <texcoord u="1.0" v="19.75"></texcoord>
          </vertex>
          <vertex>
            <position x="-4.438" y="2.97" z="7.844"></position>
            <normal x="0.0" y="0.0" z="-1.0"></normal>
            <texcoord u="1.0" v="14.4"></texcoord>
          </vertex>
          <vertex>
            <position x="-4.438" y="3.0" z="7.844"></position>
            <normal x="0.0" y="0.0" z="-1.0"></normal>
            <texcoord u="0.925" v="14.4"></texcoord>
          </vertex>
          <vertex>
            <position x="-4.438" y="2.19" z="7.844"></position>
            <normal x="0.0" y="0.0" z="-1.0"></normal>
            <texcoord u="2.95" v="14.4"></texcoord>
          </vertex>
          <vertex>
            <position x="-4.438" y="2.22" z="7.844"></position>
            <normal x="0.0" y="0.0" z="-1.0"></normal>
            <texcoord u="2.875" v="14.4"></texcoord>
          </vertex>
          <vertex>
            <position x="-2.298" y="2.22" z="7.844"></position>
            <normal x="0.0" y="0.0" z="-1.0"></normal>
            <texcoord u="2.875" v="19.75"></texcoord>
          </vertex>
          <vertex>
            <position x="-2.298" y="2.19" z="7.844"></position>
            <normal x="0.0" y="0.0" z="-1.0"></normal>
            <texcoord u="2.95" v="19.75"></texcoord>
          </vertex>
          <vertex>
            <position x="-4.438" y="2.22" z="7.994"></position>
            <normal x="0.0" y="1.0" z="0.0"></normal>
            <texcoord u="6.624" v="25.325"></texcoord>
          </vertex>
          <vertex>
            <position x="-2.298" y="2.22" z="7.994"></position>
            <normal x="0.0" y="1.0" z="0.0"></normal>
            <texcoord u="6.624" v="19.975"></texcoord>
          </vertex>
          <vertex>
            <position x="-2.298" y="2.22" z="7.844"></position>
            <normal x="0.0" y="1.0" z="0.0"></normal>
            <texcoord u="6.249" v="19.975"></texcoord>
          </vertex>
          <vertex>
            <position x="-4.438" y="2.22" z="7.844"></position>
            <normal x="0.0" y="1.0" z="0.0"></normal>
            <texcoord u="6.249" v="25.325"></texcoord>
          </vertex>
          <vertex>
            <position x="-4.468" y="2.19" z="7.844"></position>
            <normal x="0.0" y="0.0" z="-1.0"></normal>
            <texcoord u="-5.925" v="1.025"></texcoord>
          </vertex>
          <vertex>
            <position x="-4.468" y="3.0" z="7.844"></position>
            <normal x="0.0" y="0.0" z="-1.0"></normal>
            <texcoord u="-5.925" v="-1.0"></texcoord>
          </vertex>
          <vertex>
            <position x="-4.438" y="3.0" z="7.844"></position>
            <normal x="0.0" y="0.0" z="-1.0"></normal>
            <texcoord u="-6.0" v="-1.0"></texcoord>
          </vertex>
          <vertex>
            <position x="-4.438" y="2.19" z="7.844"></position>
            <normal x="0.0" y="0.0" z="-1.0"></normal>
            <texcoord u="-6.0" v="1.025"></texcoord>
          </vertex>
          <vertex>
            <position x="-4.438" y="2.19" z="7.844"></position>
            <normal x="1.0" y="0.0" z="0.0"></normal>
            <texcoord u="48.725" v="-2.75"></texcoord>
          </vertex>
          <vertex>
            <position x="-4.438" y="3.0" z="7.844"></position>
            <normal x="1.0" y="0.0" z="0.0"></normal>
            <texcoord u="48.725" v="-4.775"></texcoord>
          </vertex>
          <vertex>
            <position x="-4.438" y="3.0" z="7.994"></position>
            <normal x="1.0" y="0.0" z="0.0"></normal>
            <texcoord u="49.1" v="-4.775"></texcoord>
          </vertex>
          <vertex>
            <position x="-4.438" y="2.19" z="7.994"></position>
            <normal x="1.0" y="0.0" z="0.0"></normal>
            <texcoord u="49.1" v="-2.75"></texcoord>
          </vertex>
          <vertex>
            <position x="-2.298" y="2.19" z="7.994"></position>
            <normal x="-1.0" y="0.0" z="0.0"></normal>
            <texcoord u="49.1" v="-2.75"></texcoord>
          </vertex>
          <vertex>
            <position x="-2.298" y="3.0" z="7.994"></position>
            <normal x="-1.0" y="0.0" z="0.0"></normal>
            <texcoord u="49.1" v="-4.775"></texcoord>
          </vertex>
          <vertex>
            <position x="-2.298" y="3.0" z="7.844"></position>
            <normal x="-1.0" y="0.0" z="0.0"></normal>
            <texcoord u="48.725" v="-4.775"></texcoord>
          </vertex>
          <vertex>
            <position x="-2.298" y="2.19" z="7.844"></position>
            <normal x="-1.0" y="0.0" z="0.0"></normal>
            <texcoord u="48.725" v="-2.75"></texcoord>
          </vertex>
          <vertex>
            <position x="-2.298" y="2.19" z="7.844"></position>
            <normal x="0.0" y="0.0" z="-1.0"></normal>
            <texcoord u="-11.35" v="1.025"></texcoord>
          </vertex>
          <vertex>
            <position x="-2.298" y="3.0" z="7.844"></position>
            <normal x="0.0" y="0.0" z="-1.0"></normal>
            <texcoord u="-11.35" v="-1.0"></texcoord>
          </vertex>
          <vertex>
            <position x="-2.268" y="3.0" z="7.844"></position>
            <normal x="0.0" y="0.0" z="-1.0"></normal>
            <texcoord u="-11.425" v="-1.0"></texcoord>
          </vertex>
          <vertex>
            <position x="-2.268" y="2.19" z="7.844"></position>
            <normal x="0.0" y="0.0" z="-1.0"></normal>
            <texcoord u="-11.425" v="1.025"></texcoord>
          </vertex>
          <vertex>
            <position x="-3.448" y="0.85" z="7.904"></position>
            <normal x="0.0" y="1.0" z="0.0"></normal>
            <texcoord u="0.925" v="7.375"></texcoord>
          </vertex>
          <vertex>
            <position x="-3.448" y="0.85" z="7.934"></position>
            <normal x="0.0" y="1.0" z="0.0"></normal>
            <texcoord u="1.0" v="7.375"></texcoord>
          </vertex>
          <vertex>
            <position x="-2.298" y="0.85" z="7.934"></position>
            <normal x="0.0" y="1.0" z="0.0"></normal>
            <texcoord u="1.0" v="4.5"></texcoord>
          </vertex>
          <vertex>
            <position x="-2.298" y="0.85" z="7.904"></position>
            <normal x="0.0" y="1.0" z="0.0"></normal>
            <texcoord u="0.925" v="4.5"></texcoord>
          </vertex>
          <vertex>
            <position x="-3.448" y="0.7" z="7.904"></position>
            <normal x="0.0" y="0.0" z="-1.0"></normal>
            <texcoord u="6.675" v="16.875"></texcoord>
          </vertex>
          <vertex>
            <position x="-3.448" y="0.85" z="7.904"></position>
            <normal x="0.0" y="0.0" z="-1.0"></normal>
            <texcoord u="6.3" v="16.875"></texcoord>
          </vertex>
          <vertex>
            <position x="-2.298" y="0.85" z="7.904"></position>
            <normal x="0.0" y="0.0" z="-1.0"></normal>
            <texcoord u="6.3" v="19.75"></texcoord>
          </vertex>
          <vertex>
            <position x="-2.298" y="0.7" z="7.904"></position>
            <normal x="0.0" y="0.0" z="-1.0"></normal>
            <texcoord u="6.675" v="19.75"></texcoord>
          </vertex>
        </vertexbuffer>
      </geometry>
    </submesh>
  </submeshes>
</mesh>
