<mesh>
  <submeshes>
    <submesh material="Material.733" usesharedvertices="false">
      <faces count="90">
        <face v1="0" v2="1" v3="2"></face>
        <face v1="2" v2="3" v3="0"></face>
        <face v1="4" v2="5" v3="6"></face>
        <face v1="7" v2="8" v3="9"></face>
        <face v1="9" v2="10" v3="7"></face>
        <face v1="11" v2="12" v3="13"></face>
        <face v1="13" v2="14" v3="11"></face>
        <face v1="15" v2="16" v3="17"></face>
        <face v1="17" v2="18" v3="15"></face>
        <face v1="19" v2="20" v3="5"></face>
        <face v1="5" v2="4" v3="19"></face>
        <face v1="11" v2="21" v3="12"></face>
        <face v1="3" v2="2" v3="22"></face>
        <face v1="22" v2="23" v3="3"></face>
        <face v1="24" v2="25" v3="26"></face>
        <face v1="26" v2="27" v3="24"></face>
        <face v1="25" v2="28" v3="29"></face>
        <face v1="29" v2="26" v3="25"></face>
        <face v1="28" v2="30" v3="31"></face>
        <face v1="31" v2="29" v3="28"></face>
        <face v1="30" v2="24" v3="27"></face>
        <face v1="27" v2="31" v3="30"></face>
        <face v1="27" v2="26" v3="16"></face>
        <face v1="16" v2="15" v3="27"></face>
        <face v1="26" v2="29" v3="17"></face>
        <face v1="17" v2="16" v3="26"></face>
        <face v1="29" v2="31" v3="18"></face>
        <face v1="18" v2="17" v3="29"></face>
        <face v1="31" v2="27" v3="15"></face>
        <face v1="15" v2="18" v3="31"></face>
      </faces>
      <geometry vertexcount="32">
        <vertexbuffer positions="true" normals="true">
          <vertex>
            <position x="-0.581" y="0.073" z="0.386"></position>
            <normal x="0.0" y="0.0" z="1.0"></normal>
          </vertex>
          <vertex>
            <position x="0.581" y="0.073" z="0.386"></position>
            <normal x="0.0" y="0.0" z="1.0"></normal>
          </vertex>
          <vertex>
            <position x="0.581" y="0.111" z="0.386"></position>
            <normal x="0.0" y="0.5257311" z="0.85065085"></normal>
          </vertex>
          <vertex>
            <position x="-0.581" y="0.111" z="0.386"></position>
            <normal x="0.0" y="0.5257311" z="0.85065085"></normal>
          </vertex>
          <vertex>
            <position x="0.581" y="0.073" z="0.386"></position>
            <normal x="1.0" y="0.0" z="0.0"></normal>
          </vertex>
          <vertex>
            <position x="0.581" y="0.142" z="0.324"></position>
            <normal x="1.0" y="0.0" z="0.0"></normal>
          </vertex>
          <vertex>
            <position x="0.581" y="0.111" z="0.386"></position>
            <normal x="1.0" y="0.0" z="0.0"></normal>
          </vertex>
          <vertex>
            <position x="0.581" y="0.073" z="-0.386"></position>
            <normal x="0.0" y="0.0" z="-1.0"></normal>
          </vertex>
          <vertex>
            <position x="-0.581" y="0.073" z="-0.386"></position>
            <normal x="0.0" y="0.0" z="-1.0"></normal>
          </vertex>
          <vertex>
            <position x="-0.581" y="0.142" z="-0.386"></position>
            <normal x="0.0" y="0.0" z="-1.0"></normal>
          </vertex>
          <vertex>
            <position x="0.581" y="0.142" z="-0.386"></position>
            <normal x="0.0" y="0.0" z="-1.0"></normal>
          </vertex>
          <vertex>
            <position x="-0.581" y="0.073" z="0.386"></position>
            <normal x="-1.0" y="0.0" z="0.0"></normal>
          </vertex>
          <vertex>
            <position x="-0.581" y="0.142" z="0.324"></position>
            <normal x="-1.0" y="0.0" z="0.0"></normal>
          </vertex>
          <vertex>
            <position x="-0.581" y="0.142" z="-0.386"></position>
            <normal x="-1.0" y="0.0" z="0.0"></normal>
          </vertex>
          <vertex>
            <position x="-0.581" y="0.073" z="-0.386"></position>
            <normal x="-1.0" y="0.0" z="0.0"></normal>
          </vertex>
          <vertex>
            <position x="-0.195" y="0.0" z="-0.195"></position>
            <normal x="-0.1414649" y="-0.97592443" z="-0.16600972"></normal>
          </vertex>
          <vertex>
            <position x="0.195" y="0.0" z="-0.195"></position>
            <normal x="0.07166763" y="-0.9389849" z="-0.33640918"></normal>
          </vertex>
          <vertex>
            <position x="0.195" y="0.0" z="0.195"></position>
            <normal x="0.1414649" y="-0.97592443" z="0.16600972"></normal>
          </vertex>
          <vertex>
            <position x="-0.195" y="0.0" z="0.195"></position>
            <normal x="-0.07166763" y="-0.9389849" z="0.33640918"></normal>
          </vertex>
          <vertex>
            <position x="0.581" y="0.073" z="-0.386"></position>
            <normal x="1.0" y="0.0" z="0.0"></normal>
          </vertex>
          <vertex>
            <position x="0.581" y="0.142" z="-0.386"></position>
            <normal x="1.0" y="0.0" z="0.0"></normal>
          </vertex>
          <vertex>
            <position x="-0.581" y="0.111" z="0.386"></position>
            <normal x="-1.0" y="0.0" z="0.0"></normal>
          </vertex>
          <vertex>
            <position x="0.581" y="0.142" z="0.324"></position>
            <normal x="0.0" y="0.8944272" z="0.4472136"></normal>
          </vertex>
          <vertex>
            <position x="-0.581" y="0.142" z="0.324"></position>
            <normal x="0.0" y="0.8944272" z="0.4472136"></normal>
          </vertex>
          <vertex>
            <position x="-0.581" y="0.073" z="-0.386"></position>
            <normal x="0.0" y="-1.0" z="0.0"></normal>
          </vertex>
          <vertex>
            <position x="0.581" y="0.073" z="-0.386"></position>
            <normal x="0.0" y="-1.0" z="0.0"></normal>
          </vertex>
          <vertex>
            <position x="0.457" y="0.073" z="-0.285"></position>
            <normal x="0.1414649" y="-0.9759244" z="-0.16600972"></normal>
          </vertex>
          <vertex>
            <position x="-0.457" y="0.073" z="-0.285"></position>
            <normal x="-0.071667634" y="-0.93898493" z="-0.33640918"></normal>
          </vertex>
          <vertex>
            <position x="0.581" y="0.073" z="0.386"></position>
            <normal x="0.0" y="-1.0" z="0.0"></normal>
          </vertex>
          <vertex>
            <position x="0.457" y="0.073" z="0.285"></position>
            <normal x="0.071667634" y="-0.93898493" z="0.33640918"></normal>
          </vertex>
          <vertex>
            <position x="-0.581" y="0.073" z="0.386"></position>
            <normal x="0.0" y="-1.0" z="0.0"></normal>
          </vertex>
          <vertex>
            <position x="-0.457" y="0.073" z="0.285"></position>
            <normal x="-0.1414649" y="-0.9759244" z="0.16600972"></normal>
          </vertex>
        </vertexbuffer>
      </geometry>
    </submesh>
  </submeshes>
</mesh>
