<mesh>
  <submeshes>
    <submesh material="Material.26" usesharedvertices="false">
      <faces count="6">
        <face v1="0" v2="1" v3="2"></face>
        <face v1="0" v2="2" v3="3"></face>
      </faces>
      <geometry vertexcount="4">
        <vertexbuffer positions="true" normals="true">
          <vertex>
            <position x="10.765" y="2.13" z="7.799"></position>
            <normal x="-1.0" y="0.0" z="0.0"></normal>
          </vertex>
          <vertex>
            <position x="10.765" y="2.13" z="-4.421"></position>
            <normal x="-1.0" y="0.0" z="0.0"></normal>
          </vertex>
          <vertex>
            <position x="10.765" y="0.82" z="-4.421"></position>
            <normal x="-1.0" y="0.0" z="0.0"></normal>
          </vertex>
          <vertex>
            <position x="10.765" y="0.82" z="7.799"></position>
            <normal x="-1.0" y="0.0" z="0.0"></normal>
          </vertex>
        </vertexbuffer>
      </geometry>
    </submesh>
  </submeshes>
</mesh>
