<mesh>
  <submeshes>
    <submesh material="Material.50" usesharedvertices="false">
      <faces count="72">
        <face v1="0" v2="1" v3="2"></face>
        <face v1="0" v2="2" v3="3"></face>
        <face v1="4" v2="5" v3="1"></face>
        <face v1="4" v2="1" v3="0"></face>
        <face v1="6" v2="7" v3="5"></face>
        <face v1="6" v2="5" v3="4"></face>
        <face v1="8" v2="9" v3="7"></face>
        <face v1="8" v2="7" v3="6"></face>
        <face v1="10" v2="11" v3="9"></face>
        <face v1="10" v2="9" v3="8"></face>
        <face v1="12" v2="13" v3="11"></face>
        <face v1="12" v2="11" v3="10"></face>
        <face v1="3" v2="2" v3="14"></face>
        <face v1="3" v2="14" v3="15"></face>
        <face v1="15" v2="14" v3="16"></face>
        <face v1="15" v2="16" v3="17"></face>
        <face v1="17" v2="16" v3="18"></face>
        <face v1="17" v2="18" v3="19"></face>
        <face v1="19" v2="18" v3="20"></face>
        <face v1="19" v2="20" v3="21"></face>
        <face v1="21" v2="20" v3="22"></face>
        <face v1="21" v2="22" v3="23"></face>
        <face v1="23" v2="22" v3="13"></face>
        <face v1="23" v2="13" v3="12"></face>
      </faces>
      <geometry vertexcount="24">
        <vertexbuffer positions="true" normals="true">
          <vertex>
            <position x="-2.241" y="0.0" z="-4.484"></position>
            <normal x="-0.8655477" y="0.0" z="0.50082636"></normal>
          </vertex>
          <vertex>
            <position x="-2.241" y="3.42" z="-4.484"></position>
            <normal x="-0.8655477" y="0.0" z="0.50082636"></normal>
          </vertex>
          <vertex>
            <position x="-2.268" y="3.42" z="-4.584"></position>
            <normal x="-1.0" y="0.0" z="0.0"></normal>
          </vertex>
          <vertex>
            <position x="-2.268" y="0.0" z="-4.584"></position>
            <normal x="-1.0" y="0.0" z="0.0"></normal>
          </vertex>
          <vertex>
            <position x="-2.168" y="0.0" z="-4.411"></position>
            <normal x="-0.50082916" y="0.0" z="0.8655461"></normal>
          </vertex>
          <vertex>
            <position x="-2.168" y="3.42" z="-4.411"></position>
            <normal x="-0.50082916" y="0.0" z="0.8655461"></normal>
          </vertex>
          <vertex>
            <position x="-2.068" y="0.0" z="-4.384"></position>
            <normal x="-1.5434753E-7" y="0.0" z="1.0"></normal>
          </vertex>
          <vertex>
            <position x="-2.068" y="3.42" z="-4.384"></position>
            <normal x="-1.5434753E-7" y="0.0" z="1.0"></normal>
          </vertex>
          <vertex>
            <position x="-1.968" y="0.0" z="-4.411"></position>
            <normal x="0.50082874" y="0.0" z="0.8655464"></normal>
          </vertex>
          <vertex>
            <position x="-1.968" y="3.42" z="-4.411"></position>
            <normal x="0.50082874" y="0.0" z="0.8655464"></normal>
          </vertex>
          <vertex>
            <position x="-1.895" y="0.0" z="-4.484"></position>
            <normal x="0.86554754" y="0.0" z="0.5008267"></normal>
          </vertex>
          <vertex>
            <position x="-1.895" y="3.42" z="-4.484"></position>
            <normal x="0.86554754" y="0.0" z="0.5008267"></normal>
          </vertex>
          <vertex>
            <position x="-1.868" y="0.0" z="-4.584"></position>
            <normal x="1.0" y="0.0" z="0.0"></normal>
          </vertex>
          <vertex>
            <position x="-1.868" y="3.42" z="-4.584"></position>
            <normal x="1.0" y="0.0" z="0.0"></normal>
          </vertex>
          <vertex>
            <position x="-2.241" y="3.42" z="-4.684"></position>
            <normal x="-0.86724526" y="0.0" z="-0.49788114"></normal>
          </vertex>
          <vertex>
            <position x="-2.241" y="0.0" z="-4.684"></position>
            <normal x="-0.86724526" y="0.0" z="-0.49788114"></normal>
          </vertex>
          <vertex>
            <position x="-2.168" y="3.42" z="-4.758"></position>
            <normal x="-0.49972773" y="0.0" z="-0.8661826"></normal>
          </vertex>
          <vertex>
            <position x="-2.168" y="0.0" z="-4.758"></position>
            <normal x="-0.49972773" y="0.0" z="-0.8661826"></normal>
          </vertex>
          <vertex>
            <position x="-2.068" y="3.42" z="-4.784"></position>
            <normal x="-1.3856926E-7" y="0.0" z="-0.99999994"></normal>
          </vertex>
          <vertex>
            <position x="-2.068" y="0.0" z="-4.784"></position>
            <normal x="-1.3856926E-7" y="0.0" z="-0.99999994"></normal>
          </vertex>
          <vertex>
            <position x="-1.968" y="3.42" z="-4.758"></position>
            <normal x="0.49972722" y="0.0" z="-0.8661828"></normal>
          </vertex>
          <vertex>
            <position x="-1.968" y="0.0" z="-4.758"></position>
            <normal x="0.49972722" y="0.0" z="-0.8661828"></normal>
          </vertex>
          <vertex>
            <position x="-1.895" y="3.42" z="-4.684"></position>
            <normal x="0.867245" y="0.0" z="-0.49788144"></normal>
          </vertex>
          <vertex>
            <position x="-1.895" y="0.0" z="-4.684"></position>
            <normal x="0.867245" y="0.0" z="-0.49788144"></normal>
          </vertex>
        </vertexbuffer>
      </geometry>
    </submesh>
  </submeshes>
</mesh>
