<mesh>
  <submeshes>
    <submesh material="Material.27" usesharedvertices="false">
      <faces count="12">
        <face v1="0" v2="1" v3="2"></face>
        <face v1="0" v2="2" v3="3"></face>
        <face v1="0" v2="4" v3="5"></face>
        <face v1="0" v2="5" v3="1"></face>
      </faces>
      <geometry vertexcount="6">
        <vertexbuffer positions="true" normals="true">
          <vertex>
            <position x="1.68" y="2.22" z="7.919"></position>
            <normal x="0.0" y="0.0" z="-1.0"></normal>
          </vertex>
          <vertex>
            <position x="5.306" y="2.97" z="7.919"></position>
            <normal x="0.0" y="0.0" z="-1.0"></normal>
          </vertex>
          <vertex>
            <position x="5.306" y="0.03" z="7.919"></position>
            <normal x="0.0" y="0.0" z="-1.0"></normal>
          </vertex>
          <vertex>
            <position x="1.68" y="0.03" z="7.919"></position>
            <normal x="0.0" y="0.0" z="-1.0"></normal>
          </vertex>
          <vertex>
            <position x="0.66" y="2.19" z="7.919"></position>
            <normal x="0.0" y="0.0" z="-1.0"></normal>
          </vertex>
          <vertex>
            <position x="0.69" y="2.97" z="7.919"></position>
            <normal x="0.0" y="0.0" z="-1.0"></normal>
          </vertex>
        </vertexbuffer>
      </geometry>
    </submesh>
  </submeshes>
</mesh>
