<mesh>
  <submeshes>
    <submesh material="Material.734" usesharedvertices="false">
      <faces count="48">
        <face v1="0" v2="1" v3="2"></face>
        <face v1="2" v2="3" v3="0"></face>
        <face v1="0" v2="4" v3="5"></face>
        <face v1="5" v2="1" v3="0"></face>
        <face v1="6" v2="7" v3="8"></face>
        <face v1="8" v2="9" v3="6"></face>
        <face v1="10" v2="11" v3="12"></face>
        <face v1="12" v2="2" v3="10"></face>
        <face v1="13" v2="14" v3="15"></face>
        <face v1="15" v2="16" v3="13"></face>
        <face v1="17" v2="18" v3="1"></face>
        <face v1="1" v2="5" v3="17"></face>
        <face v1="19" v2="3" v3="2"></face>
        <face v1="2" v2="12" v3="19"></face>
        <face v1="4" v2="19" v3="12"></face>
        <face v1="12" v2="5" v3="4"></face>
      </faces>
      <geometry vertexcount="20">
        <vertexbuffer positions="true" normals="true">
          <vertex>
            <position x="-0.581" y="0.142" z="-0.386"></position>
            <normal x="0.0" y="1.0" z="0.0"></normal>
          </vertex>
          <vertex>
            <position x="-0.521" y="0.142" z="-0.324"></position>
            <normal x="0.11485569" y="0.9933822" z="0.0"></normal>
          </vertex>
          <vertex>
            <position x="0.521" y="0.142" z="-0.324"></position>
            <normal x="-0.11485569" y="0.9933822" z="0.0"></normal>
          </vertex>
          <vertex>
            <position x="0.581" y="0.142" z="-0.386"></position>
            <normal x="0.0" y="1.0" z="0.0"></normal>
          </vertex>
          <vertex>
            <position x="-0.581" y="0.142" z="0.324"></position>
            <normal x="0.0" y="1.0" z="0.0"></normal>
          </vertex>
          <vertex>
            <position x="-0.521" y="0.142" z="0.273"></position>
            <normal x="0.076513655" y="0.9970685" z="0.0"></normal>
          </vertex>
          <vertex>
            <position x="0.457" y="0.127" z="0.263"></position>
            <normal x="0.0" y="0.5546998" z="-0.83205056"></normal>
          </vertex>
          <vertex>
            <position x="-0.457" y="0.127" z="0.263"></position>
            <normal x="0.0" y="0.55469984" z="-0.8320506"></normal>
          </vertex>
          <vertex>
            <position x="-0.521" y="0.142" z="0.273"></position>
            <normal x="0.0" y="0.5546998" z="-0.83205056"></normal>
          </vertex>
          <vertex>
            <position x="0.521" y="0.142" z="0.273"></position>
            <normal x="0.0" y="0.55469984" z="-0.83205056"></normal>
          </vertex>
          <vertex>
            <position x="0.457" y="0.127" z="-0.314"></position>
            <normal x="-0.22819118" y="0.9736163" z="0.0"></normal>
          </vertex>
          <vertex>
            <position x="0.457" y="0.127" z="0.263"></position>
            <normal x="-0.22819118" y="0.9736163" z="0.0"></normal>
          </vertex>
          <vertex>
            <position x="0.521" y="0.142" z="0.273"></position>
            <normal x="-0.076513655" y="0.9970685" z="0.0"></normal>
          </vertex>
          <vertex>
            <position x="-0.457" y="0.127" z="-0.314"></position>
            <normal x="0.0" y="0.5546998" z="0.83205056"></normal>
          </vertex>
          <vertex>
            <position x="0.457" y="0.127" z="-0.314"></position>
            <normal x="0.0" y="0.55469984" z="0.8320506"></normal>
          </vertex>
          <vertex>
            <position x="0.521" y="0.142" z="-0.324"></position>
            <normal x="0.0" y="0.5546998" z="0.83205056"></normal>
          </vertex>
          <vertex>
            <position x="-0.521" y="0.142" z="-0.324"></position>
            <normal x="0.0" y="0.55469984" z="0.83205056"></normal>
          </vertex>
          <vertex>
            <position x="-0.457" y="0.127" z="0.263"></position>
            <normal x="0.22819118" y="0.9736163" z="0.0"></normal>
          </vertex>
          <vertex>
            <position x="-0.457" y="0.127" z="-0.314"></position>
            <normal x="0.22819118" y="0.9736163" z="0.0"></normal>
          </vertex>
          <vertex>
            <position x="0.581" y="0.142" z="0.324"></position>
            <normal x="0.0" y="1.0" z="0.0"></normal>
          </vertex>
        </vertexbuffer>
      </geometry>
    </submesh>
  </submeshes>
</mesh>
