<mesh>
  <submeshes>
    <submesh material="Material.11" usesharedvertices="false">
      <faces count="54">
        <face v1="0" v2="1" v3="2"></face>
        <face v1="0" v2="2" v3="3"></face>
        <face v1="4" v2="5" v3="6"></face>
        <face v1="4" v2="6" v3="7"></face>
        <face v1="8" v2="9" v3="10"></face>
        <face v1="8" v2="10" v3="11"></face>
        <face v1="12" v2="13" v3="14"></face>
        <face v1="12" v2="14" v3="15"></face>
        <face v1="16" v2="17" v3="18"></face>
        <face v1="16" v2="18" v3="19"></face>
        <face v1="20" v2="21" v3="22"></face>
        <face v1="20" v2="22" v3="23"></face>
        <face v1="24" v2="25" v3="26"></face>
        <face v1="24" v2="26" v3="27"></face>
        <face v1="28" v2="29" v3="30"></face>
        <face v1="28" v2="30" v3="31"></face>
        <face v1="32" v2="33" v3="34"></face>
        <face v1="32" v2="34" v3="35"></face>
      </faces>
      <geometry vertexcount="36">
        <vertexbuffer positions="true" normals="true" texture_coords="1">
          <vertex>
            <position x="-1.033" y="2.66" z="-6.981"></position>
            <normal x="0.0" y="-1.0" z="0.0"></normal>
            <texcoord u="6.0" v="11.613"></texcoord>
          </vertex>
          <vertex>
            <position x="-1.863" y="2.66" z="-6.981"></position>
            <normal x="0.0" y="-1.0" z="0.0"></normal>
            <texcoord u="6.0" v="13.688"></texcoord>
          </vertex>
          <vertex>
            <position x="-1.863" y="2.66" z="-7.131"></position>
            <normal x="0.0" y="-1.0" z="0.0"></normal>
            <texcoord u="6.375" v="13.688"></texcoord>
          </vertex>
          <vertex>
            <position x="-1.033" y="2.66" z="-7.131"></position>
            <normal x="0.0" y="-1.0" z="0.0"></normal>
            <texcoord u="6.375" v="11.613"></texcoord>
          </vertex>
          <vertex>
            <position x="-1.863" y="2.69" z="-6.981"></position>
            <normal x="0.0" y="0.0" z="1.0"></normal>
            <texcoord u="-1.075" v="2.8"></texcoord>
          </vertex>
          <vertex>
            <position x="-1.863" y="2.66" z="-6.981"></position>
            <normal x="0.0" y="0.0" z="1.0"></normal>
            <texcoord u="-1.0" v="2.8"></texcoord>
          </vertex>
          <vertex>
            <position x="-1.033" y="2.66" z="-6.981"></position>
            <normal x="0.0" y="0.0" z="1.0"></normal>
            <texcoord u="-1.0" v="0.725"></texcoord>
          </vertex>
          <vertex>
            <position x="-1.033" y="2.69" z="-6.981"></position>
            <normal x="0.0" y="0.0" z="1.0"></normal>
            <texcoord u="-1.075" v="0.725"></texcoord>
          </vertex>
          <vertex>
            <position x="-1.033" y="2.69" z="-7.131"></position>
            <normal x="0.0" y="0.0" z="-1.0"></normal>
            <texcoord u="-1.075" v="0.725"></texcoord>
          </vertex>
          <vertex>
            <position x="-1.033" y="2.66" z="-7.131"></position>
            <normal x="0.0" y="0.0" z="-1.0"></normal>
            <texcoord u="-1.0" v="0.725"></texcoord>
          </vertex>
          <vertex>
            <position x="-1.863" y="2.66" z="-7.131"></position>
            <normal x="0.0" y="0.0" z="-1.0"></normal>
            <texcoord u="-1.0" v="2.8"></texcoord>
          </vertex>
          <vertex>
            <position x="-1.863" y="2.69" z="-7.131"></position>
            <normal x="0.0" y="0.0" z="-1.0"></normal>
            <texcoord u="-1.075" v="2.8"></texcoord>
          </vertex>
          <vertex>
            <position x="-1.003" y="0.6" z="-6.981"></position>
            <normal x="0.0" y="0.0" z="1.0"></normal>
            <texcoord u="1.163" v="2.725"></texcoord>
          </vertex>
          <vertex>
            <position x="-1.003" y="2.69" z="-6.981"></position>
            <normal x="0.0" y="0.0" z="1.0"></normal>
            <texcoord u="1.163" v="-2.5"></texcoord>
          </vertex>
          <vertex>
            <position x="-1.033" y="2.69" z="-6.981"></position>
            <normal x="0.0" y="0.0" z="1.0"></normal>
            <texcoord u="1.088" v="-2.5"></texcoord>
          </vertex>
          <vertex>
            <position x="-1.033" y="0.6" z="-6.981"></position>
            <normal x="0.0" y="0.0" z="1.0"></normal>
            <texcoord u="1.088" v="2.725"></texcoord>
          </vertex>
          <vertex>
            <position x="-1.033" y="0.6" z="-6.981"></position>
            <normal x="-1.0" y="0.0" z="0.0"></normal>
            <texcoord u="-0.469" v="4.225"></texcoord>
          </vertex>
          <vertex>
            <position x="-1.033" y="2.69" z="-6.981"></position>
            <normal x="-1.0" y="0.0" z="0.0"></normal>
            <texcoord u="-0.469" v="-1.0"></texcoord>
          </vertex>
          <vertex>
            <position x="-1.033" y="2.69" z="-7.131"></position>
            <normal x="-1.0" y="0.0" z="0.0"></normal>
            <texcoord u="-0.844" v="-1.0"></texcoord>
          </vertex>
          <vertex>
            <position x="-1.033" y="0.6" z="-7.131"></position>
            <normal x="-1.0" y="0.0" z="0.0"></normal>
            <texcoord u="-0.844" v="4.225"></texcoord>
          </vertex>
          <vertex>
            <position x="-1.033" y="0.6" z="-7.131"></position>
            <normal x="0.0" y="0.0" z="-1.0"></normal>
            <texcoord u="1.088" v="2.725"></texcoord>
          </vertex>
          <vertex>
            <position x="-1.033" y="2.69" z="-7.131"></position>
            <normal x="0.0" y="0.0" z="-1.0"></normal>
            <texcoord u="1.088" v="-2.5"></texcoord>
          </vertex>
          <vertex>
            <position x="-1.003" y="2.69" z="-7.131"></position>
            <normal x="0.0" y="0.0" z="-1.0"></normal>
            <texcoord u="1.163" v="-2.5"></texcoord>
          </vertex>
          <vertex>
            <position x="-1.003" y="0.6" z="-7.131"></position>
            <normal x="0.0" y="0.0" z="-1.0"></normal>
            <texcoord u="1.163" v="2.725"></texcoord>
          </vertex>
          <vertex>
            <position x="-1.863" y="0.6" z="-7.131"></position>
            <normal x="1.0" y="0.0" z="0.0"></normal>
            <texcoord u="-0.844" v="4.225"></texcoord>
          </vertex>
          <vertex>
            <position x="-1.863" y="2.69" z="-7.131"></position>
            <normal x="1.0" y="0.0" z="0.0"></normal>
            <texcoord u="-0.844" v="-1.0"></texcoord>
          </vertex>
          <vertex>
            <position x="-1.863" y="2.69" z="-6.981"></position>
            <normal x="1.0" y="0.0" z="0.0"></normal>
            <texcoord u="-0.469" v="-1.0"></texcoord>
          </vertex>
          <vertex>
            <position x="-1.863" y="0.6" z="-6.981"></position>
            <normal x="1.0" y="0.0" z="0.0"></normal>
            <texcoord u="-0.469" v="4.225"></texcoord>
          </vertex>
          <vertex>
            <position x="-1.863" y="0.6" z="-6.981"></position>
            <normal x="0.0" y="0.0" z="1.0"></normal>
            <texcoord u="-0.987" v="2.725"></texcoord>
          </vertex>
          <vertex>
            <position x="-1.863" y="2.69" z="-6.981"></position>
            <normal x="0.0" y="0.0" z="1.0"></normal>
            <texcoord u="-0.987" v="-2.5"></texcoord>
          </vertex>
          <vertex>
            <position x="-1.893" y="2.69" z="-6.981"></position>
            <normal x="0.0" y="0.0" z="1.0"></normal>
            <texcoord u="-1.062" v="-2.5"></texcoord>
          </vertex>
          <vertex>
            <position x="-1.893" y="0.6" z="-6.981"></position>
            <normal x="0.0" y="0.0" z="1.0"></normal>
            <texcoord u="-1.062" v="2.725"></texcoord>
          </vertex>
          <vertex>
            <position x="-1.893" y="0.6" z="-7.131"></position>
            <normal x="0.0" y="0.0" z="-1.0"></normal>
            <texcoord u="-1.062" v="2.725"></texcoord>
          </vertex>
          <vertex>
            <position x="-1.893" y="2.69" z="-7.131"></position>
            <normal x="0.0" y="0.0" z="-1.0"></normal>
            <texcoord u="-1.062" v="-2.5"></texcoord>
          </vertex>
          <vertex>
            <position x="-1.863" y="2.69" z="-7.131"></position>
            <normal x="0.0" y="0.0" z="-1.0"></normal>
            <texcoord u="-0.987" v="-2.5"></texcoord>
          </vertex>
          <vertex>
            <position x="-1.863" y="0.6" z="-7.131"></position>
            <normal x="0.0" y="0.0" z="-1.0"></normal>
            <texcoord u="-0.987" v="2.725"></texcoord>
          </vertex>
        </vertexbuffer>
      </geometry>
    </submesh>
  </submeshes>
</mesh>
