<mesh>
  <submeshes>
    <submesh material="Material.3" usesharedvertices="false">
      <faces count="216">
        <face v1="0" v2="1" v3="2"></face>
        <face v1="0" v2="2" v3="3"></face>
        <face v1="4" v2="5" v3="6"></face>
        <face v1="4" v2="6" v3="7"></face>
        <face v1="8" v2="9" v3="10"></face>
        <face v1="8" v2="10" v3="11"></face>
        <face v1="12" v2="13" v3="14"></face>
        <face v1="12" v2="14" v3="15"></face>
        <face v1="16" v2="17" v3="18"></face>
        <face v1="16" v2="18" v3="19"></face>
        <face v1="20" v2="21" v3="22"></face>
        <face v1="20" v2="22" v3="23"></face>
        <face v1="24" v2="25" v3="26"></face>
        <face v1="24" v2="26" v3="27"></face>
        <face v1="28" v2="29" v3="30"></face>
        <face v1="28" v2="30" v3="31"></face>
        <face v1="32" v2="33" v3="34"></face>
        <face v1="32" v2="34" v3="35"></face>
        <face v1="36" v2="37" v3="38"></face>
        <face v1="36" v2="38" v3="39"></face>
        <face v1="10" v2="40" v3="41"></face>
        <face v1="10" v2="41" v3="17"></face>
        <face v1="26" v2="42" v3="43"></face>
        <face v1="26" v2="43" v3="1"></face>
        <face v1="26" v2="25" v3="42"></face>
        <face v1="34" v2="44" v3="45"></face>
        <face v1="34" v2="45" v3="35"></face>
        <face v1="41" v2="18" v3="17"></face>
        <face v1="43" v2="46" v3="1"></face>
        <face v1="47" v2="48" v3="49"></face>
        <face v1="47" v2="49" v3="50"></face>
        <face v1="10" v2="51" v3="40"></face>
        <face v1="1" v2="46" v3="2"></face>
        <face v1="9" v2="51" v3="10"></face>
        <face v1="13" v2="52" v3="53"></face>
        <face v1="13" v2="53" v3="14"></face>
        <face v1="54" v2="55" v3="56"></face>
        <face v1="54" v2="56" v3="57"></face>
        <face v1="58" v2="59" v3="60"></face>
        <face v1="61" v2="62" v3="63"></face>
        <face v1="60" v2="59" v3="64"></face>
        <face v1="65" v2="66" v3="67"></face>
        <face v1="65" v2="67" v3="68"></face>
        <face v1="69" v2="62" v3="61"></face>
        <face v1="70" v2="71" v3="72"></face>
        <face v1="73" v2="74" v3="75"></face>
        <face v1="73" v2="75" v3="76"></face>
        <face v1="77" v2="78" v3="79"></face>
        <face v1="77" v2="79" v3="69"></face>
        <face v1="77" v2="69" v3="61"></face>
        <face v1="60" v2="64" v3="70"></face>
        <face v1="60" v2="70" v3="72"></face>
        <face v1="80" v2="81" v3="82"></face>
        <face v1="80" v2="82" v3="83"></face>
        <face v1="65" v2="68" v3="84"></face>
        <face v1="65" v2="84" v3="85"></face>
        <face v1="86" v2="87" v3="88"></face>
        <face v1="86" v2="88" v3="89"></face>
        <face v1="90" v2="78" v3="77"></face>
        <face v1="90" v2="77" v3="91"></face>
        <face v1="92" v2="93" v3="94"></face>
        <face v1="92" v2="94" v3="95"></face>
        <face v1="96" v2="72" v3="71"></face>
        <face v1="96" v2="71" v3="97"></face>
        <face v1="98" v2="54" v3="57"></face>
        <face v1="98" v2="57" v3="99"></face>
        <face v1="100" v2="58" v3="60"></face>
        <face v1="100" v2="60" v3="101"></face>
        <face v1="102" v2="103" v3="104"></face>
        <face v1="102" v2="104" v3="105"></face>
        <face v1="106" v2="61" v3="63"></face>
        <face v1="106" v2="63" v3="107"></face>
      </faces>
      <geometry vertexcount="108">
        <vertexbuffer positions="true" normals="true">
          <vertex>
            <position x="-8.322" y="0.35" z="-3.469"></position>
            <normal x="-1.0" y="0.0" z="0.0"></normal>
          </vertex>
          <vertex>
            <position x="-8.322" y="1.35" z="-3.469"></position>
            <normal x="-1.0" y="0.0" z="0.0"></normal>
          </vertex>
          <vertex>
            <position x="-8.322" y="1.35" z="-3.519"></position>
            <normal x="-1.0" y="0.0" z="0.0"></normal>
          </vertex>
          <vertex>
            <position x="-8.322" y="0.35" z="-3.519"></position>
            <normal x="-1.0" y="0.0" z="0.0"></normal>
          </vertex>
          <vertex>
            <position x="-8.272" y="0.35" z="-3.469"></position>
            <normal x="0.0" y="0.0" z="1.0"></normal>
          </vertex>
          <vertex>
            <position x="-8.272" y="1.35" z="-3.469"></position>
            <normal x="0.0" y="0.0" z="1.0"></normal>
          </vertex>
          <vertex>
            <position x="-8.322" y="1.35" z="-3.469"></position>
            <normal x="0.0" y="0.0" z="1.0"></normal>
          </vertex>
          <vertex>
            <position x="-8.322" y="0.35" z="-3.469"></position>
            <normal x="0.0" y="0.0" z="1.0"></normal>
          </vertex>
          <vertex>
            <position x="-8.272" y="0.35" z="-3.519"></position>
            <normal x="1.0" y="0.0" z="0.0"></normal>
          </vertex>
          <vertex>
            <position x="-8.272" y="1.35" z="-3.519"></position>
            <normal x="1.0" y="0.0" z="0.0"></normal>
          </vertex>
          <vertex>
            <position x="-8.272" y="1.35" z="-3.469"></position>
            <normal x="1.0" y="0.0" z="0.0"></normal>
          </vertex>
          <vertex>
            <position x="-8.272" y="0.35" z="-3.469"></position>
            <normal x="1.0" y="0.0" z="0.0"></normal>
          </vertex>
          <vertex>
            <position x="-8.322" y="0.35" z="-3.519"></position>
            <normal x="0.0" y="0.0" z="-1.0"></normal>
          </vertex>
          <vertex>
            <position x="-8.322" y="1.35" z="-3.519"></position>
            <normal x="0.0" y="0.23937799" z="-0.9709265"></normal>
          </vertex>
          <vertex>
            <position x="-8.272" y="1.35" z="-3.519"></position>
            <normal x="0.0" y="0.23937799" z="-0.9709265"></normal>
          </vertex>
          <vertex>
            <position x="-8.272" y="0.35" z="-3.519"></position>
            <normal x="0.0" y="0.0" z="-1.0"></normal>
          </vertex>
          <vertex>
            <position x="-8.272" y="0.15" z="-3.069"></position>
            <normal x="1.0" y="0.0" z="0.0"></normal>
          </vertex>
          <vertex>
            <position x="-8.272" y="1.1" z="-3.069"></position>
            <normal x="1.0" y="0.0" z="0.0"></normal>
          </vertex>
          <vertex>
            <position x="-8.272" y="1.1" z="-3.019"></position>
            <normal x="1.0" y="0.0" z="0.0"></normal>
          </vertex>
          <vertex>
            <position x="-8.272" y="0.15" z="-3.019"></position>
            <normal x="1.0" y="0.0" z="0.0"></normal>
          </vertex>
          <vertex>
            <position x="-8.322" y="0.15" z="-3.069"></position>
            <normal x="0.0" y="0.0" z="-1.0"></normal>
          </vertex>
          <vertex>
            <position x="-8.322" y="1.1" z="-3.069"></position>
            <normal x="0.0" y="0.0" z="-1.0"></normal>
          </vertex>
          <vertex>
            <position x="-8.272" y="1.1" z="-3.069"></position>
            <normal x="0.0" y="0.0" z="-1.0"></normal>
          </vertex>
          <vertex>
            <position x="-8.272" y="0.15" z="-3.069"></position>
            <normal x="0.0" y="0.0" z="-1.0"></normal>
          </vertex>
          <vertex>
            <position x="-8.322" y="0.15" z="-3.019"></position>
            <normal x="-1.0" y="0.0" z="0.0"></normal>
          </vertex>
          <vertex>
            <position x="-8.322" y="1.1" z="-3.019"></position>
            <normal x="-1.0" y="0.0" z="0.0"></normal>
          </vertex>
          <vertex>
            <position x="-8.322" y="1.1" z="-3.069"></position>
            <normal x="-1.0" y="0.0" z="0.0"></normal>
          </vertex>
          <vertex>
            <position x="-8.322" y="0.15" z="-3.069"></position>
            <normal x="-1.0" y="0.0" z="0.0"></normal>
          </vertex>
          <vertex>
            <position x="-8.272" y="0.15" z="-3.019"></position>
            <normal x="0.0" y="0.0" z="1.0"></normal>
          </vertex>
          <vertex>
            <position x="-8.272" y="1.1" z="-3.019"></position>
            <normal x="0.0" y="0.0" z="1.0"></normal>
          </vertex>
          <vertex>
            <position x="-8.322" y="1.1" z="-3.019"></position>
            <normal x="0.0" y="0.0" z="1.0"></normal>
          </vertex>
          <vertex>
            <position x="-8.322" y="0.15" z="-3.019"></position>
            <normal x="0.0" y="0.0" z="1.0"></normal>
          </vertex>
          <vertex>
            <position x="-8.272" y="1.399" z="-3.457"></position>
            <normal x="0.0" y="0.8479984" z="0.52999884"></normal>
          </vertex>
          <vertex>
            <position x="-8.322" y="1.399" z="-3.457"></position>
            <normal x="0.0" y="0.8479984" z="0.52999884"></normal>
          </vertex>
          <vertex>
            <position x="-8.322" y="1.149" z="-3.057"></position>
            <normal x="0.0" y="0.7419083" z="0.67050135"></normal>
          </vertex>
          <vertex>
            <position x="-8.272" y="1.149" z="-3.057"></position>
            <normal x="0.0" y="0.7419083" z="0.67050135"></normal>
          </vertex>
          <vertex>
            <position x="-8.272" y="1.1" z="-3.069"></position>
            <normal x="0.0" y="-0.8479984" z="-0.52999884"></normal>
          </vertex>
          <vertex>
            <position x="-8.322" y="1.1" z="-3.069"></position>
            <normal x="0.0" y="-0.8479984" z="-0.52999884"></normal>
          </vertex>
          <vertex>
            <position x="-8.322" y="1.35" z="-3.469"></position>
            <normal x="0.0" y="-0.8479984" z="-0.52999884"></normal>
          </vertex>
          <vertex>
            <position x="-8.272" y="1.35" z="-3.469"></position>
            <normal x="0.0" y="-0.8479984" z="-0.52999884"></normal>
          </vertex>
          <vertex>
            <position x="-8.272" y="1.399" z="-3.457"></position>
            <normal x="1.0" y="0.0" z="0.0"></normal>
          </vertex>
          <vertex>
            <position x="-8.272" y="1.149" z="-3.057"></position>
            <normal x="1.0" y="0.0" z="0.0"></normal>
          </vertex>
          <vertex>
            <position x="-8.322" y="1.149" z="-3.057"></position>
            <normal x="-1.0" y="0.0" z="0.0"></normal>
          </vertex>
          <vertex>
            <position x="-8.322" y="1.399" z="-3.457"></position>
            <normal x="-1.0" y="0.0" z="0.0"></normal>
          </vertex>
          <vertex>
            <position x="-8.322" y="1.1" z="-3.019"></position>
            <normal x="0.0" y="0.612822" z="0.7902211"></normal>
          </vertex>
          <vertex>
            <position x="-8.272" y="1.1" z="-3.019"></position>
            <normal x="0.0" y="0.612822" z="0.7902211"></normal>
          </vertex>
          <vertex>
            <position x="-8.322" y="1.39" z="-3.498"></position>
            <normal x="-1.0" y="0.0" z="0.0"></normal>
          </vertex>
          <vertex>
            <position x="-8.272" y="1.399" z="-3.457"></position>
            <normal x="0.0" y="0.97674394" z="-0.21440926"></normal>
          </vertex>
          <vertex>
            <position x="-8.272" y="1.39" z="-3.498"></position>
            <normal x="0.0" y="0.97674394" z="-0.21440926"></normal>
          </vertex>
          <vertex>
            <position x="-8.322" y="1.39" z="-3.498"></position>
            <normal x="0.0" y="0.97674394" z="-0.21440926"></normal>
          </vertex>
          <vertex>
            <position x="-8.322" y="1.399" z="-3.457"></position>
            <normal x="0.0" y="0.97674394" z="-0.21440926"></normal>
          </vertex>
          <vertex>
            <position x="-8.272" y="1.39" z="-3.498"></position>
            <normal x="1.0" y="0.0" z="0.0"></normal>
          </vertex>
          <vertex>
            <position x="-8.322" y="1.39" z="-3.498"></position>
            <normal x="0.0" y="0.46483684" z="-0.88539636"></normal>
          </vertex>
          <vertex>
            <position x="-8.272" y="1.39" z="-3.498"></position>
            <normal x="0.0" y="0.46483684" z="-0.88539636"></normal>
          </vertex>
          <vertex>
            <position x="-7.822" y="1.35" z="-3.469"></position>
            <normal x="-0.973249" y="0.22975293" z="0.0"></normal>
          </vertex>
          <vertex>
            <position x="-7.802" y="1.39" z="-3.469"></position>
            <normal x="-0.8944272" y="0.4472136" z="0.0"></normal>
          </vertex>
          <vertex>
            <position x="-7.802" y="1.39" z="-3.519"></position>
            <normal x="-0.8944272" y="0.4472136" z="0.0"></normal>
          </vertex>
          <vertex>
            <position x="-7.822" y="1.35" z="-3.519"></position>
            <normal x="-0.973249" y="0.22975293" z="0.0"></normal>
          </vertex>
          <vertex>
            <position x="-7.822" y="1.35" z="-3.519"></position>
            <normal x="0.0" y="0.0" z="-1.0"></normal>
          </vertex>
          <vertex>
            <position x="-7.802" y="1.39" z="-3.519"></position>
            <normal x="0.0" y="0.0" z="-1.0"></normal>
          </vertex>
          <vertex>
            <position x="-7.772" y="1.35" z="-3.519"></position>
            <normal x="0.0" y="0.0" z="-1.0"></normal>
          </vertex>
          <vertex>
            <position x="-7.772" y="1.35" z="-3.469"></position>
            <normal x="0.0" y="0.0" z="1.0"></normal>
          </vertex>
          <vertex>
            <position x="-7.802" y="1.39" z="-3.469"></position>
            <normal x="0.0" y="0.0" z="1.0"></normal>
          </vertex>
          <vertex>
            <position x="-7.822" y="1.35" z="-3.469"></position>
            <normal x="0.0" y="0.0" z="1.0"></normal>
          </vertex>
          <vertex>
            <position x="-7.76" y="1.399" z="-3.519"></position>
            <normal x="0.0" y="0.0" z="-1.0"></normal>
          </vertex>
          <vertex>
            <position x="-7.76" y="1.399" z="-3.519"></position>
            <normal x="0.016940689" y="0.99985653" z="0.0"></normal>
          </vertex>
          <vertex>
            <position x="-7.802" y="1.39" z="-3.519"></position>
            <normal x="-0.2095314" y="0.977802" z="0.0"></normal>
          </vertex>
          <vertex>
            <position x="-7.802" y="1.39" z="-3.469"></position>
            <normal x="-0.2095314" y="0.977802" z="0.0"></normal>
          </vertex>
          <vertex>
            <position x="-7.76" y="1.399" z="-3.469"></position>
            <normal x="0.016940689" y="0.99985653" z="0.0"></normal>
          </vertex>
          <vertex>
            <position x="-7.76" y="1.399" z="-3.469"></position>
            <normal x="0.0" y="0.0" z="1.0"></normal>
          </vertex>
          <vertex>
            <position x="-6.36" y="1.049" z="-3.519"></position>
            <normal x="0.0" y="0.0" z="-1.0"></normal>
          </vertex>
          <vertex>
            <position x="-6.322" y="1.0" z="-3.519"></position>
            <normal x="0.0" y="0.0" z="-1.0"></normal>
          </vertex>
          <vertex>
            <position x="-6.372" y="1.0" z="-3.519"></position>
            <normal x="0.0" y="0.0" z="-1.0"></normal>
          </vertex>
          <vertex>
            <position x="-6.36" y="1.049" z="-3.469"></position>
            <normal x="0.7902191" y="0.61282444" z="0.0"></normal>
          </vertex>
          <vertex>
            <position x="-6.322" y="1.0" z="-3.469"></position>
            <normal x="0.7902191" y="0.61282444" z="0.0"></normal>
          </vertex>
          <vertex>
            <position x="-6.322" y="1.0" z="-3.519"></position>
            <normal x="0.7902191" y="0.61282444" z="0.0"></normal>
          </vertex>
          <vertex>
            <position x="-6.36" y="1.049" z="-3.519"></position>
            <normal x="0.7902191" y="0.61282444" z="0.0"></normal>
          </vertex>
          <vertex>
            <position x="-6.372" y="1.0" z="-3.469"></position>
            <normal x="0.0" y="0.0" z="1.0"></normal>
          </vertex>
          <vertex>
            <position x="-6.322" y="1.0" z="-3.469"></position>
            <normal x="0.0" y="0.0" z="1.0"></normal>
          </vertex>
          <vertex>
            <position x="-6.36" y="1.049" z="-3.469"></position>
            <normal x="0.0" y="0.0" z="1.0"></normal>
          </vertex>
          <vertex>
            <position x="-6.372" y="1.0" z="-3.519"></position>
            <normal x="-0.24253573" y="-0.9701425" z="0.0"></normal>
          </vertex>
          <vertex>
            <position x="-6.372" y="1.0" z="-3.469"></position>
            <normal x="-0.24253573" y="-0.9701425" z="0.0"></normal>
          </vertex>
          <vertex>
            <position x="-7.772" y="1.35" z="-3.469"></position>
            <normal x="-0.24253573" y="-0.9701425" z="0.0"></normal>
          </vertex>
          <vertex>
            <position x="-7.772" y="1.35" z="-3.519"></position>
            <normal x="-0.24253573" y="-0.9701425" z="0.0"></normal>
          </vertex>
          <vertex>
            <position x="-6.36" y="1.049" z="-3.469"></position>
            <normal x="0.24253562" y="0.9701425" z="0.0"></normal>
          </vertex>
          <vertex>
            <position x="-6.36" y="1.049" z="-3.519"></position>
            <normal x="0.24253562" y="0.9701425" z="0.0"></normal>
          </vertex>
          <vertex>
            <position x="-6.322" y="0.05" z="-3.519"></position>
            <normal x="1.0" y="0.0" z="0.0"></normal>
          </vertex>
          <vertex>
            <position x="-6.322" y="1.0" z="-3.519"></position>
            <normal x="1.0" y="0.0" z="0.0"></normal>
          </vertex>
          <vertex>
            <position x="-6.322" y="1.0" z="-3.469"></position>
            <normal x="1.0" y="0.0" z="0.0"></normal>
          </vertex>
          <vertex>
            <position x="-6.322" y="0.05" z="-3.469"></position>
            <normal x="1.0" y="0.0" z="0.0"></normal>
          </vertex>
          <vertex>
            <position x="-6.322" y="0.05" z="-3.469"></position>
            <normal x="0.0" y="0.0" z="1.0"></normal>
          </vertex>
          <vertex>
            <position x="-6.372" y="0.05" z="-3.469"></position>
            <normal x="0.0" y="0.0" z="1.0"></normal>
          </vertex>
          <vertex>
            <position x="-6.372" y="0.05" z="-3.469"></position>
            <normal x="-1.0" y="0.0" z="0.0"></normal>
          </vertex>
          <vertex>
            <position x="-6.372" y="1.0" z="-3.469"></position>
            <normal x="-1.0" y="0.0" z="0.0"></normal>
          </vertex>
          <vertex>
            <position x="-6.372" y="1.0" z="-3.519"></position>
            <normal x="-1.0" y="0.0" z="0.0"></normal>
          </vertex>
          <vertex>
            <position x="-6.372" y="0.05" z="-3.519"></position>
            <normal x="-1.0" y="0.0" z="0.0"></normal>
          </vertex>
          <vertex>
            <position x="-6.372" y="0.05" z="-3.519"></position>
            <normal x="0.0" y="0.0" z="-1.0"></normal>
          </vertex>
          <vertex>
            <position x="-6.322" y="0.05" z="-3.519"></position>
            <normal x="0.0" y="0.0" z="-1.0"></normal>
          </vertex>
          <vertex>
            <position x="-7.822" y="0.4" z="-3.469"></position>
            <normal x="-1.0" y="0.0" z="0.0"></normal>
          </vertex>
          <vertex>
            <position x="-7.822" y="0.4" z="-3.519"></position>
            <normal x="-1.0" y="0.0" z="0.0"></normal>
          </vertex>
          <vertex>
            <position x="-7.822" y="0.4" z="-3.519"></position>
            <normal x="0.0" y="0.0" z="-1.0"></normal>
          </vertex>
          <vertex>
            <position x="-7.772" y="0.4" z="-3.519"></position>
            <normal x="0.0" y="0.0" z="-1.0"></normal>
          </vertex>
          <vertex>
            <position x="-7.772" y="0.4" z="-3.519"></position>
            <normal x="1.0" y="0.0" z="0.0"></normal>
          </vertex>
          <vertex>
            <position x="-7.772" y="1.35" z="-3.519"></position>
            <normal x="1.0" y="0.0" z="0.0"></normal>
          </vertex>
          <vertex>
            <position x="-7.772" y="1.35" z="-3.469"></position>
            <normal x="1.0" y="0.0" z="0.0"></normal>
          </vertex>
          <vertex>
            <position x="-7.772" y="0.4" z="-3.469"></position>
            <normal x="1.0" y="0.0" z="0.0"></normal>
          </vertex>
          <vertex>
            <position x="-7.772" y="0.4" z="-3.469"></position>
            <normal x="0.0" y="0.0" z="1.0"></normal>
          </vertex>
          <vertex>
            <position x="-7.822" y="0.4" z="-3.469"></position>
            <normal x="0.0" y="0.0" z="1.0"></normal>
          </vertex>
        </vertexbuffer>
      </geometry>
    </submesh>
  </submeshes>
</mesh>
