<mesh>
  <submeshes>
    <submesh material="Material.20" usesharedvertices="false">
      <faces count="162">
        <face v1="0" v2="1" v3="2"></face>
        <face v1="0" v2="2" v3="3"></face>
        <face v1="4" v2="5" v3="6"></face>
        <face v1="4" v2="6" v3="7"></face>
        <face v1="8" v2="9" v3="10"></face>
        <face v1="8" v2="10" v3="11"></face>
        <face v1="12" v2="13" v3="14"></face>
        <face v1="12" v2="14" v3="15"></face>
        <face v1="16" v2="17" v3="18"></face>
        <face v1="16" v2="18" v3="19"></face>
        <face v1="20" v2="21" v3="22"></face>
        <face v1="20" v2="22" v3="23"></face>
        <face v1="24" v2="25" v3="26"></face>
        <face v1="24" v2="26" v3="27"></face>
        <face v1="28" v2="29" v3="30"></face>
        <face v1="28" v2="30" v3="31"></face>
        <face v1="32" v2="33" v3="34"></face>
        <face v1="32" v2="34" v3="35"></face>
        <face v1="36" v2="37" v3="38"></face>
        <face v1="36" v2="38" v3="39"></face>
        <face v1="40" v2="41" v3="42"></face>
        <face v1="40" v2="42" v3="43"></face>
        <face v1="44" v2="45" v3="46"></face>
        <face v1="44" v2="46" v3="47"></face>
        <face v1="48" v2="49" v3="50"></face>
        <face v1="48" v2="50" v3="51"></face>
        <face v1="52" v2="53" v3="54"></face>
        <face v1="52" v2="54" v3="55"></face>
        <face v1="56" v2="57" v3="58"></face>
        <face v1="56" v2="58" v3="59"></face>
        <face v1="60" v2="61" v3="62"></face>
        <face v1="60" v2="62" v3="63"></face>
        <face v1="64" v2="65" v3="66"></face>
        <face v1="64" v2="66" v3="67"></face>
        <face v1="68" v2="69" v3="70"></face>
        <face v1="68" v2="70" v3="71"></face>
        <face v1="72" v2="73" v3="74"></face>
        <face v1="72" v2="74" v3="75"></face>
        <face v1="76" v2="77" v3="78"></face>
        <face v1="76" v2="78" v3="79"></face>
        <face v1="80" v2="81" v3="82"></face>
        <face v1="80" v2="82" v3="83"></face>
        <face v1="84" v2="85" v3="86"></face>
        <face v1="84" v2="86" v3="87"></face>
        <face v1="88" v2="89" v3="90"></face>
        <face v1="88" v2="90" v3="91"></face>
        <face v1="92" v2="93" v3="94"></face>
        <face v1="92" v2="94" v3="95"></face>
        <face v1="96" v2="97" v3="98"></face>
        <face v1="96" v2="98" v3="99"></face>
        <face v1="100" v2="101" v3="102"></face>
        <face v1="100" v2="102" v3="103"></face>
        <face v1="104" v2="105" v3="106"></face>
        <face v1="104" v2="106" v3="107"></face>
      </faces>
      <geometry vertexcount="108">
        <vertexbuffer positions="true" normals="true" texture_coords="1">
          <vertex>
            <position x="5.367" y="2.19" z="1.966"></position>
            <normal x="0.0" y="0.0" z="-1.0"></normal>
            <texcoord u="-0.013" v="1.25"></texcoord>
          </vertex>
          <vertex>
            <position x="5.367" y="3.42" z="1.966"></position>
            <normal x="0.0" y="0.0" z="-1.0"></normal>
            <texcoord u="-0.013" v="-1.825"></texcoord>
          </vertex>
          <vertex>
            <position x="5.517" y="3.42" z="1.966"></position>
            <normal x="0.0" y="0.0" z="-1.0"></normal>
            <texcoord u="0.363" v="-1.825"></texcoord>
          </vertex>
          <vertex>
            <position x="5.517" y="2.19" z="1.966"></position>
            <normal x="0.0" y="0.0" z="-1.0"></normal>
            <texcoord u="0.363" v="1.25"></texcoord>
          </vertex>
          <vertex>
            <position x="5.517" y="3.39" z="1.996"></position>
            <normal x="0.0" y="-1.0" z="0.0"></normal>
            <texcoord u="-2.0" v="-1.925"></texcoord>
          </vertex>
          <vertex>
            <position x="5.517" y="3.39" z="2.986"></position>
            <normal x="0.0" y="-1.0" z="0.0"></normal>
            <texcoord u="-2.0" v="0.55"></texcoord>
          </vertex>
          <vertex>
            <position x="5.367" y="3.39" z="2.986"></position>
            <normal x="0.0" y="-1.0" z="0.0"></normal>
            <texcoord u="-2.375" v="0.55"></texcoord>
          </vertex>
          <vertex>
            <position x="5.367" y="3.39" z="1.996"></position>
            <normal x="0.0" y="-1.0" z="0.0"></normal>
            <texcoord u="-2.375" v="-1.925"></texcoord>
          </vertex>
          <vertex>
            <position x="5.517" y="3.42" z="2.986"></position>
            <normal x="1.0" y="0.0" z="0.0"></normal>
            <texcoord u="1.925" v="12.45"></texcoord>
          </vertex>
          <vertex>
            <position x="5.517" y="3.39" z="2.986"></position>
            <normal x="1.0" y="0.0" z="0.0"></normal>
            <texcoord u="2.0" v="12.45"></texcoord>
          </vertex>
          <vertex>
            <position x="5.517" y="3.39" z="1.996"></position>
            <normal x="1.0" y="0.0" z="0.0"></normal>
            <texcoord u="2.0" v="14.925"></texcoord>
          </vertex>
          <vertex>
            <position x="5.517" y="3.42" z="1.996"></position>
            <normal x="1.0" y="0.0" z="0.0"></normal>
            <texcoord u="1.925" v="14.925"></texcoord>
          </vertex>
          <vertex>
            <position x="5.367" y="3.42" z="1.996"></position>
            <normal x="-1.0" y="0.0" z="0.0"></normal>
            <texcoord u="1.925" v="14.925"></texcoord>
          </vertex>
          <vertex>
            <position x="5.367" y="3.39" z="1.996"></position>
            <normal x="-1.0" y="0.0" z="0.0"></normal>
            <texcoord u="2.0" v="14.925"></texcoord>
          </vertex>
          <vertex>
            <position x="5.367" y="3.39" z="2.986"></position>
            <normal x="-1.0" y="0.0" z="0.0"></normal>
            <texcoord u="2.0" v="12.45"></texcoord>
          </vertex>
          <vertex>
            <position x="5.367" y="3.42" z="2.986"></position>
            <normal x="-1.0" y="0.0" z="0.0"></normal>
            <texcoord u="1.925" v="12.45"></texcoord>
          </vertex>
          <vertex>
            <position x="5.517" y="2.19" z="1.996"></position>
            <normal x="1.0" y="0.0" z="0.0"></normal>
            <texcoord u="5.0" v="14.925"></texcoord>
          </vertex>
          <vertex>
            <position x="5.517" y="2.22" z="1.996"></position>
            <normal x="1.0" y="0.0" z="0.0"></normal>
            <texcoord u="4.925" v="14.925"></texcoord>
          </vertex>
          <vertex>
            <position x="5.517" y="2.22" z="2.986"></position>
            <normal x="1.0" y="0.0" z="0.0"></normal>
            <texcoord u="4.925" v="12.45"></texcoord>
          </vertex>
          <vertex>
            <position x="5.517" y="2.19" z="2.986"></position>
            <normal x="1.0" y="0.0" z="0.0"></normal>
            <texcoord u="5.0" v="12.45"></texcoord>
          </vertex>
          <vertex>
            <position x="5.367" y="2.19" z="2.986"></position>
            <normal x="-1.0" y="0.0" z="0.0"></normal>
            <texcoord u="5.0" v="12.45"></texcoord>
          </vertex>
          <vertex>
            <position x="5.367" y="2.22" z="2.986"></position>
            <normal x="-1.0" y="0.0" z="0.0"></normal>
            <texcoord u="4.925" v="12.45"></texcoord>
          </vertex>
          <vertex>
            <position x="5.367" y="2.22" z="1.996"></position>
            <normal x="-1.0" y="0.0" z="0.0"></normal>
            <texcoord u="4.925" v="14.925"></texcoord>
          </vertex>
          <vertex>
            <position x="5.367" y="2.19" z="1.996"></position>
            <normal x="-1.0" y="0.0" z="0.0"></normal>
            <texcoord u="5.0" v="14.925"></texcoord>
          </vertex>
          <vertex>
            <position x="5.367" y="2.22" z="1.996"></position>
            <normal x="0.0" y="1.0" z="0.0"></normal>
            <texcoord u="-2.375" v="-1.925"></texcoord>
          </vertex>
          <vertex>
            <position x="5.367" y="2.22" z="2.986"></position>
            <normal x="0.0" y="1.0" z="0.0"></normal>
            <texcoord u="-2.375" v="0.55"></texcoord>
          </vertex>
          <vertex>
            <position x="5.517" y="2.22" z="2.986"></position>
            <normal x="0.0" y="1.0" z="0.0"></normal>
            <texcoord u="-2.0" v="0.55"></texcoord>
          </vertex>
          <vertex>
            <position x="5.517" y="2.22" z="1.996"></position>
            <normal x="0.0" y="1.0" z="0.0"></normal>
            <texcoord u="-2.0" v="-1.925"></texcoord>
          </vertex>
          <vertex>
            <position x="5.517" y="2.19" z="1.966"></position>
            <normal x="1.0" y="0.0" z="0.0"></normal>
            <texcoord u="-1.075" v="-1.25"></texcoord>
          </vertex>
          <vertex>
            <position x="5.517" y="3.42" z="1.966"></position>
            <normal x="1.0" y="0.0" z="0.0"></normal>
            <texcoord u="-1.075" v="-4.325"></texcoord>
          </vertex>
          <vertex>
            <position x="5.517" y="3.42" z="1.996"></position>
            <normal x="1.0" y="0.0" z="0.0"></normal>
            <texcoord u="-1.0" v="-4.325"></texcoord>
          </vertex>
          <vertex>
            <position x="5.517" y="2.19" z="1.996"></position>
            <normal x="1.0" y="0.0" z="0.0"></normal>
            <texcoord u="-1.0" v="-1.25"></texcoord>
          </vertex>
          <vertex>
            <position x="5.517" y="2.19" z="1.996"></position>
            <normal x="0.0" y="0.0" z="1.0"></normal>
            <texcoord u="0.363" v="1.25"></texcoord>
          </vertex>
          <vertex>
            <position x="5.517" y="3.42" z="1.996"></position>
            <normal x="0.0" y="0.0" z="1.0"></normal>
            <texcoord u="0.363" v="-1.825"></texcoord>
          </vertex>
          <vertex>
            <position x="5.367" y="3.42" z="1.996"></position>
            <normal x="0.0" y="0.0" z="1.0"></normal>
            <texcoord u="-0.013" v="-1.825"></texcoord>
          </vertex>
          <vertex>
            <position x="5.367" y="2.19" z="1.996"></position>
            <normal x="0.0" y="0.0" z="1.0"></normal>
            <texcoord u="-0.013" v="1.25"></texcoord>
          </vertex>
          <vertex>
            <position x="5.367" y="2.19" z="1.996"></position>
            <normal x="-1.0" y="0.0" z="0.0"></normal>
            <texcoord u="-1.0" v="-1.25"></texcoord>
          </vertex>
          <vertex>
            <position x="5.367" y="3.42" z="1.996"></position>
            <normal x="-1.0" y="0.0" z="0.0"></normal>
            <texcoord u="-1.0" v="-4.325"></texcoord>
          </vertex>
          <vertex>
            <position x="5.367" y="3.42" z="1.966"></position>
            <normal x="-1.0" y="0.0" z="0.0"></normal>
            <texcoord u="-1.075" v="-4.325"></texcoord>
          </vertex>
          <vertex>
            <position x="5.367" y="2.19" z="1.966"></position>
            <normal x="-1.0" y="0.0" z="0.0"></normal>
            <texcoord u="-1.075" v="-1.25"></texcoord>
          </vertex>
          <vertex>
            <position x="5.367" y="2.19" z="2.986"></position>
            <normal x="0.0" y="0.0" z="-1.0"></normal>
            <texcoord u="-0.013" v="1.25"></texcoord>
          </vertex>
          <vertex>
            <position x="5.367" y="3.42" z="2.986"></position>
            <normal x="0.0" y="0.0" z="-1.0"></normal>
            <texcoord u="-0.013" v="-1.825"></texcoord>
          </vertex>
          <vertex>
            <position x="5.517" y="3.42" z="2.986"></position>
            <normal x="0.0" y="0.0" z="-1.0"></normal>
            <texcoord u="0.363" v="-1.825"></texcoord>
          </vertex>
          <vertex>
            <position x="5.517" y="2.19" z="2.986"></position>
            <normal x="0.0" y="0.0" z="-1.0"></normal>
            <texcoord u="0.363" v="1.25"></texcoord>
          </vertex>
          <vertex>
            <position x="5.517" y="2.19" z="2.986"></position>
            <normal x="1.0" y="0.0" z="0.0"></normal>
            <texcoord u="1.475" v="-1.25"></texcoord>
          </vertex>
          <vertex>
            <position x="5.517" y="3.42" z="2.986"></position>
            <normal x="1.0" y="0.0" z="0.0"></normal>
            <texcoord u="1.475" v="-4.325"></texcoord>
          </vertex>
          <vertex>
            <position x="5.517" y="3.42" z="3.016"></position>
            <normal x="1.0" y="0.0" z="0.0"></normal>
            <texcoord u="1.55" v="-4.325"></texcoord>
          </vertex>
          <vertex>
            <position x="5.517" y="2.19" z="3.016"></position>
            <normal x="1.0" y="0.0" z="0.0"></normal>
            <texcoord u="1.55" v="-1.25"></texcoord>
          </vertex>
          <vertex>
            <position x="5.517" y="2.19" z="3.016"></position>
            <normal x="0.0" y="0.0" z="1.0"></normal>
            <texcoord u="0.363" v="1.25"></texcoord>
          </vertex>
          <vertex>
            <position x="5.517" y="3.42" z="3.016"></position>
            <normal x="0.0" y="0.0" z="1.0"></normal>
            <texcoord u="0.363" v="-1.825"></texcoord>
          </vertex>
          <vertex>
            <position x="5.367" y="3.42" z="3.016"></position>
            <normal x="0.0" y="0.0" z="1.0"></normal>
            <texcoord u="-0.013" v="-1.825"></texcoord>
          </vertex>
          <vertex>
            <position x="5.367" y="2.19" z="3.016"></position>
            <normal x="0.0" y="0.0" z="1.0"></normal>
            <texcoord u="-0.013" v="1.25"></texcoord>
          </vertex>
          <vertex>
            <position x="5.367" y="2.19" z="3.016"></position>
            <normal x="-1.0" y="0.0" z="0.0"></normal>
            <texcoord u="1.55" v="-1.25"></texcoord>
          </vertex>
          <vertex>
            <position x="5.367" y="3.42" z="3.016"></position>
            <normal x="-1.0" y="0.0" z="0.0"></normal>
            <texcoord u="1.55" v="-4.325"></texcoord>
          </vertex>
          <vertex>
            <position x="5.367" y="3.42" z="2.986"></position>
            <normal x="-1.0" y="0.0" z="0.0"></normal>
            <texcoord u="1.475" v="-4.325"></texcoord>
          </vertex>
          <vertex>
            <position x="5.367" y="2.19" z="2.986"></position>
            <normal x="-1.0" y="0.0" z="0.0"></normal>
            <texcoord u="1.475" v="-1.25"></texcoord>
          </vertex>
          <vertex>
            <position x="5.367" y="2.19" z="1.966"></position>
            <normal x="0.0" y="-1.0" z="0.0"></normal>
            <texcoord u="-2.375" v="-2.0"></texcoord>
          </vertex>
          <vertex>
            <position x="5.517" y="2.19" z="1.966"></position>
            <normal x="0.0" y="-1.0" z="0.0"></normal>
            <texcoord u="-2.0" v="-2.0"></texcoord>
          </vertex>
          <vertex>
            <position x="5.517" y="2.19" z="3.016"></position>
            <normal x="0.0" y="-1.0" z="0.0"></normal>
            <texcoord u="-2.0" v="0.625"></texcoord>
          </vertex>
          <vertex>
            <position x="5.367" y="2.19" z="3.016"></position>
            <normal x="0.0" y="-1.0" z="0.0"></normal>
            <texcoord u="-2.375" v="0.625"></texcoord>
          </vertex>
          <vertex>
            <position x="5.367" y="0.0" z="1.966"></position>
            <normal x="0.0" y="0.0" z="-1.0"></normal>
            <texcoord u="2.088" v="5.225"></texcoord>
          </vertex>
          <vertex>
            <position x="5.367" y="2.09" z="1.966"></position>
            <normal x="0.0" y="0.0" z="-1.0"></normal>
            <texcoord u="2.088" v="0.0"></texcoord>
          </vertex>
          <vertex>
            <position x="5.517" y="2.09" z="1.966"></position>
            <normal x="0.0" y="0.0" z="-1.0"></normal>
            <texcoord u="2.463" v="0.0"></texcoord>
          </vertex>
          <vertex>
            <position x="5.517" y="0.0" z="1.966"></position>
            <normal x="0.0" y="0.0" z="-1.0"></normal>
            <texcoord u="2.463" v="5.225"></texcoord>
          </vertex>
          <vertex>
            <position x="5.367" y="0.0" z="3.016"></position>
            <normal x="-1.0" y="0.0" z="0.0"></normal>
            <texcoord u="1.55" v="4.225"></texcoord>
          </vertex>
          <vertex>
            <position x="5.367" y="2.09" z="3.016"></position>
            <normal x="-1.0" y="0.0" z="0.0"></normal>
            <texcoord u="1.55" v="-1.0"></texcoord>
          </vertex>
          <vertex>
            <position x="5.367" y="2.09" z="2.986"></position>
            <normal x="-1.0" y="0.0" z="0.0"></normal>
            <texcoord u="1.475" v="-1.0"></texcoord>
          </vertex>
          <vertex>
            <position x="5.367" y="0.0" z="2.986"></position>
            <normal x="-1.0" y="0.0" z="0.0"></normal>
            <texcoord u="1.475" v="4.225"></texcoord>
          </vertex>
          <vertex>
            <position x="5.517" y="0.0" z="3.016"></position>
            <normal x="0.0" y="0.0" z="1.0"></normal>
            <texcoord u="2.463" v="5.225"></texcoord>
          </vertex>
          <vertex>
            <position x="5.517" y="2.09" z="3.016"></position>
            <normal x="0.0" y="0.0" z="1.0"></normal>
            <texcoord u="2.463" v="0.0"></texcoord>
          </vertex>
          <vertex>
            <position x="5.367" y="2.09" z="3.016"></position>
            <normal x="0.0" y="0.0" z="1.0"></normal>
            <texcoord u="2.088" v="0.0"></texcoord>
          </vertex>
          <vertex>
            <position x="5.367" y="0.0" z="3.016"></position>
            <normal x="0.0" y="0.0" z="1.0"></normal>
            <texcoord u="2.088" v="5.225"></texcoord>
          </vertex>
          <vertex>
            <position x="5.517" y="0.0" z="2.986"></position>
            <normal x="1.0" y="0.0" z="0.0"></normal>
            <texcoord u="1.475" v="4.225"></texcoord>
          </vertex>
          <vertex>
            <position x="5.517" y="2.09" z="2.986"></position>
            <normal x="1.0" y="0.0" z="0.0"></normal>
            <texcoord u="1.475" v="-1.0"></texcoord>
          </vertex>
          <vertex>
            <position x="5.517" y="2.09" z="3.016"></position>
            <normal x="1.0" y="0.0" z="0.0"></normal>
            <texcoord u="1.55" v="-1.0"></texcoord>
          </vertex>
          <vertex>
            <position x="5.517" y="0.0" z="3.016"></position>
            <normal x="1.0" y="0.0" z="0.0"></normal>
            <texcoord u="1.55" v="4.225"></texcoord>
          </vertex>
          <vertex>
            <position x="5.367" y="0.0" z="2.986"></position>
            <normal x="0.0" y="0.0" z="-1.0"></normal>
            <texcoord u="2.088" v="5.225"></texcoord>
          </vertex>
          <vertex>
            <position x="5.367" y="2.09" z="2.986"></position>
            <normal x="0.0" y="0.0" z="-1.0"></normal>
            <texcoord u="2.088" v="0.0"></texcoord>
          </vertex>
          <vertex>
            <position x="5.517" y="2.09" z="2.986"></position>
            <normal x="0.0" y="0.0" z="-1.0"></normal>
            <texcoord u="2.463" v="0.0"></texcoord>
          </vertex>
          <vertex>
            <position x="5.517" y="0.0" z="2.986"></position>
            <normal x="0.0" y="0.0" z="-1.0"></normal>
            <texcoord u="2.463" v="5.225"></texcoord>
          </vertex>
          <vertex>
            <position x="5.367" y="0.0" z="1.996"></position>
            <normal x="-1.0" y="0.0" z="0.0"></normal>
            <texcoord u="-1.0" v="4.225"></texcoord>
          </vertex>
          <vertex>
            <position x="5.367" y="2.09" z="1.996"></position>
            <normal x="-1.0" y="0.0" z="0.0"></normal>
            <texcoord u="-1.0" v="-1.0"></texcoord>
          </vertex>
          <vertex>
            <position x="5.367" y="2.09" z="1.966"></position>
            <normal x="-1.0" y="0.0" z="0.0"></normal>
            <texcoord u="-1.075" v="-1.0"></texcoord>
          </vertex>
          <vertex>
            <position x="5.367" y="0.0" z="1.966"></position>
            <normal x="-1.0" y="0.0" z="0.0"></normal>
            <texcoord u="-1.075" v="4.225"></texcoord>
          </vertex>
          <vertex>
            <position x="5.517" y="0.0" z="1.996"></position>
            <normal x="0.0" y="0.0" z="1.0"></normal>
            <texcoord u="2.463" v="5.225"></texcoord>
          </vertex>
          <vertex>
            <position x="5.517" y="2.09" z="1.996"></position>
            <normal x="0.0" y="0.0" z="1.0"></normal>
            <texcoord u="2.463" v="0.0"></texcoord>
          </vertex>
          <vertex>
            <position x="5.367" y="2.09" z="1.996"></position>
            <normal x="0.0" y="0.0" z="1.0"></normal>
            <texcoord u="2.088" v="0.0"></texcoord>
          </vertex>
          <vertex>
            <position x="5.367" y="0.0" z="1.996"></position>
            <normal x="0.0" y="0.0" z="1.0"></normal>
            <texcoord u="2.088" v="5.225"></texcoord>
          </vertex>
          <vertex>
            <position x="5.517" y="0.0" z="1.966"></position>
            <normal x="1.0" y="0.0" z="0.0"></normal>
            <texcoord u="-1.075" v="4.225"></texcoord>
          </vertex>
          <vertex>
            <position x="5.517" y="2.09" z="1.966"></position>
            <normal x="1.0" y="0.0" z="0.0"></normal>
            <texcoord u="-1.075" v="-1.0"></texcoord>
          </vertex>
          <vertex>
            <position x="5.517" y="2.09" z="1.996"></position>
            <normal x="1.0" y="0.0" z="0.0"></normal>
            <texcoord u="-1.0" v="-1.0"></texcoord>
          </vertex>
          <vertex>
            <position x="5.517" y="0.0" z="1.996"></position>
            <normal x="1.0" y="0.0" z="0.0"></normal>
            <texcoord u="-1.0" v="4.225"></texcoord>
          </vertex>
          <vertex>
            <position x="5.367" y="2.09" z="1.996"></position>
            <normal x="-1.0" y="0.0" z="0.0"></normal>
            <texcoord u="5.25" v="14.925"></texcoord>
          </vertex>
          <vertex>
            <position x="5.367" y="2.06" z="1.996"></position>
            <normal x="-1.0" y="0.0" z="0.0"></normal>
            <texcoord u="5.325" v="14.925"></texcoord>
          </vertex>
          <vertex>
            <position x="5.367" y="2.06" z="2.986"></position>
            <normal x="-1.0" y="0.0" z="0.0"></normal>
            <texcoord u="5.325" v="12.45"></texcoord>
          </vertex>
          <vertex>
            <position x="5.367" y="2.09" z="2.986"></position>
            <normal x="-1.0" y="0.0" z="0.0"></normal>
            <texcoord u="5.25" v="12.45"></texcoord>
          </vertex>
          <vertex>
            <position x="5.517" y="2.09" z="2.986"></position>
            <normal x="1.0" y="0.0" z="0.0"></normal>
            <texcoord u="5.25" v="12.45"></texcoord>
          </vertex>
          <vertex>
            <position x="5.517" y="2.06" z="2.986"></position>
            <normal x="1.0" y="0.0" z="0.0"></normal>
            <texcoord u="5.325" v="12.45"></texcoord>
          </vertex>
          <vertex>
            <position x="5.517" y="2.06" z="1.996"></position>
            <normal x="1.0" y="0.0" z="0.0"></normal>
            <texcoord u="5.325" v="14.925"></texcoord>
          </vertex>
          <vertex>
            <position x="5.517" y="2.09" z="1.996"></position>
            <normal x="1.0" y="0.0" z="0.0"></normal>
            <texcoord u="5.25" v="14.925"></texcoord>
          </vertex>
          <vertex>
            <position x="5.517" y="2.06" z="1.996"></position>
            <normal x="0.0" y="-1.0" z="0.0"></normal>
            <texcoord u="-2.0" v="-1.925"></texcoord>
          </vertex>
          <vertex>
            <position x="5.517" y="2.06" z="2.986"></position>
            <normal x="0.0" y="-1.0" z="0.0"></normal>
            <texcoord u="-2.0" v="0.55"></texcoord>
          </vertex>
          <vertex>
            <position x="5.367" y="2.06" z="2.986"></position>
            <normal x="0.0" y="-1.0" z="0.0"></normal>
            <texcoord u="-2.375" v="0.55"></texcoord>
          </vertex>
          <vertex>
            <position x="5.367" y="2.06" z="1.996"></position>
            <normal x="0.0" y="-1.0" z="0.0"></normal>
            <texcoord u="-2.375" v="-1.925"></texcoord>
          </vertex>
          <vertex>
            <position x="5.367" y="2.09" z="3.016"></position>
            <normal x="0.0" y="1.0" z="0.0"></normal>
            <texcoord u="-2.375" v="0.625"></texcoord>
          </vertex>
          <vertex>
            <position x="5.517" y="2.09" z="3.016"></position>
            <normal x="0.0" y="1.0" z="0.0"></normal>
            <texcoord u="-2.0" v="0.625"></texcoord>
          </vertex>
          <vertex>
            <position x="5.517" y="2.09" z="1.966"></position>
            <normal x="0.0" y="1.0" z="0.0"></normal>
            <texcoord u="-2.0" v="-2.0"></texcoord>
          </vertex>
          <vertex>
            <position x="5.367" y="2.09" z="1.966"></position>
            <normal x="0.0" y="1.0" z="0.0"></normal>
            <texcoord u="-2.375" v="-2.0"></texcoord>
          </vertex>
        </vertexbuffer>
      </geometry>
    </submesh>
  </submeshes>
</mesh>
