<mesh>
  <submeshes>
    <submesh material="Material.21" usesharedvertices="false">
      <faces count="282">
        <face v1="0" v2="1" v3="2"></face>
        <face v1="0" v2="2" v3="3"></face>
        <face v1="4" v2="5" v3="6"></face>
        <face v1="4" v2="6" v3="7"></face>
        <face v1="8" v2="9" v3="10"></face>
        <face v1="8" v2="10" v3="11"></face>
        <face v1="12" v2="13" v3="14"></face>
        <face v1="12" v2="14" v3="15"></face>
        <face v1="16" v2="17" v3="18"></face>
        <face v1="16" v2="18" v3="19"></face>
        <face v1="20" v2="21" v3="22"></face>
        <face v1="20" v2="22" v3="23"></face>
        <face v1="24" v2="25" v3="26"></face>
        <face v1="24" v2="26" v3="27"></face>
        <face v1="28" v2="29" v3="30"></face>
        <face v1="28" v2="30" v3="31"></face>
        <face v1="32" v2="33" v3="34"></face>
        <face v1="32" v2="34" v3="35"></face>
        <face v1="36" v2="37" v3="38"></face>
        <face v1="36" v2="38" v3="39"></face>
        <face v1="40" v2="41" v3="42"></face>
        <face v1="40" v2="42" v3="43"></face>
        <face v1="44" v2="45" v3="46"></face>
        <face v1="44" v2="46" v3="47"></face>
        <face v1="48" v2="49" v3="50"></face>
        <face v1="48" v2="50" v3="51"></face>
        <face v1="52" v2="53" v3="54"></face>
        <face v1="52" v2="54" v3="55"></face>
        <face v1="56" v2="57" v3="58"></face>
        <face v1="56" v2="58" v3="59"></face>
        <face v1="60" v2="61" v3="62"></face>
        <face v1="60" v2="62" v3="63"></face>
        <face v1="64" v2="65" v3="66"></face>
        <face v1="64" v2="66" v3="67"></face>
        <face v1="68" v2="69" v3="70"></face>
        <face v1="68" v2="70" v3="71"></face>
        <face v1="72" v2="73" v3="74"></face>
        <face v1="72" v2="74" v3="75"></face>
        <face v1="76" v2="77" v3="78"></face>
        <face v1="76" v2="78" v3="79"></face>
        <face v1="80" v2="81" v3="82"></face>
        <face v1="80" v2="82" v3="83"></face>
        <face v1="84" v2="85" v3="86"></face>
        <face v1="84" v2="86" v3="87"></face>
        <face v1="88" v2="89" v3="90"></face>
        <face v1="88" v2="90" v3="91"></face>
        <face v1="92" v2="93" v3="94"></face>
        <face v1="92" v2="94" v3="95"></face>
        <face v1="96" v2="97" v3="98"></face>
        <face v1="96" v2="98" v3="99"></face>
        <face v1="100" v2="101" v3="102"></face>
        <face v1="100" v2="102" v3="103"></face>
        <face v1="104" v2="105" v3="106"></face>
        <face v1="104" v2="106" v3="107"></face>
        <face v1="108" v2="109" v3="110"></face>
        <face v1="108" v2="110" v3="111"></face>
        <face v1="112" v2="113" v3="114"></face>
        <face v1="112" v2="114" v3="115"></face>
        <face v1="116" v2="117" v3="118"></face>
        <face v1="116" v2="118" v3="119"></face>
        <face v1="120" v2="121" v3="122"></face>
        <face v1="120" v2="122" v3="123"></face>
        <face v1="124" v2="125" v3="126"></face>
        <face v1="124" v2="126" v3="127"></face>
        <face v1="128" v2="129" v3="130"></face>
        <face v1="128" v2="130" v3="131"></face>
        <face v1="132" v2="133" v3="134"></face>
        <face v1="132" v2="134" v3="135"></face>
        <face v1="136" v2="137" v3="138"></face>
        <face v1="136" v2="138" v3="139"></face>
        <face v1="140" v2="141" v3="142"></face>
        <face v1="140" v2="142" v3="143"></face>
        <face v1="144" v2="145" v3="146"></face>
        <face v1="144" v2="146" v3="147"></face>
        <face v1="148" v2="149" v3="150"></face>
        <face v1="148" v2="150" v3="151"></face>
        <face v1="152" v2="153" v3="154"></face>
        <face v1="152" v2="154" v3="155"></face>
        <face v1="156" v2="157" v3="158"></face>
        <face v1="156" v2="158" v3="159"></face>
        <face v1="160" v2="161" v3="162"></face>
        <face v1="160" v2="162" v3="163"></face>
        <face v1="164" v2="165" v3="166"></face>
        <face v1="164" v2="166" v3="167"></face>
        <face v1="168" v2="169" v3="170"></face>
        <face v1="168" v2="170" v3="171"></face>
        <face v1="172" v2="173" v3="174"></face>
        <face v1="172" v2="174" v3="175"></face>
        <face v1="176" v2="177" v3="178"></face>
        <face v1="176" v2="178" v3="179"></face>
        <face v1="180" v2="181" v3="182"></face>
        <face v1="180" v2="182" v3="183"></face>
        <face v1="184" v2="185" v3="186"></face>
        <face v1="184" v2="186" v3="187"></face>
      </faces>
      <geometry vertexcount="188">
        <vertexbuffer positions="true" normals="true" texture_coords="1">
          <vertex>
            <position x="6.64" y="0.7" z="-3.336"></position>
            <normal x="-1.0" y="0.0" z="0.0"></normal>
            <texcoord u="-2.675" v="6.273"></texcoord>
          </vertex>
          <vertex>
            <position x="6.64" y="0.85" z="-3.336"></position>
            <normal x="-1.0" y="0.0" z="0.0"></normal>
            <texcoord u="-3.05" v="6.273"></texcoord>
          </vertex>
          <vertex>
            <position x="6.64" y="0.85" z="-4.317"></position>
            <normal x="-1.0" y="0.0" z="0.0"></normal>
            <texcoord u="-3.05" v="8.725"></texcoord>
          </vertex>
          <vertex>
            <position x="6.64" y="0.7" z="-4.317"></position>
            <normal x="-1.0" y="0.0" z="0.0"></normal>
            <texcoord u="-2.675" v="8.725"></texcoord>
          </vertex>
          <vertex>
            <position x="6.64" y="0.85" z="-3.336"></position>
            <normal x="0.0" y="1.0" z="0.0"></normal>
            <texcoord u="-1.85" v="-1.4749999"></texcoord>
          </vertex>
          <vertex>
            <position x="6.67" y="0.85" z="-3.336"></position>
            <normal x="0.0" y="1.0" z="0.0"></normal>
            <texcoord u="-1.775" v="-1.4749999"></texcoord>
          </vertex>
          <vertex>
            <position x="6.67" y="0.85" z="-4.317"></position>
            <normal x="0.0" y="1.0" z="0.0"></normal>
            <texcoord u="-1.775" v="-3.928"></texcoord>
          </vertex>
          <vertex>
            <position x="6.64" y="0.85" z="-4.317"></position>
            <normal x="0.0" y="1.0" z="0.0"></normal>
            <texcoord u="-1.85" v="-3.928"></texcoord>
          </vertex>
          <vertex>
            <position x="6.67" y="0.7" z="-4.317"></position>
            <normal x="1.0" y="0.0" z="0.0"></normal>
            <texcoord u="-2.675" v="8.725"></texcoord>
          </vertex>
          <vertex>
            <position x="6.67" y="0.85" z="-4.317"></position>
            <normal x="1.0" y="0.0" z="0.0"></normal>
            <texcoord u="-3.05" v="8.725"></texcoord>
          </vertex>
          <vertex>
            <position x="6.67" y="0.85" z="-3.336"></position>
            <normal x="1.0" y="0.0" z="0.0"></normal>
            <texcoord u="-3.05" v="6.273"></texcoord>
          </vertex>
          <vertex>
            <position x="6.67" y="0.7" z="-3.336"></position>
            <normal x="1.0" y="0.0" z="0.0"></normal>
            <texcoord u="-2.675" v="6.273"></texcoord>
          </vertex>
          <vertex>
            <position x="6.58" y="2.09" z="-3.306"></position>
            <normal x="0.0" y="1.0" z="0.0"></normal>
            <texcoord u="-2.0" v="-1.4000001"></texcoord>
          </vertex>
          <vertex>
            <position x="6.73" y="2.09" z="-3.306"></position>
            <normal x="0.0" y="1.0" z="0.0"></normal>
            <texcoord u="-1.625" v="-1.4000001"></texcoord>
          </vertex>
          <vertex>
            <position x="6.73" y="2.09" z="-4.346"></position>
            <normal x="0.0" y="1.0" z="0.0"></normal>
            <texcoord u="-1.625" v="-4.001"></texcoord>
          </vertex>
          <vertex>
            <position x="6.58" y="2.09" z="-4.346"></position>
            <normal x="0.0" y="1.0" z="0.0"></normal>
            <texcoord u="-2.0" v="-4.001"></texcoord>
          </vertex>
          <vertex>
            <position x="6.58" y="2.19" z="-4.346"></position>
            <normal x="0.0" y="-1.0" z="0.0"></normal>
            <texcoord u="-1.375" v="-3.8509998"></texcoord>
          </vertex>
          <vertex>
            <position x="6.73" y="2.19" z="-4.346"></position>
            <normal x="0.0" y="-1.0" z="0.0"></normal>
            <texcoord u="-1.0" v="-3.8509998"></texcoord>
          </vertex>
          <vertex>
            <position x="6.73" y="2.19" z="-2.316"></position>
            <normal x="0.0" y="-1.0" z="0.0"></normal>
            <texcoord u="-1.0" v="1.225"></texcoord>
          </vertex>
          <vertex>
            <position x="6.58" y="2.19" z="-2.316"></position>
            <normal x="0.0" y="-1.0" z="0.0"></normal>
            <texcoord u="-1.375" v="1.225"></texcoord>
          </vertex>
          <vertex>
            <position x="6.58" y="2.19" z="-2.316"></position>
            <normal x="-1.0" y="0.0" z="0.0"></normal>
            <texcoord u="2.076" v="2.075"></texcoord>
          </vertex>
          <vertex>
            <position x="6.58" y="3.42" z="-2.316"></position>
            <normal x="-1.0" y="0.0" z="0.0"></normal>
            <texcoord u="2.076" v="-1.0"></texcoord>
          </vertex>
          <vertex>
            <position x="6.58" y="3.42" z="-2.346"></position>
            <normal x="-1.0" y="0.0" z="0.0"></normal>
            <texcoord u="2.001" v="-1.0"></texcoord>
          </vertex>
          <vertex>
            <position x="6.58" y="2.19" z="-2.346"></position>
            <normal x="-1.0" y="0.0" z="0.0"></normal>
            <texcoord u="2.001" v="2.075"></texcoord>
          </vertex>
          <vertex>
            <position x="6.73" y="2.19" z="-2.316"></position>
            <normal x="0.0" y="0.0" z="1.0"></normal>
            <texcoord u="3.419" v="1.25"></texcoord>
          </vertex>
          <vertex>
            <position x="6.73" y="3.42" z="-2.316"></position>
            <normal x="0.0" y="0.0" z="1.0"></normal>
            <texcoord u="3.419" v="-1.825"></texcoord>
          </vertex>
          <vertex>
            <position x="6.58" y="3.42" z="-2.316"></position>
            <normal x="0.0" y="0.0" z="1.0"></normal>
            <texcoord u="3.044" v="-1.825"></texcoord>
          </vertex>
          <vertex>
            <position x="6.58" y="2.19" z="-2.316"></position>
            <normal x="0.0" y="0.0" z="1.0"></normal>
            <texcoord u="3.044" v="1.25"></texcoord>
          </vertex>
          <vertex>
            <position x="6.73" y="2.19" z="-2.346"></position>
            <normal x="1.0" y="0.0" z="0.0"></normal>
            <texcoord u="2.001" v="2.075"></texcoord>
          </vertex>
          <vertex>
            <position x="6.73" y="3.42" z="-2.346"></position>
            <normal x="1.0" y="0.0" z="0.0"></normal>
            <texcoord u="2.001" v="-1.0"></texcoord>
          </vertex>
          <vertex>
            <position x="6.73" y="3.42" z="-2.316"></position>
            <normal x="1.0" y="0.0" z="0.0"></normal>
            <texcoord u="2.076" v="-1.0"></texcoord>
          </vertex>
          <vertex>
            <position x="6.73" y="2.19" z="-2.316"></position>
            <normal x="1.0" y="0.0" z="0.0"></normal>
            <texcoord u="2.076" v="2.075"></texcoord>
          </vertex>
          <vertex>
            <position x="6.58" y="2.19" z="-2.346"></position>
            <normal x="0.0" y="0.0" z="-1.0"></normal>
            <texcoord u="3.044" v="1.25"></texcoord>
          </vertex>
          <vertex>
            <position x="6.58" y="3.42" z="-2.346"></position>
            <normal x="0.0" y="0.0" z="-1.0"></normal>
            <texcoord u="3.044" v="-1.825"></texcoord>
          </vertex>
          <vertex>
            <position x="6.73" y="3.42" z="-2.346"></position>
            <normal x="0.0" y="0.0" z="-1.0"></normal>
            <texcoord u="3.419" v="-1.825"></texcoord>
          </vertex>
          <vertex>
            <position x="6.73" y="2.19" z="-2.346"></position>
            <normal x="0.0" y="0.0" z="-1.0"></normal>
            <texcoord u="3.419" v="1.25"></texcoord>
          </vertex>
          <vertex>
            <position x="6.58" y="2.19" z="-4.316"></position>
            <normal x="-1.0" y="0.0" z="0.0"></normal>
            <texcoord u="-2.925" v="2.075"></texcoord>
          </vertex>
          <vertex>
            <position x="6.58" y="3.42" z="-4.316"></position>
            <normal x="-1.0" y="0.0" z="0.0"></normal>
            <texcoord u="-2.925" v="-1.0"></texcoord>
          </vertex>
          <vertex>
            <position x="6.58" y="3.42" z="-4.346"></position>
            <normal x="-1.0" y="0.0" z="0.0"></normal>
            <texcoord u="-3.0" v="-1.0"></texcoord>
          </vertex>
          <vertex>
            <position x="6.58" y="2.19" z="-4.346"></position>
            <normal x="-1.0" y="0.0" z="0.0"></normal>
            <texcoord u="-3.0" v="2.075"></texcoord>
          </vertex>
          <vertex>
            <position x="6.73" y="2.19" z="-4.316"></position>
            <normal x="0.0" y="0.0" z="1.0"></normal>
            <texcoord u="3.419" v="1.25"></texcoord>
          </vertex>
          <vertex>
            <position x="6.73" y="3.42" z="-4.316"></position>
            <normal x="0.0" y="0.0" z="1.0"></normal>
            <texcoord u="3.419" v="-1.825"></texcoord>
          </vertex>
          <vertex>
            <position x="6.58" y="3.42" z="-4.316"></position>
            <normal x="0.0" y="0.0" z="1.0"></normal>
            <texcoord u="3.044" v="-1.825"></texcoord>
          </vertex>
          <vertex>
            <position x="6.58" y="2.19" z="-4.316"></position>
            <normal x="0.0" y="0.0" z="1.0"></normal>
            <texcoord u="3.044" v="1.25"></texcoord>
          </vertex>
          <vertex>
            <position x="6.73" y="2.19" z="-4.346"></position>
            <normal x="1.0" y="0.0" z="0.0"></normal>
            <texcoord u="-3.0" v="2.075"></texcoord>
          </vertex>
          <vertex>
            <position x="6.73" y="3.42" z="-4.346"></position>
            <normal x="1.0" y="0.0" z="0.0"></normal>
            <texcoord u="-3.0" v="-1.0"></texcoord>
          </vertex>
          <vertex>
            <position x="6.73" y="3.42" z="-4.316"></position>
            <normal x="1.0" y="0.0" z="0.0"></normal>
            <texcoord u="-2.925" v="-1.0"></texcoord>
          </vertex>
          <vertex>
            <position x="6.73" y="2.19" z="-4.316"></position>
            <normal x="1.0" y="0.0" z="0.0"></normal>
            <texcoord u="-2.925" v="2.075"></texcoord>
          </vertex>
          <vertex>
            <position x="6.58" y="2.19" z="-4.346"></position>
            <normal x="0.0" y="0.0" z="-1.0"></normal>
            <texcoord u="3.044" v="1.25"></texcoord>
          </vertex>
          <vertex>
            <position x="6.58" y="3.42" z="-4.346"></position>
            <normal x="0.0" y="0.0" z="-1.0"></normal>
            <texcoord u="3.044" v="-1.825"></texcoord>
          </vertex>
          <vertex>
            <position x="6.73" y="3.42" z="-4.346"></position>
            <normal x="0.0" y="0.0" z="-1.0"></normal>
            <texcoord u="3.419" v="-1.825"></texcoord>
          </vertex>
          <vertex>
            <position x="6.73" y="2.19" z="-4.346"></position>
            <normal x="0.0" y="0.0" z="-1.0"></normal>
            <texcoord u="3.419" v="1.25"></texcoord>
          </vertex>
          <vertex>
            <position x="6.58" y="2.22" z="-4.316"></position>
            <normal x="0.0" y="1.0" z="0.0"></normal>
            <texcoord u="-1.375" v="-3.776"></texcoord>
          </vertex>
          <vertex>
            <position x="6.58" y="2.22" z="-2.346"></position>
            <normal x="0.0" y="1.0" z="0.0"></normal>
            <texcoord u="-1.375" v="1.15"></texcoord>
          </vertex>
          <vertex>
            <position x="6.73" y="2.22" z="-2.346"></position>
            <normal x="0.0" y="1.0" z="0.0"></normal>
            <texcoord u="-1.0" v="1.15"></texcoord>
          </vertex>
          <vertex>
            <position x="6.73" y="2.22" z="-4.316"></position>
            <normal x="0.0" y="1.0" z="0.0"></normal>
            <texcoord u="-1.0" v="-3.776"></texcoord>
          </vertex>
          <vertex>
            <position x="6.58" y="2.19" z="-2.346"></position>
            <normal x="-1.0" y="0.0" z="0.0"></normal>
            <texcoord u="-6.4" v="3.798"></texcoord>
          </vertex>
          <vertex>
            <position x="6.58" y="2.22" z="-2.346"></position>
            <normal x="-1.0" y="0.0" z="0.0"></normal>
            <texcoord u="-6.475" v="3.798"></texcoord>
          </vertex>
          <vertex>
            <position x="6.58" y="2.22" z="-4.316"></position>
            <normal x="-1.0" y="0.0" z="0.0"></normal>
            <texcoord u="-6.475" v="8.724"></texcoord>
          </vertex>
          <vertex>
            <position x="6.58" y="2.19" z="-4.316"></position>
            <normal x="-1.0" y="0.0" z="0.0"></normal>
            <texcoord u="-6.4" v="8.724"></texcoord>
          </vertex>
          <vertex>
            <position x="6.73" y="2.19" z="-4.316"></position>
            <normal x="1.0" y="0.0" z="0.0"></normal>
            <texcoord u="-6.4" v="8.724"></texcoord>
          </vertex>
          <vertex>
            <position x="6.73" y="2.22" z="-4.316"></position>
            <normal x="1.0" y="0.0" z="0.0"></normal>
            <texcoord u="-6.475" v="8.724"></texcoord>
          </vertex>
          <vertex>
            <position x="6.73" y="2.22" z="-2.346"></position>
            <normal x="1.0" y="0.0" z="0.0"></normal>
            <texcoord u="-6.475" v="3.798"></texcoord>
          </vertex>
          <vertex>
            <position x="6.73" y="2.19" z="-2.346"></position>
            <normal x="1.0" y="0.0" z="0.0"></normal>
            <texcoord u="-6.4" v="3.798"></texcoord>
          </vertex>
          <vertex>
            <position x="6.58" y="3.42" z="-4.316"></position>
            <normal x="-1.0" y="0.0" z="0.0"></normal>
            <texcoord u="-9.475" v="8.724"></texcoord>
          </vertex>
          <vertex>
            <position x="6.58" y="3.39" z="-4.316"></position>
            <normal x="-1.0" y="0.0" z="0.0"></normal>
            <texcoord u="-9.4" v="8.724"></texcoord>
          </vertex>
          <vertex>
            <position x="6.58" y="3.39" z="-2.346"></position>
            <normal x="-1.0" y="0.0" z="0.0"></normal>
            <texcoord u="-9.4" v="3.798"></texcoord>
          </vertex>
          <vertex>
            <position x="6.58" y="3.42" z="-2.346"></position>
            <normal x="-1.0" y="0.0" z="0.0"></normal>
            <texcoord u="-9.475" v="3.798"></texcoord>
          </vertex>
          <vertex>
            <position x="6.73" y="3.42" z="-2.346"></position>
            <normal x="1.0" y="0.0" z="0.0"></normal>
            <texcoord u="-9.475" v="3.798"></texcoord>
          </vertex>
          <vertex>
            <position x="6.73" y="3.39" z="-2.346"></position>
            <normal x="1.0" y="0.0" z="0.0"></normal>
            <texcoord u="-9.4" v="3.798"></texcoord>
          </vertex>
          <vertex>
            <position x="6.73" y="3.39" z="-4.316"></position>
            <normal x="1.0" y="0.0" z="0.0"></normal>
            <texcoord u="-9.4" v="8.724"></texcoord>
          </vertex>
          <vertex>
            <position x="6.73" y="3.42" z="-4.316"></position>
            <normal x="1.0" y="0.0" z="0.0"></normal>
            <texcoord u="-9.475" v="8.724"></texcoord>
          </vertex>
          <vertex>
            <position x="6.73" y="3.39" z="-4.316"></position>
            <normal x="0.0" y="-1.0" z="0.0"></normal>
            <texcoord u="-1.0" v="-3.776"></texcoord>
          </vertex>
          <vertex>
            <position x="6.73" y="3.39" z="-2.346"></position>
            <normal x="0.0" y="-1.0" z="0.0"></normal>
            <texcoord u="-1.0" v="1.15"></texcoord>
          </vertex>
          <vertex>
            <position x="6.58" y="3.39" z="-2.346"></position>
            <normal x="0.0" y="-1.0" z="0.0"></normal>
            <texcoord u="-1.375" v="1.15"></texcoord>
          </vertex>
          <vertex>
            <position x="6.58" y="3.39" z="-4.316"></position>
            <normal x="0.0" y="-1.0" z="0.0"></normal>
            <texcoord u="-1.375" v="-3.776"></texcoord>
          </vertex>
          <vertex>
            <position x="6.73" y="2.06" z="-4.316"></position>
            <normal x="0.0" y="-1.0" z="0.0"></normal>
            <texcoord u="-1.625" v="-3.926"></texcoord>
          </vertex>
          <vertex>
            <position x="6.73" y="2.06" z="-3.336"></position>
            <normal x="0.0" y="-1.0" z="0.0"></normal>
            <texcoord u="-1.625" v="-1.4749999"></texcoord>
          </vertex>
          <vertex>
            <position x="6.58" y="2.06" z="-3.336"></position>
            <normal x="0.0" y="-1.0" z="0.0"></normal>
            <texcoord u="-2.0" v="-1.4749999"></texcoord>
          </vertex>
          <vertex>
            <position x="6.58" y="2.06" z="-4.316"></position>
            <normal x="0.0" y="-1.0" z="0.0"></normal>
            <texcoord u="-2.0" v="-3.926"></texcoord>
          </vertex>
          <vertex>
            <position x="6.73" y="2.09" z="-3.336"></position>
            <normal x="1.0" y="0.0" z="0.0"></normal>
            <texcoord u="-6.15" v="6.273"></texcoord>
          </vertex>
          <vertex>
            <position x="6.73" y="2.06" z="-3.336"></position>
            <normal x="1.0" y="0.0" z="0.0"></normal>
            <texcoord u="-6.075" v="6.273"></texcoord>
          </vertex>
          <vertex>
            <position x="6.73" y="2.06" z="-4.316"></position>
            <normal x="1.0" y="0.0" z="0.0"></normal>
            <texcoord u="-6.075" v="8.724"></texcoord>
          </vertex>
          <vertex>
            <position x="6.73" y="2.09" z="-4.316"></position>
            <normal x="1.0" y="0.0" z="0.0"></normal>
            <texcoord u="-6.15" v="8.724"></texcoord>
          </vertex>
          <vertex>
            <position x="6.58" y="2.09" z="-4.316"></position>
            <normal x="-1.0" y="0.0" z="0.0"></normal>
            <texcoord u="-6.15" v="8.724"></texcoord>
          </vertex>
          <vertex>
            <position x="6.58" y="2.06" z="-4.316"></position>
            <normal x="-1.0" y="0.0" z="0.0"></normal>
            <texcoord u="-6.075" v="8.724"></texcoord>
          </vertex>
          <vertex>
            <position x="6.58" y="2.06" z="-3.336"></position>
            <normal x="-1.0" y="0.0" z="0.0"></normal>
            <texcoord u="-6.075" v="6.273"></texcoord>
          </vertex>
          <vertex>
            <position x="6.58" y="2.09" z="-3.336"></position>
            <normal x="-1.0" y="0.0" z="0.0"></normal>
            <texcoord u="-6.15" v="6.273"></texcoord>
          </vertex>
          <vertex>
            <position x="6.73" y="0.0" z="-4.316"></position>
            <normal x="1.0" y="0.0" z="0.0"></normal>
            <texcoord u="7.475" v="27.863"></texcoord>
          </vertex>
          <vertex>
            <position x="6.73" y="0.03" z="-4.316"></position>
            <normal x="1.0" y="0.0" z="0.0"></normal>
            <texcoord u="7.4" v="27.863"></texcoord>
          </vertex>
          <vertex>
            <position x="6.73" y="0.03" z="-3.336"></position>
            <normal x="1.0" y="0.0" z="0.0"></normal>
            <texcoord u="7.4" v="25.411"></texcoord>
          </vertex>
          <vertex>
            <position x="6.73" y="0.0" z="-3.336"></position>
            <normal x="1.0" y="0.0" z="0.0"></normal>
            <texcoord u="7.475" v="25.411"></texcoord>
          </vertex>
          <vertex>
            <position x="6.58" y="0.0" z="-3.336"></position>
            <normal x="-1.0" y="0.0" z="0.0"></normal>
            <texcoord u="7.475" v="25.411"></texcoord>
          </vertex>
          <vertex>
            <position x="6.58" y="0.03" z="-3.336"></position>
            <normal x="-1.0" y="0.0" z="0.0"></normal>
            <texcoord u="7.4" v="25.411"></texcoord>
          </vertex>
          <vertex>
            <position x="6.58" y="0.03" z="-4.316"></position>
            <normal x="-1.0" y="0.0" z="0.0"></normal>
            <texcoord u="7.4" v="27.863"></texcoord>
          </vertex>
          <vertex>
            <position x="6.58" y="0.0" z="-4.316"></position>
            <normal x="-1.0" y="0.0" z="0.0"></normal>
            <texcoord u="7.475" v="27.863"></texcoord>
          </vertex>
          <vertex>
            <position x="6.58" y="0.03" z="-4.316"></position>
            <normal x="0.0" y="1.0" z="0.0"></normal>
            <texcoord u="-2.0" v="-3.926"></texcoord>
          </vertex>
          <vertex>
            <position x="6.58" y="0.03" z="-3.336"></position>
            <normal x="0.0" y="1.0" z="0.0"></normal>
            <texcoord u="-2.0" v="-1.4749999"></texcoord>
          </vertex>
          <vertex>
            <position x="6.73" y="0.03" z="-3.336"></position>
            <normal x="0.0" y="1.0" z="0.0"></normal>
            <texcoord u="-1.625" v="-1.4749999"></texcoord>
          </vertex>
          <vertex>
            <position x="6.73" y="0.03" z="-4.316"></position>
            <normal x="0.0" y="1.0" z="0.0"></normal>
            <texcoord u="-1.625" v="-3.926"></texcoord>
          </vertex>
          <vertex>
            <position x="6.58" y="0.0" z="-4.346"></position>
            <normal x="0.0" y="0.0" z="-1.0"></normal>
            <texcoord u="3.044" v="6.725"></texcoord>
          </vertex>
          <vertex>
            <position x="6.58" y="2.09" z="-4.346"></position>
            <normal x="0.0" y="0.0" z="-1.0"></normal>
            <texcoord u="3.044" v="1.5"></texcoord>
          </vertex>
          <vertex>
            <position x="6.73" y="2.09" z="-4.346"></position>
            <normal x="0.0" y="0.0" z="-1.0"></normal>
            <texcoord u="3.419" v="1.5"></texcoord>
          </vertex>
          <vertex>
            <position x="6.73" y="0.0" z="-4.346"></position>
            <normal x="0.0" y="0.0" z="-1.0"></normal>
            <texcoord u="3.419" v="6.725"></texcoord>
          </vertex>
          <vertex>
            <position x="6.73" y="0.0" z="-4.346"></position>
            <normal x="1.0" y="0.0" z="0.0"></normal>
            <texcoord u="-3.0" v="7.55"></texcoord>
          </vertex>
          <vertex>
            <position x="6.73" y="2.09" z="-4.346"></position>
            <normal x="1.0" y="0.0" z="0.0"></normal>
            <texcoord u="-3.0" v="2.325"></texcoord>
          </vertex>
          <vertex>
            <position x="6.73" y="2.09" z="-4.316"></position>
            <normal x="1.0" y="0.0" z="0.0"></normal>
            <texcoord u="-2.925" v="2.325"></texcoord>
          </vertex>
          <vertex>
            <position x="6.73" y="0.0" z="-4.316"></position>
            <normal x="1.0" y="0.0" z="0.0"></normal>
            <texcoord u="-2.925" v="7.55"></texcoord>
          </vertex>
          <vertex>
            <position x="6.73" y="0.0" z="-4.316"></position>
            <normal x="0.0" y="0.0" z="1.0"></normal>
            <texcoord u="3.419" v="6.725"></texcoord>
          </vertex>
          <vertex>
            <position x="6.73" y="2.09" z="-4.316"></position>
            <normal x="0.0" y="0.0" z="1.0"></normal>
            <texcoord u="3.419" v="1.5"></texcoord>
          </vertex>
          <vertex>
            <position x="6.58" y="2.09" z="-4.316"></position>
            <normal x="0.0" y="0.0" z="1.0"></normal>
            <texcoord u="3.044" v="1.5"></texcoord>
          </vertex>
          <vertex>
            <position x="6.58" y="0.0" z="-4.316"></position>
            <normal x="0.0" y="0.0" z="1.0"></normal>
            <texcoord u="3.044" v="6.725"></texcoord>
          </vertex>
          <vertex>
            <position x="6.58" y="0.0" z="-4.316"></position>
            <normal x="-1.0" y="0.0" z="0.0"></normal>
            <texcoord u="-2.925" v="7.55"></texcoord>
          </vertex>
          <vertex>
            <position x="6.58" y="2.09" z="-4.316"></position>
            <normal x="-1.0" y="0.0" z="0.0"></normal>
            <texcoord u="-2.925" v="2.325"></texcoord>
          </vertex>
          <vertex>
            <position x="6.58" y="2.09" z="-4.346"></position>
            <normal x="-1.0" y="0.0" z="0.0"></normal>
            <texcoord u="-3.0" v="2.325"></texcoord>
          </vertex>
          <vertex>
            <position x="6.58" y="0.0" z="-4.346"></position>
            <normal x="-1.0" y="0.0" z="0.0"></normal>
            <texcoord u="-3.0" v="7.55"></texcoord>
          </vertex>
          <vertex>
            <position x="6.58" y="0.0" z="-3.336"></position>
            <normal x="0.0" y="0.0" z="-1.0"></normal>
            <texcoord u="3.044" v="6.725"></texcoord>
          </vertex>
          <vertex>
            <position x="6.58" y="2.09" z="-3.336"></position>
            <normal x="0.0" y="0.0" z="-1.0"></normal>
            <texcoord u="3.044" v="1.5"></texcoord>
          </vertex>
          <vertex>
            <position x="6.73" y="2.09" z="-3.336"></position>
            <normal x="0.0" y="0.0" z="-1.0"></normal>
            <texcoord u="3.419" v="1.5"></texcoord>
          </vertex>
          <vertex>
            <position x="6.73" y="0.0" z="-3.336"></position>
            <normal x="0.0" y="0.0" z="-1.0"></normal>
            <texcoord u="3.419" v="6.725"></texcoord>
          </vertex>
          <vertex>
            <position x="6.73" y="0.0" z="-3.336"></position>
            <normal x="1.0" y="0.0" z="0.0"></normal>
            <texcoord u="-0.474" v="7.55"></texcoord>
          </vertex>
          <vertex>
            <position x="6.73" y="2.09" z="-3.336"></position>
            <normal x="1.0" y="0.0" z="0.0"></normal>
            <texcoord u="-0.474" v="2.325"></texcoord>
          </vertex>
          <vertex>
            <position x="6.73" y="2.09" z="-3.306"></position>
            <normal x="1.0" y="0.0" z="0.0"></normal>
            <texcoord u="-0.399" v="2.325"></texcoord>
          </vertex>
          <vertex>
            <position x="6.73" y="0.0" z="-3.306"></position>
            <normal x="1.0" y="0.0" z="0.0"></normal>
            <texcoord u="-0.399" v="7.55"></texcoord>
          </vertex>
          <vertex>
            <position x="6.73" y="0.0" z="-3.306"></position>
            <normal x="0.0" y="0.0" z="1.0"></normal>
            <texcoord u="3.419" v="6.725"></texcoord>
          </vertex>
          <vertex>
            <position x="6.73" y="2.09" z="-3.306"></position>
            <normal x="0.0" y="0.0" z="1.0"></normal>
            <texcoord u="3.419" v="1.5"></texcoord>
          </vertex>
          <vertex>
            <position x="6.58" y="2.09" z="-3.306"></position>
            <normal x="0.0" y="0.0" z="1.0"></normal>
            <texcoord u="3.044" v="1.5"></texcoord>
          </vertex>
          <vertex>
            <position x="6.58" y="0.0" z="-3.306"></position>
            <normal x="0.0" y="0.0" z="1.0"></normal>
            <texcoord u="3.044" v="6.725"></texcoord>
          </vertex>
          <vertex>
            <position x="6.58" y="0.0" z="-3.306"></position>
            <normal x="-1.0" y="0.0" z="0.0"></normal>
            <texcoord u="-0.399" v="7.55"></texcoord>
          </vertex>
          <vertex>
            <position x="6.58" y="2.09" z="-3.306"></position>
            <normal x="-1.0" y="0.0" z="0.0"></normal>
            <texcoord u="-0.399" v="2.325"></texcoord>
          </vertex>
          <vertex>
            <position x="6.58" y="2.09" z="-3.336"></position>
            <normal x="-1.0" y="0.0" z="0.0"></normal>
            <texcoord u="-0.474" v="2.325"></texcoord>
          </vertex>
          <vertex>
            <position x="6.58" y="0.0" z="-3.336"></position>
            <normal x="-1.0" y="0.0" z="0.0"></normal>
            <texcoord u="-0.474" v="7.55"></texcoord>
          </vertex>
          <vertex>
            <position x="6.58" y="2.09" z="-2.316"></position>
            <normal x="0.0" y="1.0" z="0.0"></normal>
            <texcoord u="-1.375" v="1.225"></texcoord>
          </vertex>
          <vertex>
            <position x="6.73" y="2.09" z="-2.316"></position>
            <normal x="0.0" y="1.0" z="0.0"></normal>
            <texcoord u="-1.0" v="1.225"></texcoord>
          </vertex>
          <vertex>
            <position x="6.73" y="2.09" z="-3.206"></position>
            <normal x="0.0" y="1.0" z="0.0"></normal>
            <texcoord u="-1.0" v="-1.0"></texcoord>
          </vertex>
          <vertex>
            <position x="6.58" y="2.09" z="-3.206"></position>
            <normal x="0.0" y="1.0" z="0.0"></normal>
            <texcoord u="-1.375" v="-1.0"></texcoord>
          </vertex>
          <vertex>
            <position x="6.73" y="2.06" z="-3.176"></position>
            <normal x="0.0" y="-1.0" z="0.0"></normal>
            <texcoord u="-6.075" v="5.873"></texcoord>
          </vertex>
          <vertex>
            <position x="6.73" y="2.06" z="-2.346"></position>
            <normal x="0.0" y="-1.0" z="0.0"></normal>
            <texcoord u="-6.075" v="3.798"></texcoord>
          </vertex>
          <vertex>
            <position x="6.58" y="2.06" z="-2.346"></position>
            <normal x="0.0" y="-1.0" z="0.0"></normal>
            <texcoord u="-6.075" v="3.798"></texcoord>
          </vertex>
          <vertex>
            <position x="6.58" y="2.06" z="-3.176"></position>
            <normal x="0.0" y="-1.0" z="0.0"></normal>
            <texcoord u="-6.075" v="5.873"></texcoord>
          </vertex>
          <vertex>
            <position x="6.73" y="2.09" z="-2.346"></position>
            <normal x="1.0" y="0.0" z="0.0"></normal>
            <texcoord u="-6.15" v="3.798"></texcoord>
          </vertex>
          <vertex>
            <position x="6.73" y="2.06" z="-2.346"></position>
            <normal x="1.0" y="0.0" z="0.0"></normal>
            <texcoord u="-6.075" v="3.798"></texcoord>
          </vertex>
          <vertex>
            <position x="6.73" y="2.06" z="-3.176"></position>
            <normal x="1.0" y="0.0" z="0.0"></normal>
            <texcoord u="-6.075" v="5.873"></texcoord>
          </vertex>
          <vertex>
            <position x="6.73" y="2.09" z="-3.176"></position>
            <normal x="1.0" y="0.0" z="0.0"></normal>
            <texcoord u="-6.15" v="5.873"></texcoord>
          </vertex>
          <vertex>
            <position x="6.58" y="2.09" z="-3.176"></position>
            <normal x="-1.0" y="0.0" z="0.0"></normal>
            <texcoord u="-6.15" v="5.873"></texcoord>
          </vertex>
          <vertex>
            <position x="6.58" y="2.06" z="-3.176"></position>
            <normal x="-1.0" y="0.0" z="0.0"></normal>
            <texcoord u="-6.075" v="5.873"></texcoord>
          </vertex>
          <vertex>
            <position x="6.58" y="2.06" z="-2.346"></position>
            <normal x="-1.0" y="0.0" z="0.0"></normal>
            <texcoord u="-6.075" v="3.798"></texcoord>
          </vertex>
          <vertex>
            <position x="6.58" y="2.09" z="-2.346"></position>
            <normal x="-1.0" y="0.0" z="0.0"></normal>
            <texcoord u="-6.15" v="3.798"></texcoord>
          </vertex>
          <vertex>
            <position x="6.58" y="0.0" z="-3.206"></position>
            <normal x="0.0" y="0.0" z="-1.0"></normal>
            <texcoord u="3.044" v="6.725"></texcoord>
          </vertex>
          <vertex>
            <position x="6.58" y="2.09" z="-3.206"></position>
            <normal x="0.0" y="0.0" z="-1.0"></normal>
            <texcoord u="3.044" v="1.5"></texcoord>
          </vertex>
          <vertex>
            <position x="6.73" y="2.09" z="-3.206"></position>
            <normal x="0.0" y="0.0" z="-1.0"></normal>
            <texcoord u="3.419" v="1.5"></texcoord>
          </vertex>
          <vertex>
            <position x="6.73" y="0.0" z="-3.206"></position>
            <normal x="0.0" y="0.0" z="-1.0"></normal>
            <texcoord u="3.419" v="6.725"></texcoord>
          </vertex>
          <vertex>
            <position x="6.73" y="0.0" z="-3.206"></position>
            <normal x="1.0" y="0.0" z="0.0"></normal>
            <texcoord u="-0.149" v="7.55"></texcoord>
          </vertex>
          <vertex>
            <position x="6.73" y="2.09" z="-3.206"></position>
            <normal x="1.0" y="0.0" z="0.0"></normal>
            <texcoord u="-0.149" v="2.325"></texcoord>
          </vertex>
          <vertex>
            <position x="6.73" y="2.09" z="-3.176"></position>
            <normal x="1.0" y="0.0" z="0.0"></normal>
            <texcoord u="-0.074" v="2.325"></texcoord>
          </vertex>
          <vertex>
            <position x="6.73" y="0.0" z="-3.176"></position>
            <normal x="1.0" y="0.0" z="0.0"></normal>
            <texcoord u="-0.074" v="7.55"></texcoord>
          </vertex>
          <vertex>
            <position x="6.73" y="0.0" z="-3.176"></position>
            <normal x="0.0" y="0.0" z="1.0"></normal>
            <texcoord u="3.419" v="6.725"></texcoord>
          </vertex>
          <vertex>
            <position x="6.73" y="2.09" z="-3.176"></position>
            <normal x="0.0" y="0.0" z="1.0"></normal>
            <texcoord u="3.419" v="1.5"></texcoord>
          </vertex>
          <vertex>
            <position x="6.58" y="2.09" z="-3.176"></position>
            <normal x="0.0" y="0.0" z="1.0"></normal>
            <texcoord u="3.044" v="1.5"></texcoord>
          </vertex>
          <vertex>
            <position x="6.58" y="0.0" z="-3.176"></position>
            <normal x="0.0" y="0.0" z="1.0"></normal>
            <texcoord u="3.044" v="6.725"></texcoord>
          </vertex>
          <vertex>
            <position x="6.58" y="0.0" z="-3.176"></position>
            <normal x="-1.0" y="0.0" z="0.0"></normal>
            <texcoord u="-0.074" v="7.55"></texcoord>
          </vertex>
          <vertex>
            <position x="6.58" y="2.09" z="-3.176"></position>
            <normal x="-1.0" y="0.0" z="0.0"></normal>
            <texcoord u="-0.074" v="2.325"></texcoord>
          </vertex>
          <vertex>
            <position x="6.58" y="2.09" z="-3.206"></position>
            <normal x="-1.0" y="0.0" z="0.0"></normal>
            <texcoord u="-0.149" v="2.325"></texcoord>
          </vertex>
          <vertex>
            <position x="6.58" y="0.0" z="-3.206"></position>
            <normal x="-1.0" y="0.0" z="0.0"></normal>
            <texcoord u="-0.149" v="7.55"></texcoord>
          </vertex>
          <vertex>
            <position x="6.58" y="0.0" z="-2.346"></position>
            <normal x="0.0" y="0.0" z="-1.0"></normal>
            <texcoord u="3.044" v="6.725"></texcoord>
          </vertex>
          <vertex>
            <position x="6.58" y="2.09" z="-2.346"></position>
            <normal x="0.0" y="0.0" z="-1.0"></normal>
            <texcoord u="3.044" v="1.5"></texcoord>
          </vertex>
          <vertex>
            <position x="6.73" y="2.09" z="-2.346"></position>
            <normal x="0.0" y="0.0" z="-1.0"></normal>
            <texcoord u="3.419" v="1.5"></texcoord>
          </vertex>
          <vertex>
            <position x="6.73" y="0.0" z="-2.346"></position>
            <normal x="0.0" y="0.0" z="-1.0"></normal>
            <texcoord u="3.419" v="6.725"></texcoord>
          </vertex>
          <vertex>
            <position x="6.73" y="0.0" z="-2.346"></position>
            <normal x="1.0" y="0.0" z="0.0"></normal>
            <texcoord u="2.001" v="7.55"></texcoord>
          </vertex>
          <vertex>
            <position x="6.73" y="2.09" z="-2.346"></position>
            <normal x="1.0" y="0.0" z="0.0"></normal>
            <texcoord u="2.001" v="2.325"></texcoord>
          </vertex>
          <vertex>
            <position x="6.73" y="2.09" z="-2.316"></position>
            <normal x="1.0" y="0.0" z="0.0"></normal>
            <texcoord u="2.076" v="2.325"></texcoord>
          </vertex>
          <vertex>
            <position x="6.73" y="0.0" z="-2.316"></position>
            <normal x="1.0" y="0.0" z="0.0"></normal>
            <texcoord u="2.076" v="7.55"></texcoord>
          </vertex>
          <vertex>
            <position x="6.73" y="0.0" z="-2.316"></position>
            <normal x="0.0" y="0.0" z="1.0"></normal>
            <texcoord u="3.419" v="6.725"></texcoord>
          </vertex>
          <vertex>
            <position x="6.73" y="2.09" z="-2.316"></position>
            <normal x="0.0" y="0.0" z="1.0"></normal>
            <texcoord u="3.419" v="1.5"></texcoord>
          </vertex>
          <vertex>
            <position x="6.58" y="2.09" z="-2.316"></position>
            <normal x="0.0" y="0.0" z="1.0"></normal>
            <texcoord u="3.044" v="1.5"></texcoord>
          </vertex>
          <vertex>
            <position x="6.58" y="0.0" z="-2.316"></position>
            <normal x="0.0" y="0.0" z="1.0"></normal>
            <texcoord u="3.044" v="6.725"></texcoord>
          </vertex>
          <vertex>
            <position x="6.58" y="0.0" z="-2.316"></position>
            <normal x="-1.0" y="0.0" z="0.0"></normal>
            <texcoord u="2.076" v="7.55"></texcoord>
          </vertex>
          <vertex>
            <position x="6.58" y="2.09" z="-2.316"></position>
            <normal x="-1.0" y="0.0" z="0.0"></normal>
            <texcoord u="2.076" v="2.325"></texcoord>
          </vertex>
          <vertex>
            <position x="6.58" y="2.09" z="-2.346"></position>
            <normal x="-1.0" y="0.0" z="0.0"></normal>
            <texcoord u="2.001" v="2.325"></texcoord>
          </vertex>
          <vertex>
            <position x="6.58" y="0.0" z="-2.346"></position>
            <normal x="-1.0" y="0.0" z="0.0"></normal>
            <texcoord u="2.001" v="7.55"></texcoord>
          </vertex>
          <vertex>
            <position x="6.605" y="0.0" z="-3.206"></position>
            <normal x="-1.0" y="0.0" z="0.0"></normal>
            <texcoord u="-0.149" v="7.55"></texcoord>
          </vertex>
          <vertex>
            <position x="6.605" y="2.09" z="-3.206"></position>
            <normal x="-1.0" y="0.0" z="0.0"></normal>
            <texcoord u="-0.149" v="2.325"></texcoord>
          </vertex>
          <vertex>
            <position x="6.605" y="2.09" z="-3.306"></position>
            <normal x="-1.0" y="0.0" z="0.0"></normal>
            <texcoord u="-0.399" v="2.325"></texcoord>
          </vertex>
          <vertex>
            <position x="6.605" y="0.0" z="-3.306"></position>
            <normal x="-1.0" y="0.0" z="0.0"></normal>
            <texcoord u="-0.399" v="7.55"></texcoord>
          </vertex>
          <vertex>
            <position x="6.705" y="0.0" z="-3.306"></position>
            <normal x="1.0" y="0.0" z="0.0"></normal>
            <texcoord u="-0.399" v="7.55"></texcoord>
          </vertex>
          <vertex>
            <position x="6.705" y="2.09" z="-3.306"></position>
            <normal x="1.0" y="0.0" z="0.0"></normal>
            <texcoord u="-0.399" v="2.325"></texcoord>
          </vertex>
          <vertex>
            <position x="6.705" y="2.09" z="-3.206"></position>
            <normal x="1.0" y="0.0" z="0.0"></normal>
            <texcoord u="-0.149" v="2.325"></texcoord>
          </vertex>
          <vertex>
            <position x="6.705" y="0.0" z="-3.206"></position>
            <normal x="1.0" y="0.0" z="0.0"></normal>
            <texcoord u="-0.149" v="7.55"></texcoord>
          </vertex>
        </vertexbuffer>
      </geometry>
    </submesh>
  </submeshes>
</mesh>
