<mesh>
  <submeshes>
    <submesh material="Material.65" usesharedvertices="false">
      <faces count="126">
        <face v1="0" v2="1" v3="2"></face>
        <face v1="3" v2="1" v3="0"></face>
        <face v1="1" v2="3" v3="4"></face>
        <face v1="3" v2="5" v3="4"></face>
        <face v1="6" v2="0" v3="2"></face>
        <face v1="6" v2="7" v3="0"></face>
        <face v1="6" v2="5" v3="7"></face>
        <face v1="5" v2="6" v3="4"></face>
        <face v1="8" v2="9" v3="10"></face>
        <face v1="8" v2="10" v3="11"></face>
        <face v1="12" v2="13" v3="14"></face>
        <face v1="12" v2="14" v3="15"></face>
        <face v1="16" v2="17" v3="18"></face>
        <face v1="16" v2="18" v3="19"></face>
        <face v1="20" v2="21" v3="22"></face>
        <face v1="20" v2="22" v3="23"></face>
        <face v1="24" v2="25" v3="26"></face>
        <face v1="24" v2="26" v3="27"></face>
        <face v1="28" v2="29" v3="30"></face>
        <face v1="28" v2="30" v3="31"></face>
        <face v1="32" v2="33" v3="34"></face>
        <face v1="32" v2="34" v3="35"></face>
        <face v1="36" v2="37" v3="38"></face>
        <face v1="36" v2="38" v3="39"></face>
        <face v1="40" v2="41" v3="42"></face>
        <face v1="40" v2="42" v3="43"></face>
        <face v1="44" v2="45" v3="46"></face>
        <face v1="47" v2="45" v3="44"></face>
        <face v1="48" v2="45" v3="47"></face>
        <face v1="49" v2="44" v3="46"></face>
        <face v1="49" v2="50" v3="44"></face>
        <face v1="49" v2="48" v3="50"></face>
        <face v1="51" v2="48" v3="49"></face>
        <face v1="51" v2="45" v3="48"></face>
        <face v1="52" v2="53" v3="54"></face>
        <face v1="52" v2="54" v3="55"></face>
        <face v1="56" v2="57" v3="58"></face>
        <face v1="56" v2="58" v3="59"></face>
        <face v1="60" v2="61" v3="62"></face>
        <face v1="60" v2="62" v3="63"></face>
        <face v1="64" v2="65" v3="66"></face>
        <face v1="64" v2="66" v3="67"></face>
      </faces>
      <geometry vertexcount="68">
        <vertexbuffer positions="true" normals="true" texture_coords="1">
          <vertex>
            <position x="0.972531" y="0.73301" z="-1.29546"></position>
            <normal x="0.35038146" y="0.2295413" z="0.9080439"></normal>
            <texcoord u="21.6535" v="0.015748024"></texcoord>
          </vertex>
          <vertex>
            <position x="0.438033" y="0.707562" z="-1.08278"></position>
            <normal x="0.35028762" y="0.22954433" z="0.9080793"></normal>
            <texcoord u="0.0" v="1.0"></texcoord>
          </vertex>
          <vertex>
            <position x="0.984449" y="0.707561" z="-1.29362"></position>
            <normal x="0.35014212" y="0.22963327" z="0.908113"></normal>
            <texcoord u="22.0472" v="1.0"></texcoord>
          </vertex>
          <vertex>
            <position x="0.44563" y="0.73301" z="-1.09214"></position>
            <normal x="0.3504177" y="0.22947972" z="0.9080454"></normal>
            <texcoord u="0.393701" v="0.015748024"></texcoord>
          </vertex>
          <vertex>
            <position x="0.406491" y="1.07911" z="-1.16452"></position>
            <normal x="0.35042393" y="0.22940359" z="0.9080622"></normal>
            <texcoord u="0.0" v="-13.3701"></texcoord>
          </vertex>
          <vertex>
            <position x="0.417113" y="1.06893" z="-1.16605"></position>
            <normal x="0.3505062" y="0.22955981" z="0.90799105"></normal>
            <texcoord u="0.393701" v="-12.9764"></texcoord>
          </vertex>
          <vertex>
            <position x="0.952907" y="1.07911" z="-1.37537"></position>
            <normal x="0.35038066" y="0.22954783" z="0.90804255"></normal>
            <texcoord u="22.0472" v="-13.3701"></texcoord>
          </vertex>
          <vertex>
            <position x="0.944014" y="1.06893" z="-1.36936"></position>
            <normal x="0.350588" y="0.22974655" z="0.90791225"></normal>
            <texcoord u="21.6535" v="-12.9764"></texcoord>
          </vertex>
          <vertex>
            <position x="0.936684" y="1.06413" z="-1.38836"></position>
            <normal x="0.25641975" y="0.12607984" z="0.95830727"></normal>
            <texcoord u="21.2633" v="-12.9764"></texcoord>
          </vertex>
          <vertex>
            <position x="0.738414" y="0.956457" z="-1.32114"></position>
            <normal x="0.31007475" y="0.022362992" z="0.95044917"></normal>
            <texcoord u="13.291" v="-9.1063"></texcoord>
          </vertex>
          <vertex>
            <position x="0.752025" y="0.796131" z="-1.28587"></position>
            <normal x="0.23478305" y="0.3562758" z="0.9044028"></normal>
            <texcoord u="13.291" v="-2.90551"></texcoord>
          </vertex>
          <vertex>
            <position x="0.965202" y="0.728209" z="-1.31445"></position>
            <normal x="0.26530698" y="0.48109648" z="0.8355587"></normal>
            <texcoord u="21.2633" v="0.015748024"></texcoord>
          </vertex>
          <vertex>
            <position x="0.945578" y="1.07431" z="-1.39436"></position>
            <normal x="0.93296164" y="3.4022496E-6" z="-0.35997584"></normal>
            <texcoord u="0.787402" v="-13.3701"></texcoord>
          </vertex>
          <vertex>
            <position x="0.952907" y="1.07911" z="-1.37537"></position>
            <normal x="0.9329315" y="-2.1260445E-5" z="-0.360054"></normal>
            <texcoord u="0.0" v="-13.3701"></texcoord>
          </vertex>
          <vertex>
            <position x="0.984449" y="0.707561" z="-1.29362"></position>
            <normal x="0.93296164" y="3.4022496E-6" z="-0.35997584"></normal>
            <texcoord u="0.0" v="1.0"></texcoord>
          </vertex>
          <vertex>
            <position x="0.97712" y="0.70276" z="-1.31262"></position>
            <normal x="0.9329918" y="2.8064944E-5" z="-0.3598977"></normal>
            <texcoord u="0.787402" v="1.0"></texcoord>
          </vertex>
          <vertex>
            <position x="0.752025" y="0.796131" z="-1.28587"></position>
            <normal x="-0.35038218" y="-0.22950682" z="-0.90805227"></normal>
            <texcoord u="-13.7795" v="-2.90551"></texcoord>
          </vertex>
          <vertex>
            <position x="0.615421" y="0.796131" z="-1.23316"></position>
            <normal x="-0.35038084" y="-0.2295055" z="-0.9080532"></normal>
            <texcoord u="-8.26772" v="-2.90551"></texcoord>
          </vertex>
          <vertex>
            <position x="0.601811" y="0.956457" z="-1.26843"></position>
            <normal x="-0.35038218" y="-0.22950682" z="-0.90805227"></normal>
            <texcoord u="-8.26772" v="-9.1063"></texcoord>
          </vertex>
          <vertex>
            <position x="0.738414" y="0.956457" z="-1.32114"></position>
            <normal x="-0.35038355" y="-0.22950819" z="-0.90805143"></normal>
            <texcoord u="-13.7795" v="-9.1063"></texcoord>
          </vertex>
          <vertex>
            <position x="0.965202" y="0.728209" z="-1.31445"></position>
            <normal x="-0.082623385" y="0.9733061" z="-0.21412261"></normal>
            <texcoord u="21.6535" v="0.21259803"></texcoord>
          </vertex>
          <vertex>
            <position x="0.438301" y="0.728209" z="-1.11114"></position>
            <normal x="-0.08260369" y="0.973318" z="-0.21407688"></normal>
            <texcoord u="0.393701" v="0.21259803"></texcoord>
          </vertex>
          <vertex>
            <position x="0.44563" y="0.73301" z="-1.09214"></position>
            <normal x="-0.082623385" y="0.9733061" z="-0.21412261"></normal>
            <texcoord u="0.393701" v="1.0"></texcoord>
          </vertex>
          <vertex>
            <position x="0.972531" y="0.73301" z="-1.29546"></position>
            <normal x="-0.08264309" y="0.97329444" z="-0.21416841"></normal>
            <texcoord u="21.6535" v="1.0"></texcoord>
          </vertex>
          <vertex>
            <position x="0.430704" y="0.702761" z="-1.10177"></position>
            <normal x="-0.93296206" y="-3.7143677E-6" z="0.35997462"></normal>
            <texcoord u="-0.787402" v="1.0"></texcoord>
          </vertex>
          <vertex>
            <position x="0.438033" y="0.707562" z="-1.08278"></position>
            <normal x="-0.93293196" y="1.1286331E-5" z="0.3600529"></normal>
            <texcoord u="0.0" v="1.0"></texcoord>
          </vertex>
          <vertex>
            <position x="0.406491" y="1.07911" z="-1.16452"></position>
            <normal x="-0.93296206" y="-3.7143677E-6" z="0.35997462"></normal>
            <texcoord u="0.0" v="-13.3701"></texcoord>
          </vertex>
          <vertex>
            <position x="0.399162" y="1.07431" z="-1.18352"></position>
            <normal x="-0.9329923" y="-1.8715065E-5" z="0.35989633"></normal>
            <texcoord u="-0.787402" v="-13.3701"></texcoord>
          </vertex>
          <vertex>
            <position x="0.438301" y="0.728209" z="-1.11114"></position>
            <normal x="0.9329624" y="4.281905E-6" z="-0.3599738"></normal>
            <texcoord u="0.787402" v="0.015748024"></texcoord>
          </vertex>
          <vertex>
            <position x="0.409784" y="1.06413" z="-1.18504"></position>
            <normal x="0.9329318" y="-1.0410967E-5" z="-0.36005312"></normal>
            <texcoord u="0.787402" v="-12.9764"></texcoord>
          </vertex>
          <vertex>
            <position x="0.417113" y="1.06893" z="-1.16605"></position>
            <normal x="0.9329624" y="4.281905E-6" z="-0.3599738"></normal>
            <texcoord u="0.0" v="-12.9764"></texcoord>
          </vertex>
          <vertex>
            <position x="0.44563" y="0.73301" z="-1.09214"></position>
            <normal x="0.932993" y="1.8974775E-5" z="-0.35989442"></normal>
            <texcoord u="0.0" v="0.015748024"></texcoord>
          </vertex>
          <vertex>
            <position x="0.409784" y="1.06413" z="-1.18504"></position>
            <normal x="0.4087453" y="0.02236345" z="0.91237444"></normal>
            <texcoord u="0.393701" v="-12.0602"></texcoord>
          </vertex>
          <vertex>
            <position x="0.601811" y="0.956457" z="-1.26843"></position>
            <normal x="0.4537707" y="0.12605451" z="0.88215774"></normal>
            <texcoord u="8.26772" v="-7.99382"></texcoord>
          </vertex>
          <vertex>
            <position x="0.738414" y="0.956457" z="-1.32114"></position>
            <normal x="0.31007475" y="0.022362992" z="0.95044917"></normal>
            <texcoord u="13.7795" v="-7.99382"></texcoord>
          </vertex>
          <vertex>
            <position x="0.936684" y="1.06413" z="-1.38836"></position>
            <normal x="0.25641975" y="0.12607984" z="0.95830727"></normal>
            <texcoord u="21.6535" v="-12.0602"></texcoord>
          </vertex>
          <vertex>
            <position x="0.936684" y="1.06413" z="-1.38836"></position>
            <normal x="-0.93295443" y="-3.58762E-7" z="0.35999453"></normal>
            <texcoord u="-0.787402" v="-12.9764"></texcoord>
          </vertex>
          <vertex>
            <position x="0.965202" y="0.728209" z="-1.31445"></position>
            <normal x="-0.932932" y="1.837009E-5" z="0.36005262"></normal>
            <texcoord u="-0.787402" v="0.015748024"></texcoord>
          </vertex>
          <vertex>
            <position x="0.972531" y="0.73301" z="-1.29546"></position>
            <normal x="-0.93295443" y="-3.58762E-7" z="0.35999453"></normal>
            <texcoord u="0.0" v="0.015748024"></texcoord>
          </vertex>
          <vertex>
            <position x="0.944014" y="1.06893" z="-1.36936"></position>
            <normal x="-0.93297684" y="-1.9087614E-5" z="0.35993645"></normal>
            <texcoord u="0.0" v="-12.9764"></texcoord>
          </vertex>
          <vertex>
            <position x="0.965202" y="0.728209" z="-1.31445"></position>
            <normal x="0.26530698" y="0.48109648" z="0.8355587"></normal>
            <texcoord u="21.6535" v="-0.21446002"></texcoord>
          </vertex>
          <vertex>
            <position x="0.752025" y="0.796131" z="-1.28587"></position>
            <normal x="0.23478305" y="0.3562758" z="0.9044028"></normal>
            <texcoord u="13.7795" v="-3.39115"></texcoord>
          </vertex>
          <vertex>
            <position x="0.615421" y="0.796131" z="-1.23316"></position>
            <normal x="0.36471593" y="0.48108783" z="0.79720557"></normal>
            <texcoord u="8.26772" v="-3.39115"></texcoord>
          </vertex>
          <vertex>
            <position x="0.438301" y="0.728209" z="-1.11114"></position>
            <normal x="0.43358523" y="0.35626748" z="0.827694"></normal>
            <texcoord u="0.393701" v="-0.21446002"></texcoord>
          </vertex>
          <vertex>
            <position x="0.936684" y="1.06413" z="-1.38836"></position>
            <normal x="-0.35037035" y="-0.22953562" z="-0.9080496"></normal>
            <texcoord u="-21.6535" v="-12.9764"></texcoord>
          </vertex>
          <vertex>
            <position x="0.399162" y="1.07431" z="-1.18352"></position>
            <normal x="-0.35038695" y="-0.22953492" z="-0.9080434"></normal>
            <texcoord u="0.0" v="-13.3701"></texcoord>
          </vertex>
          <vertex>
            <position x="0.945578" y="1.07431" z="-1.39436"></position>
            <normal x="-0.3501983" y="-0.22930494" z="-0.9081743"></normal>
            <texcoord u="-22.0472" v="-13.3701"></texcoord>
          </vertex>
          <vertex>
            <position x="0.409784" y="1.06413" z="-1.18504"></position>
            <normal x="-0.35014182" y="-0.22975299" z="-0.9080827"></normal>
            <texcoord u="-0.393701" v="-12.9764"></texcoord>
          </vertex>
          <vertex>
            <position x="0.438301" y="0.728209" z="-1.11114"></position>
            <normal x="-0.35038632" y="-0.22954044" z="-0.9080422"></normal>
            <texcoord u="-0.393701" v="0.015748024"></texcoord>
          </vertex>
          <vertex>
            <position x="0.97712" y="0.70276" z="-1.31262"></position>
            <normal x="-0.3503697" y="-0.22954114" z="-0.9080485"></normal>
            <texcoord u="-22.0472" v="1.0"></texcoord>
          </vertex>
          <vertex>
            <position x="0.965202" y="0.728209" z="-1.31445"></position>
            <normal x="-0.3505604" y="-0.22946192" z="-0.90799487"></normal>
            <texcoord u="-21.6535" v="0.015748024"></texcoord>
          </vertex>
          <vertex>
            <position x="0.430704" y="0.702761" z="-1.10177"></position>
            <normal x="-0.3506127" y="-0.22963217" z="-0.90793157"></normal>
            <texcoord u="0.0" v="1.0"></texcoord>
          </vertex>
          <vertex>
            <position x="0.438301" y="0.728209" z="-1.11114"></position>
            <normal x="0.43358523" y="0.35626748" z="0.827694"></normal>
            <texcoord u="0.512111" v="0.015748024"></texcoord>
          </vertex>
          <vertex>
            <position x="0.615421" y="0.796131" z="-1.23316"></position>
            <normal x="0.36471593" y="0.48108783" z="0.79720557"></normal>
            <texcoord u="8.48442" v="-2.90551"></texcoord>
          </vertex>
          <vertex>
            <position x="0.601811" y="0.956457" z="-1.26843"></position>
            <normal x="0.4537707" y="0.12605451" z="0.88215774"></normal>
            <texcoord u="8.48442" v="-9.1063"></texcoord>
          </vertex>
          <vertex>
            <position x="0.409784" y="1.06413" z="-1.18504"></position>
            <normal x="0.4087453" y="0.02236345" z="0.91237444"></normal>
            <texcoord u="0.512111" v="-12.9764"></texcoord>
          </vertex>
          <vertex>
            <position x="0.399162" y="1.07431" z="-1.18352"></position>
            <normal x="-0.08260915" y="0.9733154" z="-0.214086"></normal>
            <texcoord u="0.0" v="0.21259803"></texcoord>
          </vertex>
          <vertex>
            <position x="0.406491" y="1.07911" z="-1.16452"></position>
            <normal x="-0.08259291" y="0.97332716" z="-0.21403886"></normal>
            <texcoord u="0.0" v="1.0"></texcoord>
          </vertex>
          <vertex>
            <position x="0.952907" y="1.07911" z="-1.37537"></position>
            <normal x="-0.08260915" y="0.9733154" z="-0.214086"></normal>
            <texcoord u="22.0472" v="1.0"></texcoord>
          </vertex>
          <vertex>
            <position x="0.945578" y="1.07431" z="-1.39436"></position>
            <normal x="-0.08262538" y="0.97330374" z="-0.21413316"></normal>
            <texcoord u="22.0472" v="0.21259803"></texcoord>
          </vertex>
          <vertex>
            <position x="0.97712" y="0.70276" z="-1.31262"></position>
            <normal x="0.0826227" y="-0.9733055" z="0.2141258"></normal>
            <texcoord u="-22.0472" v="0.21259803"></texcoord>
          </vertex>
          <vertex>
            <position x="0.984449" y="0.707561" z="-1.29362"></position>
            <normal x="0.08260301" y="-0.9733173" z="0.21407987"></normal>
            <texcoord u="-22.0472" v="1.0"></texcoord>
          </vertex>
          <vertex>
            <position x="0.438033" y="0.707562" z="-1.08278"></position>
            <normal x="0.0826227" y="-0.9733055" z="0.2141258"></normal>
            <texcoord u="0.0" v="1.0"></texcoord>
          </vertex>
          <vertex>
            <position x="0.430704" y="0.702761" z="-1.10177"></position>
            <normal x="0.08264239" y="-0.9732937" z="0.21417172"></normal>
            <texcoord u="0.0" v="0.21259803"></texcoord>
          </vertex>
          <vertex>
            <position x="0.409784" y="1.06413" z="-1.18504"></position>
            <normal x="0.08260825" y="-0.9733161" z="0.2140832"></normal>
            <texcoord u="-0.393701" v="0.21259803"></texcoord>
          </vertex>
          <vertex>
            <position x="0.936684" y="1.06413" z="-1.38836"></position>
            <normal x="0.08259142" y="-0.97332835" z="0.21403414"></normal>
            <texcoord u="-21.6535" v="0.21259803"></texcoord>
          </vertex>
          <vertex>
            <position x="0.944014" y="1.06893" z="-1.36936"></position>
            <normal x="0.08260825" y="-0.9733161" z="0.2140832"></normal>
            <texcoord u="-21.6535" v="1.0"></texcoord>
          </vertex>
          <vertex>
            <position x="0.417113" y="1.06893" z="-1.16605"></position>
            <normal x="0.08262508" y="-0.973304" z="0.2141323"></normal>
            <texcoord u="-0.393701" v="1.0"></texcoord>
          </vertex>
        </vertexbuffer>
      </geometry>
    </submesh>
  </submeshes>
</mesh>
