<mesh>
  <submeshes>
    <submesh material="Material.113" usesharedvertices="false">
      <faces count="174">
        <face v1="0" v2="1" v3="2"></face>
        <face v1="3" v2="4" v3="1"></face>
        <face v1="5" v2="6" v3="7"></face>
        <face v1="1" v2="0" v3="8"></face>
        <face v1="9" v2="10" v3="11"></face>
        <face v1="12" v2="13" v3="14"></face>
        <face v1="15" v2="14" v3="16"></face>
        <face v1="17" v2="18" v3="19"></face>
        <face v1="20" v2="21" v3="22"></face>
        <face v1="23" v2="24" v3="25"></face>
        <face v1="26" v2="27" v3="28"></face>
        <face v1="29" v2="30" v3="9"></face>
        <face v1="31" v2="32" v3="33"></face>
        <face v1="34" v2="35" v3="36"></face>
        <face v1="37" v2="38" v3="39"></face>
        <face v1="40" v2="41" v3="42"></face>
        <face v1="43" v2="44" v3="45"></face>
        <face v1="46" v2="47" v3="48"></face>
        <face v1="49" v2="50" v3="6"></face>
        <face v1="51" v2="52" v3="53"></face>
        <face v1="54" v2="55" v3="56"></face>
        <face v1="57" v2="58" v3="59"></face>
        <face v1="60" v2="61" v3="62"></face>
        <face v1="63" v2="64" v3="58"></face>
        <face v1="65" v2="66" v3="67"></face>
        <face v1="68" v2="69" v3="70"></face>
        <face v1="71" v2="72" v3="73"></face>
        <face v1="74" v2="70" v3="75"></face>
        <face v1="76" v2="77" v3="78"></face>
        <face v1="79" v2="56" v3="55"></face>
        <face v1="80" v2="78" v3="81"></face>
        <face v1="82" v2="83" v3="84"></face>
        <face v1="85" v2="86" v3="87"></face>
        <face v1="88" v2="89" v3="90"></face>
        <face v1="91" v2="92" v3="93"></face>
        <face v1="94" v2="95" v3="96"></face>
        <face v1="97" v2="98" v3="99"></face>
        <face v1="100" v2="101" v3="102"></face>
        <face v1="103" v2="8" v3="0"></face>
        <face v1="104" v2="105" v3="106"></face>
        <face v1="107" v2="108" v3="105"></face>
        <face v1="109" v2="39" v3="110"></face>
        <face v1="11" v2="111" v3="112"></face>
        <face v1="113" v2="114" v3="115"></face>
        <face v1="116" v2="115" v3="114"></face>
        <face v1="117" v2="118" v3="119"></face>
        <face v1="30" v2="29" v3="120"></face>
        <face v1="121" v2="33" v3="32"></face>
        <face v1="122" v2="123" v3="124"></face>
        <face v1="125" v2="126" v3="127"></face>
        <face v1="120" v2="128" v3="129"></face>
        <face v1="111" v2="11" v3="10"></face>
        <face v1="10" v2="130" v3="30"></face>
        <face v1="131" v2="132" v3="27"></face>
        <face v1="133" v2="134" v3="135"></face>
        <face v1="136" v2="22" v3="21"></face>
        <face v1="137" v2="120" v3="29"></face>
        <face v1="138" v2="139" v3="140"></face>
      </faces>
      <geometry vertexcount="141">
        <vertexbuffer positions="true" normals="true" texture_coords="1">
          <vertex>
            <position x="3.9651" y="0.80901" z="-0.828066"></position>
            <normal x="0.09721359" y="-0.9808878" z="-0.16854885"></normal>
            <texcoord u="-12.5859" v="-9.6449"></texcoord>
          </vertex>
          <vertex>
            <position x="3.96983" y="0.809612" z="-0.828838"></position>
            <normal x="0.09724538" y="-0.9808699" z="-0.16863494"></normal>
            <texcoord u="-12.7258" v="-9.7613"></texcoord>
          </vertex>
          <vertex>
            <position x="3.83012" y="0.755458" z="-0.594301"></position>
            <normal x="0.09722223" y="-0.9808792" z="-0.16859391"></normal>
            <texcoord u="-12.578" v="0.71440303"></texcoord>
          </vertex>
          <vertex>
            <position x="3.83182" y="0.754855" z="-0.589814"></position>
            <normal x="0.09716676" y="-0.98088115" z="-0.16861424"></normal>
            <texcoord u="-12.7178" v="0.831023"></texcoord>
          </vertex>
          <vertex>
            <position x="3.83012" y="0.755458" z="-0.594301"></position>
            <normal x="0.09722223" y="-0.9808792" z="-0.16859391"></normal>
            <texcoord u="-12.578" v="0.714413"></texcoord>
          </vertex>
          <vertex>
            <position x="3.96983" y="0.809612" z="-0.828838"></position>
            <normal x="0.8660392" y="-2.8866046E-4" z="0.4999761"></normal>
            <texcoord u="10.5418" v="-1.21334"></texcoord>
          </vertex>
          <vertex>
            <position x="3.96782" y="0.839303" z="-0.825339"></position>
            <normal x="0.86603796" y="-2.8095668E-4" z="0.49997818"></normal>
            <texcoord u="10.3898" v="-2.33103"></texcoord>
          </vertex>
          <vertex>
            <position x="3.83182" y="0.754855" z="-0.589814"></position>
            <normal x="0.86603796" y="-2.8095668E-4" z="0.49997818"></normal>
            <texcoord u="0.15199" v="0.847953"></texcoord>
          </vertex>
          <vertex>
            <position x="3.67725" y="0.809661" z="-0.99776"></position>
            <normal x="0.09722899" y="-0.9808876" z="-0.16854131"></normal>
            <texcoord u="-0.008185" v="-9.771"></texcoord>
          </vertex>
          <vertex>
            <position x="3.67585" y="0.840659" z="-0.992165"></position>
            <normal x="-0.09717135" y="0.98088187" z="0.16860741"></normal>
            <texcoord u="0.067816" v="-9.7933"></texcoord>
          </vertex>
          <vertex>
            <position x="3.69225" y="0.834846" z="-0.948895"></position>
            <normal x="-0.09717761" y="0.9808814" z="0.16860656"></normal>
            <texcoord u="1.41588" v="-8.66876"></texcoord>
          </vertex>
          <vertex>
            <position x="3.96569" y="0.84061" z="-0.824827"></position>
            <normal x="-0.097179584" y="0.9808816" z="0.1686046"></normal>
            <texcoord u="12.6662" v="-9.7837"></texcoord>
          </vertex>
          <vertex>
            <position x="3.67725" y="0.809661" z="-0.99776"></position>
            <normal x="0.09722899" y="-0.9808876" z="-0.16854131"></normal>
            <texcoord u="-0.008162" v="-9.771"></texcoord>
          </vertex>
          <vertex>
            <position x="3.67895" y="0.809059" z="-0.993273"></position>
            <normal x="0.0971868" y="-0.9809007" z="-0.16848902"></normal>
            <texcoord u="-0.147954" v="-9.6543"></texcoord>
          </vertex>
          <vertex>
            <position x="3.53924" y="0.754904" z="-0.758737"></position>
            <normal x="0.0972279" y="-0.98088497" z="-0.1685569"></normal>
            <texcoord u="-1.13E-4" v="0.821326"></texcoord>
          </vertex>
          <vertex>
            <position x="3.54398" y="0.755506" z="-0.759508"></position>
            <normal x="0.097173154" y="-0.9808809" z="-0.16861205"></normal>
            <texcoord u="-0.140082" v="0.704929"></texcoord>
          </vertex>
          <vertex>
            <position x="3.67895" y="0.809059" z="-0.993273"></position>
            <normal x="0.0971868" y="-0.9809007" z="-0.16848902"></normal>
            <texcoord u="-0.147945" v="-9.6543"></texcoord>
          </vertex>
          <vertex>
            <position x="3.91811" y="0.832988" z="-0.817246"></position>
            <normal x="-0.86611277" y="0.0011351098" z="-0.4998475"></normal>
            <texcoord u="-9.19036" v="-2.09306"></texcoord>
          </vertex>
          <vertex>
            <position x="3.91839" y="0.828787" z="-0.817741"></position>
            <normal x="-0.86602074" y="9.594631E-5" z="-0.5000081"></normal>
            <texcoord u="-9.21187" v="-1.9349"></texcoord>
          </vertex>
          <vertex>
            <position x="3.81196" y="0.790873" z="-0.63341"></position>
            <normal x="-0.86602074" y="9.594631E-5" z="-0.5000081"></normal>
            <texcoord u="-1.19942" v="-0.50768995"></texcoord>
          </vertex>
          <vertex>
            <position x="3.67523" y="0.839353" z="-0.994261"></position>
            <normal x="-0.8660262" y="7.0959372E-6" z="-0.49999878"></normal>
            <texcoord u="-10.3898" v="-2.33103"></texcoord>
          </vertex>
          <vertex>
            <position x="3.67725" y="0.809661" z="-0.99776"></position>
            <normal x="-0.8660326" y="1.5186977E-4" z="-0.49998748"></normal>
            <texcoord u="-10.5418" v="-1.21334"></texcoord>
          </vertex>
          <vertex>
            <position x="3.53723" y="0.784596" z="-0.755238"></position>
            <normal x="-0.8660326" y="1.5186977E-4" z="-0.49998748"></normal>
            <texcoord u="-1.0E-6" v="-0.26974"></texcoord>
          </vertex>
          <vertex>
            <position x="3.96782" y="0.839303" z="-0.825339"></position>
            <normal x="0.49545187" y="0.13467" z="-0.85813254"></normal>
            <texcoord u="-12.7179" v="-0.89877"></texcoord>
          </vertex>
          <vertex>
            <position x="3.96983" y="0.809612" z="-0.828838"></position>
            <normal x="0.49545264" y="0.13474782" z="-0.85811996"></normal>
            <texcoord u="-12.7177" v="0.22920299"></texcoord>
          </vertex>
          <vertex>
            <position x="3.67523" y="0.839353" z="-0.994261"></position>
            <normal x="0.49545264" y="0.13474782" z="-0.85811996"></normal>
            <texcoord u="-2.62E-4" v="-0.90067995"></texcoord>
          </vertex>
          <vertex>
            <position x="3.81196" y="0.790873" z="-0.63341"></position>
            <normal x="0.49543327" y="0.13509353" z="-0.8580767"></normal>
            <texcoord u="-11.2497" v="-0.33064997"></texcoord>
          </vertex>
          <vertex>
            <position x="3.81225" y="0.786672" z="-0.633904"></position>
            <normal x="0.49543327" y="0.13509353" z="-0.8580767"></normal>
            <texcoord u="-11.2497" v="-0.17104006"></texcoord>
          </vertex>
          <vertex>
            <position x="3.58693" y="0.790911" z="-0.763331"></position>
            <normal x="0.49543327" y="0.13509353" z="-0.8580767"></normal>
            <texcoord u="-1.46833" v="-0.33211005"></texcoord>
          </vertex>
          <vertex>
            <position x="3.53914" y="0.786415" z="-0.755382"></position>
            <normal x="-0.09716928" y="0.98088336" z="0.1686"></normal>
            <texcoord u="0.05982" v="0.699697"></texcoord>
          </vertex>
          <vertex>
            <position x="3.58481" y="0.792217" z="-0.762818"></position>
            <normal x="-0.09716739" y="0.98088384" z="0.1685982"></normal>
            <texcoord u="1.4096" v="-0.42277002"></texcoord>
          </vertex>
          <vertex>
            <position x="3.83182" y="0.754855" z="-0.589814"></position>
            <normal x="-0.49546805" y="-0.13464296" z="0.85812753"></normal>
            <texcoord u="12.7177" v="0.871719"></texcoord>
          </vertex>
          <vertex>
            <position x="3.82981" y="0.784546" z="-0.586316"></position>
            <normal x="-0.49546653" y="-0.13465312" z="0.8581268"></normal>
            <texcoord u="12.7178" v="-0.25626004"></texcoord>
          </vertex>
          <vertex>
            <position x="3.53924" y="0.754904" z="-0.758737"></position>
            <normal x="-0.49546653" y="-0.13465312" z="0.8581268"></normal>
            <texcoord u="-3.0E-6" v="0.869816"></texcoord>
          </vertex>
          <vertex>
            <position x="3.83124" y="0.750998" z="-0.596231"></position>
            <normal x="-0.44721282" y="-0.44743264" z="0.77447075"></normal>
            <texcoord u="12.5777" v="1.152472"></texcoord>
          </vertex>
          <vertex>
            <position x="3.83012" y="0.755458" z="-0.594301"></position>
            <normal x="-0.4473058" y="-0.44708103" z="0.77462006"></normal>
            <texcoord u="12.5778" v="0.964821"></texcoord>
          </vertex>
          <vertex>
            <position x="3.54509" y="0.751047" z="-0.761438"></position>
            <normal x="-0.4473058" y="-0.44708103" z="0.77462006"></normal>
            <texcoord u="0.139833" v="1.1504099"></texcoord>
          </vertex>
          <vertex>
            <position x="3.58693" y="0.790911" z="-0.763331"></position>
            <normal x="0.8659072" y="9.376073E-4" z="0.5002038"></normal>
            <texcoord u="1.19942" v="-0.50769997"></texcoord>
          </vertex>
          <vertex>
            <position x="3.58722" y="0.78671" z="-0.763825"></position>
            <normal x="0.8660211" y="-9.942797E-5" z="0.50000757"></normal>
            <texcoord u="1.22092" v="-0.34954"></texcoord>
          </vertex>
          <vertex>
            <position x="3.69308" y="0.833026" z="-0.947167"></position>
            <normal x="0.8660211" y="-9.942797E-5" z="0.50000757"></normal>
            <texcoord u="9.19036" v="-2.09307"></texcoord>
          </vertex>
          <vertex>
            <position x="3.54398" y="0.755506" z="-0.759508"></position>
            <normal x="-0.4473987" y="-0.4467294" z="0.7747692"></normal>
            <texcoord u="0.139864" v="0.96276"></texcoord>
          </vertex>
          <vertex>
            <position x="3.54509" y="0.751047" z="-0.761438"></position>
            <normal x="-0.4473058" y="-0.44708103" z="0.77462006"></normal>
            <texcoord u="0.139833" v="1.150411"></texcoord>
          </vertex>
          <vertex>
            <position x="3.83012" y="0.755458" z="-0.594301"></position>
            <normal x="-0.4473058" y="-0.44708103" z="0.77462006"></normal>
            <texcoord u="12.5778" v="0.964822"></texcoord>
          </vertex>
          <vertex>
            <position x="3.67585" y="0.840659" z="-0.992165"></position>
            <normal x="0.32779947" y="0.7552725" z="-0.5675482"></normal>
            <texcoord u="-0.058325" v="6.59278"></texcoord>
          </vertex>
          <vertex>
            <position x="3.96569" y="0.84061" z="-0.824827"></position>
            <normal x="0.32764104" y="0.7555438" z="-0.56727856"></normal>
            <texcoord u="-12.6568" v="6.59563"></texcoord>
          </vertex>
          <vertex>
            <position x="3.67523" y="0.839353" z="-0.994261"></position>
            <normal x="0.32764104" y="0.7555438" z="-0.56727856"></normal>
            <texcoord u="0.001306" v="6.66781"></texcoord>
          </vertex>
          <vertex>
            <position x="3.96619" y="0.750865" z="-0.829984"></position>
            <normal x="0.86603683" y="-2.5706954E-4" z="0.4999801"></normal>
            <texcoord u="10.5107" v="0.998134"></texcoord>
          </vertex>
          <vertex>
            <position x="3.9651" y="0.80901" z="-0.828066"></position>
            <normal x="0.8659709" y="3.5170768E-4" z="0.5000943"></normal>
            <texcoord u="10.4275" v="-1.19067"></texcoord>
          </vertex>
          <vertex>
            <position x="3.83124" y="0.750998" z="-0.596231"></position>
            <normal x="0.8659709" y="3.5170768E-4" z="0.5000943"></normal>
            <texcoord u="0.350152" v="0.993134"></texcoord>
          </vertex>
          <vertex>
            <position x="3.82981" y="0.784546" z="-0.586316"></position>
            <normal x="0.8660368" y="-2.7325292E-4" z="0.49998024"></normal>
            <texcoord u="-1.0E-6" v="-0.26974"></texcoord>
          </vertex>
          <vertex>
            <position x="3.83182" y="0.754855" z="-0.589814"></position>
            <normal x="0.86603796" y="-2.8095668E-4" z="0.49997818"></normal>
            <texcoord u="0.151988" v="0.847945"></texcoord>
          </vertex>
          <vertex>
            <position x="3.83012" y="0.755458" z="-0.594301"></position>
            <normal x="0.86590457" y="9.604847E-4" z="0.50020826"></normal>
            <texcoord u="0.26627" v="0.825293"></texcoord>
          </vertex>
          <vertex>
            <position x="3.83124" y="0.750998" z="-0.596231"></position>
            <normal x="0.8659709" y="3.5170768E-4" z="0.5000943"></normal>
            <texcoord u="0.350155" v="0.993151"></texcoord>
          </vertex>
          <vertex>
            <position x="3.9651" y="0.80901" z="-0.828066"></position>
            <normal x="0.8659709" y="3.5170768E-4" z="0.5000943"></normal>
            <texcoord u="10.4275" v="-1.19065"></texcoord>
          </vertex>
          <vertex>
            <position x="3.53723" y="0.784596" z="-0.755238"></position>
            <normal x="-0.42990956" y="0.5103843" z="0.7447722"></normal>
            <texcoord u="1.66E-4" v="-0.091529965"></texcoord>
          </vertex>
          <vertex>
            <position x="3.82981" y="0.784546" z="-0.586316"></position>
            <normal x="-0.4298305" y="0.5106449" z="0.74463916"></normal>
            <texcoord u="12.7178" v="-0.08932996"></texcoord>
          </vertex>
          <vertex>
            <position x="3.53914" y="0.786415" z="-0.755382"></position>
            <normal x="-0.4298305" y="0.5106449" z="0.74463916"></normal>
            <texcoord u="0.059793" v="-0.17119002"></texcoord>
          </vertex>
          <vertex>
            <position x="3.68005" y="0.750913" z="-0.995191"></position>
            <normal x="0.49965242" y="0.037996016" z="-0.86539227"></normal>
            <texcoord u="-0.139799" v="1.3974121"></texcoord>
          </vertex>
          <vertex>
            <position x="3.67895" y="0.809059" z="-0.993273"></position>
            <normal x="0.49964693" y="0.037954833" z="-0.8653972"></normal>
            <texcoord u="-0.140124" v="-0.79296994"></texcoord>
          </vertex>
          <vertex>
            <position x="3.96619" y="0.750865" z="-0.829984"></position>
            <normal x="0.49964693" y="0.037954833" z="-0.8653972"></normal>
            <texcoord u="-12.5777" v="1.399258"></texcoord>
          </vertex>
          <vertex>
            <position x="3.91811" y="0.832988" z="-0.817246"></position>
            <normal x="-0.67974705" y="0.6953893" z="-0.2331905"></normal>
            <texcoord u="-6.85742" v="-10.1306"></texcoord>
          </vertex>
          <vertex>
            <position x="3.81196" y="0.790873" z="-0.63341"></position>
            <normal x="-0.6794649" y="0.6957492" z="-0.232939"></normal>
            <texcoord u="0.984577" v="-7.92338"></texcoord>
          </vertex>
          <vertex>
            <position x="3.92002" y="0.834807" z="-0.81739"></position>
            <normal x="-0.6794649" y="0.6957492" z="-0.232939"></normal>
            <texcoord u="-6.8859" v="-10.2259"></texcoord>
          </vertex>
          <vertex>
            <position x="3.9651" y="0.80901" z="-0.828066"></position>
            <normal x="0.49964145" y="0.03791365" z="-0.8654022"></normal>
            <texcoord u="-12.578" v="-0.79112995"></texcoord>
          </vertex>
          <vertex>
            <position x="3.96619" y="0.750865" z="-0.829984"></position>
            <normal x="0.49964693" y="0.037954833" z="-0.8653972"></normal>
            <texcoord u="-12.5777" v="1.399257"></texcoord>
          </vertex>
          <vertex>
            <position x="3.67523" y="0.839353" z="-0.994261"></position>
            <normal x="-0.67929983" y="0.695972" z="-0.23275456"></normal>
            <texcoord u="-10.1961" v="-2.78193"></texcoord>
          </vertex>
          <vertex>
            <position x="3.53723" y="0.784596" z="-0.755238"></position>
            <normal x="-0.6795454" y="0.695659" z="-0.2329734"></normal>
            <texcoord u="3.1E-5" v="0.087873995"></texcoord>
          </vertex>
          <vertex>
            <position x="3.67585" y="0.840659" z="-0.992165"></position>
            <normal x="-0.6795454" y="0.695659" z="-0.2329734"></normal>
            <texcoord u="-10.129" v="-2.85037"></texcoord>
          </vertex>
          <vertex>
            <position x="3.54509" y="0.751047" z="-0.761438"></position>
            <normal x="-0.86602074" y="8.217056E-4" z="-0.5000074"></normal>
            <texcoord u="-0.350152" v="0.993135"></texcoord>
          </vertex>
          <vertex>
            <position x="3.54398" y="0.755506" z="-0.759508"></position>
            <normal x="-0.8660239" y="4.6670903E-4" z="-0.5000023"></normal>
            <texcoord u="-0.266267" v="0.825278"></texcoord>
          </vertex>
          <vertex>
            <position x="3.68005" y="0.750913" z="-0.995191"></position>
            <normal x="-0.8660239" y="4.6670903E-4" z="-0.5000023"></normal>
            <texcoord u="-10.5107" v="0.998135"></texcoord>
          </vertex>
          <vertex>
            <position x="3.96782" y="0.839303" z="-0.825339"></position>
            <normal x="0.32748252" y="0.7558149" z="-0.56700885"></normal>
            <texcoord u="-12.7163" v="6.67067"></texcoord>
          </vertex>
          <vertex>
            <position x="3.67523" y="0.839353" z="-0.994261"></position>
            <normal x="0.32764104" y="0.7555438" z="-0.56727856"></normal>
            <texcoord u="0.001306" v="6.66779"></texcoord>
          </vertex>
          <vertex>
            <position x="3.96569" y="0.84061" z="-0.824827"></position>
            <normal x="0.32764104" y="0.7555438" z="-0.56727856"></normal>
            <texcoord u="-12.6567" v="6.59561"></texcoord>
          </vertex>
          <vertex>
            <position x="3.67895" y="0.809059" z="-0.993273"></position>
            <normal x="-0.866027" y="1.11712434E-4" z="-0.4999972"></normal>
            <texcoord u="-10.4275" v="-1.19067"></texcoord>
          </vertex>
          <vertex>
            <position x="3.54398" y="0.755506" z="-0.759508"></position>
            <normal x="-0.8660239" y="4.6670903E-4" z="-0.5000023"></normal>
            <texcoord u="-0.266267" v="0.825277"></texcoord>
          </vertex>
          <vertex>
            <position x="3.83012" y="0.755458" z="-0.594301"></position>
            <normal x="0.09722223" y="-0.9808792" z="-0.16859391"></normal>
            <texcoord u="-12.578" v="0.71440697"></texcoord>
          </vertex>
          <vertex>
            <position x="3.83182" y="0.754855" z="-0.589814"></position>
            <normal x="0.09716676" y="-0.98088115" z="-0.16861424"></normal>
            <texcoord u="-12.7178" v="0.831018"></texcoord>
          </vertex>
          <vertex>
            <position x="3.54398" y="0.755506" z="-0.759508"></position>
            <normal x="0.097173154" y="-0.9808809" z="-0.16861205"></normal>
            <texcoord u="-0.140083" v="0.704929"></texcoord>
          </vertex>
          <vertex>
            <position x="3.82898" y="0.786366" z="-0.588044"></position>
            <normal x="-0.4297514" y="0.51090556" z="0.74450606"></normal>
            <texcoord u="12.6582" v="-0.16901004"></texcoord>
          </vertex>
          <vertex>
            <position x="3.53924" y="0.754904" z="-0.758737"></position>
            <normal x="0.0972279" y="-0.98088497" z="-0.1685569"></normal>
            <texcoord u="-1.14E-4" v="0.821326"></texcoord>
          </vertex>
          <vertex>
            <position x="3.83182" y="0.754855" z="-0.589814"></position>
            <normal x="0.09716676" y="-0.98088115" z="-0.16861424"></normal>
            <texcoord u="-12.7178" v="0.831017"></texcoord>
          </vertex>
          <vertex>
            <position x="3.81196" y="0.790873" z="-0.63341"></position>
            <normal x="0.32771498" y="0.75542176" z="-0.56739825"></normal>
            <texcoord u="-11.2495" v="0.921064"></texcoord>
          </vertex>
          <vertex>
            <position x="3.58693" y="0.790911" z="-0.763331"></position>
            <normal x="0.32778525" y="0.755302" z="-0.56751716"></normal>
            <texcoord u="-1.46815" v="0.91885"></texcoord>
          </vertex>
          <vertex>
            <position x="3.81258" y="0.792179" z="-0.631313"></position>
            <normal x="0.32778525" y="0.755302" z="-0.56751716"></normal>
            <texcoord u="-11.3091" v="0.84603"></texcoord>
          </vertex>
          <vertex>
            <position x="3.92002" y="0.834807" z="-0.81739"></position>
            <normal x="-0.42989954" y="0.51042664" z="0.744749"></normal>
            <texcoord u="11.3104" v="-6.43193"></texcoord>
          </vertex>
          <vertex>
            <position x="3.69225" y="0.834846" z="-0.948895"></position>
            <normal x="-0.42982823" y="0.5106603" z="0.74463"></normal>
            <texcoord u="1.4098" v="-6.43364"></texcoord>
          </vertex>
          <vertex>
            <position x="3.91811" y="0.832988" z="-0.817246"></position>
            <normal x="-0.42982823" y="0.5106603" z="0.74463"></normal>
            <texcoord u="11.2507" v="-6.35227"></texcoord>
          </vertex>
          <vertex>
            <position x="3.58481" y="0.792217" z="-0.762818"></position>
            <normal x="0.32785547" y="0.75518215" z="-0.567636"></normal>
            <texcoord u="-1.40855" v="0.84379697"></texcoord>
          </vertex>
          <vertex>
            <position x="3.81258" y="0.792179" z="-0.631313"></position>
            <normal x="0.32778525" y="0.755302" z="-0.56751716"></normal>
            <texcoord u="-11.3091" v="0.846038"></texcoord>
          </vertex>
          <vertex>
            <position x="3.58693" y="0.790911" z="-0.763331"></position>
            <normal x="0.32778525" y="0.755302" z="-0.56751716"></normal>
            <texcoord u="-1.46815" v="0.918858"></texcoord>
          </vertex>
          <vertex>
            <position x="3.82981" y="0.784546" z="-0.586316"></position>
            <normal x="0.54181796" y="0.695355" z="0.4721384"></normal>
            <texcoord u="2.44307" v="8.77033"></texcoord>
          </vertex>
          <vertex>
            <position x="3.96782" y="0.839303" z="-0.825339"></position>
            <normal x="0.5412829" y="0.6959013" z="0.47194725"></normal>
            <texcoord u="12.6394" v="5.90133"></texcoord>
          </vertex>
          <vertex>
            <position x="3.82898" y="0.786366" z="-0.588044"></position>
            <normal x="0.5412829" y="0.6959013" z="0.47194725"></normal>
            <texcoord u="2.47157" v="8.67499"></texcoord>
          </vertex>
          <vertex>
            <position x="3.81258" y="0.792179" z="-0.631313"></position>
            <normal x="-0.6791825" y="0.696109" z="-0.23268744"></normal>
            <texcoord u="1.0517" v="-7.99185"></texcoord>
          </vertex>
          <vertex>
            <position x="3.92002" y="0.834807" z="-0.81739"></position>
            <normal x="-0.6794649" y="0.6957492" z="-0.232939"></normal>
            <texcoord u="-6.88588" v="-10.226"></texcoord>
          </vertex>
          <vertex>
            <position x="3.81196" y="0.790873" z="-0.63341"></position>
            <normal x="-0.6794649" y="0.6957492" z="-0.232939"></normal>
            <texcoord u="0.984598" v="-7.92342"></texcoord>
          </vertex>
          <vertex>
            <position x="3.69308" y="0.833026" z="-0.947167"></position>
            <normal x="-0.4297569" y="0.5108938" z="0.7445109"></normal>
            <texcoord u="1.4694" v="-6.35393"></texcoord>
          </vertex>
          <vertex>
            <position x="3.91811" y="0.832988" z="-0.817246"></position>
            <normal x="-0.42982823" y="0.5106603" z="0.74463"></normal>
            <texcoord u="11.2507" v="-6.35224"></texcoord>
          </vertex>
          <vertex>
            <position x="3.69225" y="0.834846" z="-0.948895"></position>
            <normal x="-0.42982823" y="0.5106603" z="0.74463"></normal>
            <texcoord u="1.4098" v="-6.43361"></texcoord>
          </vertex>
          <vertex>
            <position x="3.53914" y="0.786415" z="-0.755382"></position>
            <normal x="-0.67979085" y="0.69534576" z="-0.23319219"></normal>
            <texcoord u="-0.028456" v="-0.0074700117"></texcoord>
          </vertex>
          <vertex>
            <position x="3.67585" y="0.840659" z="-0.992165"></position>
            <normal x="-0.6795454" y="0.695659" z="-0.2329734"></normal>
            <texcoord u="-10.129" v="-2.85036"></texcoord>
          </vertex>
          <vertex>
            <position x="3.53723" y="0.784596" z="-0.755238"></position>
            <normal x="-0.6795454" y="0.695659" z="-0.2329734"></normal>
            <texcoord u="3.1E-5" v="0.087867975"></texcoord>
          </vertex>
          <vertex>
            <position x="3.67895" y="0.809059" z="-0.993273"></position>
            <normal x="0.0971868" y="-0.9809007" z="-0.16848902"></normal>
            <texcoord u="-0.147977" v="-9.6543"></texcoord>
          </vertex>
          <vertex>
            <position x="3.58693" y="0.790911" z="-0.763331"></position>
            <normal x="0.5423309" y="0.69482625" z="0.47232798"></normal>
            <texcoord u="1.45915" v="0.758965"></texcoord>
          </vertex>
          <vertex>
            <position x="3.69308" y="0.833026" z="-0.947167"></position>
            <normal x="0.5420783" y="0.69508517" z="0.47223693"></normal>
            <texcoord u="9.30131" v="-1.4476299"></texcoord>
          </vertex>
          <vertex>
            <position x="3.58481" y="0.792217" z="-0.762818"></position>
            <normal x="0.5420783" y="0.69508517" z="0.47223693"></normal>
            <texcoord u="1.39205" v="0.690524"></texcoord>
          </vertex>
          <vertex>
            <position x="3.69225" y="0.834846" z="-0.948895"></position>
            <normal x="0.5418257" y="0.69534403" z="0.47214583"></normal>
            <texcoord u="9.32981" v="-1.54297"></texcoord>
          </vertex>
          <vertex>
            <position x="3.58481" y="0.792217" z="-0.762818"></position>
            <normal x="0.5420783" y="0.69508517" z="0.47223693"></normal>
            <texcoord u="1.39205" v="0.690521"></texcoord>
          </vertex>
          <vertex>
            <position x="3.69336" y="0.828825" z="-0.947662"></position>
            <normal x="0.86613387" y="-0.001136463" z="0.49981073"></normal>
            <texcoord u="9.21187" v="-1.9349201"></texcoord>
          </vertex>
          <vertex>
            <position x="3.58722" y="0.78671" z="-0.763825"></position>
            <normal x="0.8660211" y="-9.942797E-5" z="0.50000757"></normal>
            <texcoord u="1.22092" v="-0.34955"></texcoord>
          </vertex>
          <vertex>
            <position x="3.92002" y="0.834807" z="-0.81739"></position>
            <normal x="-0.09717547" y="0.98088205" z="0.16860424"></normal>
            <texcoord u="11.3165" v="-8.66121"></texcoord>
          </vertex>
          <vertex>
            <position x="3.82898" y="0.786366" z="-0.588044"></position>
            <normal x="-0.097175956" y="0.98088187" z="0.16860491"></normal>
            <texcoord u="12.6582" v="0.709301"></texcoord>
          </vertex>
          <vertex>
            <position x="3.68005" y="0.750913" z="-0.995191"></position>
            <normal x="-3.7413294E-4" y="-0.9999999" z="3.572073E-4"></normal>
            <texcoord u="-0.139858" v="-9.5107"></texcoord>
          </vertex>
          <vertex>
            <position x="3.96619" y="0.750865" z="-0.829984"></position>
            <normal x="-3.7449805E-4" y="-0.9999999" z="3.5496437E-4"></normal>
            <texcoord u="-12.5778" v="-9.5107"></texcoord>
          </vertex>
          <vertex>
            <position x="3.54509" y="0.751047" z="-0.761438"></position>
            <normal x="-3.7449805E-4" y="-0.9999999" z="3.5496437E-4"></normal>
            <texcoord u="-0.139858" v="0.64985096"></texcoord>
          </vertex>
          <vertex>
            <position x="3.83124" y="0.750998" z="-0.596231"></position>
            <normal x="-3.7486316E-4" y="-0.9999999" z="3.5272146E-4"></normal>
            <texcoord u="-12.5778" v="0.64985204"></texcoord>
          </vertex>
          <vertex>
            <position x="3.96569" y="0.84061" z="-0.824827"></position>
            <normal x="0.5407475" y="0.6964472" z="0.47175583"></normal>
            <texcoord u="12.5723" v="5.83286"></texcoord>
          </vertex>
          <vertex>
            <position x="3.82898" y="0.786366" z="-0.588044"></position>
            <normal x="0.5412829" y="0.6959013" z="0.47194725"></normal>
            <texcoord u="2.47155" v="8.67496"></texcoord>
          </vertex>
          <vertex>
            <position x="3.96782" y="0.839303" z="-0.825339"></position>
            <normal x="0.5412829" y="0.6959013" z="0.47194725"></normal>
            <texcoord u="12.6394" v="5.9013"></texcoord>
          </vertex>
          <vertex>
            <position x="3.81258" y="0.792179" z="-0.631313"></position>
            <normal x="-0.0971711" y="0.98088354" z="0.16859806"></normal>
            <texcoord u="11.3102" v="-0.41522002"></texcoord>
          </vertex>
          <vertex>
            <position x="3.53723" y="0.784596" z="-0.755238"></position>
            <normal x="-0.49546498" y="-0.13466327" z="0.858126"></normal>
            <texcoord u="1.66E-4" v="-0.25816"></texcoord>
          </vertex>
          <vertex>
            <position x="3.91839" y="0.828787" z="-0.817741"></position>
            <normal x="-0.4954971" y="-0.13415281" z="0.85818744"></normal>
            <texcoord u="11.2497" v="-0.66522"></texcoord>
          </vertex>
          <vertex>
            <position x="3.91811" y="0.832988" z="-0.817246"></position>
            <normal x="-0.4954966" y="-0.13415879" z="0.8581868"></normal>
            <texcoord u="11.2498" v="-0.82483006"></texcoord>
          </vertex>
          <vertex>
            <position x="3.69336" y="0.828825" z="-0.947662"></position>
            <normal x="-0.4954966" y="-0.13415879" z="0.8581868"></normal>
            <texcoord u="1.46838" v="-0.66668"></texcoord>
          </vertex>
          <vertex>
            <position x="3.69308" y="0.833026" z="-0.947167"></position>
            <normal x="-0.4954961" y="-0.13416478" z="0.8581861"></normal>
            <texcoord u="1.4684" v="-0.82627"></texcoord>
          </vertex>
          <vertex>
            <position x="3.69336" y="0.828825" z="-0.947662"></position>
            <normal x="-0.4954966" y="-0.13415879" z="0.8581868"></normal>
            <texcoord u="1.46838" v="-0.66665995"></texcoord>
          </vertex>
          <vertex>
            <position x="3.91811" y="0.832988" z="-0.817246"></position>
            <normal x="-0.4954966" y="-0.13415879" z="0.8581868"></normal>
            <texcoord u="11.2498" v="-0.8248"></texcoord>
          </vertex>
          <vertex>
            <position x="3.82898" y="0.786366" z="-0.588044"></position>
            <normal x="-0.097175956" y="0.98088187" z="0.16860491"></normal>
            <texcoord u="12.6582" v="0.70929396"></texcoord>
          </vertex>
          <vertex>
            <position x="3.92002" y="0.834807" z="-0.81739"></position>
            <normal x="-0.09717547" y="0.98088205" z="0.16860424"></normal>
            <texcoord u="11.3165" v="-8.66122"></texcoord>
          </vertex>
          <vertex>
            <position x="3.67585" y="0.840659" z="-0.992165"></position>
            <normal x="-0.09717135" y="0.98088187" z="0.16860741"></normal>
            <texcoord u="0.067811" v="-9.7933"></texcoord>
          </vertex>
          <vertex>
            <position x="3.58722" y="0.78671" z="-0.763825"></position>
            <normal x="0.49543327" y="0.13509353" z="-0.8580767"></normal>
            <texcoord u="-1.4683" v="-0.17250001"></texcoord>
          </vertex>
          <vertex>
            <position x="3.58693" y="0.790911" z="-0.763331"></position>
            <normal x="0.49543327" y="0.13509353" z="-0.8580767"></normal>
            <texcoord u="-1.46833" v="-0.33211994"></texcoord>
          </vertex>
          <vertex>
            <position x="3.81225" y="0.786672" z="-0.633904"></position>
            <normal x="-0.86592776" y="-9.432172E-4" z="-0.5001682"></normal>
            <texcoord u="-1.22092" v="-0.34955"></texcoord>
          </vertex>
          <vertex>
            <position x="3.81196" y="0.790873" z="-0.63341"></position>
            <normal x="-0.86602074" y="9.594631E-5" z="-0.5000081"></normal>
            <texcoord u="-1.19942" v="-0.50769997"></texcoord>
          </vertex>
          <vertex>
            <position x="3.91839" y="0.828787" z="-0.817741"></position>
            <normal x="-0.86602074" y="9.594631E-5" z="-0.5000081"></normal>
            <texcoord u="-9.21187" v="-1.9349201"></texcoord>
          </vertex>
          <vertex>
            <position x="3.53924" y="0.754904" z="-0.758737"></position>
            <normal x="-0.86603904" y="2.966436E-4" z="-0.49997628"></normal>
            <texcoord u="-0.15199" v="0.847949"></texcoord>
          </vertex>
          <vertex>
            <position x="3.82898" y="0.786366" z="-0.588044"></position>
            <normal x="-0.097175956" y="0.98088187" z="0.16860491"></normal>
            <texcoord u="12.6582" v="0.709298"></texcoord>
          </vertex>
          <vertex>
            <position x="3.67725" y="0.809661" z="-0.99776"></position>
            <normal x="0.49545336" y="0.13482563" z="-0.8581073"></normal>
            <texcoord u="-9.3E-5" v="0.22730201"></texcoord>
          </vertex>
          <vertex>
            <position x="3.67523" y="0.839353" z="-0.994261"></position>
            <normal x="0.49545264" y="0.13474782" z="-0.85811996"></normal>
            <texcoord u="-2.61E-4" v="-0.90067005"></texcoord>
          </vertex>
          <vertex>
            <position x="3.96983" y="0.809612" z="-0.828838"></position>
            <normal x="0.49545264" y="0.13474782" z="-0.85811996"></normal>
            <texcoord u="-12.7177" v="0.22920501"></texcoord>
          </vertex>
        </vertexbuffer>
      </geometry>
    </submesh>
  </submeshes>
</mesh>
