<mesh>
  <submeshes>
    <submesh material="Material.141" usesharedvertices="false">
      <faces count="6">
        <face v1="0" v2="1" v3="2"></face>
        <face v1="0" v2="2" v3="3"></face>
      </faces>
      <geometry vertexcount="4">
        <vertexbuffer positions="true" normals="true" texture_coords="1">
          <vertex>
            <position x="3.97723" y="1.89849" z="-1.74128"></position>
            <normal x="-0.25948843" y="0.0" z="0.9657462"></normal>
            <texcoord u="42.7777" v="-24.9055"></texcoord>
          </vertex>
          <vertex>
            <position x="2.80053" y="1.89849" z="-2.05745"></position>
            <normal x="-0.25948843" y="0.0" z="0.9657462"></normal>
            <texcoord u="-3.08842" v="-24.9055"></texcoord>
          </vertex>
          <vertex>
            <position x="2.80053" y="1.21031" z="-2.05745"></position>
            <normal x="-0.25948843" y="0.0" z="0.9657462"></normal>
            <texcoord u="-3.08841" v="1.000001"></texcoord>
          </vertex>
          <vertex>
            <position x="3.97723" y="1.21031" z="-1.74128"></position>
            <normal x="-0.25948843" y="0.0" z="0.9657462"></normal>
            <texcoord u="42.7777" v="1.000001"></texcoord>
          </vertex>
        </vertexbuffer>
      </geometry>
    </submesh>
  </submeshes>
</mesh>
