<mesh>
  <submeshes>
    <submesh material="Material.131" usesharedvertices="false">
      <faces count="195">
        <face v1="0" v2="1" v3="2"></face>
        <face v1="3" v2="4" v3="5"></face>
        <face v1="3" v2="5" v3="6"></face>
        <face v1="3" v2="6" v3="7"></face>
        <face v1="8" v2="9" v3="10"></face>
        <face v1="8" v2="10" v3="11"></face>
        <face v1="8" v2="11" v3="12"></face>
        <face v1="13" v2="14" v3="15"></face>
        <face v1="16" v2="17" v3="18"></face>
        <face v1="16" v2="18" v3="19"></face>
        <face v1="20" v2="21" v3="22"></face>
        <face v1="20" v2="22" v3="23"></face>
        <face v1="24" v2="25" v3="26"></face>
        <face v1="24" v2="26" v3="27"></face>
        <face v1="28" v2="29" v3="30"></face>
        <face v1="28" v2="30" v3="31"></face>
        <face v1="32" v2="33" v3="34"></face>
        <face v1="32" v2="34" v3="35"></face>
        <face v1="32" v2="35" v3="36"></face>
        <face v1="37" v2="38" v3="39"></face>
        <face v1="40" v2="41" v3="42"></face>
        <face v1="40" v2="42" v3="43"></face>
        <face v1="44" v2="45" v3="46"></face>
        <face v1="45" v2="44" v3="47"></face>
        <face v1="48" v2="47" v3="44"></face>
        <face v1="49" v2="50" v3="51"></face>
        <face v1="52" v2="49" v3="51"></face>
        <face v1="53" v2="46" v3="45"></face>
        <face v1="46" v2="53" v3="54"></face>
        <face v1="49" v2="52" v3="55"></face>
        <face v1="46" v2="54" v3="51"></face>
        <face v1="46" v2="51" v3="50"></face>
        <face v1="56" v2="55" v3="52"></face>
        <face v1="57" v2="58" v3="59"></face>
        <face v1="57" v2="59" v3="60"></face>
        <face v1="57" v2="60" v3="61"></face>
        <face v1="62" v2="63" v3="64"></face>
        <face v1="65" v2="66" v3="67"></face>
        <face v1="68" v2="69" v3="63"></face>
        <face v1="69" v2="68" v3="70"></face>
        <face v1="69" v2="70" v3="71"></face>
        <face v1="67" v2="66" v3="72"></face>
        <face v1="69" v2="64" v3="63"></face>
        <face v1="62" v2="73" v3="63"></face>
        <face v1="62" v2="72" v3="66"></face>
        <face v1="74" v2="75" v3="76"></face>
        <face v1="74" v2="77" v3="75"></face>
        <face v1="77" v2="74" v3="71"></face>
        <face v1="69" v2="71" v3="74"></face>
        <face v1="73" v2="62" v3="66"></face>
        <face v1="78" v2="79" v3="80"></face>
        <face v1="78" v2="80" v3="81"></face>
        <face v1="78" v2="81" v3="82"></face>
        <face v1="78" v2="82" v3="83"></face>
        <face v1="84" v2="85" v3="86"></face>
        <face v1="84" v2="86" v3="87"></face>
        <face v1="88" v2="89" v3="90"></face>
        <face v1="88" v2="90" v3="91"></face>
        <face v1="88" v2="91" v3="92"></face>
        <face v1="88" v2="92" v3="93"></face>
        <face v1="88" v2="93" v3="94"></face>
        <face v1="88" v2="94" v3="95"></face>
        <face v1="96" v2="97" v3="98"></face>
        <face v1="96" v2="98" v3="99"></face>
        <face v1="96" v2="99" v3="100"></face>
      </faces>
      <geometry vertexcount="101">
        <vertexbuffer positions="true" normals="true" texture_coords="1">
          <vertex>
            <position x="0.2457" y="1.05882" z="-1.66028"></position>
            <normal x="0.0" y="0.0" z="-1.0"></normal>
            <texcoord u="20.1864" v="0.998272"></texcoord>
          </vertex>
          <vertex>
            <position x="0.245688" y="1.05994" z="-1.66028"></position>
            <normal x="0.0" y="0.0" z="-1.0"></normal>
            <texcoord u="20.1861" v="0.955973"></texcoord>
          </vertex>
          <vertex>
            <position x="0.2457" y="1.06091" z="-1.66028"></position>
            <normal x="0.0" y="0.0" z="-1.0"></normal>
            <texcoord u="20.1864" v="0.919532"></texcoord>
          </vertex>
          <vertex>
            <position x="0.2457" y="1.05882" z="-1.66028"></position>
            <normal x="0.56308025" y="2.5794606E-4" z="0.82640207"></normal>
            <texcoord u="20.1864" v="0.998272"></texcoord>
          </vertex>
          <vertex>
            <position x="0.2457" y="1.06091" z="-1.66028"></position>
            <normal x="0.54678893" y="0.0" z="0.8372705"></normal>
            <texcoord u="20.1864" v="0.919532"></texcoord>
          </vertex>
          <vertex>
            <position x="0.245654" y="1.06091" z="-1.66025"></position>
            <normal x="0.55905336" y="3.8692396E-4" z="0.82913166"></normal>
            <texcoord u="20.1843" v="0.919532"></texcoord>
          </vertex>
          <vertex>
            <position x="0.235164" y="1.06091" z="-1.65295"></position>
            <normal x="0.47069937" y="2.6157385E-4" z="0.8822936"></normal>
            <texcoord u="19.7034" v="0.919532"></texcoord>
          </vertex>
          <vertex>
            <position x="0.235164" y="1.05882" z="-1.65295"></position>
            <normal x="0.33523592" y="6.813679E-4" z="0.94213396"></normal>
            <texcoord u="19.7034" v="0.998272"></texcoord>
          </vertex>
          <vertex>
            <position x="0.235164" y="1.05882" z="-1.65295"></position>
            <normal x="0.33523592" y="6.813679E-4" z="0.94213396"></normal>
            <texcoord u="10.7542" v="0.990466"></texcoord>
          </vertex>
          <vertex>
            <position x="0.235164" y="1.06091" z="-1.65295"></position>
            <normal x="0.47069937" y="2.6157385E-4" z="0.8822936"></normal>
            <texcoord u="10.7542" v="0.911726"></texcoord>
          </vertex>
          <vertex>
            <position x="0.224982" y="1.06091" z="-1.65032"></position>
            <normal x="0.25202346" y="0.010115828" z="0.96766824"></normal>
            <texcoord u="10.3582" v="0.911726"></texcoord>
          </vertex>
          <vertex>
            <position x="0.224983" y="1.05994" z="-1.6503"></position>
            <normal x="0.25203624" y="0.0013469437" z="0.9677169"></normal>
            <texcoord u="10.3582" v="0.948167"></texcoord>
          </vertex>
          <vertex>
            <position x="0.224982" y="1.05882" z="-1.65032"></position>
            <normal x="0.25005174" y="-0.017537178" z="0.9680736"></normal>
            <texcoord u="10.3582" v="0.990466"></texcoord>
          </vertex>
          <vertex>
            <position x="0.224982" y="1.05882" z="-1.65032"></position>
            <normal x="-0.99872255" y="0.0" z="0.05053061"></normal>
            <texcoord u="0.026675" v="0.990598"></texcoord>
          </vertex>
          <vertex>
            <position x="0.224983" y="1.05994" z="-1.6503"></position>
            <normal x="-0.99872255" y="0.0" z="0.05053061"></normal>
            <texcoord u="0.026789" v="0.948298"></texcoord>
          </vertex>
          <vertex>
            <position x="0.224982" y="1.06091" z="-1.65032"></position>
            <normal x="-0.99872255" y="0.0" z="0.05053061"></normal>
            <texcoord u="0.026675" v="0.911858"></texcoord>
          </vertex>
          <vertex>
            <position x="0.224982" y="1.05882" z="-1.65032"></position>
            <normal x="-0.10134248" y="0.0" z="0.99485165"></normal>
            <texcoord u="0.026675" v="0.990598"></texcoord>
          </vertex>
          <vertex>
            <position x="0.224982" y="1.06091" z="-1.65032"></position>
            <normal x="-0.10134248" y="0.0" z="0.99485165"></normal>
            <texcoord u="0.026675" v="0.911858"></texcoord>
          </vertex>
          <vertex>
            <position x="0.215558" y="1.06091" z="-1.65128"></position>
            <normal x="-0.24756771" y="0.0" z="0.96887064"></normal>
            <texcoord u="-0.329914" v="0.911858"></texcoord>
          </vertex>
          <vertex>
            <position x="0.215558" y="1.05882" z="-1.65128"></position>
            <normal x="-0.24756771" y="0.0" z="0.96887064"></normal>
            <texcoord u="-0.329914" v="0.990598"></texcoord>
          </vertex>
          <vertex>
            <position x="0.215558" y="1.05882" z="-1.65128"></position>
            <normal x="-0.24756771" y="0.0" z="0.96887064"></normal>
            <texcoord u="-8.98456" v="0.986671"></texcoord>
          </vertex>
          <vertex>
            <position x="0.215558" y="1.06091" z="-1.65128"></position>
            <normal x="-0.24756771" y="0.0" z="0.96887064"></normal>
            <texcoord u="-8.98456" v="0.90793097"></texcoord>
          </vertex>
          <vertex>
            <position x="0.2073" y="1.06091" z="-1.65476"></position>
            <normal x="-0.49393338" y="0.0" z="0.86949974"></normal>
            <texcoord u="-9.32193" v="0.90793097"></texcoord>
          </vertex>
          <vertex>
            <position x="0.2073" y="1.05882" z="-1.65476"></position>
            <normal x="-0.49393338" y="0.0" z="0.86949974"></normal>
            <texcoord u="-9.32193" v="0.986671"></texcoord>
          </vertex>
          <vertex>
            <position x="0.2073" y="1.05882" z="-1.65476"></position>
            <normal x="-0.49393338" y="0.0" z="0.86949974"></normal>
            <texcoord u="-15.6493" v="0.986671"></texcoord>
          </vertex>
          <vertex>
            <position x="0.2073" y="1.06091" z="-1.65476"></position>
            <normal x="-0.49393338" y="0.0" z="0.86949974"></normal>
            <texcoord u="-15.6493" v="0.90793097"></texcoord>
          </vertex>
          <vertex>
            <position x="0.200614" y="1.06091" z="-1.65968"></position>
            <normal x="-0.6732182" y="0.0" z="0.73944384"></normal>
            <texcoord u="-15.9618" v="0.90793097"></texcoord>
          </vertex>
          <vertex>
            <position x="0.200614" y="1.05882" z="-1.65968"></position>
            <normal x="-0.6732182" y="0.0" z="0.73944384"></normal>
            <texcoord u="-15.9618" v="0.986671"></texcoord>
          </vertex>
          <vertex>
            <position x="0.200614" y="1.05882" z="-1.65968"></position>
            <normal x="-0.6732182" y="0.0" z="0.73944384"></normal>
            <texcoord u="-20.8362" v="0.986671"></texcoord>
          </vertex>
          <vertex>
            <position x="0.200614" y="1.06091" z="-1.65968"></position>
            <normal x="-0.6732182" y="0.0" z="0.73944384"></normal>
            <texcoord u="-20.8362" v="0.90793097"></texcoord>
          </vertex>
          <vertex>
            <position x="0.195907" y="1.06091" z="-1.66496"></position>
            <normal x="-0.82539535" y="0.0" z="0.56455517"></normal>
            <texcoord u="-21.1024" v="0.90793097"></texcoord>
          </vertex>
          <vertex>
            <position x="0.195907" y="1.05882" z="-1.66496"></position>
            <normal x="-0.8594179" y="3.6502723E-4" z="0.5112737"></normal>
            <texcoord u="-21.1024" v="0.986671"></texcoord>
          </vertex>
          <vertex>
            <position x="0.195907" y="1.05882" z="-1.66496"></position>
            <normal x="-0.8594179" y="3.6502723E-4" z="0.5112737"></normal>
            <texcoord u="-25.8445" v="0.988278"></texcoord>
          </vertex>
          <vertex>
            <position x="0.195907" y="1.06091" z="-1.66496"></position>
            <normal x="-0.82539535" y="0.0" z="0.56455517"></normal>
            <texcoord u="-25.8445" v="0.90953803"></texcoord>
          </vertex>
          <vertex>
            <position x="0.193586" y="1.06091" z="-1.66951"></position>
            <normal x="-0.8897571" y="0.0055018305" z="0.4564011"></normal>
            <texcoord u="-26.0368" v="0.90954"></texcoord>
          </vertex>
          <vertex>
            <position x="0.193574" y="1.05994" z="-1.66951"></position>
            <normal x="-0.8897703" y="7.2563824E-4" z="0.45640793"></normal>
            <texcoord u="-26.0371" v="0.945979"></texcoord>
          </vertex>
          <vertex>
            <position x="0.193586" y="1.05882" z="-1.66951"></position>
            <normal x="-0.8907552" y="-0.009552271" z="0.45438305"></normal>
            <texcoord u="-26.0368" v="0.98828"></texcoord>
          </vertex>
          <vertex>
            <position x="0.193586" y="1.05882" z="-1.66951"></position>
            <normal x="0.0" y="0.0" z="-1.0"></normal>
            <texcoord u="-27.1531" v="0.988166"></texcoord>
          </vertex>
          <vertex>
            <position x="0.193574" y="1.05994" z="-1.66951"></position>
            <normal x="0.0" y="0.0" z="-1.0"></normal>
            <texcoord u="-27.1534" v="0.945865"></texcoord>
          </vertex>
          <vertex>
            <position x="0.193586" y="1.06091" z="-1.66951"></position>
            <normal x="0.0" y="0.0" z="-1.0"></normal>
            <texcoord u="-27.1531" v="0.909426"></texcoord>
          </vertex>
          <vertex>
            <position x="0.193586" y="1.05882" z="-1.66951"></position>
            <normal x="-0.9230623" y="0.0" z="0.38465068"></normal>
            <texcoord u="-27.1531" v="0.988166"></texcoord>
          </vertex>
          <vertex>
            <position x="0.193586" y="1.06091" z="-1.66951"></position>
            <normal x="-0.9230623" y="0.0" z="0.38465068"></normal>
            <texcoord u="-27.1531" v="0.909426"></texcoord>
          </vertex>
          <vertex>
            <position x="0.144014" y="1.06091" z="-1.78847"></position>
            <normal x="-0.9230623" y="0.0" z="0.38465068"></normal>
            <texcoord u="-32.0045" v="0.909429"></texcoord>
          </vertex>
          <vertex>
            <position x="0.144014" y="1.05882" z="-1.78847"></position>
            <normal x="-0.9230623" y="0.0" z="0.38465068"></normal>
            <texcoord u="-32.0045" v="0.988169"></texcoord>
          </vertex>
          <vertex>
            <position x="0.235164" y="1.05882" z="-1.65295"></position>
            <normal x="0.0" y="-1.0" z="0.0"></normal>
            <texcoord u="-3.43243" v="-28.5709"></texcoord>
          </vertex>
          <vertex>
            <position x="0.2073" y="1.05882" z="-1.65476"></position>
            <normal x="0.0" y="-1.0" z="0.0"></normal>
            <texcoord u="-2.38351" v="-28.6389"></texcoord>
          </vertex>
          <vertex>
            <position x="0.2457" y="1.05882" z="-1.66028"></position>
            <normal x="0.0" y="-1.0" z="0.0"></normal>
            <texcoord u="-3.82902" v="-28.8467"></texcoord>
          </vertex>
          <vertex>
            <position x="0.215558" y="1.05882" z="-1.65128"></position>
            <normal x="0.0" y="-1.0" z="0.0"></normal>
            <texcoord u="-2.69437" v="-28.5078"></texcoord>
          </vertex>
          <vertex>
            <position x="0.224982" y="1.05882" z="-1.65032"></position>
            <normal x="0.0" y="-1.0" z="0.0"></normal>
            <texcoord u="-3.04911" v="-28.4716"></texcoord>
          </vertex>
          <vertex>
            <position x="0.309826" y="1.05882" z="-1.73082"></position>
            <normal x="0.0" y="-1.0" z="0.0"></normal>
            <texcoord u="-6.24296" v="-31.502102"></texcoord>
          </vertex>
          <vertex>
            <position x="0.31006" y="1.05882" z="-1.73023"></position>
            <normal x="0.0" y="-1.0" z="0.0"></normal>
            <texcoord u="-6.25177" v="-31.48"></texcoord>
          </vertex>
          <vertex>
            <position x="0.193586" y="1.05882" z="-1.66951"></position>
            <normal x="0.0" y="-1.0" z="0.0"></normal>
            <texcoord u="-1.86726" v="-29.194"></texcoord>
          </vertex>
          <vertex>
            <position x="0.144014" y="1.05882" z="-1.78847"></position>
            <normal x="0.0" y="-1.0" z="0.0"></normal>
            <texcoord u="-0.001221" v="-33.6721"></texcoord>
          </vertex>
          <vertex>
            <position x="0.200614" y="1.05882" z="-1.65968"></position>
            <normal x="0.0" y="-1.0" z="0.0"></normal>
            <texcoord u="-2.13183" v="-28.8242"></texcoord>
          </vertex>
          <vertex>
            <position x="0.195907" y="1.05882" z="-1.66496"></position>
            <normal x="0.0" y="-1.0" z="0.0"></normal>
            <texcoord u="-1.95465" v="-29.0228"></texcoord>
          </vertex>
          <vertex>
            <position x="0.23032" y="1.05882" z="-1.92281"></position>
            <normal x="0.0" y="-1.0" z="0.0"></normal>
            <texcoord u="-3.25005" v="-38.7291"></texcoord>
          </vertex>
          <vertex>
            <position x="0.219254" y="1.05882" z="-1.94955"></position>
            <normal x="0.0" y="-1.0" z="0.0"></normal>
            <texcoord u="-2.83349" v="-39.7357"></texcoord>
          </vertex>
          <vertex>
            <position x="0.31006" y="1.05882" z="-1.73023"></position>
            <normal x="0.7358543" y="-4.0559145E-4" z="0.67713976"></normal>
            <texcoord u="28.1349" v="0.984387"></texcoord>
          </vertex>
          <vertex>
            <position x="0.31006" y="1.06091" z="-1.73023"></position>
            <normal x="0.73589957" y="0.0" z="0.67709076"></normal>
            <texcoord u="28.1349" v="0.905647"></texcoord>
          </vertex>
          <vertex>
            <position x="0.2457" y="1.06091" z="-1.66028"></position>
            <normal x="0.73582417" y="-0.004549217" z="0.67715734"></normal>
            <texcoord u="24.5566" v="0.905643"></texcoord>
          </vertex>
          <vertex>
            <position x="0.245688" y="1.05994" z="-1.66028"></position>
            <normal x="0.7358317" y="-6.083945E-4" z="0.67716426"></normal>
            <texcoord u="24.5564" v="0.942083"></texcoord>
          </vertex>
          <vertex>
            <position x="0.2457" y="1.05882" z="-1.66028"></position>
            <normal x="0.7358767" y="0.007881596" z="0.6770698"></normal>
            <texcoord u="24.5566" v="0.984383"></texcoord>
          </vertex>
          <vertex>
            <position x="0.200614" y="1.06091" z="-1.65968"></position>
            <normal x="0.0" y="1.0" z="0.0"></normal>
            <texcoord u="2.13183" v="-28.8242"></texcoord>
          </vertex>
          <vertex>
            <position x="0.2457" y="1.06091" z="-1.66028"></position>
            <normal x="0.0" y="1.0" z="0.0"></normal>
            <texcoord u="3.82902" v="-28.8467"></texcoord>
          </vertex>
          <vertex>
            <position x="0.195907" y="1.06091" z="-1.66496"></position>
            <normal x="0.0" y="1.0" z="0.0"></normal>
            <texcoord u="1.95465" v="-29.0228"></texcoord>
          </vertex>
          <vertex>
            <position x="0.224982" y="1.06091" z="-1.65032"></position>
            <normal x="0.0" y="1.0" z="0.0"></normal>
            <texcoord u="3.04911" v="-28.4716"></texcoord>
          </vertex>
          <vertex>
            <position x="0.235164" y="1.06091" z="-1.65295"></position>
            <normal x="0.0" y="1.0" z="0.0"></normal>
            <texcoord u="3.43243" v="-28.5709"></texcoord>
          </vertex>
          <vertex>
            <position x="0.215558" y="1.06091" z="-1.65128"></position>
            <normal x="0.0" y="1.0" z="0.0"></normal>
            <texcoord u="2.69437" v="-28.5078"></texcoord>
          </vertex>
          <vertex>
            <position x="0.31006" y="1.06091" z="-1.73023"></position>
            <normal x="0.0" y="1.0" z="0.0"></normal>
            <texcoord u="6.25177" v="-31.48"></texcoord>
          </vertex>
          <vertex>
            <position x="0.193586" y="1.06091" z="-1.66951"></position>
            <normal x="0.0" y="1.0" z="0.0"></normal>
            <texcoord u="1.86726" v="-29.194"></texcoord>
          </vertex>
          <vertex>
            <position x="0.309826" y="1.06091" z="-1.73082"></position>
            <normal x="0.0" y="1.0" z="0.0"></normal>
            <texcoord u="6.24296" v="-31.502102"></texcoord>
          </vertex>
          <vertex>
            <position x="0.309167" y="1.06091" z="-1.73241"></position>
            <normal x="0.0" y="1.0" z="0.0"></normal>
            <texcoord u="6.21815" v="-31.562"></texcoord>
          </vertex>
          <vertex>
            <position x="0.2073" y="1.06091" z="-1.65476"></position>
            <normal x="0.0" y="1.0" z="0.0"></normal>
            <texcoord u="2.38351" v="-28.6389"></texcoord>
          </vertex>
          <vertex>
            <position x="0.245654" y="1.06091" z="-1.66025"></position>
            <normal x="0.0" y="1.0" z="0.0"></normal>
            <texcoord u="3.82729" v="-28.8455"></texcoord>
          </vertex>
          <vertex>
            <position x="0.144014" y="1.06091" z="-1.78847"></position>
            <normal x="0.0" y="1.0" z="0.0"></normal>
            <texcoord u="0.001221" v="-33.6721"></texcoord>
          </vertex>
          <vertex>
            <position x="0.219677" y="1.06091" z="-1.94854"></position>
            <normal x="0.0" y="1.0" z="0.0"></normal>
            <texcoord u="2.84943" v="-39.6979"></texcoord>
          </vertex>
          <vertex>
            <position x="0.219254" y="1.06091" z="-1.94955"></position>
            <normal x="0.0" y="1.0" z="0.0"></normal>
            <texcoord u="2.83349" v="-39.7357"></texcoord>
          </vertex>
          <vertex>
            <position x="0.23032" y="1.06091" z="-1.92281"></position>
            <normal x="0.0" y="1.0" z="0.0"></normal>
            <texcoord u="3.25005" v="-38.7291"></texcoord>
          </vertex>
          <vertex>
            <position x="0.144014" y="1.05882" z="-1.78847"></position>
            <normal x="-0.90601784" y="0.0029407851" z="-0.42322946"></normal>
            <texcoord u="-31.4144" v="0.98014"></texcoord>
          </vertex>
          <vertex>
            <position x="0.144014" y="1.06091" z="-1.78847"></position>
            <normal x="-0.90603364" y="0.0" z="-0.42320564"></normal>
            <texcoord u="-31.4144" v="0.90139997"></texcoord>
          </vertex>
          <vertex>
            <position x="0.219254" y="1.06091" z="-1.94955"></position>
            <normal x="-0.9060151" y="-0.0029374762" z="-0.42323515"></normal>
            <texcoord u="-38.1068" v="0.901407"></texcoord>
          </vertex>
          <vertex>
            <position x="0.219261" y="1.05983" z="-1.94955"></position>
            <normal x="-0.9060037" y="-0.003655477" z="-0.423254"></normal>
            <texcoord u="-38.1071" v="0.942117"></texcoord>
          </vertex>
          <vertex>
            <position x="0.219262" y="1.0592" z="-1.94955"></position>
            <normal x="-0.9059891" y="0.008819229" z="-0.4232091"></normal>
            <texcoord u="-38.1071" v="0.965701"></texcoord>
          </vertex>
          <vertex>
            <position x="0.219254" y="1.05882" z="-1.94955"></position>
            <normal x="-0.90586877" y="0.019073537" z="-0.42312866"></normal>
            <texcoord u="-38.1068" v="0.980147"></texcoord>
          </vertex>
          <vertex>
            <position x="0.219262" y="1.0592" z="-1.94955"></position>
            <normal x="0.9239482" y="-0.011659373" z="-0.3823397"></normal>
            <texcoord u="36.5569" v="0.585829"></texcoord>
          </vertex>
          <vertex>
            <position x="0.230327" y="1.0592" z="-1.92281"></position>
            <normal x="0.92398494" y="-0.0038806216" z="-0.38240907"></normal>
            <texcoord u="35.4675" v="0.585829"></texcoord>
          </vertex>
          <vertex>
            <position x="0.23032" y="1.05882" z="-1.92281"></position>
            <normal x="0.92383" y="-0.017809594" z="-0.38238835"></normal>
            <texcoord u="35.4675" v="0.600278"></texcoord>
          </vertex>
          <vertex>
            <position x="0.219254" y="1.05882" z="-1.94955"></position>
            <normal x="0.923828" y="-0.019451618" z="-0.38231325"></normal>
            <texcoord u="36.5569" v="0.600279"></texcoord>
          </vertex>
          <vertex>
            <position x="0.309826" y="1.05882" z="-1.73082"></position>
            <normal x="0.92503357" y="-0.0025944102" z="-0.3798766"></normal>
            <texcoord u="27.6407" v="0.986196"></texcoord>
          </vertex>
          <vertex>
            <position x="0.23032" y="1.05882" z="-1.92281"></position>
            <normal x="0.92383" y="-0.017809594" z="-0.38238835"></normal>
            <texcoord u="35.4629" v="0.986203"></texcoord>
          </vertex>
          <vertex>
            <position x="0.230327" y="1.0592" z="-1.92281"></position>
            <normal x="0.92398494" y="-0.0038806216" z="-0.38240907"></normal>
            <texcoord u="35.4629" v="0.971757"></texcoord>
          </vertex>
          <vertex>
            <position x="0.23032" y="1.06091" z="-1.92281"></position>
            <normal x="0.9239653" y="0.0025977222" z="-0.3824676"></normal>
            <texcoord u="35.4629" v="0.907463"></texcoord>
          </vertex>
          <vertex>
            <position x="0.309167" y="1.06091" z="-1.73241"></position>
            <normal x="0.9238566" y="1.20009456E-4" z="-0.38273868"></normal>
            <texcoord u="27.7056" v="0.907456"></texcoord>
          </vertex>
          <vertex>
            <position x="0.309826" y="1.06091" z="-1.73082"></position>
            <normal x="0.9267015" y="0.0" z="-0.37579852"></normal>
            <texcoord u="27.6407" v="0.907456"></texcoord>
          </vertex>
          <vertex>
            <position x="0.31006" y="1.06091" z="-1.73023"></position>
            <normal x="0.9295479" y="0.0" z="-0.36870125"></normal>
            <texcoord u="27.617" v="0.907456"></texcoord>
          </vertex>
          <vertex>
            <position x="0.31006" y="1.05882" z="-1.73023"></position>
            <normal x="0.9295479" y="0.0" z="-0.36870125"></normal>
            <texcoord u="27.617" v="0.986196"></texcoord>
          </vertex>
          <vertex>
            <position x="0.230327" y="1.0592" z="-1.92281"></position>
            <normal x="0.92398494" y="-0.0038806216" z="-0.38240907"></normal>
            <texcoord u="35.4696" v="1.019806"></texcoord>
          </vertex>
          <vertex>
            <position x="0.219262" y="1.0592" z="-1.94955"></position>
            <normal x="0.9239482" y="-0.011659373" z="-0.3823397"></normal>
            <texcoord u="36.5591" v="1.019806"></texcoord>
          </vertex>
          <vertex>
            <position x="0.219261" y="1.05983" z="-1.94955"></position>
            <normal x="0.92401505" y="0.0015706355" z="-0.38235313"></normal>
            <texcoord u="36.5591" v="0.996222"></texcoord>
          </vertex>
          <vertex>
            <position x="0.219677" y="1.06091" z="-1.94854"></position>
            <normal x="0.92403823" y="0.002726872" z="-0.38229045"></normal>
            <texcoord u="36.518" v="0.955512"></texcoord>
          </vertex>
          <vertex>
            <position x="0.23032" y="1.06091" z="-1.92281"></position>
            <normal x="0.9239653" y="0.0025977222" z="-0.3824676"></normal>
            <texcoord u="35.4696" v="0.955511"></texcoord>
          </vertex>
        </vertexbuffer>
      </geometry>
    </submesh>
  </submeshes>
</mesh>
