<mesh>
  <submeshes>
    <submesh material="Material.135" usesharedvertices="false">
      <faces count="288">
        <face v1="0" v2="1" v3="2"></face>
        <face v1="0" v2="2" v3="3"></face>
        <face v1="0" v2="3" v3="4"></face>
        <face v1="0" v2="4" v3="5"></face>
        <face v1="0" v2="5" v3="6"></face>
        <face v1="7" v2="8" v3="9"></face>
        <face v1="7" v2="9" v3="10"></face>
        <face v1="7" v2="10" v3="11"></face>
        <face v1="7" v2="11" v3="12"></face>
        <face v1="7" v2="12" v3="13"></face>
        <face v1="14" v2="15" v3="16"></face>
        <face v1="14" v2="16" v3="17"></face>
        <face v1="18" v2="19" v3="20"></face>
        <face v1="18" v2="20" v3="21"></face>
        <face v1="22" v2="23" v3="24"></face>
        <face v1="22" v2="24" v3="25"></face>
        <face v1="26" v2="27" v3="28"></face>
        <face v1="26" v2="28" v3="29"></face>
        <face v1="30" v2="31" v3="32"></face>
        <face v1="30" v2="32" v3="33"></face>
        <face v1="34" v2="35" v3="36"></face>
        <face v1="34" v2="36" v3="37"></face>
        <face v1="38" v2="39" v3="40"></face>
        <face v1="38" v2="40" v3="41"></face>
        <face v1="42" v2="43" v3="44"></face>
        <face v1="42" v2="44" v3="45"></face>
        <face v1="46" v2="47" v3="48"></face>
        <face v1="46" v2="48" v3="49"></face>
        <face v1="50" v2="51" v3="52"></face>
        <face v1="50" v2="52" v3="53"></face>
        <face v1="54" v2="55" v3="56"></face>
        <face v1="54" v2="56" v3="57"></face>
        <face v1="58" v2="59" v3="60"></face>
        <face v1="58" v2="60" v3="61"></face>
        <face v1="62" v2="63" v3="64"></face>
        <face v1="62" v2="64" v3="65"></face>
        <face v1="66" v2="67" v3="68"></face>
        <face v1="66" v2="68" v3="69"></face>
        <face v1="66" v2="69" v3="70"></face>
        <face v1="66" v2="70" v3="71"></face>
        <face v1="66" v2="71" v3="72"></face>
        <face v1="73" v2="74" v3="75"></face>
        <face v1="73" v2="75" v3="76"></face>
        <face v1="73" v2="76" v3="77"></face>
        <face v1="73" v2="77" v3="78"></face>
        <face v1="73" v2="78" v3="79"></face>
        <face v1="80" v2="81" v3="82"></face>
        <face v1="80" v2="82" v3="83"></face>
        <face v1="84" v2="85" v3="86"></face>
        <face v1="84" v2="86" v3="87"></face>
        <face v1="88" v2="89" v3="90"></face>
        <face v1="88" v2="90" v3="91"></face>
        <face v1="92" v2="93" v3="94"></face>
        <face v1="92" v2="94" v3="95"></face>
        <face v1="92" v2="95" v3="96"></face>
        <face v1="92" v2="96" v3="97"></face>
        <face v1="92" v2="97" v3="98"></face>
        <face v1="99" v2="100" v3="101"></face>
        <face v1="99" v2="101" v3="102"></face>
        <face v1="103" v2="104" v3="105"></face>
        <face v1="103" v2="105" v3="106"></face>
        <face v1="103" v2="106" v3="107"></face>
        <face v1="103" v2="107" v3="108"></face>
        <face v1="103" v2="108" v3="109"></face>
        <face v1="110" v2="111" v3="112"></face>
        <face v1="110" v2="112" v3="113"></face>
        <face v1="114" v2="115" v3="116"></face>
        <face v1="114" v2="116" v3="117"></face>
        <face v1="118" v2="119" v3="120"></face>
        <face v1="118" v2="120" v3="121"></face>
        <face v1="122" v2="123" v3="124"></face>
        <face v1="122" v2="124" v3="125"></face>
        <face v1="126" v2="127" v3="128"></face>
        <face v1="126" v2="128" v3="129"></face>
        <face v1="130" v2="131" v3="132"></face>
        <face v1="130" v2="132" v3="133"></face>
        <face v1="134" v2="135" v3="136"></face>
        <face v1="134" v2="136" v3="137"></face>
        <face v1="138" v2="139" v3="140"></face>
        <face v1="138" v2="140" v3="141"></face>
        <face v1="142" v2="143" v3="144"></face>
        <face v1="142" v2="144" v3="145"></face>
        <face v1="146" v2="147" v3="148"></face>
        <face v1="146" v2="148" v3="149"></face>
        <face v1="150" v2="151" v3="152"></face>
        <face v1="150" v2="152" v3="153"></face>
        <face v1="154" v2="155" v3="156"></face>
        <face v1="154" v2="156" v3="157"></face>
        <face v1="154" v2="157" v3="158"></face>
        <face v1="154" v2="158" v3="159"></face>
        <face v1="154" v2="159" v3="160"></face>
        <face v1="161" v2="162" v3="163"></face>
        <face v1="161" v2="163" v3="164"></face>
        <face v1="161" v2="164" v3="165"></face>
        <face v1="161" v2="165" v3="166"></face>
        <face v1="161" v2="166" v3="167"></face>
      </faces>
      <geometry vertexcount="168">
        <vertexbuffer positions="true" normals="true" texture_coords="1">
          <vertex>
            <position x="2.64368" y="2.0334" z="-1.16422"></position>
            <normal x="0.0" y="1.0" z="0.0"></normal>
            <texcoord u="94.0976" v="-10.1729"></texcoord>
          </vertex>
          <vertex>
            <position x="2.64556" y="2.0334" z="-1.16033"></position>
            <normal x="0.0" y="1.0" z="0.0"></normal>
            <texcoord u="94.168" v="-10.0268"></texcoord>
          </vertex>
          <vertex>
            <position x="2.64976" y="2.0334" z="-1.15938"></position>
            <normal x="0.0" y="1.0" z="0.0"></normal>
            <texcoord u="94.3261" v="-9.9907"></texcoord>
          </vertex>
          <vertex>
            <position x="2.65312" y="2.0334" z="-1.16206"></position>
            <normal x="0.0" y="1.0" z="0.0"></normal>
            <texcoord u="94.4529" v="-10.0918"></texcoord>
          </vertex>
          <vertex>
            <position x="2.65312" y="2.0334" z="-1.16637"></position>
            <normal x="0.0" y="1.0" z="0.0"></normal>
            <texcoord u="94.4529" v="-10.2539"></texcoord>
          </vertex>
          <vertex>
            <position x="2.64976" y="2.0334" z="-1.16905"></position>
            <normal x="0.0" y="1.0" z="0.0"></normal>
            <texcoord u="94.3261" v="-10.355"></texcoord>
          </vertex>
          <vertex>
            <position x="2.64556" y="2.0334" z="-1.1681"></position>
            <normal x="0.0" y="1.0" z="0.0"></normal>
            <texcoord u="94.168" v="-10.319"></texcoord>
          </vertex>
          <vertex>
            <position x="2.64556" y="2.02171" z="-1.16033"></position>
            <normal x="0.0" y="-1.0" z="0.0"></normal>
            <texcoord u="-94.168" v="-10.0268"></texcoord>
          </vertex>
          <vertex>
            <position x="2.64368" y="2.02171" z="-1.16422"></position>
            <normal x="0.0" y="-1.0" z="0.0"></normal>
            <texcoord u="-94.0976" v="-10.1729"></texcoord>
          </vertex>
          <vertex>
            <position x="2.64556" y="2.02171" z="-1.1681"></position>
            <normal x="0.0" y="-1.0" z="0.0"></normal>
            <texcoord u="-94.168" v="-10.319"></texcoord>
          </vertex>
          <vertex>
            <position x="2.64976" y="2.02171" z="-1.16905"></position>
            <normal x="0.0" y="-1.0" z="0.0"></normal>
            <texcoord u="-94.3261" v="-10.355"></texcoord>
          </vertex>
          <vertex>
            <position x="2.65312" y="2.02171" z="-1.16637"></position>
            <normal x="0.0" y="-1.0" z="0.0"></normal>
            <texcoord u="-94.4529" v="-10.2539"></texcoord>
          </vertex>
          <vertex>
            <position x="2.65312" y="2.02171" z="-1.16206"></position>
            <normal x="0.0" y="-1.0" z="0.0"></normal>
            <texcoord u="-94.4529" v="-10.0918"></texcoord>
          </vertex>
          <vertex>
            <position x="2.64976" y="2.02171" z="-1.15938"></position>
            <normal x="0.0" y="-1.0" z="0.0"></normal>
            <texcoord u="-94.3261" v="-9.9907"></texcoord>
          </vertex>
          <vertex>
            <position x="2.64556" y="2.02171" z="-1.1681"></position>
            <normal x="-0.89993185" y="0.0" z="-0.43603063"></normal>
            <texcoord u="-51.0563" v="-35.2597"></texcoord>
          </vertex>
          <vertex>
            <position x="2.64368" y="2.02171" z="-1.16422"></position>
            <normal x="-0.89993185" y="0.0" z="-0.43603063"></normal>
            <texcoord u="-50.8941" v="-35.2597"></texcoord>
          </vertex>
          <vertex>
            <position x="2.64368" y="2.0334" z="-1.16422"></position>
            <normal x="-0.89993185" y="0.0" z="-0.43603063"></normal>
            <texcoord u="-50.8941" v="-35.6999"></texcoord>
          </vertex>
          <vertex>
            <position x="2.64556" y="2.0334" z="-1.1681"></position>
            <normal x="-0.89993185" y="0.0" z="-0.43603063"></normal>
            <texcoord u="-51.0563" v="-35.6999"></texcoord>
          </vertex>
          <vertex>
            <position x="2.64368" y="2.02171" z="-1.16422"></position>
            <normal x="-0.90036684" y="0.0" z="0.4351318"></normal>
            <texcoord u="30.7619" v="-35.2597"></texcoord>
          </vertex>
          <vertex>
            <position x="2.64556" y="2.02171" z="-1.16033"></position>
            <normal x="-0.90036684" y="0.0" z="0.4351318"></normal>
            <texcoord u="30.9241" v="-35.2597"></texcoord>
          </vertex>
          <vertex>
            <position x="2.64556" y="2.0334" z="-1.16033"></position>
            <normal x="-0.90036684" y="0.0" z="0.4351318"></normal>
            <texcoord u="30.9241" v="-35.6999"></texcoord>
          </vertex>
          <vertex>
            <position x="2.64368" y="2.0334" z="-1.16422"></position>
            <normal x="-0.90036684" y="0.0" z="0.4351318"></normal>
            <texcoord u="30.7619" v="-35.6999"></texcoord>
          </vertex>
          <vertex>
            <position x="2.64556" y="2.02171" z="-1.16033"></position>
            <normal x="-0.22063981" y="0.0" z="0.9753553"></normal>
            <texcoord u="89.3529" v="-35.2597"></texcoord>
          </vertex>
          <vertex>
            <position x="2.64976" y="2.02171" z="-1.15938"></position>
            <normal x="-0.22063981" y="0.0" z="0.9753553"></normal>
            <texcoord u="89.5151" v="-35.2597"></texcoord>
          </vertex>
          <vertex>
            <position x="2.64976" y="2.0334" z="-1.15938"></position>
            <normal x="-0.22063981" y="0.0" z="0.9753553"></normal>
            <texcoord u="89.5151" v="-35.6999"></texcoord>
          </vertex>
          <vertex>
            <position x="2.64556" y="2.0334" z="-1.16033"></position>
            <normal x="-0.22063981" y="0.0" z="0.9753553"></normal>
            <texcoord u="89.3529" v="-35.6999"></texcoord>
          </vertex>
          <vertex>
            <position x="2.64976" y="2.02171" z="-1.15938"></position>
            <normal x="0.6235646" y="0.0" z="0.7817718"></normal>
            <texcoord u="80.5995" v="-35.2597"></texcoord>
          </vertex>
          <vertex>
            <position x="2.65312" y="2.02171" z="-1.16206"></position>
            <normal x="0.6235646" y="0.0" z="0.7817718"></normal>
            <texcoord u="80.7617" v="-35.2597"></texcoord>
          </vertex>
          <vertex>
            <position x="2.65312" y="2.0334" z="-1.16206"></position>
            <normal x="0.6235646" y="0.0" z="0.7817718"></normal>
            <texcoord u="80.7617" v="-35.6999"></texcoord>
          </vertex>
          <vertex>
            <position x="2.64976" y="2.0334" z="-1.15938"></position>
            <normal x="0.6235646" y="0.0" z="0.7817718"></normal>
            <texcoord u="80.5995" v="-35.6999"></texcoord>
          </vertex>
          <vertex>
            <position x="2.65312" y="2.02171" z="-1.16206"></position>
            <normal x="1.0" y="0.0" z="0.0"></normal>
            <texcoord u="11.0918" v="-35.2597"></texcoord>
          </vertex>
          <vertex>
            <position x="2.65312" y="2.02171" z="-1.16637"></position>
            <normal x="1.0" y="0.0" z="0.0"></normal>
            <texcoord u="11.2539" v="-35.2597"></texcoord>
          </vertex>
          <vertex>
            <position x="2.65312" y="2.0334" z="-1.16637"></position>
            <normal x="1.0" y="0.0" z="0.0"></normal>
            <texcoord u="11.2539" v="-35.6999"></texcoord>
          </vertex>
          <vertex>
            <position x="2.65312" y="2.0334" z="-1.16206"></position>
            <normal x="1.0" y="0.0" z="0.0"></normal>
            <texcoord u="11.0918" v="-35.6999"></texcoord>
          </vertex>
          <vertex>
            <position x="2.65312" y="2.02171" z="-1.16637"></position>
            <normal x="0.6235477" y="0.0" z="-0.7817853"></normal>
            <texcoord u="-66.8293" v="-35.2597"></texcoord>
          </vertex>
          <vertex>
            <position x="2.64976" y="2.02171" z="-1.16905"></position>
            <normal x="0.6235477" y="0.0" z="-0.7817853"></normal>
            <texcoord u="-66.6671" v="-35.2597"></texcoord>
          </vertex>
          <vertex>
            <position x="2.64976" y="2.0334" z="-1.16905"></position>
            <normal x="0.6235477" y="0.0" z="-0.7817853"></normal>
            <texcoord u="-66.6671" v="-35.6999"></texcoord>
          </vertex>
          <vertex>
            <position x="2.65312" y="2.0334" z="-1.16637"></position>
            <normal x="0.6235477" y="0.0" z="-0.7817853"></normal>
            <texcoord u="-66.8293" v="-35.6999"></texcoord>
          </vertex>
          <vertex>
            <position x="2.64976" y="2.02171" z="-1.16905"></position>
            <normal x="-0.22061346" y="0.0" z="-0.9753613"></normal>
            <texcoord u="-94.4879" v="-35.2597"></texcoord>
          </vertex>
          <vertex>
            <position x="2.64556" y="2.02171" z="-1.1681"></position>
            <normal x="-0.22061346" y="0.0" z="-0.9753613"></normal>
            <texcoord u="-94.3257" v="-35.2597"></texcoord>
          </vertex>
          <vertex>
            <position x="2.64556" y="2.0334" z="-1.1681"></position>
            <normal x="-0.22061346" y="0.0" z="-0.9753613"></normal>
            <texcoord u="-94.3257" v="-35.6999"></texcoord>
          </vertex>
          <vertex>
            <position x="2.64976" y="2.0334" z="-1.16905"></position>
            <normal x="-0.22061346" y="0.0" z="-0.9753613"></normal>
            <texcoord u="-94.4879" v="-35.6999"></texcoord>
          </vertex>
          <vertex>
            <position x="2.65043" y="2.01934" z="-1.17203"></position>
            <normal x="-0.22286108" y="0.0" z="-0.9748502"></normal>
            <texcoord u="-94.5378" v="-35.1708"></texcoord>
          </vertex>
          <vertex>
            <position x="2.64365" y="2.01934" z="-1.17048"></position>
            <normal x="-0.22286108" y="0.0" z="-0.9748502"></normal>
            <texcoord u="-94.2757" v="-35.1708"></texcoord>
          </vertex>
          <vertex>
            <position x="2.64365" y="2.02215" z="-1.17048"></position>
            <normal x="-0.22286108" y="0.0" z="-0.9748502"></normal>
            <texcoord u="-94.2757" v="-35.2765"></texcoord>
          </vertex>
          <vertex>
            <position x="2.65043" y="2.02215" z="-1.17203"></position>
            <normal x="-0.22286108" y="0.0" z="-0.9748502"></normal>
            <texcoord u="-94.5378" v="-35.2765"></texcoord>
          </vertex>
          <vertex>
            <position x="2.65588" y="2.01934" z="-1.1677"></position>
            <normal x="0.62205577" y="0.0" z="-0.78297293"></normal>
            <texcoord u="-66.8789" v="-35.1708"></texcoord>
          </vertex>
          <vertex>
            <position x="2.65043" y="2.01934" z="-1.17203"></position>
            <normal x="0.62205577" y="0.0" z="-0.78297293"></normal>
            <texcoord u="-66.6168" v="-35.1708"></texcoord>
          </vertex>
          <vertex>
            <position x="2.65043" y="2.02215" z="-1.17203"></position>
            <normal x="0.62205577" y="0.0" z="-0.78297293"></normal>
            <texcoord u="-66.6168" v="-35.2765"></texcoord>
          </vertex>
          <vertex>
            <position x="2.65588" y="2.02215" z="-1.1677"></position>
            <normal x="0.62205577" y="0.0" z="-0.78297293"></normal>
            <texcoord u="-66.8789" v="-35.2765"></texcoord>
          </vertex>
          <vertex>
            <position x="2.65588" y="2.01934" z="-1.16073"></position>
            <normal x="1.0" y="0.0" z="0.0"></normal>
            <texcoord u="11.0418" v="-35.1708"></texcoord>
          </vertex>
          <vertex>
            <position x="2.65588" y="2.01934" z="-1.1677"></position>
            <normal x="1.0" y="0.0" z="0.0"></normal>
            <texcoord u="11.3039" v="-35.1708"></texcoord>
          </vertex>
          <vertex>
            <position x="2.65588" y="2.02215" z="-1.1677"></position>
            <normal x="1.0" y="0.0" z="0.0"></normal>
            <texcoord u="11.3039" v="-35.2765"></texcoord>
          </vertex>
          <vertex>
            <position x="2.65588" y="2.02215" z="-1.16073"></position>
            <normal x="1.0" y="0.0" z="0.0"></normal>
            <texcoord u="11.0418" v="-35.2765"></texcoord>
          </vertex>
          <vertex>
            <position x="2.65043" y="2.01934" z="-1.15639"></position>
            <normal x="0.6229469" y="0.0" z="0.78226405"></normal>
            <texcoord u="80.5493" v="-35.1708"></texcoord>
          </vertex>
          <vertex>
            <position x="2.65588" y="2.01934" z="-1.16073"></position>
            <normal x="0.6229469" y="0.0" z="0.78226405"></normal>
            <texcoord u="80.8113" v="-35.1708"></texcoord>
          </vertex>
          <vertex>
            <position x="2.65588" y="2.02215" z="-1.16073"></position>
            <normal x="0.6229469" y="0.0" z="0.78226405"></normal>
            <texcoord u="80.8113" v="-35.2765"></texcoord>
          </vertex>
          <vertex>
            <position x="2.65043" y="2.02215" z="-1.15639"></position>
            <normal x="0.6229469" y="0.0" z="0.78226405"></normal>
            <texcoord u="80.5493" v="-35.2765"></texcoord>
          </vertex>
          <vertex>
            <position x="2.64365" y="2.01934" z="-1.15794"></position>
            <normal x="-0.22287738" y="0.0" z="0.9748465"></normal>
            <texcoord u="89.3033" v="-35.1708"></texcoord>
          </vertex>
          <vertex>
            <position x="2.65043" y="2.01934" z="-1.15639"></position>
            <normal x="-0.22287738" y="0.0" z="0.9748465"></normal>
            <texcoord u="89.5653" v="-35.1708"></texcoord>
          </vertex>
          <vertex>
            <position x="2.65043" y="2.02215" z="-1.15639"></position>
            <normal x="-0.22287738" y="0.0" z="0.9748465"></normal>
            <texcoord u="89.5653" v="-35.2765"></texcoord>
          </vertex>
          <vertex>
            <position x="2.64365" y="2.02215" z="-1.15794"></position>
            <normal x="-0.22287738" y="0.0" z="0.9748465"></normal>
            <texcoord u="89.3033" v="-35.2765"></texcoord>
          </vertex>
          <vertex>
            <position x="2.64063" y="2.01934" z="-1.16422"></position>
            <normal x="-0.9012052" y="0.0" z="0.43339282"></normal>
            <texcoord u="30.712" v="-35.1708"></texcoord>
          </vertex>
          <vertex>
            <position x="2.64365" y="2.01934" z="-1.15794"></position>
            <normal x="-0.9012052" y="0.0" z="0.43339282"></normal>
            <texcoord u="30.974" v="-35.1708"></texcoord>
          </vertex>
          <vertex>
            <position x="2.64365" y="2.02215" z="-1.15794"></position>
            <normal x="-0.9012052" y="0.0" z="0.43339282"></normal>
            <texcoord u="30.974" v="-35.2765"></texcoord>
          </vertex>
          <vertex>
            <position x="2.64063" y="2.02215" z="-1.16422"></position>
            <normal x="-0.9012052" y="0.0" z="0.43339282"></normal>
            <texcoord u="30.712" v="-35.2765"></texcoord>
          </vertex>
          <vertex>
            <position x="2.64063" y="2.02215" z="-1.16422"></position>
            <normal x="0.0" y="1.0" z="0.0"></normal>
            <texcoord u="93.9825" v="-10.1729"></texcoord>
          </vertex>
          <vertex>
            <position x="2.64365" y="2.02215" z="-1.15794"></position>
            <normal x="0.0" y="1.0" z="0.0"></normal>
            <texcoord u="94.0962" v="-9.9368"></texcoord>
          </vertex>
          <vertex>
            <position x="2.65043" y="2.02215" z="-1.15639"></position>
            <normal x="0.0" y="1.0" z="0.0"></normal>
            <texcoord u="94.3517" v="-9.8785"></texcoord>
          </vertex>
          <vertex>
            <position x="2.65588" y="2.02215" z="-1.16073"></position>
            <normal x="0.0" y="1.0" z="0.0"></normal>
            <texcoord u="94.5565" v="-10.0418"></texcoord>
          </vertex>
          <vertex>
            <position x="2.65588" y="2.02215" z="-1.1677"></position>
            <normal x="0.0" y="1.0" z="0.0"></normal>
            <texcoord u="94.5565" v="-10.3039"></texcoord>
          </vertex>
          <vertex>
            <position x="2.65043" y="2.02215" z="-1.17203"></position>
            <normal x="0.0" y="1.0" z="0.0"></normal>
            <texcoord u="94.3517" v="-10.4672"></texcoord>
          </vertex>
          <vertex>
            <position x="2.64365" y="2.02215" z="-1.17048"></position>
            <normal x="0.0" y="1.0" z="0.0"></normal>
            <texcoord u="94.0962" v="-10.4089"></texcoord>
          </vertex>
          <vertex>
            <position x="2.64365" y="2.01934" z="-1.15794"></position>
            <normal x="0.0" y="-1.0" z="0.0"></normal>
            <texcoord u="-94.0962" v="-9.9368"></texcoord>
          </vertex>
          <vertex>
            <position x="2.64063" y="2.01934" z="-1.16422"></position>
            <normal x="0.0" y="-1.0" z="0.0"></normal>
            <texcoord u="-93.9825" v="-10.1729"></texcoord>
          </vertex>
          <vertex>
            <position x="2.64365" y="2.01934" z="-1.17048"></position>
            <normal x="0.0" y="-1.0" z="0.0"></normal>
            <texcoord u="-94.0962" v="-10.4089"></texcoord>
          </vertex>
          <vertex>
            <position x="2.65043" y="2.01934" z="-1.17203"></position>
            <normal x="0.0" y="-1.0" z="0.0"></normal>
            <texcoord u="-94.3517" v="-10.4672"></texcoord>
          </vertex>
          <vertex>
            <position x="2.65588" y="2.01934" z="-1.1677"></position>
            <normal x="0.0" y="-1.0" z="0.0"></normal>
            <texcoord u="-94.5565" v="-10.3039"></texcoord>
          </vertex>
          <vertex>
            <position x="2.65588" y="2.01934" z="-1.16073"></position>
            <normal x="0.0" y="-1.0" z="0.0"></normal>
            <texcoord u="-94.5565" v="-10.0418"></texcoord>
          </vertex>
          <vertex>
            <position x="2.65043" y="2.01934" z="-1.15639"></position>
            <normal x="0.0" y="-1.0" z="0.0"></normal>
            <texcoord u="-94.3517" v="-9.8785"></texcoord>
          </vertex>
          <vertex>
            <position x="2.64365" y="2.01934" z="-1.17048"></position>
            <normal x="-0.9006665" y="0.0" z="-0.43451115"></normal>
            <texcoord u="-51.1067" v="-35.1708"></texcoord>
          </vertex>
          <vertex>
            <position x="2.64063" y="2.01934" z="-1.16422"></position>
            <normal x="-0.9006665" y="0.0" z="-0.43451115"></normal>
            <texcoord u="-50.8447" v="-35.1708"></texcoord>
          </vertex>
          <vertex>
            <position x="2.64063" y="2.02215" z="-1.16422"></position>
            <normal x="-0.9006665" y="0.0" z="-0.43451115"></normal>
            <texcoord u="-50.8447" v="-35.2765"></texcoord>
          </vertex>
          <vertex>
            <position x="2.64365" y="2.02215" z="-1.17048"></position>
            <normal x="-0.9006665" y="0.0" z="-0.43451115"></normal>
            <texcoord u="-51.1067" v="-35.2765"></texcoord>
          </vertex>
          <vertex>
            <position x="1.63311" y="2.02171" z="-1.1681"></position>
            <normal x="-0.9008313" y="0.0" z="-0.43416926"></normal>
            <texcoord u="-34.5197" v="-35.2597"></texcoord>
          </vertex>
          <vertex>
            <position x="1.63124" y="2.02171" z="-1.16422"></position>
            <normal x="-0.9008313" y="0.0" z="-0.43416926"></normal>
            <texcoord u="-34.3576" v="-35.2597"></texcoord>
          </vertex>
          <vertex>
            <position x="1.63124" y="2.0334" z="-1.16422"></position>
            <normal x="-0.9008313" y="0.0" z="-0.43416926"></normal>
            <texcoord u="-34.3576" v="-35.6999"></texcoord>
          </vertex>
          <vertex>
            <position x="1.63311" y="2.0334" z="-1.1681"></position>
            <normal x="-0.9008313" y="0.0" z="-0.43416926"></normal>
            <texcoord u="-34.5197" v="-35.6999"></texcoord>
          </vertex>
          <vertex>
            <position x="1.63731" y="2.02171" z="-1.16905"></position>
            <normal x="-0.22061346" y="0.0" z="-0.9753613"></normal>
            <texcoord u="-57.3315" v="-35.2597"></texcoord>
          </vertex>
          <vertex>
            <position x="1.63311" y="2.02171" z="-1.1681"></position>
            <normal x="-0.22061346" y="0.0" z="-0.9753613"></normal>
            <texcoord u="-57.1694" v="-35.2597"></texcoord>
          </vertex>
          <vertex>
            <position x="1.63311" y="2.0334" z="-1.1681"></position>
            <normal x="-0.22061346" y="0.0" z="-0.9753613"></normal>
            <texcoord u="-57.1694" v="-35.6999"></texcoord>
          </vertex>
          <vertex>
            <position x="1.63731" y="2.0334" z="-1.16905"></position>
            <normal x="-0.22061346" y="0.0" z="-0.9753613"></normal>
            <texcoord u="-57.3315" v="-35.6999"></texcoord>
          </vertex>
          <vertex>
            <position x="1.63311" y="2.02171" z="-1.16033"></position>
            <normal x="0.0" y="-1.0" z="0.0"></normal>
            <texcoord u="-56.0561" v="-10.0268"></texcoord>
          </vertex>
          <vertex>
            <position x="1.63124" y="2.02171" z="-1.16422"></position>
            <normal x="0.0" y="-1.0" z="0.0"></normal>
            <texcoord u="-55.9858" v="-10.1729"></texcoord>
          </vertex>
          <vertex>
            <position x="1.63311" y="2.02171" z="-1.1681"></position>
            <normal x="0.0" y="-1.0" z="0.0"></normal>
            <texcoord u="-56.0561" v="-10.319"></texcoord>
          </vertex>
          <vertex>
            <position x="1.63731" y="2.02171" z="-1.16905"></position>
            <normal x="0.0" y="-1.0" z="0.0"></normal>
            <texcoord u="-56.2142" v="-10.355"></texcoord>
          </vertex>
          <vertex>
            <position x="1.64068" y="2.02171" z="-1.16637"></position>
            <normal x="0.0" y="-1.0" z="0.0"></normal>
            <texcoord u="-56.341" v="-10.2539"></texcoord>
          </vertex>
          <vertex>
            <position x="1.64068" y="2.02171" z="-1.16206"></position>
            <normal x="0.0" y="-1.0" z="0.0"></normal>
            <texcoord u="-56.341" v="-10.0918"></texcoord>
          </vertex>
          <vertex>
            <position x="1.63731" y="2.02171" z="-1.15938"></position>
            <normal x="0.0" y="-1.0" z="0.0"></normal>
            <texcoord u="-56.2142" v="-9.9907"></texcoord>
          </vertex>
          <vertex>
            <position x="1.63124" y="2.02171" z="-1.16422"></position>
            <normal x="-0.901263" y="0.0" z="0.43327245"></normal>
            <texcoord u="14.2251" v="-35.2597"></texcoord>
          </vertex>
          <vertex>
            <position x="1.63311" y="2.02171" z="-1.16033"></position>
            <normal x="-0.901263" y="0.0" z="0.43327245"></normal>
            <texcoord u="14.3873" v="-35.2597"></texcoord>
          </vertex>
          <vertex>
            <position x="1.63311" y="2.0334" z="-1.16033"></position>
            <normal x="-0.901263" y="0.0" z="0.43327245"></normal>
            <texcoord u="14.3873" v="-35.6999"></texcoord>
          </vertex>
          <vertex>
            <position x="1.63124" y="2.0334" z="-1.16422"></position>
            <normal x="-0.901263" y="0.0" z="0.43327245"></normal>
            <texcoord u="14.2251" v="-35.6999"></texcoord>
          </vertex>
          <vertex>
            <position x="1.63124" y="2.0334" z="-1.16422"></position>
            <normal x="0.0" y="1.0" z="0.0"></normal>
            <texcoord u="55.9858" v="-10.1729"></texcoord>
          </vertex>
          <vertex>
            <position x="1.63311" y="2.0334" z="-1.16033"></position>
            <normal x="0.0" y="1.0" z="0.0"></normal>
            <texcoord u="56.0561" v="-10.0268"></texcoord>
          </vertex>
          <vertex>
            <position x="1.63731" y="2.0334" z="-1.15938"></position>
            <normal x="0.0" y="1.0" z="0.0"></normal>
            <texcoord u="56.2142" v="-9.9907"></texcoord>
          </vertex>
          <vertex>
            <position x="1.64068" y="2.0334" z="-1.16206"></position>
            <normal x="0.0" y="1.0" z="0.0"></normal>
            <texcoord u="56.341" v="-10.0918"></texcoord>
          </vertex>
          <vertex>
            <position x="1.64068" y="2.0334" z="-1.16637"></position>
            <normal x="0.0" y="1.0" z="0.0"></normal>
            <texcoord u="56.341" v="-10.2539"></texcoord>
          </vertex>
          <vertex>
            <position x="1.63731" y="2.0334" z="-1.16905"></position>
            <normal x="0.0" y="1.0" z="0.0"></normal>
            <texcoord u="56.2142" v="-10.355"></texcoord>
          </vertex>
          <vertex>
            <position x="1.63311" y="2.0334" z="-1.1681"></position>
            <normal x="0.0" y="1.0" z="0.0"></normal>
            <texcoord u="56.0561" v="-10.319"></texcoord>
          </vertex>
          <vertex>
            <position x="1.64068" y="2.02171" z="-1.16637"></position>
            <normal x="0.6224268" y="0.0" z="-0.782678"></normal>
            <texcoord u="-37.0323" v="-35.2597"></texcoord>
          </vertex>
          <vertex>
            <position x="1.63731" y="2.02171" z="-1.16905"></position>
            <normal x="0.6224268" y="0.0" z="-0.782678"></normal>
            <texcoord u="-36.8701" v="-35.2597"></texcoord>
          </vertex>
          <vertex>
            <position x="1.63731" y="2.0334" z="-1.16905"></position>
            <normal x="0.6224268" y="0.0" z="-0.782678"></normal>
            <texcoord u="-36.8701" v="-35.6999"></texcoord>
          </vertex>
          <vertex>
            <position x="1.64068" y="2.0334" z="-1.16637"></position>
            <normal x="0.6224268" y="0.0" z="-0.782678"></normal>
            <texcoord u="-37.0323" v="-35.6999"></texcoord>
          </vertex>
          <vertex>
            <position x="1.64068" y="2.02171" z="-1.16206"></position>
            <normal x="1.0" y="0.0" z="0.0"></normal>
            <texcoord u="11.0918" v="-35.2597"></texcoord>
          </vertex>
          <vertex>
            <position x="1.64068" y="2.02171" z="-1.16637"></position>
            <normal x="1.0" y="0.0" z="0.0"></normal>
            <texcoord u="11.2539" v="-35.2597"></texcoord>
          </vertex>
          <vertex>
            <position x="1.64068" y="2.0334" z="-1.16637"></position>
            <normal x="1.0" y="0.0" z="0.0"></normal>
            <texcoord u="11.2539" v="-35.6999"></texcoord>
          </vertex>
          <vertex>
            <position x="1.64068" y="2.0334" z="-1.16206"></position>
            <normal x="1.0" y="0.0" z="0.0"></normal>
            <texcoord u="11.0918" v="-35.6999"></texcoord>
          </vertex>
          <vertex>
            <position x="1.63731" y="2.02171" z="-1.15938"></position>
            <normal x="0.6224438" y="0.0" z="0.78266454"></normal>
            <texcoord u="50.8025" v="-35.2597"></texcoord>
          </vertex>
          <vertex>
            <position x="1.64068" y="2.02171" z="-1.16206"></position>
            <normal x="0.6224438" y="0.0" z="0.78266454"></normal>
            <texcoord u="50.9647" v="-35.2597"></texcoord>
          </vertex>
          <vertex>
            <position x="1.64068" y="2.0334" z="-1.16206"></position>
            <normal x="0.6224438" y="0.0" z="0.78266454"></normal>
            <texcoord u="50.9647" v="-35.6999"></texcoord>
          </vertex>
          <vertex>
            <position x="1.63731" y="2.0334" z="-1.15938"></position>
            <normal x="0.6224438" y="0.0" z="0.78266454"></normal>
            <texcoord u="50.8025" v="-35.6999"></texcoord>
          </vertex>
          <vertex>
            <position x="1.63311" y="2.02171" z="-1.16033"></position>
            <normal x="-0.22063981" y="0.0" z="0.9753553"></normal>
            <texcoord u="52.1967" v="-35.2597"></texcoord>
          </vertex>
          <vertex>
            <position x="1.63731" y="2.02171" z="-1.15938"></position>
            <normal x="-0.22063981" y="0.0" z="0.9753553"></normal>
            <texcoord u="52.3589" v="-35.2597"></texcoord>
          </vertex>
          <vertex>
            <position x="1.63731" y="2.0334" z="-1.15938"></position>
            <normal x="-0.22063981" y="0.0" z="0.9753553"></normal>
            <texcoord u="52.3589" v="-35.6999"></texcoord>
          </vertex>
          <vertex>
            <position x="1.63311" y="2.0334" z="-1.16033"></position>
            <normal x="-0.22063981" y="0.0" z="0.9753553"></normal>
            <texcoord u="52.1967" v="-35.6999"></texcoord>
          </vertex>
          <vertex>
            <position x="1.63121" y="2.01934" z="-1.17048"></position>
            <normal x="-0.9006732" y="0.0" z="-0.4344973"></normal>
            <texcoord u="-34.5697" v="-35.1708"></texcoord>
          </vertex>
          <vertex>
            <position x="1.62819" y="2.01934" z="-1.16422"></position>
            <normal x="-0.9006732" y="0.0" z="-0.4344973"></normal>
            <texcoord u="-34.3077" v="-35.1708"></texcoord>
          </vertex>
          <vertex>
            <position x="1.62819" y="2.02215" z="-1.16422"></position>
            <normal x="-0.9006732" y="0.0" z="-0.4344973"></normal>
            <texcoord u="-34.3077" v="-35.2765"></texcoord>
          </vertex>
          <vertex>
            <position x="1.63121" y="2.02215" z="-1.17048"></position>
            <normal x="-0.9006732" y="0.0" z="-0.4344973"></normal>
            <texcoord u="-34.5697" v="-35.2765"></texcoord>
          </vertex>
          <vertex>
            <position x="1.63799" y="2.01934" z="-1.17203"></position>
            <normal x="-0.22285739" y="0.0" z="-0.97485113"></normal>
            <texcoord u="-57.3815" v="-35.1708"></texcoord>
          </vertex>
          <vertex>
            <position x="1.63121" y="2.01934" z="-1.17048"></position>
            <normal x="-0.22285739" y="0.0" z="-0.97485113"></normal>
            <texcoord u="-57.1194" v="-35.1708"></texcoord>
          </vertex>
          <vertex>
            <position x="1.63121" y="2.02215" z="-1.17048"></position>
            <normal x="-0.22285739" y="0.0" z="-0.97485113"></normal>
            <texcoord u="-57.1194" v="-35.2765"></texcoord>
          </vertex>
          <vertex>
            <position x="1.63799" y="2.02215" z="-1.17203"></position>
            <normal x="-0.22285739" y="0.0" z="-0.97485113"></normal>
            <texcoord u="-57.3815" v="-35.2765"></texcoord>
          </vertex>
          <vertex>
            <position x="1.64344" y="2.01934" z="-1.1677"></position>
            <normal x="0.62205577" y="0.0" z="-0.78297293"></normal>
            <texcoord u="-37.0821" v="-35.1708"></texcoord>
          </vertex>
          <vertex>
            <position x="1.63799" y="2.01934" z="-1.17203"></position>
            <normal x="0.62205577" y="0.0" z="-0.78297293"></normal>
            <texcoord u="-36.8201" v="-35.1708"></texcoord>
          </vertex>
          <vertex>
            <position x="1.63799" y="2.02215" z="-1.17203"></position>
            <normal x="0.62205577" y="0.0" z="-0.78297293"></normal>
            <texcoord u="-36.8201" v="-35.2765"></texcoord>
          </vertex>
          <vertex>
            <position x="1.64344" y="2.02215" z="-1.1677"></position>
            <normal x="0.62205577" y="0.0" z="-0.78297293"></normal>
            <texcoord u="-37.0821" v="-35.2765"></texcoord>
          </vertex>
          <vertex>
            <position x="1.64344" y="2.01934" z="-1.16073"></position>
            <normal x="1.0" y="0.0" z="0.0"></normal>
            <texcoord u="11.0418" v="-35.1708"></texcoord>
          </vertex>
          <vertex>
            <position x="1.64344" y="2.01934" z="-1.1677"></position>
            <normal x="1.0" y="0.0" z="0.0"></normal>
            <texcoord u="11.3039" v="-35.1708"></texcoord>
          </vertex>
          <vertex>
            <position x="1.64344" y="2.02215" z="-1.1677"></position>
            <normal x="1.0" y="0.0" z="0.0"></normal>
            <texcoord u="11.3039" v="-35.2765"></texcoord>
          </vertex>
          <vertex>
            <position x="1.64344" y="2.02215" z="-1.16073"></position>
            <normal x="1.0" y="0.0" z="0.0"></normal>
            <texcoord u="11.0418" v="-35.2765"></texcoord>
          </vertex>
          <vertex>
            <position x="1.63799" y="2.01934" z="-1.15639"></position>
            <normal x="0.6229469" y="0.0" z="0.78226405"></normal>
            <texcoord u="50.7526" v="-35.1708"></texcoord>
          </vertex>
          <vertex>
            <position x="1.64344" y="2.01934" z="-1.16073"></position>
            <normal x="0.6229469" y="0.0" z="0.78226405"></normal>
            <texcoord u="51.0146" v="-35.1708"></texcoord>
          </vertex>
          <vertex>
            <position x="1.64344" y="2.02215" z="-1.16073"></position>
            <normal x="0.6229469" y="0.0" z="0.78226405"></normal>
            <texcoord u="51.0146" v="-35.2765"></texcoord>
          </vertex>
          <vertex>
            <position x="1.63799" y="2.02215" z="-1.15639"></position>
            <normal x="0.6229469" y="0.0" z="0.78226405"></normal>
            <texcoord u="50.7526" v="-35.2765"></texcoord>
          </vertex>
          <vertex>
            <position x="1.63121" y="2.01934" z="-1.15794"></position>
            <normal x="-0.22287366" y="0.0" z="0.9748473"></normal>
            <texcoord u="52.147" v="-35.1708"></texcoord>
          </vertex>
          <vertex>
            <position x="1.63799" y="2.01934" z="-1.15639"></position>
            <normal x="-0.22287366" y="0.0" z="0.9748473"></normal>
            <texcoord u="52.409" v="-35.1708"></texcoord>
          </vertex>
          <vertex>
            <position x="1.63799" y="2.02215" z="-1.15639"></position>
            <normal x="-0.22287366" y="0.0" z="0.9748473"></normal>
            <texcoord u="52.409" v="-35.2765"></texcoord>
          </vertex>
          <vertex>
            <position x="1.63121" y="2.02215" z="-1.15794"></position>
            <normal x="-0.22287366" y="0.0" z="0.9748473"></normal>
            <texcoord u="52.147" v="-35.2765"></texcoord>
          </vertex>
          <vertex>
            <position x="1.62819" y="2.01934" z="-1.16422"></position>
            <normal x="-0.90121186" y="0.0" z="0.43337893"></normal>
            <texcoord u="14.1749" v="-35.1708"></texcoord>
          </vertex>
          <vertex>
            <position x="1.63121" y="2.01934" z="-1.15794"></position>
            <normal x="-0.90121186" y="0.0" z="0.43337893"></normal>
            <texcoord u="14.4369" v="-35.1708"></texcoord>
          </vertex>
          <vertex>
            <position x="1.63121" y="2.02215" z="-1.15794"></position>
            <normal x="-0.90121186" y="0.0" z="0.43337893"></normal>
            <texcoord u="14.4369" v="-35.2765"></texcoord>
          </vertex>
          <vertex>
            <position x="1.62819" y="2.02215" z="-1.16422"></position>
            <normal x="-0.90121186" y="0.0" z="0.43337893"></normal>
            <texcoord u="14.1749" v="-35.2765"></texcoord>
          </vertex>
          <vertex>
            <position x="1.62819" y="2.02215" z="-1.16422"></position>
            <normal x="0.0" y="1.0" z="0.0"></normal>
            <texcoord u="55.8707" v="-10.1729"></texcoord>
          </vertex>
          <vertex>
            <position x="1.63121" y="2.02215" z="-1.15794"></position>
            <normal x="0.0" y="1.0" z="0.0"></normal>
            <texcoord u="55.9844" v="-9.9368"></texcoord>
          </vertex>
          <vertex>
            <position x="1.63799" y="2.02215" z="-1.15639"></position>
            <normal x="0.0" y="1.0" z="0.0"></normal>
            <texcoord u="56.2398" v="-9.8785"></texcoord>
          </vertex>
          <vertex>
            <position x="1.64344" y="2.02215" z="-1.16073"></position>
            <normal x="0.0" y="1.0" z="0.0"></normal>
            <texcoord u="56.4447" v="-10.0418"></texcoord>
          </vertex>
          <vertex>
            <position x="1.64344" y="2.02215" z="-1.1677"></position>
            <normal x="0.0" y="1.0" z="0.0"></normal>
            <texcoord u="56.4447" v="-10.3039"></texcoord>
          </vertex>
          <vertex>
            <position x="1.63799" y="2.02215" z="-1.17203"></position>
            <normal x="0.0" y="1.0" z="0.0"></normal>
            <texcoord u="56.2398" v="-10.4672"></texcoord>
          </vertex>
          <vertex>
            <position x="1.63121" y="2.02215" z="-1.17048"></position>
            <normal x="0.0" y="1.0" z="0.0"></normal>
            <texcoord u="55.9844" v="-10.4089"></texcoord>
          </vertex>
          <vertex>
            <position x="1.63121" y="2.01934" z="-1.15794"></position>
            <normal x="0.0" y="-1.0" z="0.0"></normal>
            <texcoord u="-55.9844" v="-9.9368"></texcoord>
          </vertex>
          <vertex>
            <position x="1.62819" y="2.01934" z="-1.16422"></position>
            <normal x="0.0" y="-1.0" z="0.0"></normal>
            <texcoord u="-55.8707" v="-10.1729"></texcoord>
          </vertex>
          <vertex>
            <position x="1.63121" y="2.01934" z="-1.17048"></position>
            <normal x="0.0" y="-1.0" z="0.0"></normal>
            <texcoord u="-55.9844" v="-10.4089"></texcoord>
          </vertex>
          <vertex>
            <position x="1.63799" y="2.01934" z="-1.17203"></position>
            <normal x="0.0" y="-1.0" z="0.0"></normal>
            <texcoord u="-56.2398" v="-10.4672"></texcoord>
          </vertex>
          <vertex>
            <position x="1.64344" y="2.01934" z="-1.1677"></position>
            <normal x="0.0" y="-1.0" z="0.0"></normal>
            <texcoord u="-56.4447" v="-10.3039"></texcoord>
          </vertex>
          <vertex>
            <position x="1.64344" y="2.01934" z="-1.16073"></position>
            <normal x="0.0" y="-1.0" z="0.0"></normal>
            <texcoord u="-56.4447" v="-10.0418"></texcoord>
          </vertex>
          <vertex>
            <position x="1.63799" y="2.01934" z="-1.15639"></position>
            <normal x="0.0" y="-1.0" z="0.0"></normal>
            <texcoord u="-56.2398" v="-9.8785"></texcoord>
          </vertex>
        </vertexbuffer>
      </geometry>
    </submesh>
  </submeshes>
</mesh>
