<mesh>
  <submeshes>
    <submesh material="Material.74" usesharedvertices="false">
      <faces count="336">
        <face v1="0" v2="1" v3="2"></face>
        <face v1="2" v2="1" v3="3"></face>
        <face v1="4" v2="5" v3="1"></face>
        <face v1="1" v2="5" v3="3"></face>
        <face v1="5" v2="6" v3="3"></face>
        <face v1="7" v2="8" v3="9"></face>
        <face v1="10" v2="9" v3="8"></face>
        <face v1="11" v2="12" v3="13"></face>
        <face v1="14" v2="13" v3="12"></face>
        <face v1="15" v2="16" v3="17"></face>
        <face v1="18" v2="17" v3="16"></face>
        <face v1="19" v2="20" v3="21"></face>
        <face v1="22" v2="21" v3="20"></face>
        <face v1="23" v2="24" v3="25"></face>
        <face v1="26" v2="25" v3="24"></face>
        <face v1="27" v2="28" v3="29"></face>
        <face v1="30" v2="29" v3="28"></face>
        <face v1="31" v2="32" v3="33"></face>
        <face v1="34" v2="33" v3="32"></face>
        <face v1="35" v2="36" v3="37"></face>
        <face v1="38" v2="37" v3="36"></face>
        <face v1="39" v2="40" v3="41"></face>
        <face v1="42" v2="43" v3="40"></face>
        <face v1="40" v2="43" v3="41"></face>
        <face v1="44" v2="45" v3="43"></face>
        <face v1="43" v2="45" v3="41"></face>
        <face v1="45" v2="46" v3="41"></face>
        <face v1="47" v2="48" v3="49"></face>
        <face v1="50" v2="51" v3="48"></face>
        <face v1="48" v2="51" v3="49"></face>
        <face v1="52" v2="53" v3="51"></face>
        <face v1="51" v2="53" v3="49"></face>
        <face v1="53" v2="54" v3="49"></face>
        <face v1="55" v2="56" v3="57"></face>
        <face v1="58" v2="57" v3="56"></face>
        <face v1="59" v2="60" v3="61"></face>
        <face v1="62" v2="61" v3="60"></face>
        <face v1="63" v2="64" v3="65"></face>
        <face v1="66" v2="65" v3="64"></face>
        <face v1="67" v2="68" v3="69"></face>
        <face v1="70" v2="69" v3="68"></face>
        <face v1="71" v2="72" v3="73"></face>
        <face v1="74" v2="73" v3="72"></face>
        <face v1="75" v2="76" v3="77"></face>
        <face v1="78" v2="77" v3="76"></face>
        <face v1="79" v2="80" v3="81"></face>
        <face v1="82" v2="81" v3="80"></face>
        <face v1="83" v2="84" v3="85"></face>
        <face v1="86" v2="85" v3="84"></face>
        <face v1="87" v2="88" v3="89"></face>
        <face v1="90" v2="91" v3="92"></face>
        <face v1="93" v2="94" v3="95"></face>
        <face v1="96" v2="97" v3="98"></face>
        <face v1="99" v2="100" v3="101"></face>
        <face v1="102" v2="103" v3="104"></face>
        <face v1="105" v2="106" v3="107"></face>
        <face v1="108" v2="109" v3="110"></face>
        <face v1="111" v2="112" v3="113"></face>
        <face v1="114" v2="115" v3="116"></face>
        <face v1="112" v2="117" v3="113"></face>
        <face v1="118" v2="119" v3="120"></face>
        <face v1="121" v2="122" v3="123"></face>
        <face v1="124" v2="125" v3="126"></face>
        <face v1="127" v2="128" v3="129"></face>
        <face v1="130" v2="131" v3="132"></face>
        <face v1="133" v2="134" v3="135"></face>
        <face v1="136" v2="137" v3="138"></face>
        <face v1="139" v2="140" v3="141"></face>
        <face v1="142" v2="141" v3="140"></face>
        <face v1="143" v2="144" v3="145"></face>
        <face v1="146" v2="147" v3="148"></face>
        <face v1="149" v2="150" v3="151"></face>
        <face v1="152" v2="153" v3="154"></face>
        <face v1="155" v2="156" v3="157"></face>
        <face v1="158" v2="159" v3="160"></face>
        <face v1="161" v2="162" v3="163"></face>
        <face v1="164" v2="165" v3="166"></face>
        <face v1="167" v2="168" v3="169"></face>
        <face v1="170" v2="171" v3="168"></face>
        <face v1="168" v2="171" v3="169"></face>
        <face v1="172" v2="173" v3="171"></face>
        <face v1="171" v2="173" v3="169"></face>
        <face v1="173" v2="174" v3="169"></face>
        <face v1="175" v2="176" v3="177"></face>
        <face v1="178" v2="179" v3="176"></face>
        <face v1="176" v2="179" v3="177"></face>
        <face v1="180" v2="181" v3="179"></face>
        <face v1="179" v2="181" v3="177"></face>
        <face v1="181" v2="182" v3="177"></face>
        <face v1="183" v2="184" v3="185"></face>
        <face v1="186" v2="185" v3="184"></face>
        <face v1="187" v2="188" v3="189"></face>
        <face v1="190" v2="189" v3="188"></face>
        <face v1="191" v2="192" v3="193"></face>
        <face v1="194" v2="193" v3="192"></face>
        <face v1="195" v2="196" v3="197"></face>
        <face v1="198" v2="197" v3="196"></face>
        <face v1="199" v2="200" v3="201"></face>
        <face v1="202" v2="201" v3="200"></face>
        <face v1="203" v2="204" v3="205"></face>
        <face v1="206" v2="205" v3="204"></face>
        <face v1="207" v2="208" v3="209"></face>
        <face v1="210" v2="209" v3="208"></face>
        <face v1="211" v2="212" v3="213"></face>
        <face v1="214" v2="213" v3="212"></face>
        <face v1="215" v2="216" v3="217"></face>
        <face v1="218" v2="219" v3="216"></face>
        <face v1="216" v2="219" v3="217"></face>
        <face v1="220" v2="221" v3="219"></face>
        <face v1="219" v2="221" v3="217"></face>
        <face v1="221" v2="222" v3="217"></face>
        <face v1="223" v2="2" v3="3"></face>
      </faces>
      <geometry vertexcount="224">
        <vertexbuffer positions="true" normals="true" texture_coords="1">
          <vertex>
            <position x="1.86362" y="0.697877" z="-1.64636"></position>
            <normal x="0.0" y="1.0" z="0.0"></normal>
            <texcoord u="3.63373" v="-3.6866999"></texcoord>
          </vertex>
          <vertex>
            <position x="1.86882" y="0.697877" z="-1.64193"></position>
            <normal x="0.0" y="1.0" z="0.0"></normal>
            <texcoord u="3.81667" v="-3.5060701"></texcoord>
          </vertex>
          <vertex>
            <position x="1.86186" y="0.697877" z="-1.66836"></position>
            <normal x="0.0" y="1.0" z="0.0"></normal>
            <texcoord u="3.62846" v="-4.51742"></texcoord>
          </vertex>
          <vertex>
            <position x="1.88829" y="0.697877" z="-1.67531"></position>
            <normal x="0.0" y="1.0" z="0.0"></normal>
            <texcoord u="4.63981" v="-4.70563"></texcoord>
          </vertex>
          <vertex>
            <position x="1.89082" y="0.697877" z="-1.64368"></position>
            <normal x="0.0" y="1.0" z="0.0"></normal>
            <texcoord u="4.6474" v="-3.5113401"></texcoord>
          </vertex>
          <vertex>
            <position x="1.89525" y="0.697877" z="-1.64888"></position>
            <normal x="0.0" y="1.0" z="0.0"></normal>
            <texcoord u="4.82802" v="-3.6942801"></texcoord>
          </vertex>
          <vertex>
            <position x="1.89349" y="0.697877" z="-1.67088"></position>
            <normal x="0.0" y="1.0" z="0.0"></normal>
            <texcoord u="4.82275" v="-4.52501"></texcoord>
          </vertex>
          <vertex>
            <position x="1.86882" y="0.697877" z="-1.64193"></position>
            <normal x="0.079294376" y="0.0" z="0.99685127"></normal>
            <texcoord u="3.84522" v="0.250871"></texcoord>
          </vertex>
          <vertex>
            <position x="1.86882" y="0.686971" z="-1.64193"></position>
            <normal x="0.079294376" y="0.0" z="0.99685127"></normal>
            <texcoord u="3.84522" v="0.661411"></texcoord>
          </vertex>
          <vertex>
            <position x="1.89082" y="0.697877" z="-1.64368"></position>
            <normal x="0.079294376" y="0.0" z="0.99685127"></normal>
            <texcoord u="4.67596" v="0.250871"></texcoord>
          </vertex>
          <vertex>
            <position x="1.89082" y="0.686971" z="-1.64368"></position>
            <normal x="0.079294376" y="0.0" z="0.99685127"></normal>
            <texcoord u="4.67596" v="0.66141"></texcoord>
          </vertex>
          <vertex>
            <position x="1.89525" y="0.697877" z="-1.64888"></position>
            <normal x="0.99681526" y="0.0" z="-0.07974565"></normal>
            <texcoord u="4.66352" v="0.250897"></texcoord>
          </vertex>
          <vertex>
            <position x="1.89525" y="0.686971" z="-1.64888"></position>
            <normal x="0.99681526" y="0.0" z="-0.07974565"></normal>
            <texcoord u="4.66352" v="0.66143596"></texcoord>
          </vertex>
          <vertex>
            <position x="1.89349" y="0.697877" z="-1.67088"></position>
            <normal x="0.99681526" y="0.0" z="-0.07974565"></normal>
            <texcoord u="5.49426" v="0.25090098"></texcoord>
          </vertex>
          <vertex>
            <position x="1.89349" y="0.686971" z="-1.67088"></position>
            <normal x="0.99681526" y="0.0" z="-0.07974565"></normal>
            <texcoord u="5.49426" v="0.66144"></texcoord>
          </vertex>
          <vertex>
            <position x="1.88829" y="0.697877" z="-1.67531"></position>
            <normal x="-0.07974521" y="0.0" z="-0.99681526"></normal>
            <texcoord u="-4.67627" v="0.250871"></texcoord>
          </vertex>
          <vertex>
            <position x="1.88829" y="0.686971" z="-1.67531"></position>
            <normal x="-0.07974521" y="0.0" z="-0.99681526"></normal>
            <texcoord u="-4.67627" v="0.66141"></texcoord>
          </vertex>
          <vertex>
            <position x="1.86629" y="0.697877" z="-1.67355"></position>
            <normal x="-0.07974521" y="0.0" z="-0.99681526"></normal>
            <texcoord u="-3.84553" v="0.250871"></texcoord>
          </vertex>
          <vertex>
            <position x="1.86629" y="0.686971" z="-1.67355"></position>
            <normal x="-0.07974521" y="0.0" z="-0.99681526"></normal>
            <texcoord u="-3.84553" v="0.661411"></texcoord>
          </vertex>
          <vertex>
            <position x="1.86186" y="0.697877" z="-1.66836"></position>
            <normal x="-0.99681526" y="0.0" z="0.07974565"></normal>
            <texcoord u="-5.49426" v="0.25090098"></texcoord>
          </vertex>
          <vertex>
            <position x="1.86186" y="0.686971" z="-1.66836"></position>
            <normal x="-0.99681526" y="0.0" z="0.07974565"></normal>
            <texcoord u="-5.49426" v="0.66144"></texcoord>
          </vertex>
          <vertex>
            <position x="1.86362" y="0.697877" z="-1.64636"></position>
            <normal x="-0.99681526" y="0.0" z="0.07974565"></normal>
            <texcoord u="-4.66352" v="0.250897"></texcoord>
          </vertex>
          <vertex>
            <position x="1.86362" y="0.686971" z="-1.64636"></position>
            <normal x="-0.99681526" y="0.0" z="0.07974565"></normal>
            <texcoord u="-4.66352" v="0.66143596"></texcoord>
          </vertex>
          <vertex>
            <position x="1.89082" y="0.697877" z="-1.64368"></position>
            <normal x="0.76122284" y="0.0" z="0.6484904"></normal>
            <texcoord u="6.47547" v="0.250894"></texcoord>
          </vertex>
          <vertex>
            <position x="1.89082" y="0.686971" z="-1.64368"></position>
            <normal x="0.76122284" y="0.0" z="0.6484904"></normal>
            <texcoord u="6.47547" v="0.661433"></texcoord>
          </vertex>
          <vertex>
            <position x="1.89525" y="0.697877" z="-1.64888"></position>
            <normal x="0.76122284" y="0.0" z="0.6484904"></normal>
            <texcoord u="6.73255" v="0.25089502"></texcoord>
          </vertex>
          <vertex>
            <position x="1.89525" y="0.686971" z="-1.64888"></position>
            <normal x="0.76122284" y="0.0" z="0.6484904"></normal>
            <texcoord u="6.73255" v="0.661434"></texcoord>
          </vertex>
          <vertex>
            <position x="1.86882" y="0.686971" z="-1.64193"></position>
            <normal x="-0.64850914" y="0.0" z="0.76120687"></normal>
            <texcoord u="-0.450094" v="0.661415"></texcoord>
          </vertex>
          <vertex>
            <position x="1.86882" y="0.697877" z="-1.64193"></position>
            <normal x="-0.64850914" y="0.0" z="0.76120687"></normal>
            <texcoord u="-0.450096" v="0.250875"></texcoord>
          </vertex>
          <vertex>
            <position x="1.86362" y="0.686971" z="-1.64636"></position>
            <normal x="-0.64850914" y="0.0" z="0.76120687"></normal>
            <texcoord u="-0.70718" v="0.661416"></texcoord>
          </vertex>
          <vertex>
            <position x="1.86362" y="0.697877" z="-1.64636"></position>
            <normal x="-0.64850914" y="0.0" z="0.76120687"></normal>
            <texcoord u="-0.707181" v="0.250876"></texcoord>
          </vertex>
          <vertex>
            <position x="1.89349" y="0.697877" z="-1.67088"></position>
            <normal x="0.64850914" y="0.0" z="-0.76120687"></normal>
            <texcoord u="0.450085" v="0.250875"></texcoord>
          </vertex>
          <vertex>
            <position x="1.89349" y="0.686971" z="-1.67088"></position>
            <normal x="0.64850914" y="0.0" z="-0.76120687"></normal>
            <texcoord u="0.450083" v="0.661415"></texcoord>
          </vertex>
          <vertex>
            <position x="1.88829" y="0.697877" z="-1.67531"></position>
            <normal x="0.64850914" y="0.0" z="-0.76120687"></normal>
            <texcoord u="0.70717" v="0.250876"></texcoord>
          </vertex>
          <vertex>
            <position x="1.88829" y="0.686971" z="-1.67531"></position>
            <normal x="0.64850914" y="0.0" z="-0.76120687"></normal>
            <texcoord u="0.707169" v="0.661416"></texcoord>
          </vertex>
          <vertex>
            <position x="1.86629" y="0.697877" z="-1.67355"></position>
            <normal x="-0.76060534" y="0.0" z="-0.64921457"></normal>
            <texcoord u="-6.73236" v="0.25089502"></texcoord>
          </vertex>
          <vertex>
            <position x="1.86629" y="0.686971" z="-1.67355"></position>
            <normal x="-0.76060534" y="0.0" z="-0.64921457"></normal>
            <texcoord u="-6.73236" v="0.661434"></texcoord>
          </vertex>
          <vertex>
            <position x="1.86186" y="0.697877" z="-1.66836"></position>
            <normal x="-0.76060534" y="0.0" z="-0.64921457"></normal>
            <texcoord u="-6.47531" v="0.250894"></texcoord>
          </vertex>
          <vertex>
            <position x="1.86186" y="0.686971" z="-1.66836"></position>
            <normal x="-0.76060534" y="0.0" z="-0.64921457"></normal>
            <texcoord u="-6.4753" v="0.661433"></texcoord>
          </vertex>
          <vertex>
            <position x="1.85981" y="0.84574" z="-1.67315"></position>
            <normal x="0.0" y="-1.0" z="0.0"></normal>
            <texcoord u="-3.56442" v="-4.70295"></texcoord>
          </vertex>
          <vertex>
            <position x="1.84949" y="0.84574" z="-1.66103"></position>
            <normal x="0.0" y="-1.0" z="0.0"></normal>
            <texcoord u="-3.14353" v="-4.27663"></texcoord>
          </vertex>
          <vertex>
            <position x="1.85695" y="0.84574" z="-1.70897"></position>
            <normal x="0.0" y="-1.0" z="0.0"></normal>
            <texcoord u="-3.5558" v="-6.05555"></texcoord>
          </vertex>
          <vertex>
            <position x="1.82266" y="0.84574" z="-1.65889"></position>
            <normal x="0.0" y="-1.0" z="0.0"></normal>
            <texcoord u="-2.13056" v="-4.2702"></texcoord>
          </vertex>
          <vertex>
            <position x="1.81055" y="0.84574" z="-1.66922"></position>
            <normal x="0.0" y="-1.0" z="0.0"></normal>
            <texcoord u="-1.70425" v="-4.69113"></texcoord>
          </vertex>
          <vertex>
            <position x="1.80769" y="0.84574" z="-1.70504"></position>
            <normal x="0.0" y="-1.0" z="0.0"></normal>
            <texcoord u="-1.69568" v="-6.04374"></texcoord>
          </vertex>
          <vertex>
            <position x="1.81801" y="0.84574" z="-1.71715"></position>
            <normal x="0.0" y="-1.0" z="0.0"></normal>
            <texcoord u="-2.11659" v="-6.47001"></texcoord>
          </vertex>
          <vertex>
            <position x="1.84483" y="0.84574" z="-1.71929"></position>
            <normal x="0.0" y="-1.0" z="0.0"></normal>
            <texcoord u="-3.12951" v="-6.47649"></texcoord>
          </vertex>
          <vertex>
            <position x="1.81801" y="0.886239" z="-1.71715"></position>
            <normal x="0.0" y="1.0" z="0.0"></normal>
            <texcoord u="2.11659" v="-6.47001"></texcoord>
          </vertex>
          <vertex>
            <position x="1.80769" y="0.886239" z="-1.70504"></position>
            <normal x="0.0" y="1.0" z="0.0"></normal>
            <texcoord u="1.69568" v="-6.04374"></texcoord>
          </vertex>
          <vertex>
            <position x="1.84483" y="0.886239" z="-1.71929"></position>
            <normal x="0.0" y="1.0" z="0.0"></normal>
            <texcoord u="3.12951" v="-6.47649"></texcoord>
          </vertex>
          <vertex>
            <position x="1.81055" y="0.886239" z="-1.66922"></position>
            <normal x="0.0" y="1.0" z="0.0"></normal>
            <texcoord u="1.70425" v="-4.69113"></texcoord>
          </vertex>
          <vertex>
            <position x="1.82266" y="0.886239" z="-1.65889"></position>
            <normal x="0.0" y="1.0" z="0.0"></normal>
            <texcoord u="2.13056" v="-4.2702"></texcoord>
          </vertex>
          <vertex>
            <position x="1.84949" y="0.886239" z="-1.66104"></position>
            <normal x="0.0" y="1.0" z="0.0"></normal>
            <texcoord u="3.14353" v="-4.27663"></texcoord>
          </vertex>
          <vertex>
            <position x="1.85981" y="0.886239" z="-1.67315"></position>
            <normal x="0.0" y="1.0" z="0.0"></normal>
            <texcoord u="3.56442" v="-4.70295"></texcoord>
          </vertex>
          <vertex>
            <position x="1.85695" y="0.886239" z="-1.70897"></position>
            <normal x="0.0" y="1.0" z="0.0"></normal>
            <texcoord u="3.5558" v="-6.05555"></texcoord>
          </vertex>
          <vertex>
            <position x="1.82266" y="0.886239" z="-1.65889"></position>
            <normal x="0.079875655" y="0.0" z="0.99680483"></normal>
            <texcoord u="2.16399" v="-6.83975"></texcoord>
          </vertex>
          <vertex>
            <position x="1.82266" y="0.84574" z="-1.65889"></position>
            <normal x="0.07969303" y="1.2176907E-4" z="0.99681944"></normal>
            <texcoord u="2.16399" v="-5.31522"></texcoord>
          </vertex>
          <vertex>
            <position x="1.84949" y="0.886239" z="-1.66104"></position>
            <normal x="0.07969303" y="1.2176907E-4" z="0.99681944"></normal>
            <texcoord u="3.17698" v="-6.83975"></texcoord>
          </vertex>
          <vertex>
            <position x="1.84949" y="0.84574" z="-1.66103"></position>
            <normal x="0.07951039" y="2.4353815E-4" z="0.996834"></normal>
            <texcoord u="3.17698" v="-5.31522"></texcoord>
          </vertex>
          <vertex>
            <position x="1.85981" y="0.886239" z="-1.67315"></position>
            <normal x="0.9968277" y="0.0" z="-0.07958897"></normal>
            <texcoord u="5.68017" v="-6.83972"></texcoord>
          </vertex>
          <vertex>
            <position x="1.85981" y="0.84574" z="-1.67315"></position>
            <normal x="0.9968277" y="0.0" z="-0.07958897"></normal>
            <texcoord u="5.68016" v="-5.31519"></texcoord>
          </vertex>
          <vertex>
            <position x="1.85695" y="0.886239" z="-1.70897"></position>
            <normal x="0.9968277" y="0.0" z="-0.07958897"></normal>
            <texcoord u="7.0328" v="-6.83971"></texcoord>
          </vertex>
          <vertex>
            <position x="1.85695" y="0.84574" z="-1.70897"></position>
            <normal x="0.9968277" y="0.0" z="-0.07958897"></normal>
            <texcoord u="7.0328" v="-5.31518"></texcoord>
          </vertex>
          <vertex>
            <position x="1.84483" y="0.886239" z="-1.71929"></position>
            <normal x="-0.07953989" y="0.0" z="-0.9968317"></normal>
            <texcoord u="-3.17727" v="-6.83975"></texcoord>
          </vertex>
          <vertex>
            <position x="1.84483" y="0.84574" z="-1.71929"></position>
            <normal x="-0.07953989" y="0.0" z="-0.9968317"></normal>
            <texcoord u="-3.17727" v="-5.31522"></texcoord>
          </vertex>
          <vertex>
            <position x="1.81801" y="0.886239" z="-1.71715"></position>
            <normal x="-0.07953989" y="0.0" z="-0.9968317"></normal>
            <texcoord u="-2.16433" v="-6.83975"></texcoord>
          </vertex>
          <vertex>
            <position x="1.81801" y="0.84574" z="-1.71715"></position>
            <normal x="-0.07953989" y="0.0" z="-0.9968317"></normal>
            <texcoord u="-2.16433" v="-5.31522"></texcoord>
          </vertex>
          <vertex>
            <position x="1.80769" y="0.886239" z="-1.70504"></position>
            <normal x="-0.9968277" y="0.0" z="0.07958897"></normal>
            <texcoord u="-7.03289" v="-6.83971"></texcoord>
          </vertex>
          <vertex>
            <position x="1.80769" y="0.84574" z="-1.70504"></position>
            <normal x="-0.9968277" y="0.0" z="0.07958897"></normal>
            <texcoord u="-7.03289" v="-5.31518"></texcoord>
          </vertex>
          <vertex>
            <position x="1.81055" y="0.886239" z="-1.66922"></position>
            <normal x="-0.9968277" y="0.0" z="0.07958897"></normal>
            <texcoord u="-5.68026" v="-6.83972"></texcoord>
          </vertex>
          <vertex>
            <position x="1.81055" y="0.84574" z="-1.66922"></position>
            <normal x="-0.9968277" y="0.0" z="0.07958897"></normal>
            <texcoord u="-5.68025" v="-5.31519"></texcoord>
          </vertex>
          <vertex>
            <position x="1.84949" y="0.886239" z="-1.66104"></position>
            <normal x="0.76111823" y="1.5846374E-4" z="0.6486131"></normal>
            <texcoord u="5.96352" v="-6.83973"></texcoord>
          </vertex>
          <vertex>
            <position x="1.84949" y="0.84574" z="-1.66103"></position>
            <normal x="0.76124907" y="7.923188E-5" z="0.64845973"></normal>
            <texcoord u="5.96351" v="-5.3152"></texcoord>
          </vertex>
          <vertex>
            <position x="1.85981" y="0.886239" z="-1.67315"></position>
            <normal x="0.76124907" y="7.923188E-5" z="0.64845973"></normal>
            <texcoord u="6.56259" v="-6.83973"></texcoord>
          </vertex>
          <vertex>
            <position x="1.85981" y="0.84574" z="-1.67315"></position>
            <normal x="0.7613798" y="0.0" z="0.64830625"></normal>
            <texcoord u="6.56259" v="-5.31519"></texcoord>
          </vertex>
          <vertex>
            <position x="1.82266" y="0.84574" z="-1.65889"></position>
            <normal x="-0.64897746" y="0.0" z="0.7608076"></normal>
            <texcoord u="-2.18679" v="-5.31521"></texcoord>
          </vertex>
          <vertex>
            <position x="1.82266" y="0.886239" z="-1.65889"></position>
            <normal x="-0.64897746" y="0.0" z="0.7608076"></normal>
            <texcoord u="-2.1868" v="-6.83974"></texcoord>
          </vertex>
          <vertex>
            <position x="1.81055" y="0.84574" z="-1.66922"></position>
            <normal x="-0.64897746" y="0.0" z="0.7608076"></normal>
            <texcoord u="-2.7859" v="-5.3152"></texcoord>
          </vertex>
          <vertex>
            <position x="1.81055" y="0.886239" z="-1.66922"></position>
            <normal x="-0.64897746" y="0.0" z="0.7608076"></normal>
            <texcoord u="-2.78591" v="-6.83974"></texcoord>
          </vertex>
          <vertex>
            <position x="1.85695" y="0.886239" z="-1.70897"></position>
            <normal x="0.6483069" y="0.0" z="-0.76137924"></normal>
            <texcoord u="2.42722" v="-6.83974"></texcoord>
          </vertex>
          <vertex>
            <position x="1.85695" y="0.84574" z="-1.70897"></position>
            <normal x="0.6483069" y="0.0" z="-0.76137924"></normal>
            <texcoord u="2.42722" v="-5.31521"></texcoord>
          </vertex>
          <vertex>
            <position x="1.84483" y="0.886239" z="-1.71929"></position>
            <normal x="0.6483069" y="0.0" z="-0.76137924"></normal>
            <texcoord u="3.02632" v="-6.83974"></texcoord>
          </vertex>
          <vertex>
            <position x="1.84483" y="0.84574" z="-1.71929"></position>
            <normal x="0.6483069" y="0.0" z="-0.76137924"></normal>
            <texcoord u="3.02631" v="-5.3152"></texcoord>
          </vertex>
          <vertex>
            <position x="1.81801" y="0.886239" z="-1.71715"></position>
            <normal x="-0.76111823" y="0.0" z="-0.6486131"></normal>
            <texcoord u="-6.80258" v="-6.83973"></texcoord>
          </vertex>
          <vertex>
            <position x="1.81801" y="0.84574" z="-1.71715"></position>
            <normal x="-0.76111823" y="0.0" z="-0.6486131"></normal>
            <texcoord u="-6.80257" v="-5.31519"></texcoord>
          </vertex>
          <vertex>
            <position x="1.80769" y="0.886239" z="-1.70504"></position>
            <normal x="-0.76111823" y="0.0" z="-0.6486131"></normal>
            <texcoord u="-6.20352" v="-6.83973"></texcoord>
          </vertex>
          <vertex>
            <position x="1.80769" y="0.84574" z="-1.70504"></position>
            <normal x="-0.76111823" y="0.0" z="-0.6486131"></normal>
            <texcoord u="-6.20351" v="-5.3152"></texcoord>
          </vertex>
          <vertex>
            <position x="1.86943" y="0.860185" z="-1.55067"></position>
            <normal x="0.9968866" y="-8.095527E-5" z="-0.0788481"></normal>
            <texcoord u="1.0554" v="-5.85898"></texcoord>
          </vertex>
          <vertex>
            <position x="1.86882" y="0.848239" z="-1.55837"></position>
            <normal x="0.9968459" y="-9.8042E-5" z="-0.07936111"></normal>
            <texcoord u="1.34631" v="-5.40929"></texcoord>
          </vertex>
          <vertex>
            <position x="1.86896" y="0.888142" z="-1.55664"></position>
            <normal x="0.99684083" y="-8.507788E-5" z="-0.07942549"></normal>
            <texcoord u="1.28103" v="-6.91137"></texcoord>
          </vertex>
          <vertex>
            <position x="1.86575" y="0.839976" z="-1.59679"></position>
            <normal x="0.9968255" y="-1.6581778E-4" z="-0.07961698"></normal>
            <texcoord u="2.79718" v="-5.09874"></texcoord>
          </vertex>
          <vertex>
            <position x="1.8648" y="0.847704" z="-1.6087"></position>
            <normal x="0.99681324" y="-7.0193404E-5" z="-0.07977046"></normal>
            <texcoord u="3.24685" v="-5.38965"></texcoord>
          </vertex>
          <vertex>
            <position x="1.86882" y="0.848239" z="-1.55837"></position>
            <normal x="0.9968459" y="-9.8042E-5" z="-0.07936111"></normal>
            <texcoord u="1.34623" v="-5.40979"></texcoord>
          </vertex>
          <vertex>
            <position x="1.86882" y="0.848239" z="-1.55837"></position>
            <normal x="0.9968459" y="-9.8042E-5" z="-0.07936111"></normal>
            <texcoord u="1.34622" v="-5.40929"></texcoord>
          </vertex>
          <vertex>
            <position x="1.8648" y="0.847704" z="-1.6087"></position>
            <normal x="0.99681324" y="-7.0193404E-5" z="-0.07977046"></normal>
            <texcoord u="3.24684" v="-5.38915"></texcoord>
          </vertex>
          <vertex>
            <position x="1.86896" y="0.888142" z="-1.55664"></position>
            <normal x="0.99684083" y="-8.507788E-5" z="-0.07942549"></normal>
            <texcoord u="1.28094" v="-6.91137"></texcoord>
          </vertex>
          <vertex>
            <position x="1.86432" y="0.875661" z="-1.61467"></position>
            <normal x="0.9967765" y="-2.0495741E-5" z="-0.08022822"></normal>
            <texcoord u="3.47247" v="-6.44149"></texcoord>
          </vertex>
          <vertex>
            <position x="1.86494" y="0.887606" z="-1.60697"></position>
            <normal x="0.9968092" y="-7.749968E-5" z="-0.07982127"></normal>
            <texcoord u="3.18151" v="-6.89118"></texcoord>
          </vertex>
          <vertex>
            <position x="1.8648" y="0.847704" z="-1.6087"></position>
            <normal x="0.99681324" y="-7.0193404E-5" z="-0.07977046"></normal>
            <texcoord u="3.24684" v="-5.38909"></texcoord>
          </vertex>
          <vertex>
            <position x="1.8648" y="0.847704" z="-1.6087"></position>
            <normal x="0.99681324" y="-7.0193404E-5" z="-0.07977046"></normal>
            <texcoord u="3.2468" v="-5.38909"></texcoord>
          </vertex>
          <vertex>
            <position x="1.86494" y="0.887606" z="-1.60697"></position>
            <normal x="0.9968092" y="-7.749968E-5" z="-0.07982127"></normal>
            <texcoord u="3.18147" v="-6.89118"></texcoord>
          </vertex>
          <vertex>
            <position x="1.86896" y="0.888142" z="-1.55664"></position>
            <normal x="0.99684083" y="-8.507788E-5" z="-0.07942549"></normal>
            <texcoord u="1.28089" v="-6.91131"></texcoord>
          </vertex>
          <vertex>
            <position x="1.86494" y="0.887606" z="-1.60697"></position>
            <normal x="0.9968092" y="-7.749968E-5" z="-0.07982127"></normal>
            <texcoord u="3.18147" v="-6.89097"></texcoord>
          </vertex>
          <vertex>
            <position x="1.86801" y="0.89587" z="-1.56855"></position>
            <normal x="0.9968255" y="-1.648961E-4" z="-0.07961717"></normal>
            <texcoord u="1.73056" v="-7.2020197"></texcoord>
          </vertex>
          <vertex>
            <position x="1.86896" y="0.888142" z="-1.55664"></position>
            <normal x="0.99684083" y="-8.507788E-5" z="-0.07942549"></normal>
            <texcoord u="1.28089" v="-6.9111"></texcoord>
          </vertex>
          <vertex>
            <position x="1.81603" y="0.887606" z="-1.60306"></position>
            <normal x="-0.9968291" y="3.809523E-4" z="0.07957099"></normal>
            <texcoord u="-3.18155" v="-6.8912"></texcoord>
          </vertex>
          <vertex>
            <position x="1.81541" y="0.87566" z="-1.61077"></position>
            <normal x="-0.9968262" y="9.423931E-5" z="0.07960882"></normal>
            <texcoord u="-3.47246" v="-6.44151"></texcoord>
          </vertex>
          <vertex>
            <position x="1.8191" y="0.89587" z="-1.56464"></position>
            <normal x="-0.9968242" y="2.0879085E-4" z="0.07963418"></normal>
            <texcoord u="-1.73069" v="-7.2022495"></texcoord>
          </vertex>
          <vertex>
            <position x="1.81589" y="0.847703" z="-1.60479"></position>
            <normal x="-0.9968332" y="-1.0306291E-4" z="0.079520755"></normal>
            <texcoord u="-3.24646" v="-5.3892"></texcoord>
          </vertex>
          <vertex>
            <position x="1.81684" y="0.839975" z="-1.59289"></position>
            <normal x="-0.9968258" y="-1.12463604E-4" z="0.07961294"></normal>
            <texcoord u="-2.79678" v="-5.09829"></texcoord>
          </vertex>
          <vertex>
            <position x="1.81541" y="0.87566" z="-1.61077"></position>
            <normal x="-0.9968262" y="9.423931E-5" z="0.07960882"></normal>
            <texcoord u="-3.47209" v="-6.4416"></texcoord>
          </vertex>
          <vertex>
            <position x="1.81541" y="0.87566" z="-1.61077"></position>
            <normal x="-0.9968262" y="9.423931E-5" z="0.07960882"></normal>
            <texcoord u="-3.47243" v="-6.44143"></texcoord>
          </vertex>
          <vertex>
            <position x="1.81684" y="0.839975" z="-1.59289"></position>
            <normal x="-0.9968258" y="-1.12463604E-4" z="0.07961294"></normal>
            <texcoord u="-2.79712" v="-5.09812"></texcoord>
          </vertex>
          <vertex>
            <position x="1.8191" y="0.89587" z="-1.56464"></position>
            <normal x="-0.9968242" y="2.0879085E-4" z="0.07963418"></normal>
            <texcoord u="-1.73065" v="-7.2021704"></texcoord>
          </vertex>
          <vertex>
            <position x="1.81991" y="0.848239" z="-1.55446"></position>
            <normal x="-0.99681574" y="-4.970508E-4" z="0.07973798"></normal>
            <texcoord u="-1.34636" v="-5.4095"></texcoord>
          </vertex>
          <vertex>
            <position x="1.82052" y="0.860185" z="-1.54676"></position>
            <normal x="-0.99682236" y="-1.588948E-5" z="0.079656325"></normal>
            <texcoord u="-1.05545" v="-5.85919"></texcoord>
          </vertex>
          <vertex>
            <position x="1.81684" y="0.839975" z="-1.59289"></position>
            <normal x="-0.9968258" y="-1.12463604E-4" z="0.07961294"></normal>
            <texcoord u="-2.79727" v="-5.09845"></texcoord>
          </vertex>
          <vertex>
            <position x="1.82052" y="0.860185" z="-1.54676"></position>
            <normal x="-0.99682236" y="-1.588948E-5" z="0.079656325"></normal>
            <texcoord u="-1.0553" v="-5.85886"></texcoord>
          </vertex>
          <vertex>
            <position x="1.82052" y="0.860185" z="-1.54676"></position>
            <normal x="-0.99682236" y="-1.588948E-5" z="0.079656325"></normal>
            <texcoord u="-1.05523" v="-5.85889"></texcoord>
          </vertex>
          <vertex>
            <position x="1.82005" y="0.888142" z="-1.55274"></position>
            <normal x="-0.996813" y="3.0395165E-4" z="0.07977267"></normal>
            <texcoord u="-1.28091" v="-6.91129"></texcoord>
          </vertex>
          <vertex>
            <position x="1.8191" y="0.89587" z="-1.56464"></position>
            <normal x="-0.9968242" y="2.0879085E-4" z="0.07963418"></normal>
            <texcoord u="-1.73058" v="-7.2022104"></texcoord>
          </vertex>
          <vertex>
            <position x="1.81684" y="0.839975" z="-1.59289"></position>
            <normal x="0.016679851" y="-0.977788" z="0.20893162"></normal>
            <texcoord u="1.74808" v="2.45663"></texcoord>
          </vertex>
          <vertex>
            <position x="1.86575" y="0.839976" z="-1.59679"></position>
            <normal x="0.016692128" y="-0.97778505" z="0.20894435"></normal>
            <texcoord u="3.59502" v="2.45661"></texcoord>
          </vertex>
          <vertex>
            <position x="1.81991" y="0.848239" z="-1.55446"></position>
            <normal x="0.016692128" y="-0.97778505" z="0.20894435"></normal>
            <texcoord u="1.74796" v="0.972754"></texcoord>
          </vertex>
          <vertex>
            <position x="1.86882" y="0.848239" z="-1.55837"></position>
            <normal x="0.016704405" y="-0.97778213" z="0.20895708"></normal>
            <texcoord u="3.59498" v="0.97281003"></texcoord>
          </vertex>
          <vertex>
            <position x="1.81991" y="0.848239" z="-1.55446"></position>
            <normal x="0.016692128" y="-0.97778505" z="0.20894435"></normal>
            <texcoord u="1.74793" v="0.972834"></texcoord>
          </vertex>
          <vertex>
            <position x="1.86575" y="0.839976" z="-1.59679"></position>
            <normal x="0.016692128" y="-0.97778505" z="0.20894435"></normal>
            <texcoord u="3.59496" v="2.45673"></texcoord>
          </vertex>
          <vertex>
            <position x="1.82052" y="0.860185" z="-1.54676"></position>
            <normal x="0.077916674" y="0.20978576" z="0.9746378"></normal>
            <texcoord u="1.74796" v="-5.92772"></texcoord>
          </vertex>
          <vertex>
            <position x="1.86943" y="0.860185" z="-1.55067"></position>
            <normal x="0.07782029" y="0.20961875" z="0.9746815"></normal>
            <texcoord u="3.59496" v="-5.92773"></texcoord>
          </vertex>
          <vertex>
            <position x="1.82005" y="0.888142" z="-1.55274"></position>
            <normal x="0.07782029" y="0.20961875" z="0.9746815"></normal>
            <texcoord u="1.74793" v="-7.0040503"></texcoord>
          </vertex>
          <vertex>
            <position x="1.86896" y="0.888142" z="-1.55664"></position>
            <normal x="0.077723905" y="0.20945174" z="0.97472507"></normal>
            <texcoord u="3.59496" v="-7.00408"></texcoord>
          </vertex>
          <vertex>
            <position x="1.82005" y="0.888142" z="-1.55274"></position>
            <normal x="0.07782029" y="0.20961875" z="0.9746815"></normal>
            <texcoord u="1.7479" v="-7.00408"></texcoord>
          </vertex>
          <vertex>
            <position x="1.86943" y="0.860185" z="-1.55067"></position>
            <normal x="0.07782029" y="0.20961875" z="0.9746815"></normal>
            <texcoord u="3.59494" v="-5.92776"></texcoord>
          </vertex>
          <vertex>
            <position x="1.8191" y="0.89587" z="-1.56464"></position>
            <normal x="-0.01670621" y="0.97777724" z="-0.20898017"></normal>
            <texcoord u="-1.74789" v="0.972831"></texcoord>
          </vertex>
          <vertex>
            <position x="1.86801" y="0.89587" z="-1.56855"></position>
            <normal x="-0.01670621" y="0.97777724" z="-0.20898017"></normal>
            <texcoord u="-3.59494" v="0.972805"></texcoord>
          </vertex>
          <vertex>
            <position x="1.81603" y="0.887606" z="-1.60306"></position>
            <normal x="-0.01670621" y="0.97777724" z="-0.20898017"></normal>
            <texcoord u="-1.7479" v="2.45666"></texcoord>
          </vertex>
          <vertex>
            <position x="1.86494" y="0.887606" z="-1.60697"></position>
            <normal x="-0.01670621" y="0.97777724" z="-0.20898017"></normal>
            <texcoord u="-3.59498" v="2.45666"></texcoord>
          </vertex>
          <vertex>
            <position x="1.81603" y="0.887606" z="-1.60306"></position>
            <normal x="-0.01670621" y="0.97777724" z="-0.20898017"></normal>
            <texcoord u="-1.74795" v="2.45667"></texcoord>
          </vertex>
          <vertex>
            <position x="1.86801" y="0.89587" z="-1.56855"></position>
            <normal x="-0.01670621" y="0.97777724" z="-0.20898017"></normal>
            <texcoord u="-3.59497" v="0.97278297"></texcoord>
          </vertex>
          <vertex>
            <position x="1.81541" y="0.87566" z="-1.61077"></position>
            <normal x="-0.077713445" y="-0.20981169" z="-0.9746485"></normal>
            <texcoord u="-1.74802" v="-7.0040703"></texcoord>
          </vertex>
          <vertex>
            <position x="1.86432" y="0.875661" z="-1.61467"></position>
            <normal x="-0.07781544" y="-0.20964482" z="-0.97467625"></normal>
            <texcoord u="-3.59505" v="-7.00408"></texcoord>
          </vertex>
          <vertex>
            <position x="1.81589" y="0.847703" z="-1.60479"></position>
            <normal x="-0.07781544" y="-0.20964482" z="-0.97467625"></normal>
            <texcoord u="-1.74799" v="-5.92775"></texcoord>
          </vertex>
          <vertex>
            <position x="1.8648" y="0.847704" z="-1.6087"></position>
            <normal x="-0.077917434" y="-0.20947795" z="-0.97470397"></normal>
            <texcoord u="-3.59504" v="-5.92776"></texcoord>
          </vertex>
          <vertex>
            <position x="1.81991" y="0.848239" z="-1.55446"></position>
            <normal x="0.066917546" y="-0.5429752" z="0.8370783"></normal>
            <texcoord u="1.74792" v="-3.6501198"></texcoord>
          </vertex>
          <vertex>
            <position x="1.86882" y="0.848239" z="-1.55837"></position>
            <normal x="0.0669187" y="-0.54297215" z="0.83708006"></normal>
            <texcoord u="3.59497" v="-3.6501298"></texcoord>
          </vertex>
          <vertex>
            <position x="1.82052" y="0.860185" z="-1.54676"></position>
            <normal x="0.0669187" y="-0.54297215" z="0.83708006"></normal>
            <texcoord u="1.74796" v="-4.18571"></texcoord>
          </vertex>
          <vertex>
            <position x="1.86943" y="0.860185" z="-1.55067"></position>
            <normal x="0.06691987" y="-0.5429693" z="0.8370819"></normal>
            <texcoord u="3.59497" v="-4.18571"></texcoord>
          </vertex>
          <vertex>
            <position x="1.82052" y="0.860185" z="-1.54676"></position>
            <normal x="0.0669187" y="-0.54297215" z="0.83708006"></normal>
            <texcoord u="1.74796" v="-4.1857"></texcoord>
          </vertex>
          <vertex>
            <position x="1.86882" y="0.848239" z="-1.55837"></position>
            <normal x="0.0669187" y="-0.54297215" z="0.83708006"></normal>
            <texcoord u="3.59497" v="-3.6501198"></texcoord>
          </vertex>
          <vertex>
            <position x="1.86575" y="0.839976" z="-1.59679"></position>
            <normal x="-0.043151036" y="-0.8396669" z="-0.54138476"></normal>
            <texcoord u="-3.59498" v="-4.66092"></texcoord>
          </vertex>
          <vertex>
            <position x="1.81684" y="0.839975" z="-1.59289"></position>
            <normal x="-0.043219604" y="-0.83956224" z="-0.54154164"></normal>
            <texcoord u="-1.74804" v="-4.66092"></texcoord>
          </vertex>
          <vertex>
            <position x="1.8648" y="0.847704" z="-1.6087"></position>
            <normal x="-0.043219604" y="-0.83956224" z="-0.54154164"></normal>
            <texcoord u="-3.59503" v="-5.1965"></texcoord>
          </vertex>
          <vertex>
            <position x="1.81589" y="0.847703" z="-1.60479"></position>
            <normal x="-0.04328817" y="-0.8394575" z="-0.54169846"></normal>
            <texcoord u="-1.74797" v="-5.19647"></texcoord>
          </vertex>
          <vertex>
            <position x="1.8648" y="0.847704" z="-1.6087"></position>
            <normal x="-0.043219604" y="-0.83956224" z="-0.54154164"></normal>
            <texcoord u="-3.59503" v="-5.19649"></texcoord>
          </vertex>
          <vertex>
            <position x="1.81684" y="0.839975" z="-1.59289"></position>
            <normal x="-0.043219604" y="-0.83956224" z="-0.54154164"></normal>
            <texcoord u="-1.74803" v="-4.6609"></texcoord>
          </vertex>
          <vertex>
            <position x="1.82005" y="0.888142" z="-1.55274"></position>
            <normal x="0.04319497" y="0.8394598" z="0.54170233"></normal>
            <texcoord u="1.7479" v="-4.37286"></texcoord>
          </vertex>
          <vertex>
            <position x="1.86896" y="0.888142" z="-1.55664"></position>
            <normal x="0.043236814" y="0.8395621" z="0.5415404"></normal>
            <texcoord u="3.59496" v="-4.37286"></texcoord>
          </vertex>
          <vertex>
            <position x="1.8191" y="0.89587" z="-1.56464"></position>
            <normal x="0.043236814" y="0.8395621" z="0.5415404"></normal>
            <texcoord u="1.74787" v="-4.90842"></texcoord>
          </vertex>
          <vertex>
            <position x="1.86801" y="0.89587" z="-1.56855"></position>
            <normal x="0.04327866" y="0.8396645" z="0.54137844"></normal>
            <texcoord u="3.59491" v="-4.9085"></texcoord>
          </vertex>
          <vertex>
            <position x="1.8191" y="0.89587" z="-1.56464"></position>
            <normal x="0.043236814" y="0.8395621" z="0.5415404"></normal>
            <texcoord u="1.74786" v="-4.90849"></texcoord>
          </vertex>
          <vertex>
            <position x="1.86896" y="0.888142" z="-1.55664"></position>
            <normal x="0.043236814" y="0.8395621" z="0.5415404"></normal>
            <texcoord u="3.59495" v="-4.37293"></texcoord>
          </vertex>
          <vertex>
            <position x="1.81603" y="0.887606" z="-1.60306"></position>
            <normal x="-0.06689015" y="0.54350334" z="-0.8367377"></normal>
            <texcoord u="-1.74794" v="-3.89752"></texcoord>
          </vertex>
          <vertex>
            <position x="1.86494" y="0.887606" z="-1.60697"></position>
            <normal x="-0.06682337" y="0.5432753" z="-0.8368911"></normal>
            <texcoord u="-3.59497" v="-3.89753"></texcoord>
          </vertex>
          <vertex>
            <position x="1.81541" y="0.87566" z="-1.61077"></position>
            <normal x="-0.06682337" y="0.5432753" z="-0.8368911"></normal>
            <texcoord u="-1.74794" v="-3.36194"></texcoord>
          </vertex>
          <vertex>
            <position x="1.86432" y="0.875661" z="-1.61467"></position>
            <normal x="-0.066756584" y="0.54304713" z="-0.8370444"></normal>
            <texcoord u="-3.59506" v="-3.3614602"></texcoord>
          </vertex>
          <vertex>
            <position x="1.81541" y="0.87566" z="-1.61077"></position>
            <normal x="-0.06682337" y="0.5432753" z="-0.8368911"></normal>
            <texcoord u="-1.74803" v="-3.3614502"></texcoord>
          </vertex>
          <vertex>
            <position x="1.86494" y="0.887606" z="-1.60697"></position>
            <normal x="-0.06682337" y="0.5432753" z="-0.8368911"></normal>
            <texcoord u="-3.59505" v="-3.89706"></texcoord>
          </vertex>
          <vertex>
            <position x="1.8108" y="0.686971" z="-1.64214"></position>
            <normal x="0.0" y="-1.0" z="0.0"></normal>
            <texcoord u="-1.63908" v="-3.6739802"></texcoord>
          </vertex>
          <vertex>
            <position x="1.80637" y="0.686971" z="-1.63694"></position>
            <normal x="0.0" y="-1.0" z="0.0"></normal>
            <texcoord u="-1.45852" v="-3.4910898"></texcoord>
          </vertex>
          <vertex>
            <position x="1.80904" y="0.686971" z="-1.66414"></position>
            <normal x="0.0" y="-1.0" z="0.0"></normal>
            <texcoord u="-1.6338" v="-4.50475"></texcoord>
          </vertex>
          <vertex>
            <position x="1.78437" y="0.686971" z="-1.63519"></position>
            <normal x="0.0" y="-1.0" z="0.0"></normal>
            <texcoord u="-0.627725" v="-3.4857602"></texcoord>
          </vertex>
          <vertex>
            <position x="1.77917" y="0.686971" z="-1.63962"></position>
            <normal x="0.0" y="-1.0" z="0.0"></normal>
            <texcoord u="-0.444832" v="-3.66639"></texcoord>
          </vertex>
          <vertex>
            <position x="1.77742" y="0.686971" z="-1.66162"></position>
            <normal x="0.0" y="-1.0" z="0.0"></normal>
            <texcoord u="-0.439555" v="-4.49716"></texcoord>
          </vertex>
          <vertex>
            <position x="1.78185" y="0.686971" z="-1.66681"></position>
            <normal x="0.0" y="-1.0" z="0.0"></normal>
            <texcoord u="-0.620138" v="-4.68005"></texcoord>
          </vertex>
          <vertex>
            <position x="1.80385" y="0.686971" z="-1.66857"></position>
            <normal x="0.0" y="-1.0" z="0.0"></normal>
            <texcoord u="-1.45091" v="-4.68538"></texcoord>
          </vertex>
          <vertex>
            <position x="1.78185" y="0.697877" z="-1.66681"></position>
            <normal x="0.0" y="1.0" z="0.0"></normal>
            <texcoord u="0.620138" v="-4.68005"></texcoord>
          </vertex>
          <vertex>
            <position x="1.77742" y="0.697877" z="-1.66162"></position>
            <normal x="0.0" y="1.0" z="0.0"></normal>
            <texcoord u="0.439555" v="-4.49716"></texcoord>
          </vertex>
          <vertex>
            <position x="1.80385" y="0.697877" z="-1.66857"></position>
            <normal x="0.0" y="1.0" z="0.0"></normal>
            <texcoord u="1.45091" v="-4.68538"></texcoord>
          </vertex>
          <vertex>
            <position x="1.77917" y="0.697877" z="-1.63962"></position>
            <normal x="0.0" y="1.0" z="0.0"></normal>
            <texcoord u="0.444832" v="-3.66639"></texcoord>
          </vertex>
          <vertex>
            <position x="1.78437" y="0.697877" z="-1.63519"></position>
            <normal x="0.0" y="1.0" z="0.0"></normal>
            <texcoord u="0.627725" v="-3.4857602"></texcoord>
          </vertex>
          <vertex>
            <position x="1.80637" y="0.697877" z="-1.63694"></position>
            <normal x="0.0" y="1.0" z="0.0"></normal>
            <texcoord u="1.45852" v="-3.4910898"></texcoord>
          </vertex>
          <vertex>
            <position x="1.8108" y="0.697877" z="-1.64214"></position>
            <normal x="0.0" y="1.0" z="0.0"></normal>
            <texcoord u="1.63908" v="-3.6739802"></texcoord>
          </vertex>
          <vertex>
            <position x="1.80904" y="0.697877" z="-1.66414"></position>
            <normal x="0.0" y="1.0" z="0.0"></normal>
            <texcoord u="1.6338" v="-4.50475"></texcoord>
          </vertex>
          <vertex>
            <position x="1.78437" y="0.697877" z="-1.63519"></position>
            <normal x="0.079294376" y="0.0" z="0.99685127"></normal>
            <texcoord u="0.656453" v="0.25087303"></texcoord>
          </vertex>
          <vertex>
            <position x="1.78437" y="0.686971" z="-1.63519"></position>
            <normal x="0.079294376" y="0.0" z="0.99685127"></normal>
            <texcoord u="0.656453" v="0.661412"></texcoord>
          </vertex>
          <vertex>
            <position x="1.80637" y="0.697877" z="-1.63694"></position>
            <normal x="0.079294376" y="0.0" z="0.99685127"></normal>
            <texcoord u="1.48726" v="0.25087202"></texcoord>
          </vertex>
          <vertex>
            <position x="1.80637" y="0.686971" z="-1.63694"></position>
            <normal x="0.079294376" y="0.0" z="0.99685127"></normal>
            <texcoord u="1.48726" v="0.661412"></texcoord>
          </vertex>
          <vertex>
            <position x="1.8108" y="0.697877" z="-1.64214"></position>
            <normal x="0.99681526" y="0.0" z="-0.07974565"></normal>
            <texcoord u="4.66348" v="0.250897"></texcoord>
          </vertex>
          <vertex>
            <position x="1.8108" y="0.686971" z="-1.64214"></position>
            <normal x="0.99681526" y="0.0" z="-0.07974565"></normal>
            <texcoord u="4.66348" v="0.66143596"></texcoord>
          </vertex>
          <vertex>
            <position x="1.80904" y="0.697877" z="-1.66414"></position>
            <normal x="0.99681526" y="0.0" z="-0.07974565"></normal>
            <texcoord u="5.49427" v="0.25090098"></texcoord>
          </vertex>
          <vertex>
            <position x="1.80904" y="0.686971" z="-1.66414"></position>
            <normal x="0.99681526" y="0.0" z="-0.07974565"></normal>
            <texcoord u="5.49426" v="0.66144"></texcoord>
          </vertex>
          <vertex>
            <position x="1.80385" y="0.697877" z="-1.66857"></position>
            <normal x="-0.07974521" y="0.0" z="-0.99681526"></normal>
            <texcoord u="-1.4873" v="0.25087202"></texcoord>
          </vertex>
          <vertex>
            <position x="1.80385" y="0.686971" z="-1.66857"></position>
            <normal x="-0.07974521" y="0.0" z="-0.99681526"></normal>
            <texcoord u="-1.4873" v="0.661412"></texcoord>
          </vertex>
          <vertex>
            <position x="1.78185" y="0.697877" z="-1.66681"></position>
            <normal x="-0.07974521" y="0.0" z="-0.99681526"></normal>
            <texcoord u="-0.656516" v="0.25087303"></texcoord>
          </vertex>
          <vertex>
            <position x="1.78185" y="0.686971" z="-1.66681"></position>
            <normal x="-0.07974521" y="0.0" z="-0.99681526"></normal>
            <texcoord u="-0.656516" v="0.661412"></texcoord>
          </vertex>
          <vertex>
            <position x="1.77742" y="0.697877" z="-1.66162"></position>
            <normal x="-0.99685127" y="0.0" z="0.079294376"></normal>
            <texcoord u="-5.49426" v="0.25090098"></texcoord>
          </vertex>
          <vertex>
            <position x="1.77742" y="0.686971" z="-1.66162"></position>
            <normal x="-0.99685127" y="0.0" z="0.079294376"></normal>
            <texcoord u="-5.49426" v="0.66144"></texcoord>
          </vertex>
          <vertex>
            <position x="1.77917" y="0.697877" z="-1.63962"></position>
            <normal x="-0.99685127" y="0.0" z="0.079294376"></normal>
            <texcoord u="-4.66348" v="0.250897"></texcoord>
          </vertex>
          <vertex>
            <position x="1.77917" y="0.686971" z="-1.63962"></position>
            <normal x="-0.99685127" y="0.0" z="0.079294376"></normal>
            <texcoord u="-4.66348" v="0.66143596"></texcoord>
          </vertex>
          <vertex>
            <position x="1.80637" y="0.697877" z="-1.63694"></position>
            <normal x="0.76122284" y="0.0" z="0.6484904"></normal>
            <texcoord u="4.22067" v="0.25088698"></texcoord>
          </vertex>
          <vertex>
            <position x="1.80637" y="0.686971" z="-1.63694"></position>
            <normal x="0.76122284" y="0.0" z="0.6484904"></normal>
            <texcoord u="4.22067" v="0.661426"></texcoord>
          </vertex>
          <vertex>
            <position x="1.8108" y="0.697877" z="-1.64214"></position>
            <normal x="0.76122284" y="0.0" z="0.6484904"></normal>
            <texcoord u="4.47768" v="0.25088698"></texcoord>
          </vertex>
          <vertex>
            <position x="1.8108" y="0.686971" z="-1.64214"></position>
            <normal x="0.76122284" y="0.0" z="0.6484904"></normal>
            <texcoord u="4.47768" v="0.661427"></texcoord>
          </vertex>
          <vertex>
            <position x="1.78437" y="0.686971" z="-1.63519"></position>
            <normal x="-0.6484991" y="0.0" z="0.76121557"></normal>
            <texcoord u="-2.70548" v="0.66142297"></texcoord>
          </vertex>
          <vertex>
            <position x="1.78437" y="0.697877" z="-1.63519"></position>
            <normal x="-0.6484991" y="0.0" z="0.76121557"></normal>
            <texcoord u="-2.70548" v="0.250884"></texcoord>
          </vertex>
          <vertex>
            <position x="1.77917" y="0.686971" z="-1.63962"></position>
            <normal x="-0.6484991" y="0.0" z="0.76121557"></normal>
            <texcoord u="-2.96253" v="0.66142404"></texcoord>
          </vertex>
          <vertex>
            <position x="1.77917" y="0.697877" z="-1.63962"></position>
            <normal x="-0.6484991" y="0.0" z="0.76121557"></normal>
            <texcoord u="-2.96253" v="0.250885"></texcoord>
          </vertex>
          <vertex>
            <position x="1.80904" y="0.697877" z="-1.66414"></position>
            <normal x="0.6492333" y="0.0" z="-0.76058936"></normal>
            <texcoord u="2.70567" v="0.250884"></texcoord>
          </vertex>
          <vertex>
            <position x="1.80904" y="0.686971" z="-1.66414"></position>
            <normal x="0.6492333" y="0.0" z="-0.76058936"></normal>
            <texcoord u="2.70567" v="0.66142297"></texcoord>
          </vertex>
          <vertex>
            <position x="1.80385" y="0.697877" z="-1.66857"></position>
            <normal x="0.6492333" y="0.0" z="-0.76058936"></normal>
            <texcoord u="2.96272" v="0.250885"></texcoord>
          </vertex>
          <vertex>
            <position x="1.80385" y="0.686971" z="-1.66857"></position>
            <normal x="0.6492333" y="0.0" z="-0.76058936"></normal>
            <texcoord u="2.96272" v="0.66142404"></texcoord>
          </vertex>
          <vertex>
            <position x="1.78185" y="0.697877" z="-1.66681"></position>
            <normal x="-0.76060534" y="0.0" z="-0.64921457"></normal>
            <texcoord u="-4.47754" v="0.25088698"></texcoord>
          </vertex>
          <vertex>
            <position x="1.78185" y="0.686971" z="-1.66681"></position>
            <normal x="-0.76060534" y="0.0" z="-0.64921457"></normal>
            <texcoord u="-4.47754" v="0.661427"></texcoord>
          </vertex>
          <vertex>
            <position x="1.77742" y="0.697877" z="-1.66162"></position>
            <normal x="-0.76060534" y="0.0" z="-0.64921457"></normal>
            <texcoord u="-4.22052" v="0.25088698"></texcoord>
          </vertex>
          <vertex>
            <position x="1.77742" y="0.686971" z="-1.66162"></position>
            <normal x="-0.76060534" y="0.0" z="-0.64921457"></normal>
            <texcoord u="-4.22052" v="0.661426"></texcoord>
          </vertex>
          <vertex>
            <position x="1.89525" y="0.686971" z="-1.64888"></position>
            <normal x="0.0" y="-1.0" z="0.0"></normal>
            <texcoord u="-4.82802" v="-3.6942801"></texcoord>
          </vertex>
          <vertex>
            <position x="1.89082" y="0.686971" z="-1.64368"></position>
            <normal x="0.0" y="-1.0" z="0.0"></normal>
            <texcoord u="-4.6474" v="-3.5113401"></texcoord>
          </vertex>
          <vertex>
            <position x="1.89349" y="0.686971" z="-1.67088"></position>
            <normal x="0.0" y="-1.0" z="0.0"></normal>
            <texcoord u="-4.82275" v="-4.52501"></texcoord>
          </vertex>
          <vertex>
            <position x="1.86882" y="0.686971" z="-1.64193"></position>
            <normal x="0.0" y="-1.0" z="0.0"></normal>
            <texcoord u="-3.81667" v="-3.5060701"></texcoord>
          </vertex>
          <vertex>
            <position x="1.86362" y="0.686971" z="-1.64636"></position>
            <normal x="0.0" y="-1.0" z="0.0"></normal>
            <texcoord u="-3.63373" v="-3.6866999"></texcoord>
          </vertex>
          <vertex>
            <position x="1.86186" y="0.686971" z="-1.66836"></position>
            <normal x="0.0" y="-1.0" z="0.0"></normal>
            <texcoord u="-3.62846" v="-4.51742"></texcoord>
          </vertex>
          <vertex>
            <position x="1.86629" y="0.686971" z="-1.67355"></position>
            <normal x="0.0" y="-1.0" z="0.0"></normal>
            <texcoord u="-3.80909" v="-4.70031"></texcoord>
          </vertex>
          <vertex>
            <position x="1.88829" y="0.686971" z="-1.67531"></position>
            <normal x="0.0" y="-1.0" z="0.0"></normal>
            <texcoord u="-4.63981" v="-4.70563"></texcoord>
          </vertex>
          <vertex>
            <position x="1.86629" y="0.697877" z="-1.67355"></position>
            <normal x="0.0" y="1.0" z="0.0"></normal>
            <texcoord u="3.80909" v="-4.70031"></texcoord>
          </vertex>
        </vertexbuffer>
      </geometry>
    </submesh>
  </submeshes>
</mesh>
