<mesh>
  <submeshes>
    <submesh material="Material.142" usesharedvertices="false">
      <faces count="36">
        <face v1="0" v2="1" v3="2"></face>
        <face v1="0" v2="2" v3="3"></face>
        <face v1="4" v2="5" v3="6"></face>
        <face v1="4" v2="6" v3="7"></face>
        <face v1="8" v2="9" v3="10"></face>
        <face v1="8" v2="10" v3="11"></face>
        <face v1="12" v2="13" v3="14"></face>
        <face v1="12" v2="14" v3="15"></face>
        <face v1="16" v2="17" v3="18"></face>
        <face v1="16" v2="18" v3="19"></face>
        <face v1="20" v2="21" v3="22"></face>
        <face v1="20" v2="22" v3="23"></face>
      </faces>
      <geometry vertexcount="24">
        <vertexbuffer positions="true" normals="true" texture_coords="1">
          <vertex>
            <position x="1.73817" y="2.09163" z="-0.950445"></position>
            <normal x="0.21201597" y="0.57352334" z="0.7912776"></normal>
            <texcoord u="16.1673" v="1.059686"></texcoord>
          </vertex>
          <vertex>
            <position x="1.65735" y="2.09163" z="-0.92879"></position>
            <normal x="0.21201597" y="0.57352334" z="0.7912776"></normal>
            <texcoord u="13.0177" v="1.059686"></texcoord>
          </vertex>
          <vertex>
            <position x="1.66493" y="2.04979" z="-0.900495"></position>
            <normal x="0.21201597" y="0.57352334" z="0.7912776"></normal>
            <texcoord u="13.0177" v="2.98215"></texcoord>
          </vertex>
          <vertex>
            <position x="1.74575" y="2.04979" z="-0.92215"></position>
            <normal x="0.21201597" y="0.57352334" z="0.7912776"></normal>
            <texcoord u="16.1673" v="2.98215"></texcoord>
          </vertex>
          <vertex>
            <position x="1.66471" y="2.04919" z="-0.901322"></position>
            <normal x="-0.21201532" y="-0.5735261" z="-0.79127574"></normal>
            <texcoord u="-13.0177" v="2.98215"></texcoord>
          </vertex>
          <vertex>
            <position x="1.65713" y="2.09103" z="-0.929617"></position>
            <normal x="-0.21201532" y="-0.5735261" z="-0.79127574"></normal>
            <texcoord u="-13.0177" v="1.059679"></texcoord>
          </vertex>
          <vertex>
            <position x="1.73795" y="2.09103" z="-0.951272"></position>
            <normal x="-0.21201532" y="-0.5735261" z="-0.79127574"></normal>
            <texcoord u="-16.1673" v="1.059678"></texcoord>
          </vertex>
          <vertex>
            <position x="1.74553" y="2.04919" z="-0.922977"></position>
            <normal x="-0.21201532" y="-0.5735261" z="-0.79127574"></normal>
            <texcoord u="-16.1673" v="2.98215"></texcoord>
          </vertex>
          <vertex>
            <position x="1.74575" y="2.04979" z="-0.92215"></position>
            <normal x="0.96624076" y="8.168839E-4" z="-0.25763944"></normal>
            <texcoord u="-3.48792" v="0.977509"></texcoord>
          </vertex>
          <vertex>
            <position x="1.74553" y="2.04919" z="-0.922977"></position>
            <normal x="0.96624076" y="8.168839E-4" z="-0.25763944"></normal>
            <texcoord u="-3.45567" v="1.000092"></texcoord>
          </vertex>
          <vertex>
            <position x="1.73795" y="2.09103" z="-0.951272"></position>
            <normal x="0.96624076" y="8.168839E-4" z="-0.25763944"></normal>
            <texcoord u="-2.35299" v="-0.57471"></texcoord>
          </vertex>
          <vertex>
            <position x="1.73817" y="2.09163" z="-0.950445"></position>
            <normal x="0.96624076" y="8.168839E-4" z="-0.25763944"></normal>
            <texcoord u="-2.38524" v="-0.59729004"></texcoord>
          </vertex>
          <vertex>
            <position x="1.66493" y="2.04979" z="-0.900495"></position>
            <normal x="0.14855994" y="-0.81885" z="0.5544499"></normal>
            <texcoord u="13.0177" v="-1.8701701"></texcoord>
          </vertex>
          <vertex>
            <position x="1.66471" y="2.04919" z="-0.901322"></position>
            <normal x="0.14855994" y="-0.81885" z="0.5544499"></normal>
            <texcoord u="13.0177" v="-1.8308"></texcoord>
          </vertex>
          <vertex>
            <position x="1.74553" y="2.04919" z="-0.922977"></position>
            <normal x="0.14855994" y="-0.81885" z="0.5544499"></normal>
            <texcoord u="16.1673" v="-1.8308"></texcoord>
          </vertex>
          <vertex>
            <position x="1.74575" y="2.04979" z="-0.92215"></position>
            <normal x="0.14855994" y="-0.81885" z="0.5544499"></normal>
            <texcoord u="16.1673" v="-1.8701701"></texcoord>
          </vertex>
          <vertex>
            <position x="1.65735" y="2.09163" z="-0.92879"></position>
            <normal x="-0.9662538" y="-8.5381325E-4" z="0.2575904"></normal>
            <texcoord u="2.38527" v="-0.59730995"></texcoord>
          </vertex>
          <vertex>
            <position x="1.65713" y="2.09103" z="-0.929617"></position>
            <normal x="-0.9662538" y="-8.5381325E-4" z="0.2575904"></normal>
            <texcoord u="2.35302" v="-0.57473004"></texcoord>
          </vertex>
          <vertex>
            <position x="1.66471" y="2.04919" z="-0.901322"></position>
            <normal x="-0.9662538" y="-8.5381325E-4" z="0.2575904"></normal>
            <texcoord u="3.4557" v="1.000071"></texcoord>
          </vertex>
          <vertex>
            <position x="1.66493" y="2.04979" z="-0.900495"></position>
            <normal x="-0.9662538" y="-8.5381325E-4" z="0.2575904"></normal>
            <texcoord u="3.48795" v="0.977488"></texcoord>
          </vertex>
          <vertex>
            <position x="1.73817" y="2.09163" z="-0.950445"></position>
            <normal x="-0.1485945" y="0.8187565" z="-0.55457854"></normal>
            <texcoord u="-16.1673" v="-1.87022"></texcoord>
          </vertex>
          <vertex>
            <position x="1.73795" y="2.09103" z="-0.951272"></position>
            <normal x="-0.1485945" y="0.8187565" z="-0.55457854"></normal>
            <texcoord u="-16.1673" v="-1.8308499"></texcoord>
          </vertex>
          <vertex>
            <position x="1.65713" y="2.09103" z="-0.929617"></position>
            <normal x="-0.1485945" y="0.8187565" z="-0.55457854"></normal>
            <texcoord u="-13.0177" v="-1.8308499"></texcoord>
          </vertex>
          <vertex>
            <position x="1.65735" y="2.09163" z="-0.92879"></position>
            <normal x="-0.1485945" y="0.8187565" z="-0.55457854"></normal>
            <texcoord u="-13.0177" v="-1.87022"></texcoord>
          </vertex>
        </vertexbuffer>
      </geometry>
    </submesh>
  </submeshes>
</mesh>
