<mesh>
  <submeshes>
    <submesh material="Material.82" usesharedvertices="false">
      <faces count="366">
        <face v1="0" v2="1" v3="2"></face>
        <face v1="3" v2="4" v3="5"></face>
        <face v1="6" v2="7" v3="8"></face>
        <face v1="7" v2="9" v3="10"></face>
        <face v1="11" v2="12" v3="13"></face>
        <face v1="14" v2="15" v3="16"></face>
        <face v1="17" v2="18" v3="19"></face>
        <face v1="20" v2="21" v3="22"></face>
        <face v1="23" v2="24" v3="25"></face>
        <face v1="26" v2="27" v3="28"></face>
        <face v1="29" v2="30" v3="31"></face>
        <face v1="32" v2="33" v3="34"></face>
        <face v1="35" v2="36" v3="37"></face>
        <face v1="38" v2="39" v3="40"></face>
        <face v1="41" v2="42" v3="43"></face>
        <face v1="44" v2="45" v3="46"></face>
        <face v1="47" v2="48" v3="49"></face>
        <face v1="48" v2="50" v3="51"></face>
        <face v1="52" v2="53" v3="54"></face>
        <face v1="55" v2="56" v3="57"></face>
        <face v1="58" v2="59" v3="60"></face>
        <face v1="61" v2="62" v3="63"></face>
        <face v1="64" v2="65" v3="66"></face>
        <face v1="67" v2="68" v3="69"></face>
        <face v1="70" v2="71" v3="72"></face>
        <face v1="73" v2="74" v3="75"></face>
        <face v1="76" v2="77" v3="78"></face>
        <face v1="79" v2="80" v3="81"></face>
        <face v1="82" v2="83" v3="84"></face>
        <face v1="85" v2="86" v3="87"></face>
        <face v1="88" v2="89" v3="90"></face>
        <face v1="91" v2="92" v3="93"></face>
        <face v1="94" v2="95" v3="96"></face>
        <face v1="97" v2="98" v3="99"></face>
        <face v1="100" v2="101" v3="102"></face>
        <face v1="103" v2="104" v3="105"></face>
        <face v1="106" v2="107" v3="108"></face>
        <face v1="109" v2="110" v3="111"></face>
        <face v1="112" v2="113" v3="114"></face>
        <face v1="115" v2="116" v3="117"></face>
        <face v1="118" v2="119" v3="120"></face>
        <face v1="121" v2="122" v3="123"></face>
        <face v1="124" v2="125" v3="126"></face>
        <face v1="127" v2="128" v3="129"></face>
        <face v1="130" v2="131" v3="132"></face>
        <face v1="133" v2="134" v3="135"></face>
        <face v1="136" v2="137" v3="138"></face>
        <face v1="139" v2="140" v3="141"></face>
        <face v1="142" v2="143" v3="144"></face>
        <face v1="145" v2="146" v3="147"></face>
        <face v1="148" v2="149" v3="150"></face>
        <face v1="151" v2="152" v3="153"></face>
        <face v1="154" v2="155" v3="156"></face>
        <face v1="157" v2="158" v3="159"></face>
        <face v1="160" v2="161" v3="162"></face>
        <face v1="163" v2="164" v3="165"></face>
        <face v1="166" v2="167" v3="168"></face>
        <face v1="169" v2="170" v3="171"></face>
        <face v1="172" v2="173" v3="174"></face>
        <face v1="175" v2="176" v3="177"></face>
        <face v1="178" v2="179" v3="180"></face>
        <face v1="181" v2="182" v3="183"></face>
        <face v1="184" v2="185" v3="186"></face>
        <face v1="187" v2="188" v3="189"></face>
        <face v1="190" v2="191" v3="192"></face>
        <face v1="193" v2="194" v3="195"></face>
        <face v1="196" v2="197" v3="198"></face>
        <face v1="199" v2="200" v3="201"></face>
        <face v1="202" v2="203" v3="204"></face>
        <face v1="205" v2="206" v3="207"></face>
        <face v1="208" v2="209" v3="210"></face>
        <face v1="211" v2="212" v3="213"></face>
        <face v1="214" v2="215" v3="216"></face>
        <face v1="217" v2="218" v3="219"></face>
        <face v1="220" v2="221" v3="222"></face>
        <face v1="223" v2="224" v3="225"></face>
        <face v1="226" v2="223" v3="227"></face>
        <face v1="228" v2="229" v3="230"></face>
        <face v1="229" v2="231" v3="232"></face>
        <face v1="233" v2="234" v3="235"></face>
        <face v1="236" v2="237" v3="238"></face>
        <face v1="239" v2="240" v3="241"></face>
        <face v1="242" v2="243" v3="244"></face>
        <face v1="245" v2="246" v3="247"></face>
        <face v1="248" v2="249" v3="250"></face>
        <face v1="251" v2="252" v3="253"></face>
        <face v1="254" v2="255" v3="256"></face>
        <face v1="257" v2="258" v3="259"></face>
        <face v1="260" v2="261" v3="262"></face>
        <face v1="263" v2="264" v3="265"></face>
        <face v1="266" v2="267" v3="268"></face>
        <face v1="269" v2="270" v3="271"></face>
        <face v1="272" v2="273" v3="274"></face>
        <face v1="275" v2="276" v3="277"></face>
        <face v1="278" v2="279" v3="280"></face>
        <face v1="281" v2="282" v3="283"></face>
        <face v1="284" v2="285" v3="286"></face>
        <face v1="287" v2="288" v3="289"></face>
        <face v1="290" v2="291" v3="292"></face>
        <face v1="293" v2="294" v3="295"></face>
        <face v1="294" v2="296" v3="297"></face>
        <face v1="298" v2="299" v3="300"></face>
        <face v1="301" v2="302" v3="303"></face>
        <face v1="304" v2="305" v3="306"></face>
        <face v1="307" v2="308" v3="309"></face>
        <face v1="310" v2="311" v3="312"></face>
        <face v1="313" v2="314" v3="315"></face>
        <face v1="316" v2="317" v3="318"></face>
        <face v1="319" v2="320" v3="321"></face>
        <face v1="322" v2="323" v3="324"></face>
        <face v1="325" v2="326" v3="327"></face>
        <face v1="328" v2="329" v3="330"></face>
        <face v1="329" v2="328" v3="331"></face>
        <face v1="332" v2="333" v3="334"></face>
        <face v1="335" v2="336" v3="337"></face>
        <face v1="338" v2="339" v3="340"></face>
        <face v1="341" v2="342" v3="343"></face>
        <face v1="344" v2="345" v3="346"></face>
        <face v1="347" v2="348" v3="349"></face>
        <face v1="350" v2="351" v3="352"></face>
        <face v1="353" v2="354" v3="355"></face>
        <face v1="356" v2="357" v3="358"></face>
      </faces>
      <geometry vertexcount="359">
        <vertexbuffer positions="true" normals="true" texture_coords="1">
          <vertex>
            <position x="0.368562" y="0.750876" z="-0.987601"></position>
            <normal x="0.86332625" y="-0.008460783" z="-0.5045753"></normal>
            <texcoord u="5.6416" v="-0.09783995"></texcoord>
          </vertex>
          <vertex>
            <position x="0.191335" y="0.721502" z="-1.33485"></position>
            <normal x="0.8553599" y="-0.008436991" z="-0.51796544"></normal>
            <texcoord u="20.3172" v="1.007892"></texcoord>
          </vertex>
          <vertex>
            <position x="0.19155" y="0.750723" z="-1.33497"></position>
            <normal x="0.8149428" y="-0.008376047" z="-0.57948095"></normal>
            <texcoord u="20.3176" v="-0.09212005"></texcoord>
          </vertex>
          <vertex>
            <position x="0.191335" y="0.721502" z="-1.33485"></position>
            <normal x="0.8553599" y="-0.008436991" z="-0.51796544"></normal>
            <texcoord u="20.3172" v="1.007871"></texcoord>
          </vertex>
          <vertex>
            <position x="0.368562" y="0.750876" z="-0.987601"></position>
            <normal x="0.86332625" y="-0.008460783" z="-0.5045753"></normal>
            <texcoord u="5.6416" v="-0.09785998"></texcoord>
          </vertex>
          <vertex>
            <position x="0.368347" y="0.721655" z="-0.987478"></position>
            <normal x="0.8327202" y="-0.008457041" z="-0.5536294"></normal>
            <texcoord u="5.64118" v="1.002152"></texcoord>
          </vertex>
          <vertex>
            <position x="0.417198" y="0.721386" z="-0.965952"></position>
            <normal x="0.86360294" y="-0.008471338" z="-0.50410146"></normal>
            <texcoord u="4.08904" v="1.00162"></texcoord>
          </vertex>
          <vertex>
            <position x="0.711302" y="0.750866" z="-0.388054"></position>
            <normal x="0.922158" y="-0.008405088" z="-0.38672215"></normal>
            <texcoord u="-20.3202" v="-0.10809004"></texcoord>
          </vertex>
          <vertex>
            <position x="0.711087" y="0.721646" z="-0.387932"></position>
            <normal x="0.94812757" y="-0.008303609" z="-0.31778154"></normal>
            <texcoord u="-20.3207" v="0.991922"></texcoord>
          </vertex>
          <vertex>
            <position x="0.417198" y="0.721386" z="-0.965952"></position>
            <normal x="0.86360294" y="-0.008471338" z="-0.50410146"></normal>
            <texcoord u="4.08904" v="1.001621"></texcoord>
          </vertex>
          <vertex>
            <position x="0.417413" y="0.750606" z="-0.966075"></position>
            <normal x="0.82216245" y="-0.0066828765" z="-0.56921375"></normal>
            <texcoord u="4.08948" v="-0.09838998"></texcoord>
          </vertex>
          <vertex>
            <position x="0.0812461" y="0.753296" z="-0.915447"></position>
            <normal x="-0.93095183" y="0.008380391" z="0.36504573"></normal>
            <texcoord u="-7.52911" v="-0.09167004"></texcoord>
          </vertex>
          <vertex>
            <position x="0.11373" y="0.72417" z="-0.835213"></position>
            <normal x="-0.92050934" y="0.008414151" z="0.39062992"></normal>
            <texcoord u="-4.27071" v="1.004765"></texcoord>
          </vertex>
          <vertex>
            <position x="0.113945" y="0.753391" z="-0.835336"></position>
            <normal x="-0.9150241" y="0.008436" z="0.40331087"></normal>
            <texcoord u="-4.27192" v="-0.09524"></texcoord>
          </vertex>
          <vertex>
            <position x="0.11373" y="0.72417" z="-0.835213"></position>
            <normal x="-0.92050934" y="0.008414151" z="0.39062992"></normal>
            <texcoord u="-4.27067" v="1.004643"></texcoord>
          </vertex>
          <vertex>
            <position x="0.0812461" y="0.753296" z="-0.915447"></position>
            <normal x="-0.93095183" y="0.008380391" z="0.36504573"></normal>
            <texcoord u="-7.52907" v="-0.09178996"></texcoord>
          </vertex>
          <vertex>
            <position x="0.081031" y="0.724075" z="-0.915325"></position>
            <normal x="-0.93591" y="0.008360832" z="0.35214016"></normal>
            <texcoord u="-7.52786" v="1.008214"></texcoord>
          </vertex>
          <vertex>
            <position x="0.171701" y="0.750849" z="-1.33984"></position>
            <normal x="-0.40922636" y="-7.553196E-4" z="-0.9124325"></normal>
            <texcoord u="-3.40161" v="-0.07124996"></texcoord>
          </vertex>
          <vertex>
            <position x="0.0570669" y="0.722715" z="-1.28154"></position>
            <normal x="-0.47118357" y="-0.0021924519" z="-0.8820325"></normal>
            <texcoord u="1.43956" v="0.987806"></texcoord>
          </vertex>
          <vertex>
            <position x="0.0572848" y="0.751936" z="-1.28167"></position>
            <normal x="-0.48981935" y="-1.4261219E-4" z="-0.8718239"></normal>
            <texcoord u="1.43024" v="-0.11216998"></texcoord>
          </vertex>
          <vertex>
            <position x="0.0570669" y="0.722715" z="-1.28154"></position>
            <normal x="-0.47118357" y="-0.0021924519" z="-0.8820325"></normal>
            <texcoord u="1.46559" v="0.868814"></texcoord>
          </vertex>
          <vertex>
            <position x="0.171701" y="0.750849" z="-1.33984"></position>
            <normal x="-0.40922636" y="-7.553196E-4" z="-0.9124325"></normal>
            <texcoord u="-3.37558" v="-0.19026005"></texcoord>
          </vertex>
          <vertex>
            <position x="0.173624" y="0.721609" z="-1.34062"></position>
            <normal x="-0.3411532" y="-0.0012807042" z="-0.94000685"></normal>
            <texcoord u="-3.45332" v="0.910466"></texcoord>
          </vertex>
          <vertex>
            <position x="0.431288" y="0.723987" z="-0.321277"></position>
            <normal x="-0.7612025" y="0.008331752" z="0.6484607"></normal>
            <texcoord u="16.3172" v="1.022169"></texcoord>
          </vertex>
          <vertex>
            <position x="0.376993" y="0.753325" z="-0.389103"></position>
            <normal x="-0.78749645" y="0.008392111" z="0.616262"></normal>
            <texcoord u="13.0468" v="-0.08228004"></texcoord>
          </vertex>
          <vertex>
            <position x="0.376777" y="0.724104" z="-0.388981"></position>
            <normal x="-0.7959656" y="0.00840182" z="0.60528356"></normal>
            <texcoord u="13.0453" v="1.017732"></texcoord>
          </vertex>
          <vertex>
            <position x="0.376993" y="0.753325" z="-0.389103"></position>
            <normal x="-0.78749645" y="0.008392111" z="0.616262"></normal>
            <texcoord u="13.0468" v="-0.08230996"></texcoord>
          </vertex>
          <vertex>
            <position x="0.431288" y="0.723987" z="-0.321277"></position>
            <normal x="-0.7612025" y="0.008331752" z="0.6484607"></normal>
            <texcoord u="16.3172" v="1.022129"></texcoord>
          </vertex>
          <vertex>
            <position x="0.431503" y="0.753208" z="-0.3214"></position>
            <normal x="-0.74293864" y="0.008275627" z="0.66930836"></normal>
            <texcoord u="16.3187" v="-0.077880025"></texcoord>
          </vertex>
          <vertex>
            <position x="0.55871" y="0.752379" z="-0.295502"></position>
            <normal x="0.43498057" y="0.0025448333" z="0.9004363"></normal>
            <texcoord u="-1.4527" v="0.006909013"></texcoord>
          </vertex>
          <vertex>
            <position x="0.703332" y="0.721782" z="-0.36902"></position>
            <normal x="0.51671946" y="-0.0020701494" z="0.8561523"></normal>
            <texcoord u="4.65442" v="1.158692"></texcoord>
          </vertex>
          <vertex>
            <position x="0.705532" y="0.750983" z="-0.370343"></position>
            <normal x="0.597597" y="-0.0029274505" z="0.8017913"></normal>
            <texcoord u="4.75078" v="0.059441984"></texcoord>
          </vertex>
          <vertex>
            <position x="0.703332" y="0.721782" z="-0.36902"></position>
            <normal x="0.51671946" y="-0.0020701494" z="0.8561523"></normal>
            <texcoord u="4.67686" v="1.039673"></texcoord>
          </vertex>
          <vertex>
            <position x="0.55871" y="0.752379" z="-0.295502"></position>
            <normal x="0.43498057" y="0.0025448333" z="0.9004363"></normal>
            <texcoord u="-1.43026" v="-0.11208999"></texcoord>
          </vertex>
          <vertex>
            <position x="0.558495" y="0.723158" z="-0.295377"></position>
            <normal x="0.41581792" y="7.9553435E-4" z="0.9094475"></normal>
            <texcoord u="-1.43958" v="0.98788"></texcoord>
          </vertex>
          <vertex>
            <position x="0.189096" y="0.753491" z="-0.679634"></position>
            <normal x="-0.8785038" y="0.00846861" z="0.47766024"></normal>
            <texcoord u="1.32393" v="-0.10007"></texcoord>
          </vertex>
          <vertex>
            <position x="0.231232" y="0.724274" z="-0.60412"></position>
            <normal x="-0.8649763" y="0.008464548" z="0.5017413"></normal>
            <texcoord u="4.57912" v="0.999787"></texcoord>
          </vertex>
          <vertex>
            <position x="0.231447" y="0.753495" z="-0.604242"></position>
            <normal x="-0.86149025" y="0.008458316" z="0.50770354"></normal>
            <texcoord u="4.57906" v="-0.100219965"></texcoord>
          </vertex>
          <vertex>
            <position x="0.231232" y="0.724274" z="-0.60412"></position>
            <normal x="-0.8649763" y="0.008464548" z="0.5017413"></normal>
            <texcoord u="4.57912" v="0.999784"></texcoord>
          </vertex>
          <vertex>
            <position x="0.189096" y="0.753491" z="-0.679634"></position>
            <normal x="-0.8785038" y="0.00846861" z="0.47766024"></normal>
            <texcoord u="1.32394" v="-0.10007"></texcoord>
          </vertex>
          <vertex>
            <position x="0.188881" y="0.72427" z="-0.679511"></position>
            <normal x="-0.8850156" y="0.0084758345" z="0.46548435"></normal>
            <texcoord u="1.32399" v="0.999936"></texcoord>
          </vertex>
          <vertex>
            <position x="8.55389E-4" y="0.723464" z="-1.20187"></position>
            <normal x="-0.9889523" y="0.0066442788" z="-0.14808519"></normal>
            <texcoord u="-12.2309" v="1.067401"></texcoord>
          </vertex>
          <vertex>
            <position x="0.00343749" y="0.752615" z="-1.21436"></position>
            <normal x="-0.9738177" y="0.0062153456" z="-0.22724548"></normal>
            <texcoord u="-12.7109" v="-0.029979944"></texcoord>
          </vertex>
          <vertex>
            <position x="0.00322233" y="0.723394" z="-1.21424"></position>
            <normal x="-0.9639204" y="0.0060045943" z="-0.266123"></normal>
            <texcoord u="-12.7048" v="1.070009"></texcoord>
          </vertex>
          <vertex>
            <position x="0.00343749" y="0.752615" z="-1.21436"></position>
            <normal x="-0.9738177" y="0.0062153456" z="-0.22724548"></normal>
            <texcoord u="-12.7106" v="-0.030089974"></texcoord>
          </vertex>
          <vertex>
            <position x="8.55389E-4" y="0.723464" z="-1.20187"></position>
            <normal x="-0.9889523" y="0.0066442788" z="-0.14808519"></normal>
            <texcoord u="-12.2306" v="1.067297"></texcoord>
          </vertex>
          <vertex>
            <position x="0.00107055" y="0.752685" z="-1.202"></position>
            <normal x="-0.99414605" y="0.0068480573" z="-0.10782693"></normal>
            <texcoord u="-12.2367" v="-0.032699943"></texcoord>
          </vertex>
          <vertex>
            <position x="0.081031" y="0.724075" z="-0.915325"></position>
            <normal x="-0.93591" y="0.008360832" z="0.35214016"></normal>
            <texcoord u="-7.209" v="1.01037"></texcoord>
          </vertex>
          <vertex>
            <position x="0.0518655" y="0.75317" z="-0.996931"></position>
            <normal x="-0.94529533" y="0.0083224205" z="0.32610977"></normal>
            <texcoord u="-10.4712" v="-0.08492994"></texcoord>
          </vertex>
          <vertex>
            <position x="0.0516503" y="0.72395" z="-0.996809"></position>
            <normal x="-0.9497229" y="0.008294157" z="0.31298184"></normal>
            <texcoord u="-10.4696" v="1.015081"></texcoord>
          </vertex>
          <vertex>
            <position x="0.081031" y="0.724075" z="-0.915325"></position>
            <normal x="-0.93591" y="0.008360832" z="0.35214016"></normal>
            <texcoord u="-7.209" v="1.010369"></texcoord>
          </vertex>
          <vertex>
            <position x="0.0812461" y="0.753296" z="-0.915447"></position>
            <normal x="-0.93095183" y="0.008380391" z="0.36504573"></normal>
            <texcoord u="-7.21059" v="-0.08964002"></texcoord>
          </vertex>
          <vertex>
            <position x="0.0268094" y="0.752259" z="-1.25824"></position>
            <normal x="-0.7451383" y="0.0027479068" z="-0.66690433"></normal>
            <texcoord u="-5.99918" v="-0.05306995"></texcoord>
          </vertex>
          <vertex>
            <position x="0.0187841" y="0.723137" z="-1.24825"></position>
            <normal x="-0.82023394" y="0.0036907685" z="-0.57201636"></normal>
            <texcoord u="-5.51661" v="1.043177"></texcoord>
          </vertex>
          <vertex>
            <position x="0.0189993" y="0.752358" z="-1.24837"></position>
            <normal x="-0.8315317" y="0.0037820041" z="-0.5554644"></normal>
            <texcoord u="-5.52525" v="-0.056800008"></texcoord>
          </vertex>
          <vertex>
            <position x="0.0187841" y="0.723137" z="-1.24825"></position>
            <normal x="-0.82023394" y="0.0036907685" z="-0.57201636"></normal>
            <texcoord u="-5.51689" v="1.043299"></texcoord>
          </vertex>
          <vertex>
            <position x="0.0268094" y="0.752259" z="-1.25824"></position>
            <normal x="-0.7451383" y="0.0027479068" z="-0.66690433"></normal>
            <texcoord u="-5.99946" v="-0.052950025"></texcoord>
          </vertex>
          <vertex>
            <position x="0.0265942" y="0.723038" z="-1.25812"></position>
            <normal x="-0.73150027" y="0.0025870798" z="-0.6818362"></normal>
            <texcoord u="-5.99082" v="1.047025"></texcoord>
          </vertex>
          <vertex>
            <position x="0.385089" y="0.721579" z="-0.976319"></position>
            <normal x="0.19033256" y="-0.0035974083" z="-0.981713"></normal>
            <texcoord u="-1.1241" v="1.046042"></texcoord>
          </vertex>
          <vertex>
            <position x="0.388242" y="0.75078" z="-0.976042"></position>
            <normal x="0.09652832" y="-0.0048617" z="-0.9953184"></normal>
            <texcoord u="-1.24326" v="-0.05317998"></texcoord>
          </vertex>
          <vertex>
            <position x="0.391024" y="0.721537" z="-0.975857"></position>
            <normal x="9.4141753E-4" y="-0.0022608303" z="-0.999997"></normal>
            <texcoord u="-1.34821" v="1.047614"></texcoord>
          </vertex>
          <vertex>
            <position x="0.388242" y="0.75078" z="-0.976042"></position>
            <normal x="0.09652832" y="-0.0048617" z="-0.9953184"></normal>
            <texcoord u="-0.49218" v="-0.13480997"></texcoord>
          </vertex>
          <vertex>
            <position x="0.385089" y="0.721579" z="-0.976319"></position>
            <normal x="0.19033256" y="-0.0035974083" z="-0.981713"></normal>
            <texcoord u="-0.37366" v="0.964478"></texcoord>
          </vertex>
          <vertex>
            <position x="0.38245" y="0.750818" z="-0.977167"></position>
            <normal x="0.30005226" y="-0.0081233485" z="-0.9538882"></normal>
            <texcoord u="-0.270092" v="-0.13624"></texcoord>
          </vertex>
          <vertex>
            <position x="0.38245" y="0.750818" z="-0.977167"></position>
            <normal x="0.30005226" y="-0.0081233485" z="-0.9538882"></normal>
            <texcoord u="1.21872" v="-0.14274001"></texcoord>
          </vertex>
          <vertex>
            <position x="0.379493" y="0.721613" z="-0.978081"></position>
            <normal x="0.40536633" y="-0.0049320813" z="-0.914141"></normal>
            <texcoord u="1.33445" v="0.956715"></texcoord>
          </vertex>
          <vertex>
            <position x="0.377103" y="0.750847" z="-0.979539"></position>
            <normal x="0.4888965" y="-0.0072577684" z="-0.8723116"></normal>
            <texcoord u="1.43895" v="-0.14384997"></texcoord>
          </vertex>
          <vertex>
            <position x="0.379493" y="0.721613" z="-0.978081"></position>
            <normal x="0.40536633" y="-0.0049320813" z="-0.914141"></normal>
            <texcoord u="0.596491" v="1.03396"></texcoord>
          </vertex>
          <vertex>
            <position x="0.38245" y="0.750818" z="-0.977167"></position>
            <normal x="0.30005226" y="-0.0081233485" z="-0.9538882"></normal>
            <texcoord u="0.479957" v="-0.06541002"></texcoord>
          </vertex>
          <vertex>
            <position x="0.385089" y="0.721579" z="-0.976319"></position>
            <normal x="0.19033256" y="-0.0035974083" z="-0.981713"></normal>
            <texcoord u="0.375652" v="1.035236"></texcoord>
          </vertex>
          <vertex>
            <position x="0.00107055" y="0.752685" z="-1.202"></position>
            <normal x="-0.99414605" y="0.0068480573" z="-0.10782693"></normal>
            <texcoord u="-14.0143" v="-0.034469962"></texcoord>
          </vertex>
          <vertex>
            <position x="-5.55112E-17" y="0.723523" z="-1.18921"></position>
            <normal x="-0.9996214" y="0.0072437827" z="-0.026545268"></normal>
            <texcoord u="-13.5313" v="1.063291"></texcoord>
          </vertex>
          <vertex>
            <position x="2.15165E-4" y="0.752744" z="-1.18933"></position>
            <normal x="-0.9998678" y="0.007428178" z="0.014463301"></normal>
            <texcoord u="-13.5365" v="-0.036710024"></texcoord>
          </vertex>
          <vertex>
            <position x="-5.55112E-17" y="0.723523" z="-1.18921"></position>
            <normal x="-0.9996214" y="0.0072437827" z="-0.026545268"></normal>
            <texcoord u="-13.5314" v="1.063323"></texcoord>
          </vertex>
          <vertex>
            <position x="0.00107055" y="0.752685" z="-1.202"></position>
            <normal x="-0.99414605" y="0.0068480573" z="-0.10782693"></normal>
            <texcoord u="-14.0144" v="-0.03444004"></texcoord>
          </vertex>
          <vertex>
            <position x="8.55389E-4" y="0.723464" z="-1.20187"></position>
            <normal x="-0.9889523" y="0.0066442788" z="-0.14808519"></normal>
            <texcoord u="-14.0092" v="1.06556"></texcoord>
          </vertex>
          <vertex>
            <position x="0.461217" y="0.753091" z="-0.297018"></position>
            <normal x="-0.46302706" y="0.007106976" z="0.8863156"></normal>
            <texcoord u="12.2366" v="-0.040390015"></texcoord>
          </vertex>
          <vertex>
            <position x="0.472388" y="0.723809" z="-0.291522"></position>
            <normal x="-0.3901519" y="0.0067148358" z="0.920726"></normal>
            <texcoord u="12.7052" v="1.061918"></texcoord>
          </vertex>
          <vertex>
            <position x="0.472603" y="0.753029" z="-0.291644"></position>
            <normal x="-0.35280207" y="0.0065135336" z="0.9356753"></normal>
            <texcoord u="12.7105" v="-0.038079977"></texcoord>
          </vertex>
          <vertex>
            <position x="0.472388" y="0.723809" z="-0.291522"></position>
            <normal x="-0.3901519" y="0.0067148358" z="0.920726"></normal>
            <texcoord u="12.7051" v="1.061928"></texcoord>
          </vertex>
          <vertex>
            <position x="0.461217" y="0.753091" z="-0.297018"></position>
            <normal x="-0.46302706" y="0.007106976" z="0.8863156"></normal>
            <texcoord u="12.2366" v="-0.04038"></texcoord>
          </vertex>
          <vertex>
            <position x="0.461002" y="0.72387" z="-0.296896"></position>
            <normal x="-0.4985529" y="0.0072928825" z="0.8668286"></normal>
            <texcoord u="12.2312" v="1.059618"></texcoord>
          </vertex>
          <vertex>
            <position x="0.509035" y="0.72357" z="-0.284063"></position>
            <normal x="-0.040921718" y="0.004483509" z="0.99915224"></normal>
            <texcoord u="7.86263" v="1.055126"></texcoord>
          </vertex>
          <vertex>
            <position x="0.496759" y="0.752879" z="-0.2852"></position>
            <normal x="-0.120638624" y="0.0050543686" z="0.9926836"></normal>
            <texcoord u="7.39858" v="-0.048159957"></texcoord>
          </vertex>
          <vertex>
            <position x="0.496544" y="0.723658" z="-0.285077"></position>
            <normal x="-0.16021682" y="0.0053335344" z="0.98706746"></normal>
            <texcoord u="7.39088" v="1.051821"></texcoord>
          </vertex>
          <vertex>
            <position x="0.496759" y="0.752879" z="-0.2852"></position>
            <normal x="-0.120638624" y="0.0050543686" z="0.9926836"></normal>
            <texcoord u="7.39881" v="-0.048259974"></texcoord>
          </vertex>
          <vertex>
            <position x="0.509035" y="0.72357" z="-0.284063"></position>
            <normal x="-0.040921718" y="0.004483509" z="0.99915224"></normal>
            <texcoord u="7.86286" v="1.055027"></texcoord>
          </vertex>
          <vertex>
            <position x="0.50925" y="0.752791" z="-0.284185"></position>
            <normal x="-0.020883005" y="0.0043271245" z="0.99977255"></normal>
            <texcoord u="7.87057" v="-0.044960022"></texcoord>
          </vertex>
          <vertex>
            <position x="0.50925" y="0.752791" z="-0.284185"></position>
            <normal x="-0.020883005" y="0.0043271245" z="0.99977255"></normal>
            <texcoord u="5.52498" v="-0.058400035"></texcoord>
          </vertex>
          <vertex>
            <position x="0.521615" y="0.723475" z="-0.284557"></position>
            <normal x="0.099752046" y="0.003419654" z="0.99500644"></normal>
            <texcoord u="5.99062" v="1.045145"></texcoord>
          </vertex>
          <vertex>
            <position x="0.52183" y="0.752696" z="-0.284679"></position>
            <normal x="0.119891845" y="0.0032739518" z="0.9927815"></normal>
            <texcoord u="5.99891" v="-0.054829955"></texcoord>
          </vertex>
          <vertex>
            <position x="0.521615" y="0.723475" z="-0.284557"></position>
            <normal x="0.099752046" y="0.003419654" z="0.99500644"></normal>
            <texcoord u="5.99087" v="1.04504"></texcoord>
          </vertex>
          <vertex>
            <position x="0.50925" y="0.752791" z="-0.284185"></position>
            <normal x="-0.020883005" y="0.0043271245" z="0.99977255"></normal>
            <texcoord u="5.52522" v="-0.058509946"></texcoord>
          </vertex>
          <vertex>
            <position x="0.509035" y="0.72357" z="-0.284063"></position>
            <normal x="-0.040921718" y="0.004483509" z="0.99915224"></normal>
            <texcoord u="5.51694" v="1.041474"></texcoord>
          </vertex>
          <vertex>
            <position x="0.0258557" y="0.753015" z="-1.07969"></position>
            <normal x="-0.958033" y="0.008238665" z="0.28653932"></normal>
            <texcoord u="-13.4027" v="-0.07606995"></texcoord>
          </vertex>
          <vertex>
            <position x="0.0516503" y="0.72395" z="-0.996809"></position>
            <normal x="-0.9497229" y="0.008294157" z="0.31298184"></normal>
            <texcoord u="-10.1351" v="1.018098"></texcoord>
          </vertex>
          <vertex>
            <position x="0.0518655" y="0.75317" z="-0.996931"></position>
            <normal x="-0.94529533" y="0.0083224205" z="0.32610977"></normal>
            <texcoord u="-10.1371" v="-0.081910014"></texcoord>
          </vertex>
          <vertex>
            <position x="0.0516503" y="0.72395" z="-0.996809"></position>
            <normal x="-0.9497229" y="0.008294157" z="0.31298184"></normal>
            <texcoord u="-10.1351" v="1.018085"></texcoord>
          </vertex>
          <vertex>
            <position x="0.0258557" y="0.753015" z="-1.07969"></position>
            <normal x="-0.958033" y="0.008238665" z="0.28653932"></normal>
            <texcoord u="-13.4027" v="-0.076079965"></texcoord>
          </vertex>
          <vertex>
            <position x="0.0256405" y="0.723794" z="-1.07957"></position>
            <normal x="-0.9619158" y="0.008205632" z="0.27322274"></normal>
            <texcoord u="-13.4007" v="1.02393"></texcoord>
          </vertex>
          <vertex>
            <position x="0.00703971" y="0.723316" z="-1.22618"></position>
            <normal x="-0.92513126" y="0.005205373" z="-0.37961185"></normal>
            <texcoord u="-9.14437" v="1.062835"></texcoord>
          </vertex>
          <vertex>
            <position x="0.0124616" y="0.752451" z="-1.23768"></position>
            <normal x="-0.8919433" y="0.0046032225" z="-0.45212373"></normal>
            <texcoord u="-9.62299" v="-0.033910036"></texcoord>
          </vertex>
          <vertex>
            <position x="0.0122465" y="0.72323" z="-1.23755"></position>
            <normal x="-0.87323457" y="0.0043211216" z="-0.48728094"></normal>
            <texcoord u="-9.61543" v="1.066075"></texcoord>
          </vertex>
          <vertex>
            <position x="0.0124616" y="0.752451" z="-1.23768"></position>
            <normal x="-0.8919433" y="0.0046032225" z="-0.45212373"></normal>
            <texcoord u="-9.62284" v="-0.03397"></texcoord>
          </vertex>
          <vertex>
            <position x="0.00703971" y="0.723316" z="-1.22618"></position>
            <normal x="-0.92513126" y="0.005205373" z="-0.37961185"></normal>
            <texcoord u="-9.14422" v="1.062769"></texcoord>
          </vertex>
          <vertex>
            <position x="0.0072549" y="0.752537" z="-1.2263"></position>
            <normal x="-0.93958324" y="0.0055128587" z="-0.34227604"></normal>
            <texcoord u="-9.15179" v="-0.037209988"></texcoord>
          </vertex>
          <vertex>
            <position x="0.71" y="0.750929" z="-0.375255"></position>
            <normal x="0.8825552" y="-0.007193827" z="0.47015372"></normal>
            <texcoord u="-9.8238" v="-0.06710994"></texcoord>
          </vertex>
          <vertex>
            <position x="0.710744" y="0.721694" z="-0.377099"></position>
            <normal x="0.9058584" y="-0.0075469343" z="0.42351335"></normal>
            <texcoord u="-9.74896" v="1.03344"></texcoord>
          </vertex>
          <vertex>
            <position x="0.711636" y="0.750901" z="-0.379296"></position>
            <normal x="0.9700239" y="-0.004377321" z="0.24297026"></normal>
            <texcoord u="-9.65963" v="-0.06601"></texcoord>
          </vertex>
          <vertex>
            <position x="0.0256405" y="0.723794" z="-1.07957"></position>
            <normal x="-0.9619158" y="0.008205632" z="0.27322274"></normal>
            <texcoord u="-13.0453" v="1.027819"></texcoord>
          </vertex>
          <vertex>
            <position x="0.0032675" y="0.752829" z="-1.16362"></position>
            <normal x="-0.9724423" y="0.008118232" z="0.2330021"></normal>
            <texcoord u="-16.3195" v="-0.065209985"></texcoord>
          </vertex>
          <vertex>
            <position x="0.00305231" y="0.723608" z="-1.1635"></position>
            <normal x="-0.97852093" y="0.008072299" z="0.20598958"></normal>
            <texcoord u="-16.3172" v="1.034798"></texcoord>
          </vertex>
          <vertex>
            <position x="0.0032675" y="0.752829" z="-1.16362"></position>
            <normal x="-0.9724423" y="0.008118232" z="0.2330021"></normal>
            <texcoord u="-16.3195" v="-0.06526005"></texcoord>
          </vertex>
          <vertex>
            <position x="0.0256405" y="0.723794" z="-1.07957"></position>
            <normal x="-0.9619158" y="0.008205632" z="0.27322274"></normal>
            <texcoord u="-13.0452" v="1.027764"></texcoord>
          </vertex>
          <vertex>
            <position x="0.0258557" y="0.753015" z="-1.07969"></position>
            <normal x="-0.958033" y="0.008238665" z="0.28653932"></normal>
            <texcoord u="-13.0476" v="-0.07225001"></texcoord>
          </vertex>
          <vertex>
            <position x="0.413954" y="0.750615" z="-0.970169"></position>
            <normal x="0.68558294" y="-0.0063589504" z="-0.72796685"></normal>
            <texcoord u="1.53103" v="-0.07169998"></texcoord>
          </vertex>
          <vertex>
            <position x="0.411709" y="0.721402" z="-0.97175"></position>
            <normal x="0.5988485" y="-0.009475342" z="-0.8008062"></normal>
            <texcoord u="1.63434" v="1.027979"></texcoord>
          </vertex>
          <vertex>
            <position x="0.409725" y="0.750633" z="-0.97333"></position>
            <normal x="0.50511545" y="-0.005630956" z="-0.8630334"></normal>
            <texcoord u="1.7298" v="-0.07237005"></texcoord>
          </vertex>
          <vertex>
            <position x="0.411709" y="0.721402" z="-0.97175"></position>
            <normal x="0.5988485" y="-0.009475342" z="-0.8008062"></normal>
            <texcoord u="2.36702" v="0.961284"></texcoord>
          </vertex>
          <vertex>
            <position x="0.413954" y="0.750615" z="-0.970169"></position>
            <normal x="0.68558294" y="-0.0063589504" z="-0.72796685"></normal>
            <texcoord u="2.2647" v="-0.13848996"></texcoord>
          </vertex>
          <vertex>
            <position x="0.415576" y="0.721389" z="-0.96811"></position>
            <normal x="0.7514174" y="-0.008269642" z="-0.6597753"></normal>
            <texcoord u="2.16712" v="0.961782"></texcoord>
          </vertex>
          <vertex>
            <position x="0.184672" y="0.750751" z="-1.3404"></position>
            <normal x="0.3530395" y="-0.013401433" z="-0.9355124"></normal>
            <texcoord u="11.8596" v="-0.34708"></texcoord>
          </vertex>
          <vertex>
            <position x="0.180226" y="0.721557" z="-1.34134"></position>
            <normal x="0.1561991" y="-0.007682352" z="-0.9876957"></normal>
            <texcoord u="12.0297" v="0.752037"></texcoord>
          </vertex>
          <vertex>
            <position x="0.182595" y="0.750763" z="-1.34107"></position>
            <normal x="0.17264684" y="-0.004901969" z="-0.9849716"></normal>
            <texcoord u="11.9418" v="-0.34755003"></texcoord>
          </vertex>
          <vertex>
            <position x="0.180226" y="0.721557" z="-1.34134"></position>
            <normal x="0.1561991" y="-0.007682352" z="-0.9876957"></normal>
            <texcoord u="12.0291" v="0.75212"></texcoord>
          </vertex>
          <vertex>
            <position x="0.184672" y="0.750751" z="-1.3404"></position>
            <normal x="0.3530395" y="-0.013401433" z="-0.9355124"></normal>
            <texcoord u="11.8591" v="-0.34699"></texcoord>
          </vertex>
          <vertex>
            <position x="0.186423" y="0.72152" z="-1.33931"></position>
            <normal x="0.4391954" y="-0.010673729" z="-0.8983281"></normal>
            <texcoord u="11.7838" v="0.75352"></texcoord>
          </vertex>
          <vertex>
            <position x="0.325231" y="0.724191" z="-0.458754"></position>
            <normal x="-0.82042843" y="0.008423919" z="0.5716871"></normal>
            <texcoord u="10.4697" v="1.00687"></texcoord>
          </vertex>
          <vertex>
            <position x="0.276914" y="0.753469" z="-0.530623"></position>
            <normal x="-0.83593166" y="0.008442016" z="0.5487686"></normal>
            <texcoord u="7.20976" v="-0.09528005"></texcoord>
          </vertex>
          <vertex>
            <position x="0.276699" y="0.724248" z="-0.530501"></position>
            <normal x="-0.83970577" y="0.008445316" z="0.54297614"></normal>
            <texcoord u="7.20904" v="1.004732"></texcoord>
          </vertex>
          <vertex>
            <position x="0.276914" y="0.753469" z="-0.530623"></position>
            <normal x="-0.83593166" y="0.008442016" z="0.5487686"></normal>
            <texcoord u="7.20975" v="-0.09524"></texcoord>
          </vertex>
          <vertex>
            <position x="0.325231" y="0.724191" z="-0.458754"></position>
            <normal x="-0.82042843" y="0.008423919" z="0.5716871"></normal>
            <texcoord u="10.4697" v="1.006909"></texcoord>
          </vertex>
          <vertex>
            <position x="0.325446" y="0.753412" z="-0.458876"></position>
            <normal x="-0.8124307" y="0.008421396" z="0.58299696"></normal>
            <texcoord u="10.4704" v="-0.09309995"></texcoord>
          </vertex>
          <vertex>
            <position x="0.407164" y="0.721424" z="-0.974409"></position>
            <normal x="0.42227563" y="-0.006921447" z="-0.9064411"></normal>
            <texcoord u="1.08392" v="0.961445"></texcoord>
          </vertex>
          <vertex>
            <position x="0.409725" y="0.750633" z="-0.97333"></position>
            <normal x="0.50511545" y="-0.005630956" z="-0.8630334"></normal>
            <texcoord u="0.980202" v="-0.13814998"></texcoord>
          </vertex>
          <vertex>
            <position x="0.411709" y="0.721402" z="-0.97175"></position>
            <normal x="0.5988485" y="-0.009475342" z="-0.8008062"></normal>
            <texcoord u="0.885678" v="0.962283"></texcoord>
          </vertex>
          <vertex>
            <position x="0.409725" y="0.750633" z="-0.97333"></position>
            <normal x="0.50511545" y="-0.005630956" z="-0.8630334"></normal>
            <texcoord u="0.220512" v="-0.06675005"></texcoord>
          </vertex>
          <vertex>
            <position x="0.407164" y="0.721424" z="-0.974409"></position>
            <normal x="0.42227563" y="-0.006921447" z="-0.9064411"></normal>
            <texcoord u="0.325107" v="1.032766"></texcoord>
          </vertex>
          <vertex>
            <position x="0.404911" y="0.750659" z="-0.975465"></position>
            <normal x="0.33576447" y="-0.0047543757" z="-0.94193393"></normal>
            <texcoord u="0.418752" v="-0.06773996"></texcoord>
          </vertex>
          <vertex>
            <position x="0.149696" y="0.724235" z="-0.756576"></position>
            <normal x="-0.90353566" y="0.008462059" z="0.4284294"></normal>
            <texcoord u="-1.324" v="1.001067"></texcoord>
          </vertex>
          <vertex>
            <position x="0.113945" y="0.753391" z="-0.835336"></position>
            <normal x="-0.9150241" y="0.008436" z="0.40331087"></normal>
            <texcoord u="-4.57995" v="-0.09651005"></texcoord>
          </vertex>
          <vertex>
            <position x="0.11373" y="0.72417" z="-0.835213"></position>
            <normal x="-0.92050934" y="0.008414151" z="0.39062992"></normal>
            <texcoord u="-4.57913" v="1.003502"></texcoord>
          </vertex>
          <vertex>
            <position x="0.113945" y="0.753391" z="-0.835336"></position>
            <normal x="-0.9150241" y="0.008436" z="0.40331087"></normal>
            <texcoord u="-4.57993" v="-0.09658003"></texcoord>
          </vertex>
          <vertex>
            <position x="0.149696" y="0.724235" z="-0.756576"></position>
            <normal x="-0.90353566" y="0.008462059" z="0.4284294"></normal>
            <texcoord u="-1.32398" v="1.00099"></texcoord>
          </vertex>
          <vertex>
            <position x="0.149912" y="0.753456" z="-0.756698"></position>
            <normal x="-0.897532" y="0.008470022" z="0.44086817"></normal>
            <texcoord u="-1.3248" v="-0.099020004"></texcoord>
          </vertex>
          <vertex>
            <position x="0.712099" y="0.750879" z="-0.38365"></position>
            <normal x="0.9998232" y="-0.0061166584" z="-0.017779203"></normal>
            <texcoord u="-17.2778" v="-0.15857995"></texcoord>
          </vertex>
          <vertex>
            <position x="0.711647" y="0.721651" z="-0.38574"></position>
            <normal x="0.9880639" y="-0.007914651" z="-0.1538415"></normal>
            <texcoord u="-17.1978" v="0.941707"></texcoord>
          </vertex>
          <vertex>
            <position x="0.711862" y="0.750871" z="-0.385862"></position>
            <normal x="0.97956616" y="-0.008047773" z="-0.20096116"></normal>
            <texcoord u="-17.1941" v="-0.15830004"></texcoord>
          </vertex>
          <vertex>
            <position x="0.711647" y="0.721651" z="-0.38574"></position>
            <normal x="0.9880639" y="-0.007914651" z="-0.1538415"></normal>
            <texcoord u="-17.1984" v="0.94175"></texcoord>
          </vertex>
          <vertex>
            <position x="0.712099" y="0.750879" z="-0.38365"></position>
            <normal x="0.9998232" y="-0.0061166584" z="-0.017779203"></normal>
            <texcoord u="-17.2784" v="-0.15854001"></texcoord>
          </vertex>
          <vertex>
            <position x="0.711884" y="0.721658" z="-0.383527"></position>
            <normal x="0.99935484" y="-0.007500612" z="-0.03512461"></normal>
            <texcoord u="-17.2821" v="0.941465"></texcoord>
          </vertex>
          <vertex>
            <position x="0.188246" y="0.721511" z="-1.33808"></position>
            <normal x="0.6169456" y="-0.0061268047" z="-0.7869819"></normal>
            <texcoord u="17.7401" v="0.953061"></texcoord>
          </vertex>
          <vertex>
            <position x="0.19011" y="0.750726" z="-1.33671"></position>
            <normal x="0.68899995" y="-0.0063027493" z="-0.724734"></normal>
            <texcoord u="17.6535" v="-0.14672005"></texcoord>
          </vertex>
          <vertex>
            <position x="0.189895" y="0.721506" z="-1.33659"></position>
            <normal x="0.73876" y="-0.008202425" z="-0.67391855"></normal>
            <texcoord u="17.6564" v="0.953284"></texcoord>
          </vertex>
          <vertex>
            <position x="0.19011" y="0.750726" z="-1.33671"></position>
            <normal x="0.68899995" y="-0.0063027493" z="-0.724734"></normal>
            <texcoord u="16.8335" v="-0.08843005"></texcoord>
          </vertex>
          <vertex>
            <position x="0.188246" y="0.721511" z="-1.33808"></position>
            <normal x="0.6169456" y="-0.0061268047" z="-0.7869819"></normal>
            <texcoord u="16.9205" v="1.01132"></texcoord>
          </vertex>
          <vertex>
            <position x="0.186638" y="0.750741" z="-1.33944"></position>
            <normal x="0.54079384" y="-0.005888076" z="-0.84113455"></normal>
            <texcoord u="16.9996" v="-0.08896005"></texcoord>
          </vertex>
          <vertex>
            <position x="0.0356183" y="0.722934" z="-1.26705"></position>
            <normal x="-0.64270896" y="0.0015880177" z="-0.76610875"></normal>
            <texcoord u="-1.4772" v="1.012397"></texcoord>
          </vertex>
          <vertex>
            <position x="0.0460106" y="0.752047" z="-1.27502"></position>
            <normal x="-0.57750285" y="9.0028305E-4" z="-0.81638813"></normal>
            <texcoord u="-1.97029" v="-0.08351004"></texcoord>
          </vertex>
          <vertex>
            <position x="0.0457954" y="0.722826" z="-1.2749"></position>
            <normal x="-0.54305565" y="4.680123E-4" z="-0.8396965"></normal>
            <texcoord u="-1.96105" v="1.016458"></texcoord>
          </vertex>
          <vertex>
            <position x="0.0460106" y="0.752047" z="-1.27502"></position>
            <normal x="-0.57750285" y="9.0028305E-4" z="-0.81638813"></normal>
            <texcoord u="-1.97043" v="-0.08344996"></texcoord>
          </vertex>
          <vertex>
            <position x="0.0356183" y="0.722934" z="-1.26705"></position>
            <normal x="-0.64270896" y="0.0015880177" z="-0.76610875"></normal>
            <texcoord u="-1.47734" v="1.012461"></texcoord>
          </vertex>
          <vertex>
            <position x="0.0358335" y="0.752155" z="-1.26717"></position>
            <normal x="-0.6736368" y="0.0019269211" z="-0.73906"></normal>
            <texcoord u="-1.48657" v="-0.08750999"></texcoord>
          </vertex>
          <vertex>
            <position x="0.534145" y="0.723374" z="-0.286586"></position>
            <normal x="0.20031014" y="0.0026392287" z="0.979729"></normal>
            <texcoord u="4.01566" v="1.031944"></texcoord>
          </vertex>
          <vertex>
            <position x="0.52183" y="0.752696" z="-0.284679"></position>
            <normal x="0.119891845" y="0.0032739518" z="0.9927815"></normal>
            <texcoord u="3.54657" v="-0.071830034"></texcoord>
          </vertex>
          <vertex>
            <position x="0.521615" y="0.723475" z="-0.284557"></position>
            <normal x="0.099752046" y="0.003419654" z="0.99500644"></normal>
            <texcoord u="3.53783" v="1.028147"></texcoord>
          </vertex>
          <vertex>
            <position x="0.52183" y="0.752696" z="-0.284679"></position>
            <normal x="0.119891845" y="0.0032739518" z="0.9927815"></normal>
            <texcoord u="3.54689" v="-0.07195997"></texcoord>
          </vertex>
          <vertex>
            <position x="0.534145" y="0.723374" z="-0.286586"></position>
            <normal x="0.20031014" y="0.0026392287" z="0.979729"></normal>
            <texcoord u="4.01598" v="1.031807"></texcoord>
          </vertex>
          <vertex>
            <position x="0.53436" y="0.752595" z="-0.286709"></position>
            <normal x="0.2404213" y="0.0023033845" z="0.9706659"></normal>
            <texcoord u="4.02472" v="-0.06816995"></texcoord>
          </vertex>
          <vertex>
            <position x="0.402342" y="0.750675" z="-0.976117"></position>
            <normal x="0.17161466" y="-0.0053855292" z="-0.9851494"></normal>
            <texcoord u="-1.7737" v="-0.053040028"></texcoord>
          </vertex>
          <vertex>
            <position x="0.399482" y="0.721473" z="-0.976353"></position>
            <normal x="0.09634326" y="-0.0048603434" z="-0.99533635"></normal>
            <texcoord u="-1.66565" v="1.046255"></texcoord>
          </vertex>
          <vertex>
            <position x="0.396999" y="0.750713" z="-0.976531"></position>
            <normal x="9.048636E-4" y="-0.0024362372" z="-0.99999666"></normal>
            <texcoord u="-1.57195" v="-0.05446005"></texcoord>
          </vertex>
          <vertex>
            <position x="0.399482" y="0.721473" z="-0.976353"></position>
            <normal x="0.09634326" y="-0.0048603434" z="-0.99533635"></normal>
            <texcoord u="-0.906604" v="0.971123"></texcoord>
          </vertex>
          <vertex>
            <position x="0.402342" y="0.750675" z="-0.976117"></position>
            <normal x="0.17161466" y="-0.0053855292" z="-0.9851494"></normal>
            <texcoord u="-1.01401" v="-0.12822998"></texcoord>
          </vertex>
          <vertex>
            <position x="0.404695" y="0.721439" z="-0.975342"></position>
            <normal x="0.2638966" y="-0.007738186" z="-0.9645199"></normal>
            <texcoord u="-1.10652" v="0.972411"></texcoord>
          </vertex>
          <vertex>
            <position x="0.374659" y="0.750858" z="-0.981159"></position>
            <normal x="0.62120944" y="-0.007841134" z="-0.78360534"></normal>
            <texcoord u="3.62602" v="-0.10906994"></texcoord>
          </vertex>
          <vertex>
            <position x="0.374444" y="0.721638" z="-0.981037"></position>
            <normal x="0.61024123" y="-0.0063991267" z="-0.7921899"></normal>
            <texcoord u="3.62877" v="0.990934"></texcoord>
          </vertex>
          <vertex>
            <position x="0.370363" y="0.750873" z="-0.985204"></position>
            <normal x="0.7451689" y="-0.008282576" z="-0.6668243"></normal>
            <texcoord u="3.84813" v="-0.10962999"></texcoord>
          </vertex>
          <vertex>
            <position x="0.708767" y="0.750946" z="-0.37343"></position>
            <normal x="0.80069953" y="-0.006906039" z="0.5990263"></normal>
            <texcoord u="-5.75293" v="-0.35860002"></texcoord>
          </vertex>
          <vertex>
            <position x="0.710744" y="0.721694" z="-0.377099"></position>
            <normal x="0.9058584" y="-0.0075469343" z="0.42351335"></normal>
            <texcoord u="-5.5969" v="0.74268496"></texcoord>
          </vertex>
          <vertex>
            <position x="0.71" y="0.750929" z="-0.375255"></position>
            <normal x="0.8825552" y="-0.007193827" z="0.47015372"></normal>
            <texcoord u="-5.67009" v="-0.35797"></texcoord>
          </vertex>
          <vertex>
            <position x="0.710744" y="0.721694" z="-0.377099"></position>
            <normal x="0.9058584" y="-0.0075469343" z="0.42351335"></normal>
            <texcoord u="-7.0191" v="0.948716"></texcoord>
          </vertex>
          <vertex>
            <position x="0.708767" y="0.750946" z="-0.37343"></position>
            <normal x="0.80069953" y="-0.006906039" z="0.5990263"></normal>
            <texcoord u="-7.17584" v="-0.15247"></texcoord>
          </vertex>
          <vertex>
            <position x="0.708552" y="0.721726" z="-0.373308"></position>
            <normal x="0.7390389" y="-0.0064572315" z="0.6736319"></normal>
            <texcoord u="-7.18388" v="0.94751203"></texcoord>
          </vertex>
          <vertex>
            <position x="0.182595" y="0.750763" z="-1.34107"></position>
            <normal x="0.17264684" y="-0.004901969" z="-0.9849716"></normal>
            <texcoord u="6.68795" v="0.062130988"></texcoord>
          </vertex>
          <vertex>
            <position x="0.180226" y="0.721557" z="-1.34134"></position>
            <normal x="0.1561991" y="-0.007682352" z="-0.9876957"></normal>
            <texcoord u="6.77743" v="1.161583"></texcoord>
          </vertex>
          <vertex>
            <position x="0.176031" y="0.750811" z="-1.3413"></position>
            <normal x="-0.1436476" y="0.0011808567" z="-0.98962826"></normal>
            <texcoord u="6.93521" v="0.06034398"></texcoord>
          </vertex>
          <vertex>
            <position x="0.450263" y="0.723921" z="-0.303665"></position>
            <normal x="-0.60071313" y="0.007770849" z="0.799427"></normal>
            <texcoord u="15.1233" v="1.046147"></texcoord>
          </vertex>
          <vertex>
            <position x="0.440527" y="0.753181" z="-0.311924"></position>
            <normal x="-0.66449225" y="0.008016281" z="0.7472521"></normal>
            <texcoord u="14.6427" v="-0.055330038"></texcoord>
          </vertex>
          <vertex>
            <position x="0.440312" y="0.72396" z="-0.311802"></position>
            <normal x="-0.69492805" y="0.00812298" z="0.71903336"></normal>
            <texcoord u="14.6394" v="1.044671"></texcoord>
          </vertex>
          <vertex>
            <position x="0.440527" y="0.753181" z="-0.311924"></position>
            <normal x="-0.66449225" y="0.008016281" z="0.7472521"></normal>
            <texcoord u="14.6426" v="-0.055269957"></texcoord>
          </vertex>
          <vertex>
            <position x="0.450263" y="0.723921" z="-0.303665"></position>
            <normal x="-0.60071313" y="0.007770849" z="0.799427"></normal>
            <texcoord u="15.1231" v="1.04621"></texcoord>
          </vertex>
          <vertex>
            <position x="0.450479" y="0.753141" z="-0.303787"></position>
            <normal x="-0.567406" y="0.0076256134" z="0.8234029"></normal>
            <texcoord u="15.1265" v="-0.053789973"></texcoord>
          </vertex>
          <vertex>
            <position x="0.53436" y="0.752595" z="-0.286709"></position>
            <normal x="0.2404213" y="0.0023033845" z="0.9706659"></normal>
            <texcoord u="1.48641" v="-0.08789003"></texcoord>
          </vertex>
          <vertex>
            <position x="0.546484" y="0.723269" z="-0.290186"></position>
            <normal x="0.31948858" y="0.001609276" z="0.9475887"></normal>
            <texcoord u="1.9612" v="1.016072"></texcoord>
          </vertex>
          <vertex>
            <position x="0.5467" y="0.752489" z="-0.290308"></position>
            <normal x="0.35850886" y="0.001283918" z="0.9335255"></normal>
            <texcoord u="1.97028" v="-0.083899975"></texcoord>
          </vertex>
          <vertex>
            <position x="0.546484" y="0.723269" z="-0.290186"></position>
            <normal x="0.31948858" y="0.001609276" z="0.9475887"></normal>
            <texcoord u="1.96117" v="1.016085"></texcoord>
          </vertex>
          <vertex>
            <position x="0.53436" y="0.752595" z="-0.286709"></position>
            <normal x="0.2404213" y="0.0023033845" z="0.9706659"></normal>
            <texcoord u="1.48638" v="-0.087880015"></texcoord>
          </vertex>
          <vertex>
            <position x="0.534145" y="0.723374" z="-0.286586"></position>
            <normal x="0.20031014" y="0.0026392287" z="0.979729"></normal>
            <texcoord u="1.47731" v="1.012096"></texcoord>
          </vertex>
          <vertex>
            <position x="0.484497" y="0.752959" z="-0.287697"></position>
            <normal x="-0.23835345" y="0.00584158" z="0.9711609"></normal>
            <texcoord u="9.15143" v="-0.04156995"></texcoord>
          </vertex>
          <vertex>
            <position x="0.496544" y="0.723658" z="-0.285077"></position>
            <normal x="-0.16021682" y="0.0053335344" z="0.98706746"></normal>
            <texcoord u="9.61547" v="1.061428"></texcoord>
          </vertex>
          <vertex>
            <position x="0.496759" y="0.752879" z="-0.2852"></position>
            <normal x="-0.120638624" y="0.0050543686" z="0.9926836"></normal>
            <texcoord u="9.62249" v="-0.038560033"></texcoord>
          </vertex>
          <vertex>
            <position x="0.496544" y="0.723658" z="-0.285077"></position>
            <normal x="-0.16021682" y="0.0053335344" z="0.98706746"></normal>
            <texcoord u="9.61552" v="1.061409"></texcoord>
          </vertex>
          <vertex>
            <position x="0.484497" y="0.752959" z="-0.287697"></position>
            <normal x="-0.23835345" y="0.00584158" z="0.9711609"></normal>
            <texcoord u="9.15148" v="-0.04157996"></texcoord>
          </vertex>
          <vertex>
            <position x="0.484282" y="0.723738" z="-0.287574"></position>
            <normal x="-0.2769109" y="0.0060713873" z="0.9608764"></normal>
            <texcoord u="9.14446" v="1.0584021"></texcoord>
          </vertex>
          <vertex>
            <position x="7.11946E-4" y="0.723572" z="-1.17637"></position>
            <normal x="-0.99528366" y="0.0077524767" z="0.09669679"></normal>
            <texcoord u="-14.6392" v="1.055266"></texcoord>
          </vertex>
          <vertex>
            <position x="2.15165E-4" y="0.752744" z="-1.18933"></position>
            <normal x="-0.9998678" y="0.007428178" z="0.014463301"></normal>
            <texcoord u="-15.1273" v="-0.04290998"></texcoord>
          </vertex>
          <vertex>
            <position x="-5.55112E-17" y="0.723523" z="-1.18921"></position>
            <normal x="-0.9996214" y="0.0072437827" z="-0.026545268"></normal>
            <texcoord u="-15.1231" v="1.057094"></texcoord>
          </vertex>
          <vertex>
            <position x="2.15165E-4" y="0.752744" z="-1.18933"></position>
            <normal x="-0.9998678" y="0.007428178" z="0.014463301"></normal>
            <texcoord u="-15.1273" v="-0.04288006"></texcoord>
          </vertex>
          <vertex>
            <position x="7.11946E-4" y="0.723572" z="-1.17637"></position>
            <normal x="-0.99528366" y="0.0077524767" z="0.09669679"></normal>
            <texcoord u="-14.6393" v="1.055288"></texcoord>
          </vertex>
          <vertex>
            <position x="9.27111E-4" y="0.752792" z="-1.1765"></position>
            <normal x="-0.99041367" y="0.007886272" z="0.13790749"></normal>
            <texcoord u="-14.6434" v="-0.04471004"></texcoord>
          </vertex>
          <vertex>
            <position x="0.370148" y="0.721652" z="-0.985081"></position>
            <normal x="0.745147" y="-0.008288568" z="-0.6668488"></normal>
            <texcoord u="3.85105" v="0.990416"></texcoord>
          </vertex>
          <vertex>
            <position x="0.370363" y="0.750873" z="-0.985204"></position>
            <normal x="0.7451689" y="-0.008282576" z="-0.6668243"></normal>
            <texcoord u="3.8483" v="-0.10959005"></texcoord>
          </vertex>
          <vertex>
            <position x="0.374444" y="0.721638" z="-0.981037"></position>
            <normal x="0.61024123" y="-0.0063991267" z="-0.7921899"></normal>
            <texcoord u="3.62894" v="0.990969"></texcoord>
          </vertex>
          <vertex>
            <position x="0.175815" y="0.72159" z="-1.34118"></position>
            <normal x="-0.1427604" y="-0.003010796" z="-0.98975265"></normal>
            <texcoord u="5.5314" v="0.958417"></texcoord>
          </vertex>
          <vertex>
            <position x="0.176031" y="0.750811" z="-1.3413"></position>
            <normal x="-0.1436476" y="0.0011808567" z="-0.98962826"></normal>
            <texcoord u="5.52314" v="-0.14155996"></texcoord>
          </vertex>
          <vertex>
            <position x="0.180226" y="0.721557" z="-1.34134"></position>
            <normal x="0.1561991" y="-0.007682352" z="-0.9876957"></normal>
            <texcoord u="5.36527" v="0.959662"></texcoord>
          </vertex>
          <vertex>
            <position x="0.39124" y="0.750758" z="-0.97598"></position>
            <normal x="-0.056776363" y="-0.0037707177" z="-0.99837977"></normal>
            <texcoord u="-1.72629" v="-0.08748996"></texcoord>
          </vertex>
          <vertex>
            <position x="0.391024" y="0.721537" z="-0.975857"></position>
            <normal x="9.4141753E-4" y="-0.0022608303" z="-0.999997"></normal>
            <texcoord u="-1.71828" v="1.012491"></texcoord>
          </vertex>
          <vertex>
            <position x="0.388242" y="0.75078" z="-0.976042"></position>
            <normal x="0.09652832" y="-0.0048617" z="-0.9953184"></normal>
            <texcoord u="-1.61343" v="-0.08831"></texcoord>
          </vertex>
          <vertex>
            <position x="0.391024" y="0.721537" z="-0.975857"></position>
            <normal x="9.4141753E-4" y="-0.0022608303" z="-0.999997"></normal>
            <texcoord u="-2.45206" v="1.01895"></texcoord>
          </vertex>
          <vertex>
            <position x="0.39124" y="0.750758" z="-0.97598"></position>
            <normal x="-0.056776363" y="-0.0037707177" z="-0.99837977"></normal>
            <texcoord u="-2.46057" v="-0.08103001"></texcoord>
          </vertex>
          <vertex>
            <position x="0.396783" y="0.721492" z="-0.976409"></position>
            <normal x="-0.056748617" y="-0.0037600365" z="-0.9983814"></normal>
            <texcoord u="-2.66984" v="1.020636"></texcoord>
          </vertex>
          <vertex>
            <position x="0.325446" y="0.753412" z="-0.458876"></position>
            <normal x="-0.8124307" y="0.008421396" z="0.58299696"></normal>
            <texcoord u="10.1363" v="-0.089759946"></texcoord>
          </vertex>
          <vertex>
            <position x="0.376777" y="0.724104" z="-0.388981"></position>
            <normal x="-0.7959656" y="0.00840182" z="0.60528356"></normal>
            <texcoord u="13.4007" v="1.013531"></texcoord>
          </vertex>
          <vertex>
            <position x="0.376993" y="0.753325" z="-0.389103"></position>
            <normal x="-0.78749645" y="0.008392111" z="0.616262"></normal>
            <texcoord u="13.4018" v="-0.08648002"></texcoord>
          </vertex>
          <vertex>
            <position x="0.376777" y="0.724104" z="-0.388981"></position>
            <normal x="-0.7959656" y="0.00840182" z="0.60528356"></normal>
            <texcoord u="13.4007" v="1.013529"></texcoord>
          </vertex>
          <vertex>
            <position x="0.325231" y="0.724191" z="-0.458754"></position>
            <normal x="-0.82042843" y="0.008423919" z="0.5716871"></normal>
            <texcoord u="10.1352" v="1.010242"></texcoord>
          </vertex>
          <vertex>
            <position x="0.276699" y="0.724248" z="-0.530501"></position>
            <normal x="-0.83970577" y="0.008445316" z="0.54297614"></normal>
            <texcoord u="7.5279" v="1.002297"></texcoord>
          </vertex>
          <vertex>
            <position x="0.231447" y="0.753495" z="-0.604242"></position>
            <normal x="-0.86149025" y="0.008458316" z="0.50770354"></normal>
            <texcoord u="4.27103" v="-0.09870994"></texcoord>
          </vertex>
          <vertex>
            <position x="0.231232" y="0.724274" z="-0.60412"></position>
            <normal x="-0.8649763" y="0.008464548" z="0.5017413"></normal>
            <texcoord u="4.2707" v="1.001302"></texcoord>
          </vertex>
          <vertex>
            <position x="0.276699" y="0.724248" z="-0.530501"></position>
            <normal x="-0.83970577" y="0.008445316" z="0.54297614"></normal>
            <texcoord u="7.5279" v="1.002298"></texcoord>
          </vertex>
          <vertex>
            <position x="0.276914" y="0.753469" z="-0.530623"></position>
            <normal x="-0.83593166" y="0.008442016" z="0.5487686"></normal>
            <texcoord u="7.52823" v="-0.09771001"></texcoord>
          </vertex>
          <vertex>
            <position x="0.149912" y="0.753456" z="-0.756698"></position>
            <normal x="-0.897532" y="0.008470022" z="0.44086817"></normal>
            <texcoord u="-1.62764" v="-0.09937"></texcoord>
          </vertex>
          <vertex>
            <position x="0.188881" y="0.72427" z="-0.679511"></position>
            <normal x="-0.8850156" y="0.0084758345" z="0.46548435"></normal>
            <texcoord u="1.62724" v="0.99935"></texcoord>
          </vertex>
          <vertex>
            <position x="0.189096" y="0.753491" z="-0.679634"></position>
            <normal x="-0.8785038" y="0.00846861" z="0.47766024"></normal>
            <texcoord u="1.6268" v="-0.10065997"></texcoord>
          </vertex>
          <vertex>
            <position x="0.188881" y="0.72427" z="-0.679511"></position>
            <normal x="-0.8850156" y="0.0084758345" z="0.46548435"></normal>
            <texcoord u="1.62724" v="0.999355"></texcoord>
          </vertex>
          <vertex>
            <position x="0.149912" y="0.753456" z="-0.756698"></position>
            <normal x="-0.897532" y="0.008470022" z="0.44086817"></normal>
            <texcoord u="-1.62764" v="-0.09935999"></texcoord>
          </vertex>
          <vertex>
            <position x="0.149696" y="0.724235" z="-0.756576"></position>
            <normal x="-0.90353566" y="0.008462059" z="0.4284294"></normal>
            <texcoord u="-1.62721" v="1.000646"></texcoord>
          </vertex>
          <vertex>
            <position x="0.186638" y="0.750741" z="-1.33944"></position>
            <normal x="0.54079384" y="-0.005888076" z="-0.84113455"></normal>
            <texcoord u="14.0603" v="-0.16722"></texcoord>
          </vertex>
          <vertex>
            <position x="0.186423" y="0.72152" z="-1.33931"></position>
            <normal x="0.4391954" y="-0.010673729" z="-0.8983281"></normal>
            <texcoord u="14.0656" v="0.932776"></texcoord>
          </vertex>
          <vertex>
            <position x="0.184672" y="0.750751" z="-1.3404"></position>
            <normal x="0.3530395" y="-0.013401433" z="-0.9355124"></normal>
            <texcoord u="14.1427" v="-0.16761005"></texcoord>
          </vertex>
          <vertex>
            <position x="0.186423" y="0.72152" z="-1.33931"></position>
            <normal x="0.4391954" y="-0.010673729" z="-0.8983281"></normal>
            <texcoord u="16.0896" v="0.939564"></texcoord>
          </vertex>
          <vertex>
            <position x="0.186638" y="0.750741" z="-1.33944"></position>
            <normal x="0.54079384" y="-0.005888076" z="-0.84113455"></normal>
            <texcoord u="16.0855" v="-0.16043997"></texcoord>
          </vertex>
          <vertex>
            <position x="0.188246" y="0.721511" z="-1.33808"></position>
            <normal x="0.6169456" y="-0.0061268047" z="-0.7869819"></normal>
            <texcoord u="16.0068" v="0.939877"></texcoord>
          </vertex>
          <vertex>
            <position x="0.0072549" y="0.752537" z="-1.2263"></position>
            <normal x="-0.93958324" y="0.0055128587" z="-0.34227604"></normal>
            <texcoord u="-11.2416" v="-0.029809952"></texcoord>
          </vertex>
          <vertex>
            <position x="0.00322233" y="0.723394" z="-1.21424"></position>
            <normal x="-0.9639204" y="0.0060045943" z="-0.266123"></normal>
            <texcoord u="-10.763" v="1.067234"></texcoord>
          </vertex>
          <vertex>
            <position x="0.00343749" y="0.752615" z="-1.21436"></position>
            <normal x="-0.9738177" y="0.0062153456" z="-0.22724548"></normal>
            <texcoord u="-10.7698" v="-0.03275001"></texcoord>
          </vertex>
          <vertex>
            <position x="0.00322233" y="0.723394" z="-1.21424"></position>
            <normal x="-0.9639204" y="0.0060045943" z="-0.266123"></normal>
            <texcoord u="-10.7624" v="1.067006"></texcoord>
          </vertex>
          <vertex>
            <position x="0.0072549" y="0.752537" z="-1.2263"></position>
            <normal x="-0.93958324" y="0.0055128587" z="-0.34227604"></normal>
            <texcoord u="-11.2411" v="-0.030040026"></texcoord>
          </vertex>
          <vertex>
            <position x="0.00703971" y="0.723316" z="-1.22618"></position>
            <normal x="-0.92513126" y="0.005205373" z="-0.37961185"></normal>
            <texcoord u="-11.2342" v="1.069948"></texcoord>
          </vertex>
          <vertex>
            <position x="0.415576" y="0.721389" z="-0.96811"></position>
            <normal x="0.7514174" y="-0.008269642" z="-0.6597753"></normal>
            <texcoord u="3.21783" v="0.996534"></texcoord>
          </vertex>
          <vertex>
            <position x="0.417413" y="0.750606" z="-0.966075"></position>
            <normal x="0.82216245" y="-0.0066828765" z="-0.56921375"></normal>
            <texcoord u="3.11505" v="-0.10336006"></texcoord>
          </vertex>
          <vertex>
            <position x="0.417198" y="0.721386" z="-0.965952"></position>
            <normal x="0.86360294" y="-0.008471338" z="-0.50410146"></normal>
            <texcoord u="3.11623" v="0.996643"></texcoord>
          </vertex>
          <vertex>
            <position x="0.417413" y="0.750606" z="-0.966075"></position>
            <normal x="0.82216245" y="-0.0066828765" z="-0.56921375"></normal>
            <texcoord u="2.77393" v="-0.072430015"></texcoord>
          </vertex>
          <vertex>
            <position x="0.415576" y="0.721389" z="-0.96811"></position>
            <normal x="0.7514174" y="-0.008269642" z="-0.6597753"></normal>
            <texcoord u="2.87707" v="1.027434"></texcoord>
          </vertex>
          <vertex>
            <position x="0.413954" y="0.750615" z="-0.970169"></position>
            <normal x="0.68558294" y="-0.0063589504" z="-0.72796685"></normal>
            <texcoord u="2.97567" v="-0.07273996"></texcoord>
          </vertex>
          <vertex>
            <position x="0.705532" y="0.750983" z="-0.370343"></position>
            <normal x="0.597597" y="-0.0029274505" z="0.8017913"></normal>
            <texcoord u="-1.40728" v="-0.11155999"></texcoord>
          </vertex>
          <vertex>
            <position x="0.708552" y="0.721726" z="-0.373308"></position>
            <normal x="0.7390389" y="-0.0064572315" z="0.6736319"></normal>
            <texcoord u="-1.24791" v="0.989794"></texcoord>
          </vertex>
          <vertex>
            <position x="0.708767" y="0.750946" z="-0.37343"></position>
            <normal x="0.80069953" y="-0.006906039" z="0.5990263"></normal>
            <texcoord u="-1.23887" v="-0.11018002"></texcoord>
          </vertex>
          <vertex>
            <position x="0.708552" y="0.721726" z="-0.373308"></position>
            <normal x="0.7390389" y="-0.0064572315" z="0.6736319"></normal>
            <texcoord u="0.339909" v="0.760236"></texcoord>
          </vertex>
          <vertex>
            <position x="0.705532" y="0.750983" z="-0.370343"></position>
            <normal x="0.597597" y="-0.0029274505" z="0.8017913"></normal>
            <texcoord u="0.181146" v="-0.34121"></texcoord>
          </vertex>
          <vertex>
            <position x="0.703332" y="0.721782" z="-0.36902"></position>
            <normal x="0.51671946" y="-0.0020701494" z="0.8561523"></normal>
            <texcoord u="0.085575" v="0.75811"></texcoord>
          </vertex>
          <vertex>
            <position x="0.711636" y="0.750901" z="-0.379296"></position>
            <normal x="0.9700239" y="-0.004377321" z="0.24297026"></normal>
            <texcoord u="-14.4947" v="-0.09008002"></texcoord>
          </vertex>
          <vertex>
            <position x="0.711804" y="0.721668" z="-0.381328"></position>
            <normal x="0.99163043" y="-0.006747661" z="0.1289325"></normal>
            <texcoord u="-14.418" v="1.010337"></texcoord>
          </vertex>
          <vertex>
            <position x="0.712099" y="0.750879" z="-0.38365"></position>
            <normal x="0.9998232" y="-0.0061166584" z="-0.017779203"></normal>
            <texcoord u="-14.3299" v="-0.089269996"></texcoord>
          </vertex>
          <vertex>
            <position x="0.711804" y="0.721668" z="-0.381328"></position>
            <normal x="0.99163043" y="-0.006747661" z="0.1289325"></normal>
            <texcoord u="-12.1134" v="0.838697"></texcoord>
          </vertex>
          <vertex>
            <position x="0.711636" y="0.750901" z="-0.379296"></position>
            <normal x="0.9700239" y="-0.004377321" z="0.24297026"></normal>
            <texcoord u="-12.1891" v="-0.26179004"></texcoord>
          </vertex>
          <vertex>
            <position x="0.710744" y="0.721694" z="-0.377099"></position>
            <normal x="0.9058584" y="-0.0075469343" z="0.42351335"></normal>
            <texcoord u="-12.2776" v="0.837734"></texcoord>
          </vertex>
          <vertex>
            <position x="0.396783" y="0.721492" z="-0.976409"></position>
            <normal x="-0.056748617" y="-0.0037600365" z="-0.9983814"></normal>
            <texcoord u="-1.93551" v="1.014119"></texcoord>
          </vertex>
          <vertex>
            <position x="0.396999" y="0.750713" z="-0.976531"></position>
            <normal x="9.048636E-4" y="-0.0024362372" z="-0.99999666"></normal>
            <texcoord u="-1.94352" v="-0.085860014"></texcoord>
          </vertex>
          <vertex>
            <position x="0.399482" y="0.721473" z="-0.976353"></position>
            <normal x="0.09634326" y="-0.0048603434" z="-0.99533635"></normal>
            <texcoord u="-2.0371" v="1.014857"></texcoord>
          </vertex>
          <vertex>
            <position x="0.396999" y="0.750713" z="-0.976531"></position>
            <normal x="9.048636E-4" y="-0.0024362372" z="-0.99999666"></normal>
            <texcoord u="-2.67813" v="-0.079300046"></texcoord>
          </vertex>
          <vertex>
            <position x="0.396783" y="0.721492" z="-0.976409"></position>
            <normal x="-0.056748617" y="-0.0037600365" z="-0.9983814"></normal>
            <texcoord u="-2.66962" v="1.020678"></texcoord>
          </vertex>
          <vertex>
            <position x="0.39124" y="0.750758" z="-0.97598"></position>
            <normal x="-0.056776363" y="-0.0037707177" z="-0.99837977"></normal>
            <texcoord u="-2.46035" v="-0.08097994"></texcoord>
          </vertex>
          <vertex>
            <position x="0.461002" y="0.72387" z="-0.296896"></position>
            <normal x="-0.4985529" y="0.0072928825" z="0.8668286"></normal>
            <texcoord u="14.0087" v="1.056086"></texcoord>
          </vertex>
          <vertex>
            <position x="0.450479" y="0.753141" z="-0.303787"></position>
            <normal x="-0.567406" y="0.0076256134" z="0.8234029"></normal>
            <texcoord u="13.5353" v="-0.04583001"></texcoord>
          </vertex>
          <vertex>
            <position x="0.450263" y="0.723921" z="-0.303665"></position>
            <normal x="-0.60071313" y="0.007770849" z="0.799427"></normal>
            <texcoord u="13.5309" v="1.054176"></texcoord>
          </vertex>
          <vertex>
            <position x="0.450479" y="0.753141" z="-0.303787"></position>
            <normal x="-0.567406" y="0.0076256134" z="0.8234029"></normal>
            <texcoord u="13.5354" v="-0.04591"></texcoord>
          </vertex>
          <vertex>
            <position x="0.461002" y="0.72387" z="-0.296896"></position>
            <normal x="-0.4985529" y="0.0072928825" z="0.8668286"></normal>
            <texcoord u="14.0089" v="1.056002"></texcoord>
          </vertex>
          <vertex>
            <position x="0.461217" y="0.753091" z="-0.297018"></position>
            <normal x="-0.46302706" y="0.007106976" z="0.8863156"></normal>
            <texcoord u="14.0133" v="-0.04400003"></texcoord>
          </vertex>
          <vertex>
            <position x="0.431503" y="0.753208" z="-0.3214"></position>
            <normal x="-0.74293864" y="0.008275627" z="0.66930836"></normal>
            <texcoord u="15.5308" v="-0.06823003"></texcoord>
          </vertex>
          <vertex>
            <position x="0.440312" y="0.72396" z="-0.311802"></position>
            <normal x="-0.69492805" y="0.00812298" z="0.71903336"></normal>
            <texcoord u="16.0211" v="1.032787"></texcoord>
          </vertex>
          <vertex>
            <position x="0.440527" y="0.753181" z="-0.311924"></position>
            <normal x="-0.66449225" y="0.008016281" z="0.7472521"></normal>
            <texcoord u="16.0234" v="-0.06721997"></texcoord>
          </vertex>
          <vertex>
            <position x="0.440312" y="0.72396" z="-0.311802"></position>
            <normal x="-0.69492805" y="0.00812298" z="0.71903336"></normal>
            <texcoord u="16.0211" v="1.032792"></texcoord>
          </vertex>
          <vertex>
            <position x="0.431503" y="0.753208" z="-0.3214"></position>
            <normal x="-0.74293864" y="0.008275627" z="0.66930836"></normal>
            <texcoord u="15.5308" v="-0.06822002"></texcoord>
          </vertex>
          <vertex>
            <position x="0.431288" y="0.723987" z="-0.321277"></position>
            <normal x="-0.7612025" y="0.008331752" z="0.6484607"></normal>
            <texcoord u="15.5285" v="1.031784"></texcoord>
          </vertex>
          <vertex>
            <position x="0.0358335" y="0.752155" z="-1.26717"></position>
            <normal x="-0.6736368" y="0.0019269211" z="-0.73906"></normal>
            <texcoord u="-4.02457" v="-0.06716001"></texcoord>
          </vertex>
          <vertex>
            <position x="0.0265942" y="0.723038" z="-1.25812"></position>
            <normal x="-0.73150027" y="0.0025870798" z="-0.6818362"></normal>
            <texcoord u="-3.53774" v="1.028899"></texcoord>
          </vertex>
          <vertex>
            <position x="0.0268094" y="0.752259" z="-1.25824"></position>
            <normal x="-0.7451383" y="0.0027479068" z="-0.66690433"></normal>
            <texcoord u="-3.54675" v="-0.071069956"></texcoord>
          </vertex>
          <vertex>
            <position x="0.0265942" y="0.723038" z="-1.25812"></position>
            <normal x="-0.73150027" y="0.0025870798" z="-0.6818362"></normal>
            <texcoord u="-3.53801" v="1.029021"></texcoord>
          </vertex>
          <vertex>
            <position x="0.0358335" y="0.752155" z="-1.26717"></position>
            <normal x="-0.6736368" y="0.0019269211" z="-0.73906"></normal>
            <texcoord u="-4.02485" v="-0.06703997"></texcoord>
          </vertex>
          <vertex>
            <position x="0.0356183" y="0.722934" z="-1.26705"></position>
            <normal x="-0.64270896" y="0.0015880177" z="-0.76610875"></normal>
            <texcoord u="-4.01584" v="1.032932"></texcoord>
          </vertex>
          <vertex>
            <position x="0.00305231" y="0.723608" z="-1.1635"></position>
            <normal x="-0.97852093" y="0.008072299" z="0.20598958"></normal>
            <texcoord u="-15.5285" v="1.043583"></texcoord>
          </vertex>
          <vertex>
            <position x="9.27111E-4" y="0.752792" z="-1.1765"></position>
            <normal x="-0.99041367" y="0.007886272" z="0.13790749"></normal>
            <texcoord u="-16.0242" v="-0.055040002"></texcoord>
          </vertex>
          <vertex>
            <position x="7.11946E-4" y="0.723572" z="-1.17637"></position>
            <normal x="-0.99528366" y="0.0077524767" z="0.09669679"></normal>
            <texcoord u="-16.0211" v="1.044964"></texcoord>
          </vertex>
          <vertex>
            <position x="0.00305231" y="0.723608" z="-1.1635"></position>
            <normal x="-0.97852093" y="0.008072299" z="0.20598958"></normal>
            <texcoord u="-15.5285" v="1.04358"></texcoord>
          </vertex>
          <vertex>
            <position x="0.0032675" y="0.752829" z="-1.16362"></position>
            <normal x="-0.9724423" y="0.008118232" z="0.2330021"></normal>
            <texcoord u="-15.5316" v="-0.056429982"></texcoord>
          </vertex>
          <vertex>
            <position x="0.472603" y="0.753029" z="-0.291644"></position>
            <normal x="-0.35280207" y="0.0065135336" z="0.9356753"></normal>
            <texcoord u="10.7688" v="-0.03893006"></texcoord>
          </vertex>
          <vertex>
            <position x="0.484282" y="0.723738" z="-0.287574"></position>
            <normal x="-0.2769109" y="0.0060713873" z="0.9608764"></normal>
            <texcoord u="11.2343" v="1.063743"></texcoord>
          </vertex>
          <vertex>
            <position x="0.484497" y="0.752959" z="-0.287697"></position>
            <normal x="-0.23835345" y="0.00584158" z="0.9711609"></normal>
            <texcoord u="11.2405" v="-0.036249995"></texcoord>
          </vertex>
          <vertex>
            <position x="0.484282" y="0.723738" z="-0.287574"></position>
            <normal x="-0.2769109" y="0.0060713873" z="0.9608764"></normal>
            <texcoord u="11.2344" v="1.063706"></texcoord>
          </vertex>
          <vertex>
            <position x="0.472603" y="0.753029" z="-0.291644"></position>
            <normal x="-0.35280207" y="0.0065135336" z="0.9356753"></normal>
            <texcoord u="10.7689" v="-0.03895998"></texcoord>
          </vertex>
          <vertex>
            <position x="0.472388" y="0.723809" z="-0.291522"></position>
            <normal x="-0.3901519" y="0.0067148358" z="0.920726"></normal>
            <texcoord u="10.7626" v="1.06103"></texcoord>
          </vertex>
          <vertex>
            <position x="0.377103" y="0.750847" z="-0.979539"></position>
            <normal x="0.4888965" y="-0.0072577684" z="-0.8723116"></normal>
            <texcoord u="2.50969" v="-0.10962999"></texcoord>
          </vertex>
          <vertex>
            <position x="0.374444" y="0.721638" z="-0.981037"></position>
            <normal x="0.61024123" y="-0.0063991267" z="-0.7921899"></normal>
            <texcoord u="2.62427" v="0.989948"></texcoord>
          </vertex>
          <vertex>
            <position x="0.374659" y="0.750858" z="-0.981159"></position>
            <normal x="0.62120944" y="-0.007841134" z="-0.78360534"></normal>
            <texcoord u="2.62006" v="-0.11004996"></texcoord>
          </vertex>
          <vertex>
            <position x="0.374444" y="0.721638" z="-0.981037"></position>
            <normal x="0.61024123" y="-0.0063991267" z="-0.7921899"></normal>
            <texcoord u="2.27471" v="1.025784"></texcoord>
          </vertex>
          <vertex>
            <position x="0.377103" y="0.750847" z="-0.979539"></position>
            <normal x="0.4888965" y="-0.0072577684" z="-0.8723116"></normal>
            <texcoord u="2.15984" v="-0.073770046"></texcoord>
          </vertex>
          <vertex>
            <position x="0.379493" y="0.721613" z="-0.978081"></position>
            <normal x="0.40536633" y="-0.0049320813" z="-0.914141"></normal>
            <texcoord u="2.05446" v="1.026716"></texcoord>
          </vertex>
          <vertex>
            <position x="0.0122465" y="0.72323" z="-1.23755"></position>
            <normal x="-0.87323457" y="0.0043211216" z="-0.48728094"></normal>
            <texcoord u="-7.3913" v="1.054658"></texcoord>
          </vertex>
          <vertex>
            <position x="0.0189993" y="0.752358" z="-1.24837"></position>
            <normal x="-0.8315317" y="0.0037820041" z="-0.5554644"></normal>
            <texcoord u="-7.87121" v="-0.04182005"></texcoord>
          </vertex>
          <vertex>
            <position x="0.0187841" y="0.723137" z="-1.24825"></position>
            <normal x="-0.82023394" y="0.0036907685" z="-0.57201636"></normal>
            <texcoord u="-7.86306" v="1.058159"></texcoord>
          </vertex>
          <vertex>
            <position x="0.0189993" y="0.752358" z="-1.24837"></position>
            <normal x="-0.8315317" y="0.0037820041" z="-0.5554644"></normal>
            <texcoord u="-7.87153" v="-0.04167998"></texcoord>
          </vertex>
          <vertex>
            <position x="0.0122465" y="0.72323" z="-1.23755"></position>
            <normal x="-0.87323457" y="0.0043211216" z="-0.48728094"></normal>
            <texcoord u="-7.39162" v="1.054797"></texcoord>
          </vertex>
          <vertex>
            <position x="0.0124616" y="0.752451" z="-1.23768"></position>
            <normal x="-0.8919433" y="0.0046032225" z="-0.45212373"></normal>
            <texcoord u="-7.39978" v="-0.045179963"></texcoord>
          </vertex>
          <vertex>
            <position x="0.368347" y="0.721655" z="-0.987478"></position>
            <normal x="0.8327202" y="-0.008457041" z="-0.5536294"></normal>
            <texcoord u="4.86908" v="0.994771"></texcoord>
          </vertex>
          <vertex>
            <position x="0.370363" y="0.750873" z="-0.985204"></position>
            <normal x="0.7451689" y="-0.008282576" z="-0.6668243"></normal>
            <texcoord u="4.75502" v="-0.10511994"></texcoord>
          </vertex>
          <vertex>
            <position x="0.370148" y="0.721652" z="-0.985081"></position>
            <normal x="0.745147" y="-0.008288568" z="-0.6668488"></normal>
            <texcoord u="4.75621" v="0.994893"></texcoord>
          </vertex>
          <vertex>
            <position x="0.370363" y="0.750873" z="-0.985204"></position>
            <normal x="0.7451689" y="-0.008282576" z="-0.6668243"></normal>
            <texcoord u="4.75558" v="-0.10517001"></texcoord>
          </vertex>
          <vertex>
            <position x="0.368347" y="0.721655" z="-0.987478"></position>
            <normal x="0.8327202" y="-0.008457041" z="-0.5536294"></normal>
            <texcoord u="4.86964" v="0.994718"></texcoord>
          </vertex>
          <vertex>
            <position x="0.368562" y="0.750876" z="-0.987601"></position>
            <normal x="0.86332625" y="-0.008460783" z="-0.5045753"></normal>
            <texcoord u="4.86845" v="-0.105290055"></texcoord>
          </vertex>
          <vertex>
            <position x="0.19155" y="0.750723" z="-1.33497"></position>
            <normal x="0.8149428" y="-0.008376047" z="-0.57948095"></normal>
            <texcoord u="18.9631" v="-0.12768996"></texcoord>
          </vertex>
          <vertex>
            <position x="0.189895" y="0.721506" z="-1.33659"></position>
            <normal x="0.73876" y="-0.008202425" z="-0.67391855"></normal>
            <texcoord u="19.0499" v="0.972197"></texcoord>
          </vertex>
          <vertex>
            <position x="0.19011" y="0.750726" z="-1.33671"></position>
            <normal x="0.68899995" y="-0.0063027493" z="-0.724734"></normal>
            <texcoord u="19.0483" v="-0.12781"></texcoord>
          </vertex>
          <vertex>
            <position x="0.189895" y="0.721506" z="-1.33659"></position>
            <normal x="0.73876" y="-0.008202425" z="-0.67391855"></normal>
            <texcoord u="19.0503" v="0.972169"></texcoord>
          </vertex>
          <vertex>
            <position x="0.19155" y="0.750723" z="-1.33497"></position>
            <normal x="0.8149428" y="-0.008376047" z="-0.57948095"></normal>
            <texcoord u="18.9636" v="-0.12772"></texcoord>
          </vertex>
          <vertex>
            <position x="0.191335" y="0.721502" z="-1.33485"></position>
            <normal x="0.8553599" y="-0.008436991" z="-0.51796544"></normal>
            <texcoord u="18.9652" v="0.972292"></texcoord>
          </vertex>
          <vertex>
            <position x="0.0572848" y="0.751936" z="-1.28167"></position>
            <normal x="-0.48981935" y="-1.4261219E-4" z="-0.8718239"></normal>
            <texcoord u="0.130699" v="-0.10116005"></texcoord>
          </vertex>
          <vertex>
            <position x="0.0457954" y="0.722826" z="-1.2749"></position>
            <normal x="-0.54305565" y="4.680123E-4" z="-0.8396965"></normal>
            <texcoord u="0.632587" v="0.994633"></texcoord>
          </vertex>
          <vertex>
            <position x="0.0460106" y="0.752047" z="-1.27502"></position>
            <normal x="-0.57750285" y="9.0028305E-4" z="-0.81638813"></normal>
            <texcoord u="0.623263" v="-0.105340004"></texcoord>
          </vertex>
          <vertex>
            <position x="0.0570669" y="0.722715" z="-1.28154"></position>
            <normal x="-0.47118357" y="-0.0021924519" z="-0.8820325"></normal>
            <texcoord u="0.140023" v="0.998809"></texcoord>
          </vertex>
          <vertex>
            <position x="0.558495" y="0.723158" z="-0.295377"></position>
            <normal x="0.41581792" y="7.9553435E-4" z="0.9094475"></normal>
            <texcoord u="-0.139805" v="0.998688"></texcoord>
          </vertex>
          <vertex>
            <position x="0.5467" y="0.752489" z="-0.290308"></position>
            <normal x="0.35850886" y="0.001283918" z="0.9335255"></normal>
            <texcoord u="-0.623094" v="-0.10543001"></texcoord>
          </vertex>
          <vertex>
            <position x="0.546484" y="0.723269" z="-0.290186"></position>
            <normal x="0.31948858" y="0.001609276" z="0.9475887"></normal>
            <texcoord u="-0.632376" v="0.994537"></texcoord>
          </vertex>
          <vertex>
            <position x="0.5467" y="0.752489" z="-0.290308"></position>
            <normal x="0.35850886" y="0.001283918" z="0.9335255"></normal>
            <texcoord u="-0.623551" v="-0.105229974"></texcoord>
          </vertex>
          <vertex>
            <position x="0.558495" y="0.723158" z="-0.295377"></position>
            <normal x="0.41581792" y="7.9553435E-4" z="0.9094475"></normal>
            <texcoord u="-0.140262" v="0.998888"></texcoord>
          </vertex>
          <vertex>
            <position x="0.55871" y="0.752379" z="-0.295502"></position>
            <normal x="0.43498057" y="0.0025448333" z="0.9004363"></normal>
            <texcoord u="-0.130994" v="-0.10107994"></texcoord>
          </vertex>
          <vertex>
            <position x="0.173624" y="0.721609" z="-1.34062"></position>
            <normal x="-0.3411532" y="-0.0012807042" z="-0.94000685"></normal>
            <texcoord u="1.14298" v="0.990646"></texcoord>
          </vertex>
          <vertex>
            <position x="0.176031" y="0.750811" z="-1.3413"></position>
            <normal x="-0.1436476" y="0.0011808567" z="-0.98962826"></normal>
            <texcoord u="1.04883" v="-0.10862994"></texcoord>
          </vertex>
          <vertex>
            <position x="0.175815" y="0.72159" z="-1.34118"></position>
            <normal x="-0.1427604" y="-0.003010796" z="-0.98975265"></normal>
            <texcoord u="1.05783" v="0.991342"></texcoord>
          </vertex>
          <vertex>
            <position x="0.176031" y="0.750811" z="-1.3413"></position>
            <normal x="-0.1436476" y="0.0011808567" z="-0.98962826"></normal>
            <texcoord u="-0.515123" v="0.025277972"></texcoord>
          </vertex>
          <vertex>
            <position x="0.173624" y="0.721609" z="-1.34062"></position>
            <normal x="-0.3411532" y="-0.0012807042" z="-0.94000685"></normal>
            <texcoord u="-0.421054" v="1.124564"></texcoord>
          </vertex>
          <vertex>
            <position x="0.171701" y="0.750849" z="-1.33984"></position>
            <normal x="-0.40922636" y="-7.553196E-4" z="-0.9124325"></normal>
            <texcoord u="-0.343155" v="0.02384901"></texcoord>
          </vertex>
          <vertex>
            <position x="0.404695" y="0.721439" z="-0.975342"></position>
            <normal x="0.2638966" y="-0.007738186" z="-0.9645199"></normal>
            <texcoord u="0.042806" v="0.999765"></texcoord>
          </vertex>
          <vertex>
            <position x="0.404911" y="0.750659" z="-0.975465"></position>
            <normal x="0.33576447" y="-0.0047543757" z="-0.94193393"></normal>
            <texcoord u="0.036853" v="-0.10022998"></texcoord>
          </vertex>
          <vertex>
            <position x="0.407164" y="0.721424" z="-0.974409"></position>
            <normal x="0.42227563" y="-0.006921447" z="-0.9064411"></normal>
            <texcoord u="-0.056537" v="1.000304"></texcoord>
          </vertex>
          <vertex>
            <position x="0.404911" y="0.750659" z="-0.975465"></position>
            <normal x="0.33576447" y="-0.0047543757" z="-0.94193393"></normal>
            <texcoord u="-0.728508" v="-0.09557998"></texcoord>
          </vertex>
          <vertex>
            <position x="0.404695" y="0.721439" z="-0.975342"></position>
            <normal x="0.2638966" y="-0.007738186" z="-0.9645199"></normal>
            <texcoord u="-0.721787" v="1.004407"></texcoord>
          </vertex>
          <vertex>
            <position x="0.402342" y="0.750675" z="-0.976117"></position>
            <normal x="0.17161466" y="-0.0053855292" z="-0.9851494"></normal>
            <texcoord u="-0.628759" v="-0.096189976"></texcoord>
          </vertex>
          <vertex>
            <position x="0.711862" y="0.750871" z="-0.385862"></position>
            <normal x="0.97956616" y="-0.008047773" z="-0.20096116"></normal>
            <texcoord u="-18.7679" v="-0.14192998"></texcoord>
          </vertex>
          <vertex>
            <position x="0.711087" y="0.721646" z="-0.387932"></position>
            <normal x="0.94812757" y="-0.008303609" z="-0.31778154"></normal>
            <texcoord u="-18.6852" v="0.958264"></texcoord>
          </vertex>
          <vertex>
            <position x="0.711302" y="0.750866" z="-0.388054"></position>
            <normal x="0.922158" y="-0.008405088" z="-0.38672215"></normal>
            <texcoord u="-18.6828" v="-0.14173996"></texcoord>
          </vertex>
          <vertex>
            <position x="0.711087" y="0.721646" z="-0.387932"></position>
            <normal x="0.94812757" y="-0.008303609" z="-0.31778154"></normal>
            <texcoord u="-18.685" v="0.958242"></texcoord>
          </vertex>
          <vertex>
            <position x="0.711862" y="0.750871" z="-0.385862"></position>
            <normal x="0.97956616" y="-0.008047773" z="-0.20096116"></normal>
            <texcoord u="-18.7677" v="-0.14196002"></texcoord>
          </vertex>
          <vertex>
            <position x="0.711647" y="0.721651" z="-0.38574"></position>
            <normal x="0.9880639" y="-0.007914651" z="-0.1538415"></normal>
            <texcoord u="-18.7701" v="0.958054"></texcoord>
          </vertex>
          <vertex>
            <position x="0.711884" y="0.721658" z="-0.383527"></position>
            <normal x="0.99935484" y="-0.007500612" z="-0.03512461"></normal>
            <texcoord u="-15.3837" v="0.93149"></texcoord>
          </vertex>
          <vertex>
            <position x="0.712099" y="0.750879" z="-0.38365"></position>
            <normal x="0.9998232" y="-0.0061166584" z="-0.017779203"></normal>
            <texcoord u="-15.3788" v="-0.16850996"></texcoord>
          </vertex>
          <vertex>
            <position x="0.711804" y="0.721668" z="-0.381328"></position>
            <normal x="0.99163043" y="-0.006747661" z="0.1289325"></normal>
            <texcoord u="-15.4666" v="0.931121"></texcoord>
          </vertex>
        </vertexbuffer>
      </geometry>
    </submesh>
  </submeshes>
</mesh>
