<mesh>
  <submeshes>
    <submesh material="Material.136" usesharedvertices="false">
      <faces count="54">
        <face v1="0" v2="1" v3="2"></face>
        <face v1="0" v2="2" v3="3"></face>
        <face v1="0" v2="3" v3="4"></face>
        <face v1="0" v2="4" v3="5"></face>
        <face v1="6" v2="7" v3="8"></face>
        <face v1="9" v2="8" v3="7"></face>
        <face v1="9" v2="10" v3="8"></face>
        <face v1="9" v2="11" v3="10"></face>
        <face v1="12" v2="13" v3="14"></face>
        <face v1="15" v2="16" v3="17"></face>
        <face v1="9" v2="18" v3="19"></face>
        <face v1="9" v2="20" v3="18"></face>
        <face v1="9" v2="21" v3="20"></face>
        <face v1="22" v2="21" v3="9"></face>
        <face v1="23" v2="15" v3="24"></face>
        <face v1="9" v2="19" v3="11"></face>
        <face v1="15" v2="23" v3="25"></face>
        <face v1="15" v2="25" v3="16"></face>
      </faces>
      <geometry vertexcount="26">
        <vertexbuffer positions="true" normals="true" texture_coords="1">
          <vertex>
            <position x="3.99131" y="1.05994" z="-1.72646"></position>
            <normal x="0.9271859" y="1.8981925E-6" z="0.37460145"></normal>
            <texcoord u="84.2511" v="0.944374"></texcoord>
          </vertex>
          <vertex>
            <position x="4.00125" y="1.05994" z="-1.75106"></position>
            <normal x="0.9271728" y="0.0" z="0.37463424"></normal>
            <texcoord u="85.25" v="0.944374"></texcoord>
          </vertex>
          <vertex>
            <position x="4.00125" y="1.0609" z="-1.75106"></position>
            <normal x="0.92717266" y="1.9005361E-6" z="0.37463427"></normal>
            <texcoord u="85.25" v="0.908341"></texcoord>
          </vertex>
          <vertex>
            <position x="4.00125" y="2.04784" z="-1.75107"></position>
            <normal x="0.9271991" y="1.9005361E-6" z="0.37456873"></normal>
            <texcoord u="85.25" v="-36.2436"></texcoord>
          </vertex>
          <vertex>
            <position x="4.00125" y="2.04933" z="-1.75107"></position>
            <normal x="0.92719924" y="1.8958492E-6" z="0.37456867"></normal>
            <texcoord u="85.25" v="-36.2997"></texcoord>
          </vertex>
          <vertex>
            <position x="3.99131" y="2.04933" z="-1.72647"></position>
            <normal x="0.9271728" y="3.7916984E-6" z="0.3746342"></normal>
            <texcoord u="84.2511" v="-36.2997"></texcoord>
          </vertex>
          <vertex>
            <position x="3.99862" y="1.0609" z="-1.75084"></position>
            <normal x="0.92716897" y="0.0" z="0.37464347"></normal>
            <texcoord u="85.1916" v="0.908368"></texcoord>
          </vertex>
          <vertex>
            <position x="3.99862" y="1.06127" z="-1.75084"></position>
            <normal x="0.92716897" y="0.0" z="0.3746435"></normal>
            <texcoord u="85.1916" v="0.894305"></texcoord>
          </vertex>
          <vertex>
            <position x="3.98868" y="1.91912" z="-1.72624"></position>
            <normal x="0.92716897" y="0.0" z="0.3746435"></normal>
            <texcoord u="84.1927" v="-31.397999"></texcoord>
          </vertex>
          <vertex>
            <position x="3.99862" y="2.04784" z="-1.75084"></position>
            <normal x="0.92711496" y="-0.0018380057" z="0.37477258"></normal>
            <texcoord u="85.1916" v="-36.2436"></texcoord>
          </vertex>
          <vertex>
            <position x="3.98868" y="1.92121" z="-1.72624"></position>
            <normal x="0.92716897" y="0.0" z="0.3746435"></normal>
            <texcoord u="84.1927" v="-31.476799"></texcoord>
          </vertex>
          <vertex>
            <position x="3.98868" y="2.04776" z="-1.72624"></position>
            <normal x="0.92716897" y="0.0" z="0.3746435"></normal>
            <texcoord u="84.1927" v="-36.2405"></texcoord>
          </vertex>
          <vertex>
            <position x="3.99864" y="1.06048" z="-1.75084"></position>
            <normal x="0.6215129" y="0.029637855" z="-0.7828431"></normal>
            <texcoord u="85.1916" v="0.924342"></texcoord>
          </vertex>
          <vertex>
            <position x="3.99862" y="1.0609" z="-1.75084"></position>
            <normal x="0.6215129" y="0.029637855" z="-0.7828431"></normal>
            <texcoord u="85.1916" v="0.908368"></texcoord>
          </vertex>
          <vertex>
            <position x="3.98868" y="1.91912" z="-1.72624"></position>
            <normal x="0.6215129" y="0.029637855" z="-0.7828431"></normal>
            <texcoord u="84.1927" v="-31.397999"></texcoord>
          </vertex>
          <vertex>
            <position x="3.99864" y="1.06048" z="-1.75084"></position>
            <normal x="0.9267832" y="-0.018765202" z="0.37512752"></normal>
            <texcoord u="85.1916" v="0.924342"></texcoord>
          </vertex>
          <vertex>
            <position x="3.98868" y="1.06053" z="-1.72623"></position>
            <normal x="0.9262799" y="-0.037539218" z="0.3749619"></normal>
            <texcoord u="84.1927" v="0.922431"></texcoord>
          </vertex>
          <vertex>
            <position x="3.98868" y="1.06048" z="-1.72624"></position>
            <normal x="0.92429423" y="-0.075025514" z="0.3742344"></normal>
            <texcoord u="84.1927" v="0.924342"></texcoord>
          </vertex>
          <vertex>
            <position x="3.98868" y="2.04788" z="-1.72624"></position>
            <normal x="0.92716897" y="0.0" z="0.3746435"></normal>
            <texcoord u="84.1927" v="-36.245"></texcoord>
          </vertex>
          <vertex>
            <position x="3.98868" y="2.04783" z="-1.72624"></position>
            <normal x="0.92716897" y="0.0" z="0.3746435"></normal>
            <texcoord u="84.1927" v="-36.2431"></texcoord>
          </vertex>
          <vertex>
            <position x="3.98868" y="2.04933" z="-1.72624"></position>
            <normal x="0.92716897" y="0.0" z="0.3746435"></normal>
            <texcoord u="84.1927" v="-36.2996"></texcoord>
          </vertex>
          <vertex>
            <position x="3.98868" y="2.04986" z="-1.72624"></position>
            <normal x="0.92702806" y="-0.004595032" z="0.37496385"></normal>
            <texcoord u="84.1927" v="-36.3197"></texcoord>
          </vertex>
          <vertex>
            <position x="3.99864" y="2.04986" z="-1.75084"></position>
            <normal x="0.9268674" y="-0.009189965" z="0.37527624"></normal>
            <texcoord u="85.1916" v="-36.3197"></texcoord>
          </vertex>
          <vertex>
            <position x="3.98868" y="1.06089" z="-1.72623"></position>
            <normal x="0.92695975" y="2.188674E-6" z="0.37516087"></normal>
            <texcoord u="84.1927" v="0.908745"></texcoord>
          </vertex>
          <vertex>
            <position x="3.98868" y="1.91912" z="-1.72624"></position>
            <normal x="0.9269597" y="4.377348E-6" z="0.3751608"></normal>
            <texcoord u="84.1927" v="-31.397999"></texcoord>
          </vertex>
          <vertex>
            <position x="3.98868" y="1.06084" z="-1.72623"></position>
            <normal x="0.92695975" y="0.0" z="0.37516087"></normal>
            <texcoord u="84.1927" v="0.910594"></texcoord>
          </vertex>
        </vertexbuffer>
      </geometry>
    </submesh>
  </submeshes>
</mesh>
