<mesh>
  <submeshes>
    <submesh material="Material.132" usesharedvertices="false">
      <faces count="324">
        <face v1="0" v2="1" v3="2"></face>
        <face v1="0" v2="2" v3="3"></face>
        <face v1="0" v2="3" v3="4"></face>
        <face v1="5" v2="6" v3="7"></face>
        <face v1="5" v2="7" v3="8"></face>
        <face v1="5" v2="8" v3="9"></face>
        <face v1="5" v2="9" v3="10"></face>
        <face v1="11" v2="12" v3="13"></face>
        <face v1="11" v2="13" v3="14"></face>
        <face v1="11" v2="14" v3="15"></face>
        <face v1="16" v2="17" v3="18"></face>
        <face v1="16" v2="18" v3="19"></face>
        <face v1="20" v2="21" v3="22"></face>
        <face v1="23" v2="24" v3="25"></face>
        <face v1="26" v2="27" v3="28"></face>
        <face v1="26" v2="28" v3="29"></face>
        <face v1="30" v2="31" v3="32"></face>
        <face v1="30" v2="32" v3="33"></face>
        <face v1="34" v2="35" v3="36"></face>
        <face v1="34" v2="36" v3="37"></face>
        <face v1="38" v2="39" v3="40"></face>
        <face v1="38" v2="40" v3="41"></face>
        <face v1="42" v2="43" v3="44"></face>
        <face v1="42" v2="44" v3="45"></face>
        <face v1="42" v2="45" v3="46"></face>
        <face v1="47" v2="48" v3="49"></face>
        <face v1="47" v2="49" v3="50"></face>
        <face v1="47" v2="50" v3="51"></face>
        <face v1="52" v2="53" v3="54"></face>
        <face v1="52" v2="54" v3="55"></face>
        <face v1="52" v2="55" v3="56"></face>
        <face v1="52" v2="56" v3="57"></face>
        <face v1="58" v2="59" v3="60"></face>
        <face v1="58" v2="60" v3="61"></face>
        <face v1="62" v2="63" v3="64"></face>
        <face v1="62" v2="64" v3="65"></face>
        <face v1="66" v2="67" v3="68"></face>
        <face v1="66" v2="68" v3="69"></face>
        <face v1="70" v2="71" v3="72"></face>
        <face v1="73" v2="74" v3="75"></face>
        <face v1="73" v2="75" v3="76"></face>
        <face v1="77" v2="78" v3="79"></face>
        <face v1="77" v2="79" v3="80"></face>
        <face v1="77" v2="80" v3="81"></face>
        <face v1="77" v2="81" v3="82"></face>
        <face v1="83" v2="84" v3="85"></face>
        <face v1="83" v2="85" v3="86"></face>
        <face v1="87" v2="88" v3="89"></face>
        <face v1="87" v2="89" v3="90"></face>
        <face v1="91" v2="92" v3="93"></face>
        <face v1="91" v2="93" v3="94"></face>
        <face v1="95" v2="96" v3="97"></face>
        <face v1="98" v2="99" v3="100"></face>
        <face v1="101" v2="102" v3="103"></face>
        <face v1="101" v2="103" v3="104"></face>
        <face v1="101" v2="104" v3="105"></face>
        <face v1="101" v2="105" v3="106"></face>
        <face v1="101" v2="106" v3="107"></face>
        <face v1="108" v2="109" v3="110"></face>
        <face v1="108" v2="110" v3="111"></face>
        <face v1="112" v2="113" v3="114"></face>
        <face v1="112" v2="114" v3="115"></face>
        <face v1="116" v2="117" v3="118"></face>
        <face v1="116" v2="118" v3="119"></face>
        <face v1="120" v2="121" v3="122"></face>
        <face v1="123" v2="124" v3="125"></face>
        <face v1="123" v2="125" v3="126"></face>
        <face v1="127" v2="128" v3="129"></face>
        <face v1="127" v2="129" v3="130"></face>
        <face v1="127" v2="130" v3="131"></face>
        <face v1="127" v2="131" v3="132"></face>
        <face v1="133" v2="134" v3="135"></face>
        <face v1="133" v2="135" v3="136"></face>
        <face v1="137" v2="138" v3="139"></face>
        <face v1="137" v2="139" v3="140"></face>
        <face v1="141" v2="142" v3="143"></face>
        <face v1="141" v2="143" v3="144"></face>
        <face v1="145" v2="146" v3="147"></face>
        <face v1="145" v2="147" v3="148"></face>
        <face v1="149" v2="150" v3="151"></face>
        <face v1="149" v2="151" v3="152"></face>
        <face v1="153" v2="154" v3="155"></face>
        <face v1="153" v2="155" v3="156"></face>
        <face v1="157" v2="158" v3="159"></face>
        <face v1="157" v2="159" v3="160"></face>
        <face v1="161" v2="162" v3="163"></face>
        <face v1="164" v2="165" v3="166"></face>
        <face v1="164" v2="166" v3="167"></face>
        <face v1="168" v2="169" v3="170"></face>
        <face v1="171" v2="172" v3="173"></face>
        <face v1="171" v2="173" v3="174"></face>
        <face v1="175" v2="176" v3="177"></face>
        <face v1="175" v2="177" v3="178"></face>
        <face v1="179" v2="180" v3="181"></face>
        <face v1="182" v2="183" v3="184"></face>
        <face v1="182" v2="184" v3="185"></face>
        <face v1="186" v2="187" v3="188"></face>
        <face v1="162" v2="189" v3="161"></face>
        <face v1="162" v2="161" v3="190"></face>
        <face v1="162" v2="190" v3="191"></face>
        <face v1="192" v2="193" v3="194"></face>
        <face v1="192" v2="194" v3="195"></face>
        <face v1="196" v2="197" v3="198"></face>
        <face v1="196" v2="198" v3="199"></face>
        <face v1="200" v2="201" v3="202"></face>
        <face v1="200" v2="202" v3="203"></face>
        <face v1="204" v2="205" v3="206"></face>
        <face v1="204" v2="206" v3="207"></face>
      </faces>
      <geometry vertexcount="208">
        <vertexbuffer positions="true" normals="true" texture_coords="1">
          <vertex>
            <position x="1.72967" y="1.98154" z="-1.27092"></position>
            <normal x="0.0" y="-1.0" z="0.0"></normal>
            <texcoord u="-59.6915" v="-14.1895"></texcoord>
          </vertex>
          <vertex>
            <position x="1.72962" y="1.98154" z="-1.07401"></position>
            <normal x="0.0" y="-1.0" z="0.0"></normal>
            <texcoord u="-59.6896" v="-6.77739"></texcoord>
          </vertex>
          <vertex>
            <position x="1.72962" y="1.98154" z="-1.27092"></position>
            <normal x="0.0" y="-1.0" z="0.0"></normal>
            <texcoord u="-59.6896" v="-14.1895"></texcoord>
          </vertex>
          <vertex>
            <position x="1.72962" y="1.98154" z="-1.27164"></position>
            <normal x="0.0" y="-1.0" z="0.0"></normal>
            <texcoord u="-59.6896" v="-14.2169"></texcoord>
          </vertex>
          <vertex>
            <position x="1.72967" y="1.98154" z="-1.27189"></position>
            <normal x="0.0" y="-1.0" z="0.0"></normal>
            <texcoord u="-59.6915" v="-14.2262"></texcoord>
          </vertex>
          <vertex>
            <position x="1.72967" y="1.98154" z="-1.27189"></position>
            <normal x="0.0" y="1.0" z="0.0"></normal>
            <texcoord u="59.6957" v="-14.2262"></texcoord>
          </vertex>
          <vertex>
            <position x="1.72865" y="1.98154" z="-1.27087"></position>
            <normal x="0.0" y="1.0" z="0.0"></normal>
            <texcoord u="59.6571" v="-14.1877"></texcoord>
          </vertex>
          <vertex>
            <position x="1.7289" y="1.98154" z="-1.27092"></position>
            <normal x="0.0" y="0.9958009" z="-0.091545634"></normal>
            <texcoord u="59.6664" v="-14.1895"></texcoord>
          </vertex>
          <vertex>
            <position x="1.72962" y="1.98154" z="-1.27092"></position>
            <normal x="0.0" y="0.9981376" z="-0.06100178"></normal>
            <texcoord u="59.6938" v="-14.1895"></texcoord>
          </vertex>
          <vertex>
            <position x="1.72962" y="1.98154" z="-1.07401"></position>
            <normal x="0.0" y="1.0" z="0.0"></normal>
            <texcoord u="59.6938" v="-6.77739"></texcoord>
          </vertex>
          <vertex>
            <position x="1.72967" y="1.98154" z="-1.27092"></position>
            <normal x="0.0" y="1.0" z="0.0"></normal>
            <texcoord u="59.6957" v="-14.1895"></texcoord>
          </vertex>
          <vertex>
            <position x="2.5389" y="1.98159" z="-1.2706"></position>
            <normal x="3.0936746E-5" y="-1.0" z="-3.0708554E-6"></normal>
            <texcoord u="-90.155" v="-14.1852"></texcoord>
          </vertex>
          <vertex>
            <position x="1.72967" y="1.98154" z="-1.27092"></position>
            <normal x="4.655123E-5" y="-0.9989542" z="0.04572146"></normal>
            <texcoord u="-59.693" v="-14.197"></texcoord>
          </vertex>
          <vertex>
            <position x="2.53889" y="1.98159" z="-1.27065"></position>
            <normal x="2.070257E-5" y="-0.9981379" z="0.06099768"></normal>
            <texcoord u="-90.155" v="-14.187"></texcoord>
          </vertex>
          <vertex>
            <position x="2.53962" y="1.98159" z="-1.27065"></position>
            <normal x="0.0" y="-0.9981376" z="0.06100178"></normal>
            <texcoord u="-90.1821" v="-14.187"></texcoord>
          </vertex>
          <vertex>
            <position x="2.53986" y="1.98159" z="-1.2706"></position>
            <normal x="0.0" y="-1.0" z="0.0"></normal>
            <texcoord u="-90.1914" v="-14.1852"></texcoord>
          </vertex>
          <vertex>
            <position x="1.72967" y="1.98154" z="-1.27092"></position>
            <normal x="-6.1868166E-5" y="1.0" z="6.419903E-6"></normal>
            <texcoord u="59.693" v="-14.1879"></texcoord>
          </vertex>
          <vertex>
            <position x="2.53889" y="1.98159" z="-1.27065"></position>
            <normal x="-6.187182E-5" y="1.0" z="0.0"></normal>
            <texcoord u="90.1549" v="-14.178"></texcoord>
          </vertex>
          <vertex>
            <position x="2.53889" y="1.98159" z="-1.27138"></position>
            <normal x="-6.1868166E-5" y="1.0" z="6.419903E-6"></normal>
            <texcoord u="90.1548" v="-14.2052"></texcoord>
          </vertex>
          <vertex>
            <position x="2.53884" y="1.98159" z="-1.27162"></position>
            <normal x="-6.186452E-5" y="1.0" z="1.2839806E-5"></normal>
            <texcoord u="90.1529" v="-14.2146"></texcoord>
          </vertex>
          <vertex>
            <position x="1.72962" y="1.98154" z="-1.07401"></position>
            <normal x="0.0" y="-1.0" z="0.0"></normal>
            <texcoord u="-59.6901" v="-6.77739"></texcoord>
          </vertex>
          <vertex>
            <position x="1.72962" y="1.98154" z="-1.27092"></position>
            <normal x="0.0" y="-1.0" z="0.0"></normal>
            <texcoord u="-59.6901" v="-14.1895"></texcoord>
          </vertex>
          <vertex>
            <position x="1.72967" y="1.98154" z="-1.27092"></position>
            <normal x="0.0" y="-1.0" z="0.0"></normal>
            <texcoord u="-59.692" v="-14.1895"></texcoord>
          </vertex>
          <vertex>
            <position x="2.5389" y="1.98159" z="-1.2706"></position>
            <normal x="0.0" y="1.0" z="0.0"></normal>
            <texcoord u="-90.1534" v="-14.1777"></texcoord>
          </vertex>
          <vertex>
            <position x="2.53889" y="1.98159" z="-1.0737"></position>
            <normal x="0.0" y="1.0" z="0.0"></normal>
            <texcoord u="-90.1533" v="-6.76553"></texcoord>
          </vertex>
          <vertex>
            <position x="2.53889" y="1.98159" z="-1.07297"></position>
            <normal x="0.0" y="1.0" z="0.0"></normal>
            <texcoord u="-90.1533" v="-6.73818"></texcoord>
          </vertex>
          <vertex>
            <position x="2.5389" y="1.98159" z="-1.2706"></position>
            <normal x="3.0936746E-5" y="-1.0" z="-3.0708554E-6"></normal>
            <texcoord u="-90.1534" v="-14.1777"></texcoord>
          </vertex>
          <vertex>
            <position x="2.53889" y="1.98159" z="-1.07297"></position>
            <normal x="0.0" y="-1.0" z="0.0"></normal>
            <texcoord u="-90.1533" v="-6.73818"></texcoord>
          </vertex>
          <vertex>
            <position x="2.53884" y="1.98159" z="-1.07272"></position>
            <normal x="0.0" y="-1.0" z="0.0"></normal>
            <texcoord u="-90.1514" v="-6.72887"></texcoord>
          </vertex>
          <vertex>
            <position x="2.53884" y="1.98159" z="-1.0737"></position>
            <normal x="4.138629E-5" y="-0.99965113" z="0.026414113"></normal>
            <texcoord u="-90.1514" v="-6.76553"></texcoord>
          </vertex>
          <vertex>
            <position x="2.5389" y="1.98159" z="-1.2706"></position>
            <normal x="0.0" y="1.0" z="0.0"></normal>
            <texcoord u="90.1573" v="-14.1777"></texcoord>
          </vertex>
          <vertex>
            <position x="2.53889" y="1.98159" z="-1.0737"></position>
            <normal x="0.0" y="1.0" z="0.0"></normal>
            <texcoord u="90.1571" v="-6.76554"></texcoord>
          </vertex>
          <vertex>
            <position x="2.53962" y="1.98159" z="-1.0737"></position>
            <normal x="0.0" y="1.0" z="0.0"></normal>
            <texcoord u="90.1845" v="-6.76556"></texcoord>
          </vertex>
          <vertex>
            <position x="2.53987" y="1.98159" z="-1.07375"></position>
            <normal x="0.0" y="1.0" z="0.0"></normal>
            <texcoord u="90.1938" v="-6.76742"></texcoord>
          </vertex>
          <vertex>
            <position x="1.72967" y="1.98154" z="-1.07299"></position>
            <normal x="3.093641E-5" y="-1.0" z="-1.5968162E-6"></normal>
            <texcoord u="59.693" v="-6.73779"></texcoord>
          </vertex>
          <vertex>
            <position x="1.72962" y="1.98154" z="-1.07324"></position>
            <normal x="0.0" y="-1.0" z="0.0"></normal>
            <texcoord u="59.6911" v="-6.74715"></texcoord>
          </vertex>
          <vertex>
            <position x="1.72962" y="1.98154" z="-1.07396"></position>
            <normal x="3.1138992E-5" y="-0.99888873" z="0.04713252"></normal>
            <texcoord u="59.6911" v="-6.77439"></texcoord>
          </vertex>
          <vertex>
            <position x="2.53884" y="1.98159" z="-1.0737"></position>
            <normal x="4.138629E-5" y="-0.99965113" z="0.026414113"></normal>
            <texcoord u="90.153" v="-6.7644"></texcoord>
          </vertex>
          <vertex>
            <position x="1.72967" y="1.98154" z="-1.07299"></position>
            <normal x="-3.093648E-5" y="1.0" z="1.5183058E-6"></normal>
            <texcoord u="59.693" v="-6.73779"></texcoord>
          </vertex>
          <vertex>
            <position x="2.53884" y="1.98159" z="-1.0737"></position>
            <normal x="-6.187297E-5" y="1.0" z="3.036612E-6"></normal>
            <texcoord u="90.153" v="-6.7644"></texcoord>
          </vertex>
          <vertex>
            <position x="1.72962" y="1.98154" z="-1.07401"></position>
            <normal x="-3.093648E-5" y="1.0" z="1.5183058E-6"></normal>
            <texcoord u="59.6911" v="-6.77626"></texcoord>
          </vertex>
          <vertex>
            <position x="1.72865" y="1.98154" z="-1.07401"></position>
            <normal x="0.0" y="1.0" z="0.0"></normal>
            <texcoord u="59.6545" v="-6.77628"></texcoord>
          </vertex>
          <vertex>
            <position x="1.72865" y="1.98154" z="-1.07401"></position>
            <normal x="2.0812768E-5" y="-0.99860054" z="0.05288672"></normal>
            <texcoord u="59.8782" v="6.72908"></texcoord>
          </vertex>
          <vertex>
            <position x="1.72962" y="1.98154" z="-1.07401"></position>
            <normal x="0.0" y="-0.98721224" z="0.15941145"></normal>
            <texcoord u="59.9148" v="6.72785"></texcoord>
          </vertex>
          <vertex>
            <position x="2.53884" y="1.98159" z="-1.0737"></position>
            <normal x="4.138629E-5" y="-0.99965113" z="0.026414113"></normal>
            <texcoord u="90.3594" v="5.70259"></texcoord>
          </vertex>
          <vertex>
            <position x="1.72962" y="1.98154" z="-1.07396"></position>
            <normal x="3.1138992E-5" y="-0.99888873" z="0.04713252"></normal>
            <texcoord u="59.9148" v="6.72598"></texcoord>
          </vertex>
          <vertex>
            <position x="1.7289" y="1.98154" z="-1.07396"></position>
            <normal x="0.0" y="-0.99547935" z="0.0949783"></normal>
            <texcoord u="59.8875" v="6.7269"></texcoord>
          </vertex>
          <vertex>
            <position x="1.72962" y="1.98154" z="-1.27164"></position>
            <normal x="1.0" y="0.0" z="0.0"></normal>
            <texcoord u="-15.2169" v="-33.7444"></texcoord>
          </vertex>
          <vertex>
            <position x="1.72962" y="1.98154" z="-1.27092"></position>
            <normal x="1.0" y="0.0" z="0.0"></normal>
            <texcoord u="-15.1895" v="-33.7444"></texcoord>
          </vertex>
          <vertex>
            <position x="1.72962" y="1.98154" z="-1.07401"></position>
            <normal x="1.0" y="0.0" z="0.0"></normal>
            <texcoord u="-7.77738" v="-33.7444"></texcoord>
          </vertex>
          <vertex>
            <position x="1.72962" y="1.98154" z="-1.07396"></position>
            <normal x="1.0" y="0.0" z="0.0"></normal>
            <texcoord u="-7.77552" v="-33.7444"></texcoord>
          </vertex>
          <vertex>
            <position x="1.72962" y="1.98154" z="-1.07324"></position>
            <normal x="1.0" y="0.0" z="0.0"></normal>
            <texcoord u="-7.74828" v="-33.7444"></texcoord>
          </vertex>
          <vertex>
            <position x="1.72962" y="1.98154" z="-1.27164"></position>
            <normal x="-0.9951243" y="0.0" z="-0.098628834"></normal>
            <texcoord u="-15.2169" v="-33.7444"></texcoord>
          </vertex>
          <vertex>
            <position x="1.72962" y="1.98154" z="-1.07324"></position>
            <normal x="-0.9951243" y="0.0" z="0.098628834"></normal>
            <texcoord u="-7.74828" v="-33.7444"></texcoord>
          </vertex>
          <vertex>
            <position x="1.72962" y="1.99872" z="-1.07324"></position>
            <normal x="-0.9951243" y="0.0" z="0.098628834"></normal>
            <texcoord u="-7.74828" v="-34.3912"></texcoord>
          </vertex>
          <vertex>
            <position x="1.72962" y="1.99872" z="-1.07396"></position>
            <normal x="-1.0" y="0.0" z="0.0"></normal>
            <texcoord u="-7.77552" v="-34.3912"></texcoord>
          </vertex>
          <vertex>
            <position x="1.72962" y="1.99872" z="-1.27092"></position>
            <normal x="-1.0" y="0.0" z="0.0"></normal>
            <texcoord u="-15.1895" v="-34.3912"></texcoord>
          </vertex>
          <vertex>
            <position x="1.72962" y="1.99872" z="-1.27164"></position>
            <normal x="-0.9951243" y="0.0" z="-0.098628834"></normal>
            <texcoord u="-15.2169" v="-34.3912"></texcoord>
          </vertex>
          <vertex>
            <position x="1.72967" y="1.98154" z="-1.27189"></position>
            <normal x="-0.9805447" y="0.0" z="-0.19629589"></normal>
            <texcoord u="-26.6465" v="-33.7446"></texcoord>
          </vertex>
          <vertex>
            <position x="1.72962" y="1.98154" z="-1.27164"></position>
            <normal x="-0.9951243" y="0.0" z="-0.098628834"></normal>
            <texcoord u="-26.637" v="-33.7446"></texcoord>
          </vertex>
          <vertex>
            <position x="1.72962" y="1.99872" z="-1.27164"></position>
            <normal x="-0.9951243" y="0.0" z="-0.098628834"></normal>
            <texcoord u="-26.637" v="-34.3914"></texcoord>
          </vertex>
          <vertex>
            <position x="1.72967" y="1.99872" z="-1.27189"></position>
            <normal x="-0.9805447" y="0.0" z="-0.19629589"></normal>
            <texcoord u="-26.6465" v="-34.3914"></texcoord>
          </vertex>
          <vertex>
            <position x="1.72865" y="1.98154" z="-1.27087"></position>
            <normal x="0.70710677" y="0.0" z="0.70710677"></normal>
            <texcoord u="52.9258" v="-33.7464"></texcoord>
          </vertex>
          <vertex>
            <position x="1.72967" y="1.98154" z="-1.27189"></position>
            <normal x="0.70710677" y="0.0" z="0.70710677"></normal>
            <texcoord u="52.9803" v="-33.7464"></texcoord>
          </vertex>
          <vertex>
            <position x="1.72967" y="1.99872" z="-1.27189"></position>
            <normal x="0.70710677" y="0.0" z="0.70710677"></normal>
            <texcoord u="52.9803" v="-34.3932"></texcoord>
          </vertex>
          <vertex>
            <position x="1.72865" y="1.99872" z="-1.27087"></position>
            <normal x="0.70710677" y="0.0" z="0.70710677"></normal>
            <texcoord u="52.9258" v="-34.3932"></texcoord>
          </vertex>
          <vertex>
            <position x="1.7289" y="1.98154" z="-1.27092"></position>
            <normal x="-0.09850878" y="0.0" z="-0.9951362"></normal>
            <texcoord u="-61.4806" v="-33.7478"></texcoord>
          </vertex>
          <vertex>
            <position x="1.72865" y="1.98154" z="-1.27087"></position>
            <normal x="-0.1963859" y="0.0" z="-0.98052675"></normal>
            <texcoord u="-61.4711" v="-33.7478"></texcoord>
          </vertex>
          <vertex>
            <position x="1.72865" y="1.99872" z="-1.27087"></position>
            <normal x="-0.1963859" y="0.0" z="-0.98052675"></normal>
            <texcoord u="-61.4711" v="-34.3945"></texcoord>
          </vertex>
          <vertex>
            <position x="1.7289" y="1.99872" z="-1.27092"></position>
            <normal x="-0.06563788" y="-0.005276525" z="-0.9978295"></normal>
            <texcoord u="-61.4806" v="-34.3945"></texcoord>
          </vertex>
          <vertex>
            <position x="2.53962" y="1.98159" z="-1.27065"></position>
            <normal x="0.0" y="-0.9981376" z="0.06100178"></normal>
            <texcoord u="-90.1751" v="-33.7495"></texcoord>
          </vertex>
          <vertex>
            <position x="2.53889" y="1.98159" z="-1.27065"></position>
            <normal x="2.070257E-5" y="-0.9981379" z="0.06099768"></normal>
            <texcoord u="-90.148" v="-33.7495"></texcoord>
          </vertex>
          <vertex>
            <position x="1.72967" y="1.98154" z="-1.27092"></position>
            <normal x="4.655123E-5" y="-0.9989542" z="0.04572146"></normal>
            <texcoord u="-59.686" v="-33.7477"></texcoord>
          </vertex>
          <vertex>
            <position x="2.53962" y="1.98159" z="-1.27065"></position>
            <normal x="0.0" y="0.9832388" z="-0.18232243"></normal>
            <texcoord u="-90.1751" v="-33.7495"></texcoord>
          </vertex>
          <vertex>
            <position x="1.72967" y="1.98154" z="-1.27092"></position>
            <normal x="0.0" y="0.9832388" z="-0.18232243"></normal>
            <texcoord u="-59.686" v="-33.7477"></texcoord>
          </vertex>
          <vertex>
            <position x="1.72962" y="1.98154" z="-1.27092"></position>
            <normal x="0.0" y="0.9981376" z="-0.06100178"></normal>
            <texcoord u="-59.6842" v="-33.7477"></texcoord>
          </vertex>
          <vertex>
            <position x="1.7289" y="1.98154" z="-1.27092"></position>
            <normal x="0.0" y="0.9958009" z="-0.091545634"></normal>
            <texcoord u="-59.6568" v="-33.7477"></texcoord>
          </vertex>
          <vertex>
            <position x="2.53962" y="1.98159" z="-1.27065"></position>
            <normal x="0.04110233" y="-0.0031360714" z="-0.99915"></normal>
            <texcoord u="-90.1751" v="-33.7495"></texcoord>
          </vertex>
          <vertex>
            <position x="1.7289" y="1.98154" z="-1.27092"></position>
            <normal x="-0.09850878" y="0.0" z="-0.9951362"></normal>
            <texcoord u="-59.6568" v="-33.7477"></texcoord>
          </vertex>
          <vertex>
            <position x="1.7289" y="1.99872" z="-1.27092"></position>
            <normal x="-0.06563788" y="-0.005276525" z="-0.9978295"></normal>
            <texcoord u="-59.6567" v="-34.3945"></texcoord>
          </vertex>
          <vertex>
            <position x="1.72962" y="1.99872" z="-1.27092"></position>
            <normal x="1.6682736E-4" y="-0.007873343" z="-0.999969"></normal>
            <texcoord u="-59.6841" v="-34.3945"></texcoord>
          </vertex>
          <vertex>
            <position x="2.53889" y="1.99877" z="-1.27065"></position>
            <normal x="1.6682218E-4" y="7.0889914E-6" z="-1.0"></normal>
            <texcoord u="-90.1478" v="-34.3963"></texcoord>
          </vertex>
          <vertex>
            <position x="2.53961" y="1.99877" z="-1.27065"></position>
            <normal x="0.13408689" y="3.9843475E-5" z="-0.9909696"></normal>
            <texcoord u="-90.175" v="-34.3963"></texcoord>
          </vertex>
          <vertex>
            <position x="2.53986" y="1.98159" z="-1.2706"></position>
            <normal x="0.20022371" y="5.949582E-5" z="-0.97975016"></normal>
            <texcoord u="-85.4518" v="-33.7491"></texcoord>
          </vertex>
          <vertex>
            <position x="2.53962" y="1.98159" z="-1.27065"></position>
            <normal x="0.04110233" y="-0.0031360714" z="-0.99915"></normal>
            <texcoord u="-85.4422" v="-33.7491"></texcoord>
          </vertex>
          <vertex>
            <position x="2.53961" y="1.99877" z="-1.27065"></position>
            <normal x="0.13408689" y="3.9843475E-5" z="-0.9909696"></normal>
            <texcoord u="-85.4422" v="-34.3959"></texcoord>
          </vertex>
          <vertex>
            <position x="2.53986" y="1.99877" z="-1.2706"></position>
            <normal x="0.19629589" y="0.0" z="-0.9805447"></normal>
            <texcoord u="-85.4517" v="-34.3959"></texcoord>
          </vertex>
          <vertex>
            <position x="2.53884" y="1.98159" z="-1.27162"></position>
            <normal x="-0.70714813" y="0.0" z="0.70706546"></normal>
            <texcoord u="52.9706" v="-33.7463"></texcoord>
          </vertex>
          <vertex>
            <position x="2.53986" y="1.98159" z="-1.2706"></position>
            <normal x="-0.70714813" y="0.0" z="0.70706546"></normal>
            <texcoord u="53.025" v="-33.7463"></texcoord>
          </vertex>
          <vertex>
            <position x="2.53986" y="1.99877" z="-1.2706"></position>
            <normal x="-0.70714813" y="0.0" z="0.70706546"></normal>
            <texcoord u="53.025" v="-34.3931"></texcoord>
          </vertex>
          <vertex>
            <position x="2.53884" y="1.99877" z="-1.27162"></position>
            <normal x="-0.70714813" y="0.0" z="0.70706546"></normal>
            <texcoord u="52.9706" v="-34.3931"></texcoord>
          </vertex>
          <vertex>
            <position x="2.53889" y="1.98159" z="-1.27138"></position>
            <normal x="0.9947698" y="0.0" z="-0.10214245"></normal>
            <texcoord u="-2.74188" v="-33.7441"></texcoord>
          </vertex>
          <vertex>
            <position x="2.53884" y="1.98159" z="-1.27162"></position>
            <normal x="0.97913384" y="0.0" z="-0.20321645"></normal>
            <texcoord u="-2.73234" v="-33.7441"></texcoord>
          </vertex>
          <vertex>
            <position x="2.53884" y="1.99877" z="-1.27162"></position>
            <normal x="0.97913384" y="0.0" z="-0.20321645"></normal>
            <texcoord u="-2.73233" v="-34.3909"></texcoord>
          </vertex>
          <vertex>
            <position x="2.53889" y="1.99877" z="-1.27138"></position>
            <normal x="0.9947698" y="0.0" z="-0.10214245"></normal>
            <texcoord u="-2.74187" v="-34.3909"></texcoord>
          </vertex>
          <vertex>
            <position x="2.53889" y="1.98159" z="-1.07297"></position>
            <normal x="0.0" y="-1.0" z="0.0"></normal>
            <texcoord u="7.73878" v="-33.7371"></texcoord>
          </vertex>
          <vertex>
            <position x="2.53889" y="1.98159" z="-1.0737"></position>
            <normal x="0.0" y="-1.0" z="0.0"></normal>
            <texcoord u="7.76613" v="-33.7371"></texcoord>
          </vertex>
          <vertex>
            <position x="2.5389" y="1.98159" z="-1.2706"></position>
            <normal x="0.0" y="-1.0" z="0.0"></normal>
            <texcoord u="15.1783" v="-33.7371"></texcoord>
          </vertex>
          <vertex>
            <position x="2.53889" y="1.98159" z="-1.07297"></position>
            <normal x="0.0" y="1.0" z="0.0"></normal>
            <texcoord u="7.73878" v="-33.7371"></texcoord>
          </vertex>
          <vertex>
            <position x="2.5389" y="1.98159" z="-1.2706"></position>
            <normal x="0.0" y="1.0" z="0.0"></normal>
            <texcoord u="15.1783" v="-33.7371"></texcoord>
          </vertex>
          <vertex>
            <position x="2.53889" y="1.98159" z="-1.27065"></position>
            <normal x="0.0" y="1.0" z="0.0"></normal>
            <texcoord u="15.1802" v="-33.7371"></texcoord>
          </vertex>
          <vertex>
            <position x="2.53889" y="1.98159" z="-1.07297"></position>
            <normal x="0.995165" y="0.0" z="0.09821817"></normal>
            <texcoord u="7.73878" v="-33.7371"></texcoord>
          </vertex>
          <vertex>
            <position x="2.53889" y="1.98159" z="-1.27065"></position>
            <normal x="1.0" y="0.0" z="0.0"></normal>
            <texcoord u="15.1802" v="-33.7371"></texcoord>
          </vertex>
          <vertex>
            <position x="2.53889" y="1.98159" z="-1.27138"></position>
            <normal x="0.9947698" y="0.0" z="-0.10214245"></normal>
            <texcoord u="15.2074" v="-33.7371"></texcoord>
          </vertex>
          <vertex>
            <position x="2.53889" y="1.99877" z="-1.27138"></position>
            <normal x="0.9947698" y="0.0" z="-0.10214245"></normal>
            <texcoord u="15.2074" v="-34.3839"></texcoord>
          </vertex>
          <vertex>
            <position x="2.53889" y="1.99877" z="-1.27065"></position>
            <normal x="1.0" y="0.0" z="0.0"></normal>
            <texcoord u="15.1802" v="-34.3839"></texcoord>
          </vertex>
          <vertex>
            <position x="2.53889" y="1.99877" z="-1.0737"></position>
            <normal x="1.0" y="0.0" z="0.0"></normal>
            <texcoord u="7.76617" v="-34.3839"></texcoord>
          </vertex>
          <vertex>
            <position x="2.53889" y="1.99877" z="-1.07297"></position>
            <normal x="0.995165" y="0.0" z="0.09821817"></normal>
            <texcoord u="7.73878" v="-34.3839"></texcoord>
          </vertex>
          <vertex>
            <position x="2.53884" y="1.98159" z="-1.07272"></position>
            <normal x="0.9807064" y="0.0" z="0.19548653"></normal>
            <texcoord u="25.2416" v="-33.7444"></texcoord>
          </vertex>
          <vertex>
            <position x="2.53889" y="1.98159" z="-1.07297"></position>
            <normal x="0.995165" y="0.0" z="0.09821817"></normal>
            <texcoord u="25.2511" v="-33.7444"></texcoord>
          </vertex>
          <vertex>
            <position x="2.53889" y="1.99877" z="-1.07297"></position>
            <normal x="0.995165" y="0.0" z="0.09821817"></normal>
            <texcoord u="25.2511" v="-34.3912"></texcoord>
          </vertex>
          <vertex>
            <position x="2.53884" y="1.99877" z="-1.07272"></position>
            <normal x="0.9807064" y="0.0" z="0.19548653"></normal>
            <texcoord u="25.2416" v="-34.3912"></texcoord>
          </vertex>
          <vertex>
            <position x="2.53987" y="1.98159" z="-1.07375"></position>
            <normal x="-0.70710677" y="0.0" z="-0.70710677"></normal>
            <texcoord u="-69.2714" v="-33.747"></texcoord>
          </vertex>
          <vertex>
            <position x="2.53884" y="1.98159" z="-1.07272"></position>
            <normal x="-0.70710677" y="0.0" z="-0.70710677"></normal>
            <texcoord u="-69.2169" v="-33.747"></texcoord>
          </vertex>
          <vertex>
            <position x="2.53884" y="1.99877" z="-1.07272"></position>
            <normal x="-0.70710677" y="0.0" z="-0.70710677"></normal>
            <texcoord u="-69.2169" v="-34.3938"></texcoord>
          </vertex>
          <vertex>
            <position x="2.53987" y="1.99877" z="-1.07375"></position>
            <normal x="-0.70710677" y="0.0" z="-0.70710677"></normal>
            <texcoord u="-69.2714" v="-34.3938"></texcoord>
          </vertex>
          <vertex>
            <position x="2.53962" y="1.98159" z="-1.0737"></position>
            <normal x="0.09846926" y="0.0" z="0.99514014"></normal>
            <texcoord u="89.9529" v="-33.7494"></texcoord>
          </vertex>
          <vertex>
            <position x="2.53987" y="1.98159" z="-1.07375"></position>
            <normal x="0.19629589" y="0.0" z="0.9805447"></normal>
            <texcoord u="89.9624" v="-33.7494"></texcoord>
          </vertex>
          <vertex>
            <position x="2.53987" y="1.99877" z="-1.07375"></position>
            <normal x="0.19629589" y="0.0" z="0.9805447"></normal>
            <texcoord u="89.9624" v="-34.3961"></texcoord>
          </vertex>
          <vertex>
            <position x="2.53962" y="1.99877" z="-1.0737"></position>
            <normal x="0.06561145" y="-0.0050513656" z="0.9978325"></normal>
            <texcoord u="89.9529" v="-34.3961"></texcoord>
          </vertex>
          <vertex>
            <position x="1.7289" y="1.98154" z="-1.07396"></position>
            <normal x="0.0" y="-0.99547935" z="0.0949783"></normal>
            <texcoord u="59.6593" v="-33.7479"></texcoord>
          </vertex>
          <vertex>
            <position x="1.72962" y="1.98154" z="-1.07396"></position>
            <normal x="3.1138992E-5" y="-0.99888873" z="0.04713252"></normal>
            <texcoord u="59.6866" v="-33.7479"></texcoord>
          </vertex>
          <vertex>
            <position x="2.53884" y="1.98159" z="-1.0737"></position>
            <normal x="0.0" y="-0.98195827" z="0.18909788"></normal>
            <texcoord u="90.1484" v="-33.7496"></texcoord>
          </vertex>
          <vertex>
            <position x="1.7289" y="1.98154" z="-1.07396"></position>
            <normal x="0.0" y="0.98195827" z="-0.18909788"></normal>
            <texcoord u="59.6593" v="-33.7479"></texcoord>
          </vertex>
          <vertex>
            <position x="2.53884" y="1.98159" z="-1.0737"></position>
            <normal x="0.0" y="0.98195827" z="-0.18909788"></normal>
            <texcoord u="90.1484" v="-33.7496"></texcoord>
          </vertex>
          <vertex>
            <position x="2.53889" y="1.98159" z="-1.0737"></position>
            <normal x="0.0" y="0.98195827" z="-0.18909788"></normal>
            <texcoord u="90.1503" v="-33.7496"></texcoord>
          </vertex>
          <vertex>
            <position x="2.53962" y="1.98159" z="-1.0737"></position>
            <normal x="0.0" y="0.98195827" z="-0.18909788"></normal>
            <texcoord u="90.1777" v="-33.7496"></texcoord>
          </vertex>
          <vertex>
            <position x="1.7289" y="1.98154" z="-1.07396"></position>
            <normal x="-0.039529447" y="-0.0030243748" z="0.9992138"></normal>
            <texcoord u="59.6593" v="-33.7479"></texcoord>
          </vertex>
          <vertex>
            <position x="2.53962" y="1.98159" z="-1.0737"></position>
            <normal x="0.09846926" y="0.0" z="0.99514014"></normal>
            <texcoord u="90.1777" v="-33.7496"></texcoord>
          </vertex>
          <vertex>
            <position x="2.53962" y="1.99877" z="-1.0737"></position>
            <normal x="0.06561145" y="-0.0050513656" z="0.9978325"></normal>
            <texcoord u="90.1776" v="-34.3964"></texcoord>
          </vertex>
          <vertex>
            <position x="2.53889" y="1.99877" z="-1.0737"></position>
            <normal x="-1.6064083E-4" y="-0.007537457" z="0.99997157"></normal>
            <texcoord u="90.1502" v="-34.3964"></texcoord>
          </vertex>
          <vertex>
            <position x="1.72962" y="1.99872" z="-1.07396"></position>
            <normal x="-1.6063625E-4" y="6.73207E-6" z="1.0"></normal>
            <texcoord u="59.6865" v="-34.3947"></texcoord>
          </vertex>
          <vertex>
            <position x="1.7289" y="1.99872" z="-1.07396"></position>
            <normal x="-0.09867449" y="0.0" z="0.99511975"></normal>
            <texcoord u="59.6593" v="-34.3946"></texcoord>
          </vertex>
          <vertex>
            <position x="1.72865" y="1.98154" z="-1.07401"></position>
            <normal x="-0.1963859" y="0.0" z="0.98052675"></normal>
            <texcoord u="56.9645" v="-33.7475"></texcoord>
          </vertex>
          <vertex>
            <position x="1.7289" y="1.98154" z="-1.07396"></position>
            <normal x="-0.039529447" y="-0.0030243748" z="0.9992138"></normal>
            <texcoord u="56.9741" v="-33.7475"></texcoord>
          </vertex>
          <vertex>
            <position x="1.7289" y="1.99872" z="-1.07396"></position>
            <normal x="-0.09867449" y="0.0" z="0.99511975"></normal>
            <texcoord u="56.9741" v="-34.3943"></texcoord>
          </vertex>
          <vertex>
            <position x="1.72865" y="1.99872" z="-1.07401"></position>
            <normal x="-0.1963859" y="0.0" z="0.98052675"></normal>
            <texcoord u="56.9645" v="-34.3943"></texcoord>
          </vertex>
          <vertex>
            <position x="1.72967" y="1.98154" z="-1.07299"></position>
            <normal x="0.70710677" y="0.0" z="-0.70710677"></normal>
            <texcoord u="-36.7282" v="-33.7457"></texcoord>
          </vertex>
          <vertex>
            <position x="1.72865" y="1.98154" z="-1.07401"></position>
            <normal x="0.70710677" y="0.0" z="-0.70710677"></normal>
            <texcoord u="-36.6738" v="-33.7457"></texcoord>
          </vertex>
          <vertex>
            <position x="1.72865" y="1.99872" z="-1.07401"></position>
            <normal x="0.70710677" y="0.0" z="-0.70710677"></normal>
            <texcoord u="-36.6738" v="-34.3925"></texcoord>
          </vertex>
          <vertex>
            <position x="1.72967" y="1.99872" z="-1.07299"></position>
            <normal x="0.70710677" y="0.0" z="-0.70710677"></normal>
            <texcoord u="-36.7282" v="-34.3925"></texcoord>
          </vertex>
          <vertex>
            <position x="1.72962" y="1.98154" z="-1.07324"></position>
            <normal x="-0.9951243" y="0.0" z="0.098628834"></normal>
            <texcoord u="4.11264" v="-33.7443"></texcoord>
          </vertex>
          <vertex>
            <position x="1.72967" y="1.98154" z="-1.07299"></position>
            <normal x="-0.9805447" y="0.0" z="0.19629589"></normal>
            <texcoord u="4.12218" v="-33.7443"></texcoord>
          </vertex>
          <vertex>
            <position x="1.72967" y="1.99872" z="-1.07299"></position>
            <normal x="-0.9805447" y="0.0" z="0.19629589"></normal>
            <texcoord u="4.12218" v="-34.3911"></texcoord>
          </vertex>
          <vertex>
            <position x="1.72962" y="1.99872" z="-1.07324"></position>
            <normal x="-0.9951243" y="0.0" z="0.098628834"></normal>
            <texcoord u="4.11263" v="-34.3911"></texcoord>
          </vertex>
          <vertex>
            <position x="2.92775" y="1.9872" z="-0.998652"></position>
            <normal x="0.0" y="-1.0" z="0.0"></normal>
            <texcoord u="-104.791" v="-3.9404898"></texcoord>
          </vertex>
          <vertex>
            <position x="2.92768" y="1.9872" z="-0.896644"></position>
            <normal x="0.0" y="-1.0" z="0.0"></normal>
            <texcoord u="-104.788" v="-0.10054004"></texcoord>
          </vertex>
          <vertex>
            <position x="1.38827" y="1.9872" z="-0.897715"></position>
            <normal x="0.0" y="-1.0" z="0.0"></normal>
            <texcoord u="-46.8393" v="-0.14087999"></texcoord>
          </vertex>
          <vertex>
            <position x="1.38834" y="1.9872" z="-0.999723"></position>
            <normal x="0.0" y="-1.0" z="0.0"></normal>
            <texcoord u="-46.842" v="-3.9808302"></texcoord>
          </vertex>
          <vertex>
            <position x="2.92619" y="2.04722" z="-0.912172"></position>
            <normal x="-2.1847904E-4" y="0.9494951" z="0.31378192"></normal>
            <texcoord u="104.731" v="-12.3473"></texcoord>
          </vertex>
          <vertex>
            <position x="1.38878" y="2.04722" z="-0.913242"></position>
            <normal x="-2.183807E-4" y="0.94949335" z="0.31378716"></normal>
            <texcoord u="46.8572" v="-12.3472"></texcoord>
          </vertex>
          <vertex>
            <position x="1.38876" y="2.0383" z="-0.886251"></position>
            <normal x="-2.1847904E-4" y="0.9494951" z="0.31378192"></normal>
            <texcoord u="46.8572" v="-11.2771"></texcoord>
          </vertex>
          <vertex>
            <position x="2.92619" y="2.0383" z="-0.88518"></position>
            <normal x="-2.1857736E-4" y="0.94949675" z="0.31377667"></normal>
            <texcoord u="104.731" v="-11.2772"></texcoord>
          </vertex>
          <vertex>
            <position x="2.92624" y="2.04728" z="-0.983426"></position>
            <normal x="2.184767E-4" y="0.9495018" z="-0.31376132"></normal>
            <texcoord u="-104.73" v="-6.46265"></texcoord>
          </vertex>
          <vertex>
            <position x="2.92624" y="2.03836" z="-1.01042"></position>
            <normal x="2.1837123E-4" y="0.94950366" z="-0.3137561"></normal>
            <texcoord u="-104.73" v="-5.39255"></texcoord>
          </vertex>
          <vertex>
            <position x="1.38883" y="2.03836" z="-1.01149"></position>
            <normal x="2.184767E-4" y="0.9495018" z="-0.31376132"></normal>
            <texcoord u="-46.8565" v="-5.39246"></texcoord>
          </vertex>
          <vertex>
            <position x="1.38881" y="2.04728" z="-0.984497"></position>
            <normal x="2.1858221E-4" y="0.9495001" z="-0.31376657"></normal>
            <texcoord u="-46.8565" v="-6.46255"></texcoord>
          </vertex>
          <vertex>
            <position x="1.72967" y="1.98154" z="-1.27092"></position>
            <normal x="4.655123E-5" y="-0.9989542" z="0.04572146"></normal>
            <texcoord u="-59.693" v="-14.1895"></texcoord>
          </vertex>
          <vertex>
            <position x="2.5389" y="1.98159" z="-1.2706"></position>
            <normal x="3.0936746E-5" y="-1.0" z="-3.0708554E-6"></normal>
            <texcoord u="-90.155" v="-14.1777"></texcoord>
          </vertex>
          <vertex>
            <position x="2.53884" y="1.98159" z="-1.0737"></position>
            <normal x="4.138629E-5" y="-0.99965113" z="0.026414113"></normal>
            <texcoord u="-90.153" v="-6.76553"></texcoord>
          </vertex>
          <vertex>
            <position x="1.72962" y="1.98154" z="-1.07401"></position>
            <normal x="6.18718E-5" y="-1.0" z="1.5730587E-8"></normal>
            <texcoord u="-59.6911" v="-6.77739"></texcoord>
          </vertex>
          <vertex>
            <position x="2.5389" y="1.98159" z="-1.2706"></position>
            <normal x="0.0" y="-1.0" z="0.0"></normal>
            <texcoord u="-90.155" v="-14.1777"></texcoord>
          </vertex>
          <vertex>
            <position x="2.53889" y="1.98159" z="-1.0737"></position>
            <normal x="0.0" y="-1.0" z="0.0"></normal>
            <texcoord u="-90.1548" v="-6.76553"></texcoord>
          </vertex>
          <vertex>
            <position x="2.53884" y="1.98159" z="-1.0737"></position>
            <normal x="0.0" y="-1.0" z="0.0"></normal>
            <texcoord u="-90.153" v="-6.76553"></texcoord>
          </vertex>
          <vertex>
            <position x="2.5389" y="1.98159" z="-1.2706"></position>
            <normal x="6.186951E-5" y="-1.0" z="9.402228E-9"></normal>
            <texcoord u="-90.155" v="-14.1777"></texcoord>
          </vertex>
          <vertex>
            <position x="2.53884" y="1.98159" z="-1.0737"></position>
            <normal x="6.18718E-5" y="-1.0" z="1.8804457E-8"></normal>
            <texcoord u="-90.153" v="-6.76553"></texcoord>
          </vertex>
          <vertex>
            <position x="1.72962" y="1.98154" z="-1.07396"></position>
            <normal x="6.186951E-5" y="-1.0" z="9.402228E-9"></normal>
            <texcoord u="-59.6911" v="-6.77553"></texcoord>
          </vertex>
          <vertex>
            <position x="1.72962" y="1.98154" z="-1.07401"></position>
            <normal x="6.186723E-5" y="-1.0" z="0.0"></normal>
            <texcoord u="-59.6911" v="-6.77739"></texcoord>
          </vertex>
          <vertex>
            <position x="2.5389" y="1.98159" z="-1.2706"></position>
            <normal x="-6.18718E-5" y="1.0" z="-1.87909E-8"></normal>
            <texcoord u="-90.155" v="-14.1777"></texcoord>
          </vertex>
          <vertex>
            <position x="1.72962" y="1.98154" z="-1.07401"></position>
            <normal x="-6.18718E-5" y="1.0" z="-1.87909E-8"></normal>
            <texcoord u="-59.6911" v="-6.77739"></texcoord>
          </vertex>
          <vertex>
            <position x="2.53884" y="1.98159" z="-1.0737"></position>
            <normal x="-6.18718E-5" y="1.0" z="-1.87909E-8"></normal>
            <texcoord u="-90.153" v="-6.76553"></texcoord>
          </vertex>
          <vertex>
            <position x="2.53884" y="1.98159" z="-1.0737"></position>
            <normal x="-6.186828E-5" y="1.0" z="6.192374E-6"></normal>
            <texcoord u="90.153" v="-6.7664"></texcoord>
          </vertex>
          <vertex>
            <position x="1.72962" y="1.98154" z="-1.07396"></position>
            <normal x="-6.18718E-5" y="1.0" z="0.0"></normal>
            <texcoord u="59.6911" v="-6.77639"></texcoord>
          </vertex>
          <vertex>
            <position x="1.72962" y="1.98154" z="-1.07324"></position>
            <normal x="-6.186828E-5" y="1.0" z="6.192374E-6"></normal>
            <texcoord u="59.6911" v="-6.74916"></texcoord>
          </vertex>
          <vertex>
            <position x="1.72967" y="1.98154" z="-1.07299"></position>
            <normal x="-6.186476E-5" y="1.0" z="1.2384748E-5"></normal>
            <texcoord u="59.693" v="-6.7398"></texcoord>
          </vertex>
          <vertex>
            <position x="1.7289" y="1.98154" z="-1.27092"></position>
            <normal x="0.0" y="1.0" z="0.0"></normal>
            <texcoord u="59.6661" v="-14.1895"></texcoord>
          </vertex>
          <vertex>
            <position x="1.72865" y="1.98154" z="-1.27087"></position>
            <normal x="0.0" y="1.0" z="0.0"></normal>
            <texcoord u="59.6568" v="-14.1877"></texcoord>
          </vertex>
          <vertex>
            <position x="1.72962" y="1.98154" z="-1.07401"></position>
            <normal x="0.0" y="1.0" z="0.0"></normal>
            <texcoord u="59.6934" v="-6.7774"></texcoord>
          </vertex>
          <vertex>
            <position x="1.72962" y="1.98154" z="-1.27092"></position>
            <normal x="0.0" y="1.0" z="0.0"></normal>
            <texcoord u="59.6934" v="-14.1895"></texcoord>
          </vertex>
          <vertex>
            <position x="2.53889" y="1.98159" z="-1.0737"></position>
            <normal x="-6.187105E-5" y="1.0" z="-3.1465246E-9"></normal>
            <texcoord u="-90.1548" v="-6.76553"></texcoord>
          </vertex>
          <vertex>
            <position x="2.5389" y="1.98159" z="-1.2706"></position>
            <normal x="-6.187105E-5" y="1.0" z="-3.1465246E-9"></normal>
            <texcoord u="-90.155" v="-14.1777"></texcoord>
          </vertex>
          <vertex>
            <position x="1.72967" y="1.98154" z="-1.27092"></position>
            <normal x="-6.187105E-5" y="1.0" z="-3.1465246E-9"></normal>
            <texcoord u="-59.693" v="-14.1895"></texcoord>
          </vertex>
          <vertex>
            <position x="2.53889" y="1.98159" z="-1.0737"></position>
            <normal x="3.0937805E-5" y="-1.0" z="-7.791562E-9"></normal>
            <texcoord u="-90.1548" v="-6.76553"></texcoord>
          </vertex>
          <vertex>
            <position x="1.72967" y="1.98154" z="-1.27092"></position>
            <normal x="6.187561E-5" y="-1.0" z="-1.5583124E-8"></normal>
            <texcoord u="-59.693" v="-14.1895"></texcoord>
          </vertex>
          <vertex>
            <position x="2.53884" y="1.98159" z="-1.27162"></position>
            <normal x="3.0937805E-5" y="-1.0" z="-7.791562E-9"></normal>
            <texcoord u="-90.1529" v="-14.2161"></texcoord>
          </vertex>
          <vertex>
            <position x="2.53889" y="1.98159" z="-1.27138"></position>
            <normal x="0.0" y="-1.0" z="0.0"></normal>
            <texcoord u="-90.1548" v="-14.2068"></texcoord>
          </vertex>
          <vertex>
            <position x="2.53889" y="1.98159" z="-1.0737"></position>
            <normal x="1.0" y="0.0" z="0.0"></normal>
            <texcoord u="-90.1548" v="-6.76553"></texcoord>
          </vertex>
          <vertex>
            <position x="2.53889" y="1.98159" z="-1.27138"></position>
            <normal x="0.9947698" y="0.0" z="-0.10214245"></normal>
            <texcoord u="-90.1548" v="-14.2068"></texcoord>
          </vertex>
          <vertex>
            <position x="2.53889" y="1.98159" z="-1.27065"></position>
            <normal x="1.0" y="0.0" z="0.0"></normal>
            <texcoord u="-90.1549" v="-14.1795"></texcoord>
          </vertex>
          <vertex>
            <position x="2.53889" y="1.98159" z="-1.27065"></position>
            <normal x="0.0" y="-1.0" z="0.0"></normal>
            <texcoord u="-90.1549" v="-14.1795"></texcoord>
          </vertex>
          <vertex>
            <position x="2.53987" y="1.98159" z="-1.07375"></position>
            <normal x="0.0" y="-1.0" z="0.0"></normal>
            <texcoord u="-90.1915" v="-6.76741"></texcoord>
          </vertex>
          <vertex>
            <position x="2.53962" y="1.98159" z="-1.0737"></position>
            <normal x="0.0" y="-1.0" z="0.0"></normal>
            <texcoord u="-90.1822" v="-6.76555"></texcoord>
          </vertex>
          <vertex>
            <position x="2.53987" y="1.98159" z="-1.07375"></position>
            <normal x="0.0" y="-1.0" z="0.0"></normal>
            <texcoord u="90.193" v="-6.76742"></texcoord>
          </vertex>
          <vertex>
            <position x="2.53962" y="1.98159" z="-1.0737"></position>
            <normal x="0.0" y="-1.0" z="0.0"></normal>
            <texcoord u="90.1837" v="-6.76556"></texcoord>
          </vertex>
          <vertex>
            <position x="2.53889" y="1.98159" z="-1.0737"></position>
            <normal x="0.0" y="-1.0" z="0.0"></normal>
            <texcoord u="90.1563" v="-6.76553"></texcoord>
          </vertex>
          <vertex>
            <position x="2.5389" y="1.98159" z="-1.2706"></position>
            <normal x="0.0" y="-1.0" z="0.0"></normal>
            <texcoord u="90.1565" v="-14.1777"></texcoord>
          </vertex>
          <vertex>
            <position x="2.53987" y="1.98159" z="-1.07375"></position>
            <normal x="0.0" y="1.0" z="0.0"></normal>
            <texcoord u="90.193" v="-6.76742"></texcoord>
          </vertex>
          <vertex>
            <position x="2.5389" y="1.98159" z="-1.2706"></position>
            <normal x="0.0" y="1.0" z="0.0"></normal>
            <texcoord u="90.1565" v="-14.1777"></texcoord>
          </vertex>
          <vertex>
            <position x="2.53884" y="1.98159" z="-1.0737"></position>
            <normal x="0.0" y="1.0" z="0.0"></normal>
            <texcoord u="90.1545" v="-6.76553"></texcoord>
          </vertex>
          <vertex>
            <position x="2.53884" y="1.98159" z="-1.07272"></position>
            <normal x="0.0" y="1.0" z="0.0"></normal>
            <texcoord u="90.1545" v="-6.72887"></texcoord>
          </vertex>
          <vertex>
            <position x="2.53884" y="1.98159" z="-1.27162"></position>
            <normal x="3.093644E-5" y="-1.0" z="-1.5892136E-6"></normal>
            <texcoord u="90.1529" v="-14.2143"></texcoord>
          </vertex>
          <vertex>
            <position x="2.53889" y="1.98159" z="-1.27138"></position>
            <normal x="0.0" y="-1.0" z="0.0"></normal>
            <texcoord u="90.1548" v="-14.2049"></texcoord>
          </vertex>
          <vertex>
            <position x="2.53889" y="1.98159" z="-1.27065"></position>
            <normal x="3.093644E-5" y="-1.0" z="-1.5892136E-6"></normal>
            <texcoord u="90.1549" v="-14.1777"></texcoord>
          </vertex>
          <vertex>
            <position x="1.72967" y="1.98154" z="-1.27092"></position>
            <normal x="6.187288E-5" y="-1.0" z="-3.1784273E-6"></normal>
            <texcoord u="59.693" v="-14.1876"></texcoord>
          </vertex>
          <vertex>
            <position x="2.53884" y="1.98159" z="-1.27162"></position>
            <normal x="-3.093624E-5" y="1.0" z="1.8135793E-6"></normal>
            <texcoord u="90.1529" v="-14.2143"></texcoord>
          </vertex>
          <vertex>
            <position x="1.72967" y="1.98154" z="-1.27092"></position>
            <normal x="-6.187248E-5" y="1.0" z="3.6271585E-6"></normal>
            <texcoord u="59.693" v="-14.1876"></texcoord>
          </vertex>
          <vertex>
            <position x="2.5389" y="1.98159" z="-1.2706"></position>
            <normal x="-3.093624E-5" y="1.0" z="1.8135793E-6"></normal>
            <texcoord u="90.155" v="-14.1758"></texcoord>
          </vertex>
          <vertex>
            <position x="2.53986" y="1.98159" z="-1.2706"></position>
            <normal x="0.0" y="1.0" z="0.0"></normal>
            <texcoord u="90.1914" v="-14.1758"></texcoord>
          </vertex>
        </vertexbuffer>
      </geometry>
    </submesh>
  </submeshes>
</mesh>
