<mesh>
  <submeshes>
    <submesh material="Material.60" usesharedvertices="false">
      <faces count="6">
        <face v1="0" v2="1" v3="2"></face>
        <face v1="0" v2="2" v3="3"></face>
      </faces>
      <geometry vertexcount="4">
        <vertexbuffer positions="true" normals="true" texture_coords="1">
          <vertex>
            <position x="2.75955" y="1.06831" z="-1.50523"></position>
            <normal x="-0.21399003" y="0.22952746" z="0.9494869"></normal>
            <texcoord u="0.0" v="0.0"></texcoord>
          </vertex>
          <vertex>
            <position x="2.74213" y="0.732385" z="-1.42795"></position>
            <normal x="-0.21399003" y="0.22952746" z="0.9494869"></normal>
            <texcoord u="0.0" v="1.0"></texcoord>
          </vertex>
          <vertex>
            <position x="3.29308" y="0.732385" z="-1.30378"></position>
            <normal x="-0.21399003" y="0.22952746" z="0.9494869"></normal>
            <texcoord u="1.0" v="1.0"></texcoord>
          </vertex>
          <vertex>
            <position x="3.3105" y="1.06831" z="-1.38106"></position>
            <normal x="-0.21399003" y="0.22952746" z="0.9494869"></normal>
            <texcoord u="1.0" v="0.0"></texcoord>
          </vertex>
        </vertexbuffer>
      </geometry>
    </submesh>
  </submeshes>
</mesh>
