<mesh>
  <submeshes>
    <submesh material="Material.83" usesharedvertices="false">
      <faces count="354">
        <face v1="0" v2="1" v3="2"></face>
        <face v1="3" v2="2" v3="1"></face>
        <face v1="2" v2="3" v3="4"></face>
        <face v1="3" v2="5" v3="4"></face>
        <face v1="5" v2="6" v3="4"></face>
        <face v1="7" v2="8" v3="9"></face>
        <face v1="10" v2="9" v3="8"></face>
        <face v1="9" v2="10" v3="11"></face>
        <face v1="9" v2="11" v3="12"></face>
        <face v1="9" v2="12" v3="13"></face>
        <face v1="9" v2="13" v3="14"></face>
        <face v1="9" v2="14" v3="15"></face>
        <face v1="9" v2="15" v3="16"></face>
        <face v1="17" v2="18" v3="19"></face>
        <face v1="20" v2="19" v3="18"></face>
        <face v1="19" v2="20" v3="21"></face>
        <face v1="19" v2="21" v3="22"></face>
        <face v1="19" v2="22" v3="23"></face>
        <face v1="19" v2="23" v3="24"></face>
        <face v1="19" v2="24" v3="25"></face>
        <face v1="19" v2="25" v3="26"></face>
        <face v1="19" v2="26" v3="27"></face>
        <face v1="19" v2="27" v3="28"></face>
        <face v1="29" v2="16" v3="15"></face>
        <face v1="30" v2="29" v3="15"></face>
        <face v1="31" v2="30" v3="15"></face>
        <face v1="32" v2="26" v3="25"></face>
        <face v1="30" v2="26" v3="32"></face>
        <face v1="31" v2="26" v3="30"></face>
        <face v1="33" v2="26" v3="31"></face>
        <face v1="34" v2="26" v3="33"></face>
        <face v1="35" v2="26" v3="34"></face>
        <face v1="36" v2="26" v3="35"></face>
        <face v1="37" v2="26" v3="36"></face>
        <face v1="38" v2="26" v3="37"></face>
        <face v1="39" v2="26" v3="38"></face>
        <face v1="40" v2="26" v3="39"></face>
        <face v1="41" v2="26" v3="40"></face>
        <face v1="42" v2="28" v3="27"></face>
        <face v1="43" v2="42" v3="27"></face>
        <face v1="44" v2="43" v3="27"></face>
        <face v1="45" v2="44" v3="27"></face>
        <face v1="44" v2="45" v3="46"></face>
        <face v1="47" v2="46" v3="45"></face>
        <face v1="48" v2="47" v3="45"></face>
        <face v1="49" v2="48" v3="45"></face>
        <face v1="48" v2="49" v3="50"></face>
        <face v1="48" v2="50" v3="51"></face>
        <face v1="48" v2="51" v3="52"></face>
        <face v1="48" v2="52" v3="53"></face>
        <face v1="54" v2="53" v3="52"></face>
        <face v1="53" v2="54" v3="55"></face>
        <face v1="56" v2="55" v3="54"></face>
        <face v1="57" v2="56" v3="54"></face>
        <face v1="56" v2="57" v3="58"></face>
        <face v1="59" v2="58" v3="57"></face>
        <face v1="59" v2="4" v3="60"></face>
        <face v1="4" v2="59" v3="57"></face>
        <face v1="6" v2="60" v3="4"></face>
        <face v1="61" v2="62" v3="63"></face>
        <face v1="61" v2="64" v3="65"></face>
        <face v1="61" v2="66" v3="64"></face>
        <face v1="66" v2="61" v3="67"></face>
        <face v1="61" v2="68" v3="67"></face>
        <face v1="68" v2="69" v3="67"></face>
        <face v1="69" v2="70" v3="67"></face>
        <face v1="70" v2="71" v3="67"></face>
        <face v1="71" v2="72" v3="67"></face>
        <face v1="72" v2="73" v3="67"></face>
        <face v1="73" v2="74" v3="67"></face>
        <face v1="74" v2="75" v3="67"></face>
        <face v1="75" v2="76" v3="67"></face>
        <face v1="76" v2="77" v3="67"></face>
        <face v1="77" v2="78" v3="67"></face>
        <face v1="78" v2="79" v3="67"></face>
        <face v1="79" v2="80" v3="67"></face>
        <face v1="80" v2="81" v3="67"></face>
        <face v1="81" v2="82" v3="67"></face>
        <face v1="82" v2="83" v3="67"></face>
        <face v1="84" v2="67" v3="83"></face>
        <face v1="84" v2="85" v3="67"></face>
        <face v1="84" v2="86" v3="85"></face>
        <face v1="84" v2="87" v3="86"></face>
        <face v1="84" v2="88" v3="87"></face>
        <face v1="88" v2="84" v3="89"></face>
        <face v1="90" v2="89" v3="84"></face>
        <face v1="90" v2="91" v3="89"></face>
        <face v1="90" v2="92" v3="91"></face>
        <face v1="90" v2="93" v3="92"></face>
        <face v1="90" v2="94" v3="93"></face>
        <face v1="90" v2="95" v3="94"></face>
        <face v1="90" v2="96" v3="95"></face>
        <face v1="90" v2="97" v3="96"></face>
        <face v1="97" v2="90" v3="98"></face>
        <face v1="90" v2="99" v3="98"></face>
        <face v1="99" v2="100" v3="98"></face>
        <face v1="100" v2="101" v3="98"></face>
        <face v1="101" v2="102" v3="98"></face>
        <face v1="103" v2="98" v3="102"></face>
        <face v1="103" v2="104" v3="98"></face>
        <face v1="103" v2="105" v3="104"></face>
        <face v1="105" v2="103" v3="106"></face>
        <face v1="107" v2="106" v3="103"></face>
        <face v1="107" v2="108" v3="106"></face>
        <face v1="107" v2="109" v3="108"></face>
        <face v1="109" v2="107" v3="110"></face>
        <face v1="111" v2="110" v3="107"></face>
        <face v1="110" v2="111" v3="112"></face>
        <face v1="111" v2="113" v3="112"></face>
        <face v1="113" v2="114" v3="112"></face>
        <face v1="114" v2="115" v3="112"></face>
        <face v1="116" v2="112" v3="115"></face>
        <face v1="112" v2="116" v3="117"></face>
        <face v1="116" v2="118" v3="117"></face>
        <face v1="119" v2="117" v3="118"></face>
        <face v1="61" v2="63" v3="120"></face>
        <face v1="121" v2="120" v3="63"></face>
        <face v1="61" v2="65" v3="62"></face>
      </faces>
      <geometry vertexcount="122">
        <vertexbuffer positions="true" normals="true" texture_coords="1">
          <vertex>
            <position x="0.440527" y="0.753181" z="-0.311924"></position>
            <normal x="0.007629401" y="0.99996114" z="-0.0044162003"></normal>
            <texcoord u="-0.444238" v="1.6334801"></texcoord>
          </vertex>
          <vertex>
            <position x="0.450479" y="0.753141" z="-0.303787"></position>
            <normal x="0.007335568" y="0.9999647" z="-0.004099616"></normal>
            <texcoord u="-0.43834" v="1.648769"></texcoord>
          </vertex>
          <vertex>
            <position x="0.431503" y="0.753208" z="-0.3214"></position>
            <normal x="0.007365263" y="0.99996424" z="-0.004149647"></normal>
            <texcoord u="-0.448264" v="1.617291"></texcoord>
          </vertex>
          <vertex>
            <position x="0.461217" y="0.753091" z="-0.297018"></position>
            <normal x="0.007311811" y="0.99996483" z="-0.0041076858"></normal>
            <texcoord u="-0.430708" v="1.6630399"></texcoord>
          </vertex>
          <vertex>
            <position x="0.376993" y="0.753325" z="-0.389103"></position>
            <normal x="0.0073764916" y="0.9999639" z="-0.0042053224"></normal>
            <texcoord u="-0.465985" v="1.5079069"></texcoord>
          </vertex>
          <vertex>
            <position x="0.472603" y="0.753029" z="-0.291644"></position>
            <normal x="0.007348777" y="0.99996436" z="-0.0041723233"></normal>
            <texcoord u="-0.421479" v="1.676172"></texcoord>
          </vertex>
          <vertex>
            <position x="0.484497" y="0.752959" z="-0.287697"></position>
            <normal x="0.007305176" y="0.99996483" z="-0.0041356133"></normal>
            <texcoord u="-0.410789" v="1.688046"></texcoord>
          </vertex>
          <vertex>
            <position x="0.19011" y="0.750726" z="-1.33671"></position>
            <normal x="0.00853001" y="0.99994934" z="-0.005346706"></normal>
            <texcoord u="-0.075654" v="0.34006602"></texcoord>
          </vertex>
          <vertex>
            <position x="0.186638" y="0.750741" z="-1.33944"></position>
            <normal x="0.007638772" y="0.99996126" z="-0.0043672957"></normal>
            <texcoord u="-0.077784" v="0.334858"></texcoord>
          </vertex>
          <vertex>
            <position x="0.19155" y="0.750723" z="-1.33497"></position>
            <normal x="0.0073955436" y="0.9999639" z="-0.004189983"></normal>
            <texcoord u="-0.075158" v="0.342907"></texcoord>
          </vertex>
          <vertex>
            <position x="0.184672" y="0.750751" z="-1.3404"></position>
            <normal x="0.006843478" y="0.99997044" z="-0.0035094253"></normal>
            <texcoord u="-0.079358" v="0.332555"></texcoord>
          </vertex>
          <vertex>
            <position x="0.182595" y="0.750763" z="-1.34107"></position>
            <normal x="0.0072015775" y="0.999966" z="-0.0040158266"></normal>
            <texcoord u="-0.081232" v="0.330496"></texcoord>
          </vertex>
          <vertex>
            <position x="0.176031" y="0.750811" z="-1.3413"></position>
            <normal x="0.007418441" y="0.9999633" z="-0.0042896625"></normal>
            <texcoord u="-0.088364" v="0.326106"></texcoord>
          </vertex>
          <vertex>
            <position x="0.171701" y="0.750849" z="-1.33984"></position>
            <normal x="0.0073735747" y="0.99996406" z="-0.004180324"></normal>
            <texcoord u="-0.09408" v="0.324992"></texcoord>
          </vertex>
          <vertex>
            <position x="0.0572848" y="0.751936" z="-1.28167"></position>
            <normal x="0.007370893" y="0.99996406" z="-0.0041897907"></normal>
            <texcoord u="-0.257545" v="0.317325"></texcoord>
          </vertex>
          <vertex>
            <position x="0.0460106" y="0.752047" z="-1.27502"></position>
            <normal x="0.0071299137" y="0.9999669" z="-0.0039290288"></normal>
            <texcoord u="-0.274225" v="0.317582"></texcoord>
          </vertex>
          <vertex>
            <position x="0.368562" y="0.750876" z="-0.987601"></position>
            <normal x="0.007500546" y="0.9999625" z="-0.0043433546"></normal>
            <texcoord u="-0.098005" v="0.83941"></texcoord>
          </vertex>
          <vertex>
            <position x="0.413954" y="0.750615" z="-0.970169"></position>
            <normal x="0.007091942" y="0.99996763" z="-0.003793611"></normal>
            <texcoord u="-0.058695" v="0.887343"></texcoord>
          </vertex>
          <vertex>
            <position x="0.409725" y="0.750633" z="-0.97333"></position>
            <normal x="0.0070812553" y="0.99996775" z="-0.0037822868"></normal>
            <texcoord u="-0.061389" v="0.881173"></texcoord>
          </vertex>
          <vertex>
            <position x="0.417413" y="0.750606" z="-0.966075"></position>
            <normal x="0.007288872" y="0.99996537" z="-0.004011306"></normal>
            <texcoord u="-0.057444" v="0.894059"></texcoord>
          </vertex>
          <vertex>
            <position x="0.404911" y="0.750659" z="-0.975465"></position>
            <normal x="0.00716681" y="0.9999667" z="-0.0038991065"></normal>
            <texcoord u="-0.065379" v="0.875773"></texcoord>
          </vertex>
          <vertex>
            <position x="0.402342" y="0.750675" z="-0.976117"></position>
            <normal x="0.0073507" y="0.9999643" z="-0.004158801"></normal>
            <texcoord u="-0.067813" v="0.87343097"></texcoord>
          </vertex>
          <vertex>
            <position x="0.396999" y="0.750713" z="-0.976531"></position>
            <normal x="0.0074235885" y="0.99996334" z="-0.0042615323"></normal>
            <texcoord u="-0.073473" v="0.869604"></texcoord>
          </vertex>
          <vertex>
            <position x="0.39124" y="0.750758" z="-0.97598"></position>
            <normal x="0.0074166018" y="0.9999634" z="-0.0042532543"></normal>
            <texcoord u="-0.080203" v="0.866583"></texcoord>
          </vertex>
          <vertex>
            <position x="0.388242" y="0.75078" z="-0.976042"></position>
            <normal x="0.0073908963" y="0.999964" z="-0.004175799"></normal>
            <texcoord u="-0.083485" v="0.864625"></texcoord>
          </vertex>
          <vertex>
            <position x="0.38245" y="0.750818" z="-0.977167"></position>
            <normal x="0.007328603" y="0.999965" z="-0.004033879"></normal>
            <texcoord u="-0.089194" v="0.859728"></texcoord>
          </vertex>
          <vertex>
            <position x="0.0258557" y="0.753015" z="-1.07969"></position>
            <normal x="0.0073572295" y="0.9999642" z="-0.0041810567"></normal>
            <texcoord u="-0.419707" v="0.52131903"></texcoord>
          </vertex>
          <vertex>
            <position x="0.0518655" y="0.75317" z="-0.996931"></position>
            <normal x="0.0074084266" y="0.9999635" z="-0.0042386735"></normal>
            <texcoord u="-0.443059" v="0.62941897"></texcoord>
          </vertex>
          <vertex>
            <position x="0.711302" y="0.750866" z="-0.388054"></position>
            <normal x="0.007350278" y="0.99996424" z="-0.0041767154"></normal>
            <texcoord u="-0.096193" v="1.719826"></texcoord>
          </vertex>
          <vertex>
            <position x="0.370363" y="0.750873" z="-0.985204"></position>
            <normal x="0.0067701666" y="0.9999709" z="-0.0035263079"></normal>
            <texcoord u="-0.097521" v="0.843202"></texcoord>
          </vertex>
          <vertex>
            <position x="0.374659" y="0.750858" z="-0.981159"></position>
            <normal x="0.0070186914" y="0.99996805" z="-0.003837884"></normal>
            <texcoord u="-0.09531" v="0.850392"></texcoord>
          </vertex>
          <vertex>
            <position x="0.0358335" y="0.752155" z="-1.26717"></position>
            <normal x="0.007372044" y="0.999964" z="-0.004196208"></normal>
            <texcoord u="-0.290453" v="0.319866"></texcoord>
          </vertex>
          <vertex>
            <position x="0.377103" y="0.750847" z="-0.979539"></position>
            <normal x="0.0074776327" y="0.9999616" z="-0.0045789904"></normal>
            <texcoord u="-0.093624" v="0.853728"></texcoord>
          </vertex>
          <vertex>
            <position x="0.0268094" y="0.752259" z="-1.25824"></position>
            <normal x="0.007375023" y="0.999964" z="-0.0041943705"></normal>
            <texcoord u="-0.30608" v="0.32406902"></texcoord>
          </vertex>
          <vertex>
            <position x="0.0189993" y="0.752358" z="-1.24837"></position>
            <normal x="0.007369852" y="0.99996406" z="-0.0041941484"></normal>
            <texcoord u="-0.320961" v="0.330086"></texcoord>
          </vertex>
          <vertex>
            <position x="0.0124616" y="0.752451" z="-1.23768"></position>
            <normal x="0.0073591885" y="0.9999641" z="-0.0041934843"></normal>
            <texcoord u="-0.334946" v="0.337811"></texcoord>
          </vertex>
          <vertex>
            <position x="0.0072549" y="0.752537" z="-1.2263"></position>
            <normal x="0.007337266" y="0.9999643" z="-0.004190924"></normal>
            <texcoord u="-0.34789" v="0.34713697"></texcoord>
          </vertex>
          <vertex>
            <position x="0.00343749" y="0.752615" z="-1.21436"></position>
            <normal x="0.007425905" y="0.99996364" z="-0.0042063384"></normal>
            <texcoord u="-0.359644" v="0.35795897"></texcoord>
          </vertex>
          <vertex>
            <position x="0.00107055" y="0.752685" z="-1.202"></position>
            <normal x="0.0073921275" y="0.9999639" z="-0.004195684"></normal>
            <texcoord u="-0.370063" v="0.37016898"></texcoord>
          </vertex>
          <vertex>
            <position x="2.15165E-4" y="0.752744" z="-1.18933"></position>
            <normal x="0.0071819643" y="0.9999656" z="-0.0041508814"></normal>
            <texcoord u="-0.378997" v="0.383663"></texcoord>
          </vertex>
          <vertex>
            <position x="9.27111E-4" y="0.752792" z="-1.1765"></position>
            <normal x="0.007318992" y="0.9999644" z="-0.0041878447"></normal>
            <texcoord u="-0.3863" v="0.398333"></texcoord>
          </vertex>
          <vertex>
            <position x="0.0032675" y="0.752829" z="-1.16362"></position>
            <normal x="0.007527089" y="0.9999626" z="-0.0042414274"></normal>
            <texcoord u="-0.391824" v="0.41407502"></texcoord>
          </vertex>
          <vertex>
            <position x="0.711862" y="0.750871" z="-0.385862"></position>
            <normal x="0.0074551795" y="0.999963" z="-0.0042899684"></normal>
            <texcoord u="-0.096953" v="1.722609"></texcoord>
          </vertex>
          <vertex>
            <position x="0.712099" y="0.750879" z="-0.38365"></position>
            <normal x="0.0075030616" y="0.99996245" z="-0.004341949"></normal>
            <texcoord u="-0.098086" v="1.725208"></texcoord>
          </vertex>
          <vertex>
            <position x="0.711636" y="0.750901" z="-0.379296"></position>
            <normal x="0.0073388163" y="0.9999644" z="-0.004159962"></normal>
            <texcoord u="-0.101343" v="1.72974"></texcoord>
          </vertex>
          <vertex>
            <position x="0.0812461" y="0.753296" z="-0.915447"></position>
            <normal x="0.007359411" y="0.9999641" z="-0.004184918"></normal>
            <texcoord u="-0.461875" v="0.738231"></texcoord>
          </vertex>
          <vertex>
            <position x="0.71" y="0.750929" z="-0.375255"></position>
            <normal x="0.0073268" y="0.99996454" z="-0.0041463287"></normal>
            <texcoord u="-0.105705" v="1.7331879"></texcoord>
          </vertex>
          <vertex>
            <position x="0.708767" y="0.750946" z="-0.37343"></position>
            <normal x="0.007421658" y="0.9999634" z="-0.004256876"></normal>
            <texcoord u="-0.108219" v="1.734432"></texcoord>
          </vertex>
          <vertex>
            <position x="0.705532" y="0.750983" z="-0.370343"></position>
            <normal x="0.007373977" y="0.99996394" z="-0.004202082"></normal>
            <texcoord u="-0.113754" v="1.735813"></texcoord>
          </vertex>
          <vertex>
            <position x="0.113945" y="0.753391" z="-0.835336"></position>
            <normal x="0.0073671197" y="0.99996406" z="-0.004194367"></normal>
            <texcoord u="-0.476146" v="0.847615"></texcoord>
          </vertex>
          <vertex>
            <position x="0.149912" y="0.753456" z="-0.756698"></position>
            <normal x="0.0073710354" y="0.999964" z="-0.0041997307"></normal>
            <texcoord u="-0.485868" v="0.957426"></texcoord>
          </vertex>
          <vertex>
            <position x="0.189096" y="0.753491" z="-0.679634"></position>
            <normal x="0.0073696645" y="0.999964" z="-0.0041969074"></normal>
            <texcoord u="-0.491032" v="1.067522"></texcoord>
          </vertex>
          <vertex>
            <position x="0.231447" y="0.753495" z="-0.604242"></position>
            <normal x="0.007369023" y="0.9999641" z="-0.0041957563"></normal>
            <texcoord u="-0.491633" v="1.17776"></texcoord>
          </vertex>
          <vertex>
            <position x="0.55871" y="0.752379" z="-0.295502"></position>
            <normal x="0.0073639974" y="0.9999641" z="-0.0041903253"></normal>
            <texcoord u="-0.323632" v="1.7261851"></texcoord>
          </vertex>
          <vertex>
            <position x="0.276914" y="0.753469" z="-0.530623"></position>
            <normal x="0.0073624896" y="0.9999641" z="-0.0041880743"></normal>
            <texcoord u="-0.487663" v="1.287999"></texcoord>
          </vertex>
          <vertex>
            <position x="0.5467" y="0.752489" z="-0.290308"></position>
            <normal x="0.0073600276" y="0.9999641" z="-0.0041847094"></normal>
            <texcoord u="-0.340214" v="1.724367"></texcoord>
          </vertex>
          <vertex>
            <position x="0.53436" y="0.752595" z="-0.286709"></position>
            <normal x="0.00736777" y="0.9999641" z="-0.004194497"></normal>
            <texcoord u="-0.356157" v="1.720574"></texcoord>
          </vertex>
          <vertex>
            <position x="0.325446" y="0.753412" z="-0.458876"></position>
            <normal x="0.007371093" y="0.999964" z="-0.0041996343"></normal>
            <texcoord u="-0.479116" v="1.398096"></texcoord>
          </vertex>
          <vertex>
            <position x="0.52183" y="0.752696" z="-0.284679"></position>
            <normal x="0.0073815817" y="0.9999639" z="-0.0042114398"></normal>
            <texcoord u="-0.371322" v="1.714926"></texcoord>
          </vertex>
          <vertex>
            <position x="0.50925" y="0.752791" z="-0.284185"></position>
            <normal x="0.0073804865" y="0.99996394" z="-0.0042125764"></normal>
            <texcoord u="-0.385574" v="1.707543"></texcoord>
          </vertex>
          <vertex>
            <position x="0.496759" y="0.752879" z="-0.2852"></position>
            <normal x="0.0073865503" y="0.9999639" z="-0.004222319"></normal>
            <texcoord u="-0.398775" v="1.6985431"></texcoord>
          </vertex>
          <vertex>
            <position x="0.558495" y="0.723158" z="-0.295377"></position>
            <normal x="-0.007386729" y="-0.999964" z="0.0041736234"></normal>
            <texcoord u="0.319188" v="1.740708"></texcoord>
          </vertex>
          <vertex>
            <position x="0.711804" y="0.721668" z="-0.381328"></position>
            <normal x="-0.007307073" y="-0.99996406" z="0.0043013273"></normal>
            <texcoord u="0.095117" v="1.742118"></texcoord>
          </vertex>
          <vertex>
            <position x="0.710744" y="0.721694" z="-0.377099"></position>
            <normal x="-0.007317936" y="-0.99996436" z="0.004221219"></normal>
            <texcoord u="0.098958" v="1.746138"></texcoord>
          </vertex>
          <vertex>
            <position x="0.711647" y="0.721651" z="-0.38574"></position>
            <normal x="-0.007442651" y="-0.9999641" z="0.004062208"></normal>
            <texcoord u="0.092509" v="1.7371321"></texcoord>
          </vertex>
          <vertex>
            <position x="0.711884" y="0.721658" z="-0.383527"></position>
            <normal x="-0.007410407" y="-0.9999641" z="0.004121172"></normal>
            <texcoord u="0.093642" v="1.739732"></texcoord>
          </vertex>
          <vertex>
            <position x="0.711087" y="0.721646" z="-0.387932"></position>
            <normal x="-0.0073719346" y="-0.99996406" z="0.00418171"></normal>
            <texcoord u="0.091749" v="1.73435"></texcoord>
          </vertex>
          <vertex>
            <position x="0.417198" y="0.721386" z="-0.965952"></position>
            <normal x="-0.0073698126" y="-0.99996406" z="0.004193957"></normal>
            <texcoord u="0.053002" v="0.908583"></texcoord>
          </vertex>
          <vertex>
            <position x="0.546484" y="0.723269" z="-0.290186"></position>
            <normal x="-0.0073566176" y="-0.9999641" z="0.004193775"></normal>
            <texcoord u="0.335771" v="1.7388899"></texcoord>
          </vertex>
          <vertex>
            <position x="0.534145" y="0.723374" z="-0.286586"></position>
            <normal x="-0.007334894" y="-0.9999643" z="0.004188783"></normal>
            <texcoord u="0.351713" v="1.735098"></texcoord>
          </vertex>
          <vertex>
            <position x="0.521615" y="0.723475" z="-0.284557"></position>
            <normal x="-0.0073829126" y="-0.99996394" z="0.004196964"></normal>
            <texcoord u="0.366879" v="1.72945"></texcoord>
          </vertex>
          <vertex>
            <position x="0.509035" y="0.72357" z="-0.284063"></position>
            <normal x="-0.007387899" y="-0.9999639" z="0.0041977176"></normal>
            <texcoord u="0.381131" v="1.7220659"></texcoord>
          </vertex>
          <vertex>
            <position x="0.496544" y="0.723658" z="-0.285077"></position>
            <normal x="-0.007383081" y="-0.9999639" z="0.0041971668"></normal>
            <texcoord u="0.394332" v="1.713067"></texcoord>
          </vertex>
          <vertex>
            <position x="0.484282" y="0.723738" z="-0.287574"></position>
            <normal x="-0.007369184" y="-0.9999641" z="0.004195698"></normal>
            <texcoord u="0.406346" v="1.70257"></texcoord>
          </vertex>
          <vertex>
            <position x="0.472388" y="0.723809" z="-0.291522"></position>
            <normal x="-0.007347338" y="-0.9999642" z="0.0041937656"></normal>
            <texcoord u="0.417036" v="1.690696"></texcoord>
          </vertex>
          <vertex>
            <position x="0.461002" y="0.72387" z="-0.296896"></position>
            <normal x="-0.0073650815" y="-0.99996406" z="0.0041947085"></normal>
            <texcoord u="0.426265" v="1.677564"></texcoord>
          </vertex>
          <vertex>
            <position x="0.450263" y="0.723921" z="-0.303665"></position>
            <normal x="-0.007371532" y="-0.999964" z="0.004195513"></normal>
            <texcoord u="0.433897" v="1.663293"></texcoord>
          </vertex>
          <vertex>
            <position x="0.440312" y="0.72396" z="-0.311802"></position>
            <normal x="-0.0073723495" y="-0.999964" z="0.0041951826"></normal>
            <texcoord u="0.439794" v="1.648004"></texcoord>
          </vertex>
          <vertex>
            <position x="0.431288" y="0.723987" z="-0.321277"></position>
            <normal x="-0.007377343" y="-0.999964" z="0.004195635"></normal>
            <texcoord u="0.443821" v="1.631815"></texcoord>
          </vertex>
          <vertex>
            <position x="0.376777" y="0.724104" z="-0.388981"></position>
            <normal x="-0.0073614214" y="-0.9999641" z="0.0041948706"></normal>
            <texcoord u="0.461542" v="1.522431"></texcoord>
          </vertex>
          <vertex>
            <position x="0.325231" y="0.724191" z="-0.458754"></position>
            <normal x="-0.0073695523" y="-0.99996406" z="0.0041939006"></normal>
            <texcoord u="0.474673" v="1.4126201"></texcoord>
          </vertex>
          <vertex>
            <position x="0.276699" y="0.724248" z="-0.530501"></position>
            <normal x="-0.007369204" y="-0.99996406" z="0.00419452"></normal>
            <texcoord u="0.48322" v="1.302523"></texcoord>
          </vertex>
          <vertex>
            <position x="0.231232" y="0.724274" z="-0.60412"></position>
            <normal x="-0.007367764" y="-0.99996406" z="0.004194507"></normal>
            <texcoord u="0.48719" v="1.192284"></texcoord>
          </vertex>
          <vertex>
            <position x="0.188881" y="0.72427" z="-0.679511"></position>
            <normal x="-0.007367083" y="-0.99996406" z="0.004195757"></normal>
            <texcoord u="0.486589" v="1.082046"></texcoord>
          </vertex>
          <vertex>
            <position x="0.149696" y="0.724235" z="-0.756576"></position>
            <normal x="-0.0073846397" y="-0.99996406" z="0.004173837"></normal>
            <texcoord u="0.481425" v="0.971949"></texcoord>
          </vertex>
          <vertex>
            <position x="0.415576" y="0.721389" z="-0.96811"></position>
            <normal x="-0.007362862" y="-0.9999641" z="0.004199149"></normal>
            <texcoord u="0.053438" v="0.90517"></texcoord>
          </vertex>
          <vertex>
            <position x="0.411709" y="0.721402" z="-0.97175"></position>
            <normal x="-0.0073319003" y="-0.9999641" z="0.0042377515"></normal>
            <texcoord u="0.055428" v="0.898699"></texcoord>
          </vertex>
          <vertex>
            <position x="0.407164" y="0.721424" z="-0.974409"></position>
            <normal x="-0.007449889" y="-0.9999638" z="0.004098576"></normal>
            <texcoord u="0.058788" v="0.892886"></texcoord>
          </vertex>
          <vertex>
            <position x="0.404695" y="0.721439" z="-0.975342"></position>
            <normal x="-0.007456461" y="-0.9999638" z="0.004088831"></normal>
            <texcoord u="0.060936" v="0.890297"></texcoord>
          </vertex>
          <vertex>
            <position x="0.399482" y="0.721473" z="-0.976353"></position>
            <normal x="-0.0072813663" y="-0.99996406" z="0.0043579172"></normal>
            <texcoord u="0.066076" v="0.885889"></texcoord>
          </vertex>
          <vertex>
            <position x="0.11373" y="0.72417" z="-0.835213"></position>
            <normal x="-0.007348208" y="-0.999964" z="0.004232164"></normal>
            <texcoord u="0.471704" v="0.86213803"></texcoord>
          </vertex>
          <vertex>
            <position x="0.396783" y="0.721492" z="-0.976409"></position>
            <normal x="-0.0072815535" y="-0.999964" z="0.004368926"></normal>
            <texcoord u="0.069031" v="0.884127"></texcoord>
          </vertex>
          <vertex>
            <position x="0.391024" y="0.721537" z="-0.975857"></position>
            <normal x="-0.0074117165" y="-0.99996406" z="0.004107649"></normal>
            <texcoord u="0.07576" v="0.881107"></texcoord>
          </vertex>
          <vertex>
            <position x="0.385089" y="0.721579" z="-0.976319"></position>
            <normal x="-0.0073918337" y="-0.99996406" z="0.004146387"></normal>
            <texcoord u="0.082046" v="0.876854"></texcoord>
          </vertex>
          <vertex>
            <position x="0.379493" y="0.721613" z="-0.978081"></position>
            <normal x="-0.007385669" y="-0.99996406" z="0.004158453"></normal>
            <texcoord u="0.087137" v="0.871374"></texcoord>
          </vertex>
          <vertex>
            <position x="0.374444" y="0.721638" z="-0.981037"></position>
            <normal x="-0.007345438" y="-0.99996406" z="0.0042301374"></normal>
            <texcoord u="0.090868" v="0.864915"></texcoord>
          </vertex>
          <vertex>
            <position x="0.370148" y="0.721652" z="-0.985081"></position>
            <normal x="-0.0073201014" y="-0.99996406" z="0.004276841"></normal>
            <texcoord u="0.093079" v="0.857725"></texcoord>
          </vertex>
          <vertex>
            <position x="0.368347" y="0.721655" z="-0.987478"></position>
            <normal x="-0.007353415" y="-0.9999641" z="0.0042204275"></normal>
            <texcoord u="0.093563" v="0.853934"></texcoord>
          </vertex>
          <vertex>
            <position x="0.191335" y="0.721502" z="-1.33485"></position>
            <normal x="-0.0074027632" y="-0.999964" z="0.0041556545"></normal>
            <texcoord u="0.070716" v="0.357431"></texcoord>
          </vertex>
          <vertex>
            <position x="0.081031" y="0.724075" z="-0.915325"></position>
            <normal x="-0.0073739216" y="-0.999964" z="0.004194143"></normal>
            <texcoord u="0.457432" v="0.752755"></texcoord>
          </vertex>
          <vertex>
            <position x="0.0516503" y="0.72395" z="-0.996809"></position>
            <normal x="-0.007369331" y="-0.9999641" z="0.0041963905"></normal>
            <texcoord u="0.438617" v="0.643943"></texcoord>
          </vertex>
          <vertex>
            <position x="0.0256405" y="0.723794" z="-1.07957"></position>
            <normal x="-0.007363576" y="-0.9999641" z="0.004198495"></normal>
            <texcoord u="0.415264" v="0.535843"></texcoord>
          </vertex>
          <vertex>
            <position x="0.00305231" y="0.723608" z="-1.1635"></position>
            <normal x="-0.0073886784" y="-0.999964" z="0.0041714367"></normal>
            <texcoord u="0.387382" v="0.428599"></texcoord>
          </vertex>
          <vertex>
            <position x="7.11946E-4" y="0.723572" z="-1.17637"></position>
            <normal x="-0.007403931" y="-0.99996394" z="0.004154791"></normal>
            <texcoord u="0.381858" v="0.412857"></texcoord>
          </vertex>
          <vertex>
            <position x="0.189895" y="0.721506" z="-1.33659"></position>
            <normal x="-0.007334554" y="-0.9999641" z="0.004233982"></normal>
            <texcoord u="0.071213" v="0.35459"></texcoord>
          </vertex>
          <vertex>
            <position x="0.188246" y="0.721511" z="-1.33808"></position>
            <normal x="-0.007349899" y="-0.9999641" z="0.0042210063"></normal>
            <texcoord u="0.072097" v="0.351896"></texcoord>
          </vertex>
          <vertex>
            <position x="0.186423" y="0.72152" z="-1.33931"></position>
            <normal x="-0.007430151" y="-0.9999639" z="0.0041243774"></normal>
            <texcoord u="0.073342" v="0.34938103"></texcoord>
          </vertex>
          <vertex>
            <position x="-5.55112E-17" y="0.723523" z="-1.18921"></position>
            <normal x="-0.0074229357" y="-0.9999639" z="0.004130899"></normal>
            <texcoord u="0.374555" v="0.39818698"></texcoord>
          </vertex>
          <vertex>
            <position x="0.180226" y="0.721557" z="-1.34134"></position>
            <normal x="-0.0073352745" y="-0.9999641" z="0.004232713"></normal>
            <texcoord u="0.078936" v="0.34323698"></texcoord>
          </vertex>
          <vertex>
            <position x="0.175815" y="0.72159" z="-1.34118"></position>
            <normal x="-0.007511726" y="-0.99996364" z="0.004029045"></normal>
            <texcoord u="0.083922" v="0.34063"></texcoord>
          </vertex>
          <vertex>
            <position x="0.173624" y="0.721609" z="-1.34062"></position>
            <normal x="-0.007484568" y="-0.9999637" z="0.0040595657"></normal>
            <texcoord u="0.086704" v="0.33986998"></texcoord>
          </vertex>
          <vertex>
            <position x="8.55389E-4" y="0.723464" z="-1.20187"></position>
            <normal x="-0.007340086" y="-0.9999642" z="0.0042146062"></normal>
            <texcoord u="0.365621" v="0.38469303"></texcoord>
          </vertex>
          <vertex>
            <position x="0.0570669" y="0.722715" z="-1.28154"></position>
            <normal x="-0.0073648198" y="-0.9999641" z="0.0041987416"></normal>
            <texcoord u="0.253103" v="0.33184803"></texcoord>
          </vertex>
          <vertex>
            <position x="0.00322233" y="0.723394" z="-1.21424"></position>
            <normal x="-0.0073403637" y="-0.99996424" z="0.004215352"></normal>
            <texcoord u="0.355203" v="0.372482"></texcoord>
          </vertex>
          <vertex>
            <position x="0.00703971" y="0.723316" z="-1.22618"></position>
            <normal x="-0.0073965196" y="-0.999964" z="0.0041716876"></normal>
            <texcoord u="0.343448" v="0.36166102"></texcoord>
          </vertex>
          <vertex>
            <position x="0.0122465" y="0.72323" z="-1.23755"></position>
            <normal x="-0.0073901257" y="-0.999964" z="0.0041767927"></normal>
            <texcoord u="0.330504" v="0.35233498"></texcoord>
          </vertex>
          <vertex>
            <position x="0.0187841" y="0.723137" z="-1.24825"></position>
            <normal x="-0.0073824557" y="-0.999964" z="0.004186496"></normal>
            <texcoord u="0.316519" v="0.34460998"></texcoord>
          </vertex>
          <vertex>
            <position x="0.0457954" y="0.722826" z="-1.2749"></position>
            <normal x="-0.007378483" y="-0.99996394" z="0.0041911965"></normal>
            <texcoord u="0.269784" v="0.332106"></texcoord>
          </vertex>
          <vertex>
            <position x="0.0265942" y="0.723038" z="-1.25812"></position>
            <normal x="-0.007380534" y="-0.999964" z="0.0041889674"></normal>
            <texcoord u="0.301639" v="0.338593"></texcoord>
          </vertex>
          <vertex>
            <position x="0.0356183" y="0.722934" z="-1.26705"></position>
            <normal x="-0.0073840376" y="-0.99996394" z="0.004184956"></normal>
            <texcoord u="0.286011" v="0.33438897"></texcoord>
          </vertex>
          <vertex>
            <position x="0.703332" y="0.721782" z="-0.36902"></position>
            <normal x="-0.007327326" y="-0.9999644" z="0.0041741016"></normal>
            <texcoord u="0.112265" v="1.750414"></texcoord>
          </vertex>
          <vertex>
            <position x="0.708552" y="0.721726" z="-0.373308"></position>
            <normal x="-0.007233342" y="-0.9999648" z="0.0042603305"></normal>
            <texcoord u="0.103776" v="1.748956"></texcoord>
          </vertex>
        </vertexbuffer>
      </geometry>
    </submesh>
  </submeshes>
</mesh>
