<mesh>
  <submeshes>
    <submesh material="Material.183" usesharedvertices="false">
      <faces count="18">
        <face v1="0" v2="1" v3="2"></face>
        <face v1="3" v2="2" v3="1"></face>
        <face v1="2" v2="3" v3="4"></face>
        <face v1="0" v2="5" v3="1"></face>
        <face v1="6" v2="7" v3="8"></face>
        <face v1="9" v2="8" v3="7"></face>
      </faces>
      <geometry vertexcount="10">
        <vertexbuffer positions="true" normals="true" texture_coords="1">
          <vertex>
            <position x="-5.70494" y="0.4" z="-5.5056"></position>
            <normal x="-0.101643644" y="0.0" z="0.9948209"></normal>
            <texcoord u="1.0" v="1.0"></texcoord>
          </vertex>
          <vertex>
            <position x="-7.0" y="3.0" z="-5.63792"></position>
            <normal x="0.0" y="0.0" z="1.0"></normal>
            <texcoord u="0.671324" v="0.0"></texcoord>
          </vertex>
          <vertex>
            <position x="-7.0" y="0.4" z="-5.63792"></position>
            <normal x="0.0" y="0.0" z="1.0"></normal>
            <texcoord u="0.671324" v="1.0"></texcoord>
          </vertex>
          <vertex>
            <position x="-8.29506" y="3.0" z="-5.5056"></position>
            <normal x="0.20019917" y="0.0" z="0.9797552"></normal>
            <texcoord u="0.335713" v="0.0"></texcoord>
          </vertex>
          <vertex>
            <position x="-8.29506" y="0.4" z="-5.5056"></position>
            <normal x="0.20019917" y="0.0" z="0.9797552"></normal>
            <texcoord u="0.335713" v="1.0"></texcoord>
          </vertex>
          <vertex>
            <position x="-5.70494" y="3.0" z="-5.5056"></position>
            <normal x="-0.101643644" y="0.0" z="0.9948209"></normal>
            <texcoord u="1.0" v="0.0"></texcoord>
          </vertex>
          <vertex>
            <position x="-9.56377" y="0.4" z="-5.11133"></position>
            <normal x="0.29676467" y="0.0" z="0.9549507"></normal>
            <texcoord u="254.0" v="1.0"></texcoord>
          </vertex>
          <vertex>
            <position x="-8.29506" y="0.4" z="-5.5056"></position>
            <normal x="0.20019917" y="0.0" z="0.9797552"></normal>
            <texcoord u="254.336" v="1.0"></texcoord>
          </vertex>
          <vertex>
            <position x="-9.56377" y="3.0" z="-5.11133"></position>
            <normal x="0.29676467" y="0.0" z="0.9549507"></normal>
            <texcoord u="254.0" v="0.0"></texcoord>
          </vertex>
          <vertex>
            <position x="-8.29506" y="3.0" z="-5.5056"></position>
            <normal x="0.20019917" y="0.0" z="0.9797552"></normal>
            <texcoord u="254.336" v="0.0"></texcoord>
          </vertex>
        </vertexbuffer>
      </geometry>
    </submesh>
  </submeshes>
</mesh>
