<mesh>
  <submeshes>
    <submesh material="Material.130" usesharedvertices="false">
      <faces count="42">
        <face v1="0" v2="1" v3="2"></face>
        <face v1="3" v2="4" v3="5"></face>
        <face v1="3" v2="5" v3="6"></face>
        <face v1="3" v2="6" v3="7"></face>
        <face v1="8" v2="9" v3="10"></face>
        <face v1="11" v2="12" v3="13"></face>
        <face v1="11" v2="13" v3="14"></face>
        <face v1="11" v2="14" v3="15"></face>
        <face v1="11" v2="15" v3="16"></face>
        <face v1="17" v2="18" v3="19"></face>
        <face v1="17" v2="19" v3="20"></face>
        <face v1="17" v2="20" v3="21"></face>
        <face v1="17" v2="21" v3="22"></face>
        <face v1="17" v2="22" v3="23"></face>
      </faces>
      <geometry vertexcount="24">
        <vertexbuffer positions="true" normals="true" texture_coords="1">
          <vertex>
            <position x="1.52145" y="2.04987" z="-2.05372"></position>
            <normal x="0.0" y="-1.0" z="0.0"></normal>
            <texcoord u="7.50237" v="-20.0207"></texcoord>
          </vertex>
          <vertex>
            <position x="1.49063" y="2.04987" z="-2.28804"></position>
            <normal x="0.0" y="-1.0" z="0.0"></normal>
            <texcoord u="7.56341" v="-20.9633"></texcoord>
          </vertex>
          <vertex>
            <position x="1.49202" y="2.04987" z="-2.28803"></position>
            <normal x="0.0" y="-1.0" z="0.0"></normal>
            <texcoord u="7.56606" v="-20.9618"></texcoord>
          </vertex>
          <vertex>
            <position x="1.52145" y="2.04987" z="-2.05372"></position>
            <normal x="0.0" y="1.0" z="0.0"></normal>
            <texcoord u="7.50237" v="-20.0207"></texcoord>
          </vertex>
          <vertex>
            <position x="1.49202" y="2.04987" z="-2.28803"></position>
            <normal x="0.0" y="1.0" z="0.0"></normal>
            <texcoord u="7.56606" v="-20.9618"></texcoord>
          </vertex>
          <vertex>
            <position x="1.49184" y="2.04987" z="-2.28938"></position>
            <normal x="0.0" y="1.0" z="0.0"></normal>
            <texcoord u="7.56641" v="-20.9672"></texcoord>
          </vertex>
          <vertex>
            <position x="0.219391" y="2.04987" z="-1.94937"></position>
            <normal x="0.0" y="1.0" z="0.0"></normal>
            <texcoord u="4.94904" v="-20.9672"></texcoord>
          </vertex>
          <vertex>
            <position x="0.310201" y="2.04987" z="-1.73006"></position>
            <normal x="0.0" y="1.0" z="0.0"></normal>
            <texcoord u="5.01088" v="-20.0207"></texcoord>
          </vertex>
          <vertex>
            <position x="1.49202" y="2.04987" z="-2.28803"></position>
            <normal x="0.0" y="-1.0" z="0.0"></normal>
            <texcoord u="15.9641" v="-23.9526"></texcoord>
          </vertex>
          <vertex>
            <position x="1.52253" y="2.04987" z="-2.054"></position>
            <normal x="0.0" y="-1.0" z="0.0"></normal>
            <texcoord u="16.0253" v="-23.0249"></texcoord>
          </vertex>
          <vertex>
            <position x="1.52145" y="2.04987" z="-2.05372"></position>
            <normal x="0.0" y="-1.0" z="0.0"></normal>
            <texcoord u="16.0232" v="-23.0237"></texcoord>
          </vertex>
          <vertex>
            <position x="1.49202" y="2.04987" z="-2.28803"></position>
            <normal x="0.0" y="1.0" z="0.0"></normal>
            <texcoord u="15.9641" v="-23.9526"></texcoord>
          </vertex>
          <vertex>
            <position x="1.52145" y="2.04987" z="-2.05372"></position>
            <normal x="0.0" y="1.0" z="0.0"></normal>
            <texcoord u="16.0232" v="-23.0237"></texcoord>
          </vertex>
          <vertex>
            <position x="1.52159" y="2.04987" z="-2.0527"></position>
            <normal x="0.0" y="1.0" z="0.0"></normal>
            <texcoord u="16.0235" v="-23.0197"></texcoord>
          </vertex>
          <vertex>
            <position x="2.77645" y="2.04987" z="-2.05182"></position>
            <normal x="0.0" y="1.0" z="0.0"></normal>
            <texcoord u="18.4821" v="-23.0324"></texcoord>
          </vertex>
          <vertex>
            <position x="2.80678" y="2.04987" z="-2.28003"></position>
            <normal x="0.0" y="1.0" z="0.0"></normal>
            <texcoord u="18.5401" v="-23.9378"></texcoord>
          </vertex>
          <vertex>
            <position x="2.80773" y="2.04987" z="-2.28712"></position>
            <normal x="0.0" y="1.0" z="0.0"></normal>
            <texcoord u="18.5419" v="-23.9659"></texcoord>
          </vertex>
          <vertex>
            <position x="3.9958" y="2.04987" z="-1.82858"></position>
            <normal x="7.542862E-5" y="1.0" z="5.4170927E-5"></normal>
            <texcoord u="34.4685" v="-20.4193"></texcoord>
          </vertex>
          <vertex>
            <position x="3.98868" y="2.04986" z="-1.72624"></position>
            <normal x="1.5085725E-4" y="1.0" z="1.08341854E-4"></normal>
            <texcoord u="34.5075" v="-20.0156"></texcoord>
          </vertex>
          <vertex>
            <position x="4.07969" y="2.04987" z="-1.94539"></position>
            <normal x="7.542862E-5" y="1.0" z="5.4170927E-5"></normal>
            <texcoord u="34.5689" v="-20.9588"></texcoord>
          </vertex>
          <vertex>
            <position x="2.80773" y="2.04987" z="-2.28712"></position>
            <normal x="0.0" y="1.0" z="0.0"></normal>
            <texcoord u="31.9601" v="-20.9587"></texcoord>
          </vertex>
          <vertex>
            <position x="2.80678" y="2.04987" z="-2.28003"></position>
            <normal x="0.0" y="1.0" z="0.0"></normal>
            <texcoord u="31.9619" v="-20.9302"></texcoord>
          </vertex>
          <vertex>
            <position x="2.77671" y="2.04987" z="-2.05183"></position>
            <normal x="0.0" y="1.0" z="0.0"></normal>
            <texcoord u="32.0217" v="-20.0154"></texcoord>
          </vertex>
          <vertex>
            <position x="3.98857" y="2.04987" z="-1.72621"></position>
            <normal x="0.0" y="1.0" z="0.0"></normal>
            <texcoord u="34.5073" v="-20.0154"></texcoord>
          </vertex>
        </vertexbuffer>
      </geometry>
    </submesh>
  </submeshes>
</mesh>
