<mesh>
  <submeshes>
    <submesh material="Material.53" usesharedvertices="false">
      <faces count="126">
        <face v1="0" v2="1" v3="2"></face>
        <face v1="3" v2="1" v3="0"></face>
        <face v1="1" v2="3" v3="4"></face>
        <face v1="3" v2="5" v3="4"></face>
        <face v1="6" v2="0" v3="2"></face>
        <face v1="6" v2="7" v3="0"></face>
        <face v1="6" v2="5" v3="7"></face>
        <face v1="5" v2="6" v3="4"></face>
        <face v1="8" v2="9" v3="10"></face>
        <face v1="8" v2="10" v3="11"></face>
        <face v1="12" v2="13" v3="14"></face>
        <face v1="12" v2="14" v3="15"></face>
        <face v1="16" v2="17" v3="18"></face>
        <face v1="16" v2="18" v3="19"></face>
        <face v1="20" v2="21" v3="22"></face>
        <face v1="20" v2="22" v3="23"></face>
        <face v1="24" v2="25" v3="26"></face>
        <face v1="24" v2="26" v3="27"></face>
        <face v1="28" v2="29" v3="30"></face>
        <face v1="28" v2="30" v3="31"></face>
        <face v1="32" v2="33" v3="34"></face>
        <face v1="32" v2="34" v3="35"></face>
        <face v1="36" v2="37" v3="38"></face>
        <face v1="36" v2="38" v3="39"></face>
        <face v1="40" v2="41" v3="42"></face>
        <face v1="40" v2="42" v3="43"></face>
        <face v1="44" v2="45" v3="46"></face>
        <face v1="47" v2="45" v3="44"></face>
        <face v1="48" v2="45" v3="47"></face>
        <face v1="49" v2="44" v3="46"></face>
        <face v1="49" v2="50" v3="44"></face>
        <face v1="49" v2="48" v3="50"></face>
        <face v1="51" v2="48" v3="49"></face>
        <face v1="51" v2="45" v3="48"></face>
        <face v1="52" v2="53" v3="54"></face>
        <face v1="52" v2="54" v3="55"></face>
        <face v1="56" v2="57" v3="58"></face>
        <face v1="56" v2="58" v3="59"></face>
        <face v1="60" v2="61" v3="62"></face>
        <face v1="60" v2="62" v3="63"></face>
        <face v1="64" v2="65" v3="66"></face>
        <face v1="64" v2="66" v3="67"></face>
      </faces>
      <geometry vertexcount="68">
        <vertexbuffer positions="true" normals="true" texture_coords="1">
          <vertex>
            <position x="2.71855" y="0.733009" z="-1.42879"></position>
            <normal x="-0.0721025" y="0.22952354" z="0.97062874"></normal>
            <texcoord u="21.6535" v="0.015748024"></texcoord>
          </vertex>
          <vertex>
            <position x="2.14447" y="0.70756" z="-1.46544"></position>
            <normal x="-0.07212663" y="0.22951393" z="0.9706292"></normal>
            <texcoord u="0.0" v="1.0"></texcoord>
          </vertex>
          <vertex>
            <position x="2.72854" y="0.707561" z="-1.42203"></position>
            <normal x="-0.07212563" y="0.22952357" z="0.970627"></normal>
            <texcoord u="22.0472" v="1.0"></texcoord>
          </vertex>
          <vertex>
            <position x="2.15534" y="0.733009" z="-1.47065"></position>
            <normal x="-0.07184511" y="0.22951694" z="0.97064936"></normal>
            <texcoord u="0.393701" v="0.015748024"></texcoord>
          </vertex>
          <vertex>
            <position x="2.15096" y="1.07911" z="-1.55281"></position>
            <normal x="-0.07184401" y="0.22924994" z="0.97071254"></normal>
            <texcoord u="0.0" v="-13.3701"></texcoord>
          </vertex>
          <vertex>
            <position x="2.16121" y="1.06893" z="-1.54965"></position>
            <normal x="-0.071857415" y="0.2292975" z="0.9707003"></normal>
            <texcoord u="0.393701" v="-12.9764"></texcoord>
          </vertex>
          <vertex>
            <position x="2.73503" y="1.07911" z="-1.50941"></position>
            <normal x="-0.07210115" y="0.22935548" z="0.97066855"></normal>
            <texcoord u="22.0472" v="-13.3701"></texcoord>
          </vertex>
          <vertex>
            <position x="2.72442" y="1.06893" z="-1.50779"></position>
            <normal x="-0.07207828" y="0.22958654" z="0.9706156"></normal>
            <texcoord u="21.6535" v="-12.9764"></texcoord>
          </vertex>
          <vertex>
            <position x="2.72593" y="1.06413" z="-1.52809"></position>
            <normal x="-0.17860353" y="0.12605813" z="0.9758125"></normal>
            <texcoord u="21.2633" v="-12.9764"></texcoord>
          </vertex>
          <vertex>
            <position x="2.51798" y="0.956456" z="-1.55224"></position>
            <normal x="-0.12673208" y="0.02236752" z="0.99168473"></normal>
            <texcoord u="13.291" v="-9.1063"></texcoord>
          </vertex>
          <vertex>
            <position x="2.51518" y="0.79613" z="-1.51454"></position>
            <normal x="-0.17506692" y="0.35630038" z="0.9178244"></normal>
            <texcoord u="13.291" v="-2.90551"></texcoord>
          </vertex>
          <vertex>
            <position x="2.72006" y="0.728208" z="-1.44909"></position>
            <normal x="-0.11799135" y="0.48113427" z="0.8686701"></normal>
            <texcoord u="21.2633" v="0.015748024"></texcoord>
          </vertex>
          <vertex>
            <position x="2.73654" y="1.07431" z="-1.52971"></position>
            <normal x="0.99724615" y="2.120183E-5" z="0.07416301"></normal>
            <texcoord u="0.787402" v="-13.3701"></texcoord>
          </vertex>
          <vertex>
            <position x="2.73503" y="1.07911" z="-1.50941"></position>
            <normal x="0.99724483" y="2.6222624E-5" z="0.07418002"></normal>
            <texcoord u="0.0" v="-13.3701"></texcoord>
          </vertex>
          <vertex>
            <position x="2.72854" y="0.707561" z="-1.42203"></position>
            <normal x="0.99724615" y="2.120183E-5" z="0.07416301"></normal>
            <texcoord u="0.0" v="1.0"></texcoord>
          </vertex>
          <vertex>
            <position x="2.73005" y="0.702759" z="-1.44234"></position>
            <normal x="0.9972474" y="1.6181035E-5" z="0.074146"></normal>
            <texcoord u="0.787402" v="1.0"></texcoord>
          </vertex>
          <vertex>
            <position x="2.51518" y="0.79613" z="-1.51454"></position>
            <normal x="0.07212276" y="-0.22949989" z="-0.97063285"></normal>
            <texcoord u="-13.7795" v="-2.90551"></texcoord>
          </vertex>
          <vertex>
            <position x="2.36916" y="0.79613" z="-1.52539"></position>
            <normal x="0.07212316" y="-0.22949955" z="-0.9706329"></normal>
            <texcoord u="-8.26772" v="-2.90551"></texcoord>
          </vertex>
          <vertex>
            <position x="2.37196" y="0.956456" z="-1.56309"></position>
            <normal x="0.07212276" y="-0.22949989" z="-0.97063285"></normal>
            <texcoord u="-8.26772" v="-9.1063"></texcoord>
          </vertex>
          <vertex>
            <position x="2.51798" y="0.956456" z="-1.55224"></position>
            <normal x="0.07212236" y="-0.22950023" z="-0.9706328"></normal>
            <texcoord u="-13.7795" v="-9.1063"></texcoord>
          </vertex>
          <vertex>
            <position x="2.72006" y="0.728208" z="-1.44909"></position>
            <normal x="0.01701422" y="0.9732966" z="-0.2289198"></normal>
            <texcoord u="21.6535" v="0.21259803"></texcoord>
          </vertex>
          <vertex>
            <position x="2.15685" y="0.728208" z="-1.49095"></position>
            <normal x="0.01701422" y="0.9732966" z="-0.22891979"></normal>
            <texcoord u="0.393701" v="0.21259803"></texcoord>
          </vertex>
          <vertex>
            <position x="2.15534" y="0.733009" z="-1.47065"></position>
            <normal x="0.01701422" y="0.9732966" z="-0.2289198"></normal>
            <texcoord u="0.393701" v="1.0"></texcoord>
          </vertex>
          <vertex>
            <position x="2.71855" y="0.733009" z="-1.42879"></position>
            <normal x="0.017014222" y="0.9732966" z="-0.22891982"></normal>
            <texcoord u="21.6535" v="1.0"></texcoord>
          </vertex>
          <vertex>
            <position x="2.14597" y="0.702759" z="-1.48574"></position>
            <normal x="-0.9972631" y="4.6284353E-5" z="-0.07393448"></normal>
            <texcoord u="-0.787402" v="1.0"></texcoord>
          </vertex>
          <vertex>
            <position x="2.14447" y="0.70756" z="-1.46544"></position>
            <normal x="-0.99727917" y="8.518129E-5" z="-0.073717415"></normal>
            <texcoord u="0.0" v="1.0"></texcoord>
          </vertex>
          <vertex>
            <position x="2.15096" y="1.07911" z="-1.55281"></position>
            <normal x="-0.9972631" y="4.6284353E-5" z="-0.07393448"></normal>
            <texcoord u="0.0" v="-13.3701"></texcoord>
          </vertex>
          <vertex>
            <position x="2.15247" y="1.07431" z="-1.57312"></position>
            <normal x="-0.997247" y="7.3874185E-6" z="-0.07415155"></normal>
            <texcoord u="-0.787402" v="-13.3701"></texcoord>
          </vertex>
          <vertex>
            <position x="2.15685" y="0.728208" z="-1.49095"></position>
            <normal x="0.9972452" y="1.8151226E-5" z="0.074176095"></normal>
            <texcoord u="0.787402" v="0.015748024"></texcoord>
          </vertex>
          <vertex>
            <position x="2.16272" y="1.06413" z="-1.56995"></position>
            <normal x="0.9972456" y="1.7183133E-5" z="0.0741705"></normal>
            <texcoord u="0.787402" v="-12.9764"></texcoord>
          </vertex>
          <vertex>
            <position x="2.16121" y="1.06893" z="-1.54965"></position>
            <normal x="0.9972452" y="1.8151226E-5" z="0.074176095"></normal>
            <texcoord u="0.0" v="-12.9764"></texcoord>
          </vertex>
          <vertex>
            <position x="2.15534" y="0.733009" z="-1.47065"></position>
            <normal x="0.9972447" y="1.9119318E-5" z="0.07418169"></normal>
            <texcoord u="0.0" v="0.015748024"></texcoord>
          </vertex>
          <vertex>
            <position x="2.16272" y="1.06413" z="-1.56995"></position>
            <normal x="-0.02125008" y="0.022377102" z="0.9995237"></normal>
            <texcoord u="0.393701" v="-12.0602"></texcoord>
          </vertex>
          <vertex>
            <position x="2.37196" y="0.956456" z="-1.56309"></position>
            <normal x="0.032388426" y="0.12608054" z="0.99149114"></normal>
            <texcoord u="8.26772" v="-7.99382"></texcoord>
          </vertex>
          <vertex>
            <position x="2.51798" y="0.956456" z="-1.55224"></position>
            <normal x="-0.12673208" y="0.02236752" z="0.99168473"></normal>
            <texcoord u="13.7795" v="-7.99382"></texcoord>
          </vertex>
          <vertex>
            <position x="2.72593" y="1.06413" z="-1.52809"></position>
            <normal x="-0.17860353" y="0.12605813" z="0.9758125"></normal>
            <texcoord u="21.6535" v="-12.0602"></texcoord>
          </vertex>
          <vertex>
            <position x="2.72593" y="1.06413" z="-1.52809"></position>
            <normal x="-0.99724513" y="-1.8153738E-5" z="-0.0741761"></normal>
            <texcoord u="-0.787402" v="-12.9764"></texcoord>
          </vertex>
          <vertex>
            <position x="2.72006" y="0.728208" z="-1.44909"></position>
            <normal x="-0.99724483" y="-1.9792598E-5" z="-0.074181534"></normal>
            <texcoord u="-0.787402" v="0.015748024"></texcoord>
          </vertex>
          <vertex>
            <position x="2.71855" y="0.733009" z="-1.42879"></position>
            <normal x="-0.99724513" y="-1.8153738E-5" z="-0.0741761"></normal>
            <texcoord u="0.0" v="0.015748024"></texcoord>
          </vertex>
          <vertex>
            <position x="2.72442" y="1.06893" z="-1.50779"></position>
            <normal x="-0.99724555" y="-1.651488E-5" z="-0.07417068"></normal>
            <texcoord u="0.0" v="-12.9764"></texcoord>
          </vertex>
          <vertex>
            <position x="2.72006" y="0.728208" z="-1.44909"></position>
            <normal x="-0.11799135" y="0.48113427" z="0.8686701"></normal>
            <texcoord u="21.6535" v="-0.21446002"></texcoord>
          </vertex>
          <vertex>
            <position x="2.51518" y="0.79613" z="-1.51454"></position>
            <normal x="-0.17506692" y="0.35630038" z="0.9178244"></normal>
            <texcoord u="13.7795" v="-3.39115"></texcoord>
          </vertex>
          <vertex>
            <position x="2.36916" y="0.79613" z="-1.52539"></position>
            <normal x="-0.011714232" y="0.48112705" z="0.8765726"></normal>
            <texcoord u="8.26772" v="-3.39115"></texcoord>
          </vertex>
          <vertex>
            <position x="2.15685" y="0.728208" z="-1.49095"></position>
            <normal x="0.03746075" y="0.3562824" z="0.933627"></normal>
            <texcoord u="0.393701" v="-0.21446002"></texcoord>
          </vertex>
          <vertex>
            <position x="2.72593" y="1.06413" z="-1.52809"></position>
            <normal x="0.07186012" y="-0.22957146" z="-0.9706354"></normal>
            <texcoord u="-21.6535" v="-12.9764"></texcoord>
          </vertex>
          <vertex>
            <position x="2.15247" y="1.07431" z="-1.57312"></position>
            <normal x="0.07214705" y="-0.22957811" z="-0.9706125"></normal>
            <texcoord u="0.0" v="-13.3701"></texcoord>
          </vertex>
          <vertex>
            <position x="2.73654" y="1.07431" z="-1.52971"></position>
            <normal x="0.0720654" y="-0.22957546" z="-0.9706192"></normal>
            <texcoord u="-22.0472" v="-13.3701"></texcoord>
          </vertex>
          <vertex>
            <position x="2.16272" y="1.06413" z="-1.56995"></position>
            <normal x="0.07218236" y="-0.22956744" z="-0.9706124"></normal>
            <texcoord u="-0.393701" v="-12.9764"></texcoord>
          </vertex>
          <vertex>
            <position x="2.15685" y="0.728208" z="-1.49095"></position>
            <normal x="0.07214508" y="-0.22943693" z="-0.97064614"></normal>
            <texcoord u="-0.393701" v="0.015748024"></texcoord>
          </vertex>
          <vertex>
            <position x="2.73005" y="0.702759" z="-1.44234"></position>
            <normal x="0.071858145" y="-0.22943027" z="-0.9706689"></normal>
            <texcoord u="-22.0472" v="1.0"></texcoord>
          </vertex>
          <vertex>
            <position x="2.72006" y="0.728208" z="-1.44909"></position>
            <normal x="0.07165887" y="-0.22933659" z="-0.9707058"></normal>
            <texcoord u="-21.6535" v="0.015748024"></texcoord>
          </vertex>
          <vertex>
            <position x="2.14597" y="0.702759" z="-1.48574"></position>
            <normal x="0.07210375" y="-0.22953722" z="-0.9706254"></normal>
            <texcoord u="0.0" v="1.0"></texcoord>
          </vertex>
          <vertex>
            <position x="2.15685" y="0.728208" z="-1.49095"></position>
            <normal x="0.03746075" y="0.3562824" z="0.933627"></normal>
            <texcoord u="0.512111" v="0.015748024"></texcoord>
          </vertex>
          <vertex>
            <position x="2.36916" y="0.79613" z="-1.52539"></position>
            <normal x="-0.011714232" y="0.48112705" z="0.8765726"></normal>
            <texcoord u="8.48442" v="-2.90551"></texcoord>
          </vertex>
          <vertex>
            <position x="2.37196" y="0.956456" z="-1.56309"></position>
            <normal x="0.032388426" y="0.12608054" z="0.99149114"></normal>
            <texcoord u="8.48442" v="-9.1063"></texcoord>
          </vertex>
          <vertex>
            <position x="2.16272" y="1.06413" z="-1.56995"></position>
            <normal x="-0.02125008" y="0.022377102" z="0.9995237"></normal>
            <texcoord u="0.512111" v="-12.9764"></texcoord>
          </vertex>
          <vertex>
            <position x="2.15247" y="1.07431" z="-1.57312"></position>
            <normal x="0.017005146" y="0.9733187" z="-0.2288264"></normal>
            <texcoord u="0.0" v="0.21259803"></texcoord>
          </vertex>
          <vertex>
            <position x="2.15096" y="1.07911" z="-1.55281"></position>
            <normal x="0.016999248" y="0.97333133" z="-0.22877343"></normal>
            <texcoord u="0.0" v="1.0"></texcoord>
          </vertex>
          <vertex>
            <position x="2.73503" y="1.07911" z="-1.50941"></position>
            <normal x="0.017005146" y="0.9733187" z="-0.2288264"></normal>
            <texcoord u="22.0472" v="1.0"></texcoord>
          </vertex>
          <vertex>
            <position x="2.73654" y="1.07431" z="-1.52971"></position>
            <normal x="0.017011046" y="0.9733061" z="-0.22887942"></normal>
            <texcoord u="22.0472" v="0.21259803"></texcoord>
          </vertex>
          <vertex>
            <position x="2.73005" y="0.702759" z="-1.44234"></position>
            <normal x="-0.017009227" y="-0.97330266" z="0.22889431"></normal>
            <texcoord u="-22.0472" v="0.21259803"></texcoord>
          </vertex>
          <vertex>
            <position x="2.72854" y="0.707561" z="-1.42203"></position>
            <normal x="-0.017007915" y="-0.9733109" z="0.22885934"></normal>
            <texcoord u="-22.0472" v="1.0"></texcoord>
          </vertex>
          <vertex>
            <position x="2.14447" y="0.70756" z="-1.46544"></position>
            <normal x="-0.017009227" y="-0.97330266" z="0.22889431"></normal>
            <texcoord u="0.0" v="1.0"></texcoord>
          </vertex>
          <vertex>
            <position x="2.14597" y="0.702759" z="-1.48574"></position>
            <normal x="-0.01701054" y="-0.9732944" z="0.2289293"></normal>
            <texcoord u="0.0" v="0.21259803"></texcoord>
          </vertex>
          <vertex>
            <position x="2.16272" y="1.06413" z="-1.56995"></position>
            <normal x="-0.017011233" y="-0.97330606" z="0.22887962"></normal>
            <texcoord u="-0.393701" v="0.21259803"></texcoord>
          </vertex>
          <vertex>
            <position x="2.72593" y="1.06413" z="-1.52809"></position>
            <normal x="-0.017011233" y="-0.97330606" z="0.2288796"></normal>
            <texcoord u="-21.6535" v="0.21259803"></texcoord>
          </vertex>
          <vertex>
            <position x="2.72442" y="1.06893" z="-1.50779"></position>
            <normal x="-0.017011233" y="-0.97330606" z="0.22887962"></normal>
            <texcoord u="-21.6535" v="1.0"></texcoord>
          </vertex>
          <vertex>
            <position x="2.16121" y="1.06893" z="-1.54965"></position>
            <normal x="-0.017011235" y="-0.97330606" z="0.22887963"></normal>
            <texcoord u="-0.393701" v="1.0"></texcoord>
          </vertex>
        </vertexbuffer>
      </geometry>
    </submesh>
  </submeshes>
</mesh>
