<mesh>
  <submeshes>
    <submesh material="Material.98" usesharedvertices="false">
      <faces count="18">
        <face v1="0" v2="1" v3="2"></face>
        <face v1="0" v2="2" v3="3"></face>
        <face v1="4" v2="5" v3="6"></face>
        <face v1="4" v2="6" v3="7"></face>
        <face v1="8" v2="9" v3="10"></face>
        <face v1="8" v2="10" v3="11"></face>
      </faces>
      <geometry vertexcount="12">
        <vertexbuffer positions="true" normals="true" texture_coords="1">
          <vertex>
            <position x="0.221602" y="0.674432" z="-1.39901"></position>
            <normal x="0.0" y="1.0" z="0.0"></normal>
            <texcoord u="-72.2855" v="-11.3745"></texcoord>
          </vertex>
          <vertex>
            <position x="0.236683" y="0.674432" z="-1.36863"></position>
            <normal x="0.0" y="1.0" z="0.0"></normal>
            <texcoord u="-71.7178" v="-10.2308"></texcoord>
          </vertex>
          <vertex>
            <position x="0.279683" y="0.674432" z="-1.38997"></position>
            <normal x="0.0" y="1.0" z="0.0"></normal>
            <texcoord u="-70.0991" v="-11.0344"></texcoord>
          </vertex>
          <vertex>
            <position x="0.2646" y="0.674432" z="-1.42035"></position>
            <normal x="0.0" y="1.0" z="0.0"></normal>
            <texcoord u="-70.6668" v="-12.178"></texcoord>
          </vertex>
          <vertex>
            <position x="1.46558" y="0.674428" z="-1.80217"></position>
            <normal x="0.0" y="1.0" z="0.0"></normal>
            <texcoord u="-25.4578" v="-26.5511"></texcoord>
          </vertex>
          <vertex>
            <position x="1.47077" y="0.674428" z="-1.76865"></position>
            <normal x="0.0" y="1.0" z="0.0"></normal>
            <texcoord u="-25.2624" v="-25.2893"></texcoord>
          </vertex>
          <vertex>
            <position x="1.51821" y="0.674428" z="-1.776"></position>
            <normal x="0.0" y="1.0" z="0.0"></normal>
            <texcoord u="-23.4765" v="-25.5658"></texcoord>
          </vertex>
          <vertex>
            <position x="1.51302" y="0.674428" z="-1.80952"></position>
            <normal x="0.0" y="1.0" z="0.0"></normal>
            <texcoord u="-23.6719" v="-26.8276"></texcoord>
          </vertex>
          <vertex>
            <position x="2.16704" y="0.674428" z="-1.85573"></position>
            <normal x="0.0" y="1.0" z="0.0"></normal>
            <texcoord u="0.947609" v="-28.5672"></texcoord>
          </vertex>
          <vertex>
            <position x="2.11903" y="0.674428" z="-1.85573"></position>
            <normal x="0.0" y="1.0" z="0.0"></normal>
            <texcoord u="-0.859545" v="-28.5672"></texcoord>
          </vertex>
          <vertex>
            <position x="2.11903" y="0.674428" z="-1.82181"></position>
            <normal x="0.0" y="1.0" z="0.0"></normal>
            <texcoord u="-0.859545" v="-27.2904"></texcoord>
          </vertex>
          <vertex>
            <position x="2.16704" y="0.674428" z="-1.82181"></position>
            <normal x="0.0" y="1.0" z="0.0"></normal>
            <texcoord u="0.947606" v="-27.2904"></texcoord>
          </vertex>
        </vertexbuffer>
      </geometry>
    </submesh>
  </submeshes>
</mesh>
