<mesh>
  <submeshes>
    <submesh material="Material.115" usesharedvertices="false">
      <faces count="36">
        <face v1="0" v2="1" v3="2"></face>
        <face v1="0" v2="2" v3="3"></face>
        <face v1="4" v2="5" v3="6"></face>
        <face v1="4" v2="6" v3="7"></face>
        <face v1="8" v2="9" v3="10"></face>
        <face v1="8" v2="10" v3="11"></face>
        <face v1="12" v2="13" v3="14"></face>
        <face v1="12" v2="14" v3="15"></face>
        <face v1="16" v2="17" v3="18"></face>
        <face v1="16" v2="18" v3="19"></face>
        <face v1="20" v2="21" v3="22"></face>
        <face v1="20" v2="22" v3="23"></face>
      </faces>
      <geometry vertexcount="24">
        <vertexbuffer positions="true" normals="true" texture_coords="1">
          <vertex>
            <position x="0.991464" y="0.750864" z="-1.04992"></position>
            <normal x="-4.1136985E-7" y="-1.0" z="3.0425217E-6"></normal>
            <texcoord u="0.0" v="-1.10030174E-4"></texcoord>
          </vertex>
          <vertex>
            <position x="1.20912" y="0.750864" z="-1.02049"></position>
            <normal x="-4.1136985E-7" y="-1.0" z="3.0425217E-6"></normal>
            <texcoord u="-1.0" v="-1.10030174E-4"></texcoord>
          </vertex>
          <vertex>
            <position x="1.1675" y="0.750865" z="-0.71267"></position>
            <normal x="-4.1136985E-7" y="-1.0" z="3.0425217E-6"></normal>
            <texcoord u="-1.0" v="1.0"></texcoord>
          </vertex>
          <vertex>
            <position x="0.949846" y="0.750865" z="-0.742097"></position>
            <normal x="-4.1136985E-7" y="-1.0" z="3.0425217E-6"></normal>
            <texcoord u="0.0" v="1.0"></texcoord>
          </vertex>
          <vertex>
            <position x="1.1675" y="0.750865" z="-0.71267"></position>
            <normal x="-0.13398178" y="0.0" z="0.9909838"></normal>
            <texcoord u="1.0" v="1.0"></texcoord>
          </vertex>
          <vertex>
            <position x="1.1675" y="0.754003" z="-0.71267"></position>
            <normal x="-0.13398178" y="0.0" z="0.9909838"></normal>
            <texcoord u="1.0" v="0.989898"></texcoord>
          </vertex>
          <vertex>
            <position x="0.949846" y="0.754003" z="-0.742097"></position>
            <normal x="-0.13398178" y="0.0" z="0.9909838"></normal>
            <texcoord u="0.0" v="0.989898"></texcoord>
          </vertex>
          <vertex>
            <position x="0.949846" y="0.750865" z="-0.742097"></position>
            <normal x="-0.13398178" y="0.0" z="0.9909838"></normal>
            <texcoord u="0.0" v="1.0"></texcoord>
          </vertex>
          <vertex>
            <position x="1.20912" y="0.750864" z="-1.02049"></position>
            <normal x="0.9909827" y="0.0" z="0.13398972"></normal>
            <texcoord u="1.41429" v="1.0"></texcoord>
          </vertex>
          <vertex>
            <position x="1.20912" y="0.754002" z="-1.02049"></position>
            <normal x="0.9909827" y="0.0" z="0.13398972"></normal>
            <texcoord u="1.41429" v="0.989898"></texcoord>
          </vertex>
          <vertex>
            <position x="1.1675" y="0.754003" z="-0.71267"></position>
            <normal x="0.9909827" y="0.0" z="0.13398972"></normal>
            <texcoord u="0.0" v="0.989898"></texcoord>
          </vertex>
          <vertex>
            <position x="1.1675" y="0.750865" z="-0.71267"></position>
            <normal x="0.9909827" y="0.0" z="0.13398972"></normal>
            <texcoord u="0.0" v="1.0"></texcoord>
          </vertex>
          <vertex>
            <position x="0.949846" y="0.754003" z="-0.742097"></position>
            <normal x="-1.508698E-6" y="1.0" z="-5.0448284E-6"></normal>
            <texcoord u="0.0" v="1.0"></texcoord>
          </vertex>
          <vertex>
            <position x="1.1675" y="0.754003" z="-0.71267"></position>
            <normal x="-1.508698E-6" y="1.0" z="-5.0448284E-6"></normal>
            <texcoord u="1.0" v="1.0"></texcoord>
          </vertex>
          <vertex>
            <position x="1.20912" y="0.754002" z="-1.02049"></position>
            <normal x="-1.508698E-6" y="1.0" z="-5.0448284E-6"></normal>
            <texcoord u="1.0" v="-1.10030174E-4"></texcoord>
          </vertex>
          <vertex>
            <position x="0.991464" y="0.754001" z="-1.04992"></position>
            <normal x="-1.508698E-6" y="1.0" z="-5.0448284E-6"></normal>
            <texcoord u="0.0" v="-1.10030174E-4"></texcoord>
          </vertex>
          <vertex>
            <position x="0.949846" y="0.750865" z="-0.742097"></position>
            <normal x="-0.9909837" y="0.0" z="-0.13398205"></normal>
            <texcoord u="0.0" v="1.0"></texcoord>
          </vertex>
          <vertex>
            <position x="0.949846" y="0.754003" z="-0.742097"></position>
            <normal x="-0.9909837" y="0.0" z="-0.13398205"></normal>
            <texcoord u="0.0" v="0.989898"></texcoord>
          </vertex>
          <vertex>
            <position x="0.991464" y="0.754001" z="-1.04992"></position>
            <normal x="-0.9909837" y="0.0" z="-0.13398205"></normal>
            <texcoord u="-1.41429" v="0.989898"></texcoord>
          </vertex>
          <vertex>
            <position x="0.991464" y="0.750864" z="-1.04992"></position>
            <normal x="-0.9909837" y="0.0" z="-0.13398205"></normal>
            <texcoord u="-1.41429" v="1.0"></texcoord>
          </vertex>
          <vertex>
            <position x="0.991464" y="0.750864" z="-1.04992"></position>
            <normal x="0.13399363" y="0.0" z="-0.9909822"></normal>
            <texcoord u="0.0" v="1.0"></texcoord>
          </vertex>
          <vertex>
            <position x="0.991464" y="0.754001" z="-1.04992"></position>
            <normal x="0.13399363" y="0.0" z="-0.9909822"></normal>
            <texcoord u="0.0" v="0.989898"></texcoord>
          </vertex>
          <vertex>
            <position x="1.20912" y="0.754002" z="-1.02049"></position>
            <normal x="0.13399363" y="0.0" z="-0.9909822"></normal>
            <texcoord u="-1.0" v="0.989898"></texcoord>
          </vertex>
          <vertex>
            <position x="1.20912" y="0.750864" z="-1.02049"></position>
            <normal x="0.13399363" y="0.0" z="-0.9909822"></normal>
            <texcoord u="-1.0" v="1.0"></texcoord>
          </vertex>
        </vertexbuffer>
      </geometry>
    </submesh>
  </submeshes>
</mesh>
