<mesh>
  <submeshes>
    <submesh material="Material.78" usesharedvertices="false">
      <faces count="330">
        <face v1="0" v2="1" v3="2"></face>
        <face v1="0" v2="2" v3="3"></face>
        <face v1="4" v2="5" v3="6"></face>
        <face v1="4" v2="6" v3="7"></face>
        <face v1="8" v2="9" v3="10"></face>
        <face v1="8" v2="11" v3="9"></face>
        <face v1="8" v2="12" v3="11"></face>
        <face v1="8" v2="13" v3="12"></face>
        <face v1="8" v2="14" v3="13"></face>
        <face v1="14" v2="8" v3="15"></face>
        <face v1="16" v2="15" v3="8"></face>
        <face v1="16" v2="17" v3="15"></face>
        <face v1="17" v2="16" v3="18"></face>
        <face v1="19" v2="18" v3="16"></face>
        <face v1="18" v2="19" v3="20"></face>
        <face v1="21" v2="20" v3="19"></face>
        <face v1="20" v2="21" v3="22"></face>
        <face v1="23" v2="22" v3="21"></face>
        <face v1="22" v2="23" v3="24"></face>
        <face v1="25" v2="24" v3="23"></face>
        <face v1="24" v2="25" v3="26"></face>
        <face v1="25" v2="27" v3="26"></face>
        <face v1="28" v2="26" v3="27"></face>
        <face v1="26" v2="28" v3="29"></face>
        <face v1="28" v2="30" v3="29"></face>
        <face v1="30" v2="31" v3="29"></face>
        <face v1="31" v2="32" v3="29"></face>
        <face v1="32" v2="33" v3="29"></face>
        <face v1="34" v2="29" v3="33"></face>
        <face v1="35" v2="36" v3="37"></face>
        <face v1="36" v2="38" v3="37"></face>
        <face v1="38" v2="39" v3="37"></face>
        <face v1="40" v2="37" v3="39"></face>
        <face v1="37" v2="40" v3="41"></face>
        <face v1="42" v2="41" v3="40"></face>
        <face v1="41" v2="42" v3="43"></face>
        <face v1="42" v2="44" v3="43"></face>
        <face v1="45" v2="43" v3="44"></face>
        <face v1="45" v2="46" v3="43"></face>
        <face v1="46" v2="45" v3="47"></face>
        <face v1="48" v2="47" v3="45"></face>
        <face v1="47" v2="48" v3="49"></face>
        <face v1="50" v2="49" v3="48"></face>
        <face v1="50" v2="51" v3="49"></face>
        <face v1="50" v2="52" v3="51"></face>
        <face v1="52" v2="50" v3="53"></face>
        <face v1="54" v2="53" v3="50"></face>
        <face v1="54" v2="55" v3="53"></face>
        <face v1="54" v2="56" v3="55"></face>
        <face v1="54" v2="57" v3="56"></face>
        <face v1="57" v2="54" v3="58"></face>
        <face v1="54" v2="59" v3="58"></face>
        <face v1="60" v2="58" v3="59"></face>
        <face v1="61" v2="58" v3="60"></face>
        <face v1="3" v2="62" v3="63"></face>
        <face v1="3" v2="63" v3="0"></face>
        <face v1="64" v2="65" v3="66"></face>
        <face v1="64" v2="66" v3="67"></face>
        <face v1="68" v2="69" v3="70"></face>
        <face v1="68" v2="70" v3="71"></face>
        <face v1="72" v2="73" v3="74"></face>
        <face v1="72" v2="75" v3="73"></face>
        <face v1="75" v2="72" v3="76"></face>
        <face v1="77" v2="76" v3="72"></face>
        <face v1="77" v2="78" v3="76"></face>
        <face v1="78" v2="77" v3="79"></face>
        <face v1="80" v2="79" v3="77"></face>
        <face v1="79" v2="80" v3="81"></face>
        <face v1="80" v2="82" v3="81"></face>
        <face v1="83" v2="81" v3="82"></face>
        <face v1="81" v2="83" v3="84"></face>
        <face v1="83" v2="85" v3="84"></face>
        <face v1="86" v2="84" v3="85"></face>
        <face v1="84" v2="86" v3="87"></face>
        <face v1="86" v2="88" v3="87"></face>
        <face v1="88" v2="89" v3="87"></face>
        <face v1="89" v2="90" v3="87"></face>
        <face v1="91" v2="92" v3="93"></face>
        <face v1="91" v2="90" v3="92"></face>
        <face v1="91" v2="87" v3="90"></face>
        <face v1="91" v2="94" v3="87"></face>
        <face v1="94" v2="91" v3="95"></face>
        <face v1="95" v2="91" v3="96"></face>
        <face v1="96" v2="91" v3="60"></face>
        <face v1="60" v2="91" v3="61"></face>
        <face v1="97" v2="98" v3="8"></face>
        <face v1="98" v2="99" v3="8"></face>
        <face v1="99" v2="100" v3="8"></face>
        <face v1="101" v2="8" v3="100"></face>
        <face v1="8" v2="101" v3="16"></face>
        <face v1="101" v2="102" v3="16"></face>
        <face v1="102" v2="103" v3="16"></face>
        <face v1="104" v2="16" v3="103"></face>
        <face v1="16" v2="104" v3="105"></face>
        <face v1="106" v2="105" v3="104"></face>
        <face v1="105" v2="106" v3="107"></face>
        <face v1="108" v2="107" v3="106"></face>
        <face v1="107" v2="108" v3="109"></face>
        <face v1="110" v2="109" v3="108"></face>
        <face v1="109" v2="110" v3="111"></face>
        <face v1="112" v2="111" v3="110"></face>
        <face v1="111" v2="112" v3="113"></face>
        <face v1="114" v2="113" v3="112"></face>
        <face v1="114" v2="115" v3="113"></face>
        <face v1="115" v2="114" v3="116"></face>
        <face v1="117" v2="116" v3="114"></face>
        <face v1="117" v2="118" v3="116"></face>
        <face v1="117" v2="119" v3="118"></face>
        <face v1="117" v2="120" v3="119"></face>
        <face v1="121" v2="120" v3="117"></face>
      </faces>
      <geometry vertexcount="122">
        <vertexbuffer positions="true" normals="true" texture_coords="1">
          <vertex>
            <position x="3.15604" y="0.750865" z="-0.761956"></position>
            <normal x="3.9544577E-7" y="-1.0" z="3.044649E-6"></normal>
            <texcoord u="-9.70485" v="-0.06483996"></texcoord>
          </vertex>
          <vertex>
            <position x="2.93824" y="0.750865" z="-0.733669"></position>
            <normal x="3.954299E-7" y="-1.0" z="3.044671E-6"></normal>
            <texcoord u="-1.506" v="1.0"></texcoord>
          </vertex>
          <vertex>
            <position x="2.89823" y="0.750864" z="-1.0417"></position>
            <normal x="3.9544886E-7" y="-1.0" z="3.0446536E-6"></normal>
            <texcoord u="0.0" v="-10.5955"></texcoord>
          </vertex>
          <vertex>
            <position x="3.11603" y="0.750864" z="-1.06999"></position>
            <normal x="3.9545694E-7" y="-1.0" z="3.0446315E-6"></normal>
            <texcoord u="-8.19886" v="-11.6604"></texcoord>
          </vertex>
          <vertex>
            <position x="2.93824" y="0.752538" z="-0.733669"></position>
            <normal x="-0.99166965" y="0.0" z="0.12880743"></normal>
            <texcoord u="0.193966" v="0.937008"></texcoord>
          </vertex>
          <vertex>
            <position x="2.89823" y="0.752537" z="-1.0417"></position>
            <normal x="-0.99166965" y="0.0" z="0.12880741"></normal>
            <texcoord u="-11.4989" v="0.937008"></texcoord>
          </vertex>
          <vertex>
            <position x="2.89823" y="0.750864" z="-1.0417"></position>
            <normal x="-0.99166965" y="0.0" z="0.12880743"></normal>
            <texcoord u="-11.4989" v="1.0"></texcoord>
          </vertex>
          <vertex>
            <position x="2.93824" y="0.750865" z="-0.733669"></position>
            <normal x="-0.99166965" y="0.0" z="0.12880741"></normal>
            <texcoord u="0.193966" v="1.0"></texcoord>
          </vertex>
          <vertex>
            <position x="3.15604" y="0.750865" z="-0.761956"></position>
            <normal x="0.12879565" y="1.1902619E-4" z="0.9916711"></normal>
            <texcoord u="9.76117" v="1.0"></texcoord>
          </vertex>
          <vertex>
            <position x="2.93824" y="0.752538" z="-0.733669"></position>
            <normal x="0.12880634" y="0.0016078821" z="0.9916685"></normal>
            <texcoord u="1.49345" v="0.937008"></texcoord>
          </vertex>
          <vertex>
            <position x="2.93824" y="0.750865" z="-0.733669"></position>
            <normal x="0.12879437" y="0.0" z="0.9916713"></normal>
            <texcoord u="1.49345" v="1.0"></texcoord>
          </vertex>
          <vertex>
            <position x="2.9526" y="0.752745" z="-0.735535"></position>
            <normal x="0.12880103" y="0.0012893165" z="0.9916696"></normal>
            <texcoord u="2.03888" v="0.929237"></texcoord>
          </vertex>
          <vertex>
            <position x="2.96697" y="0.753015" z="-0.737401"></position>
            <normal x="0.12878408" y="-5.961348E-4" z="0.9916725"></normal>
            <texcoord u="2.58426" v="0.91906"></texcoord>
          </vertex>
          <vertex>
            <position x="2.98134" y="0.753349" z="-0.739267"></position>
            <normal x="0.12878896" y="-2.4004557E-4" z="0.99167204"></normal>
            <texcoord u="3.1296" v="0.906477"></texcoord>
          </vertex>
          <vertex>
            <position x="2.9957" y="0.753748" z="-0.741132"></position>
            <normal x="0.12878871" y="-1.88359E-4" z="0.99167204"></normal>
            <texcoord u="3.67487" v="0.891489"></texcoord>
          </vertex>
          <vertex>
            <position x="3.01007" y="0.75421" z="-0.742998"></position>
            <normal x="0.1287906" y="-1.7082362E-4" z="0.99167174"></normal>
            <texcoord u="4.22008" v="0.87409604"></texcoord>
          </vertex>
          <vertex>
            <position x="3.15604" y="0.752538" z="-0.761956"></position>
            <normal x="0.12879762" y="3.2326885E-4" z="0.99167085"></normal>
            <texcoord u="9.76117" v="0.937008"></texcoord>
          </vertex>
          <vertex>
            <position x="3.02443" y="0.754736" z="-0.744863"></position>
            <normal x="0.12880693" y="7.550836E-4" z="0.9916694"></normal>
            <texcoord u="4.7652" v="0.854299"></texcoord>
          </vertex>
          <vertex>
            <position x="3.03878" y="0.755325" z="-0.746728"></position>
            <normal x="0.12879622" y="3.5285307E-4" z="0.991671"></normal>
            <texcoord u="5.31023" v="0.832097"></texcoord>
          </vertex>
          <vertex>
            <position x="3.15234" y="0.753601" z="-0.761476"></position>
            <normal x="0.12878995" y="-1.04055536E-4" z="0.9916719"></normal>
            <texcoord u="9.62077" v="0.897"></texcoord>
          </vertex>
          <vertex>
            <position x="3.05314" y="0.755979" z="-0.748592"></position>
            <normal x="0.1287917" y="-2.2306794E-4" z="0.9916716"></normal>
            <texcoord u="5.85515" v="0.807491"></texcoord>
          </vertex>
          <vertex>
            <position x="3.14862" y="0.754574" z="-0.760993"></position>
            <normal x="0.12879977" y="1.17875185E-4" z="0.9916706"></normal>
            <texcoord u="9.47944" v="0.860392"></texcoord>
          </vertex>
          <vertex>
            <position x="3.06749" y="0.756696" z="-0.750456"></position>
            <normal x="0.12879957" y="1.3812691E-4" z="0.9916706"></normal>
            <texcoord u="6.39996" v="0.780482"></texcoord>
          </vertex>
          <vertex>
            <position x="3.14487" y="0.755455" z="-0.760506"></position>
            <normal x="0.12878658" y="-2.3890052E-4" z="0.99167234"></normal>
            <texcoord u="9.33727" v="0.827206"></texcoord>
          </vertex>
          <vertex>
            <position x="3.08184" y="0.757478" z="-0.75232"></position>
            <normal x="0.12877852" y="-3.8952997E-4" z="0.9916733"></normal>
            <texcoord u="6.94465" v="0.75107"></texcoord>
          </vertex>
          <vertex>
            <position x="3.14111" y="0.756245" z="-0.760017"></position>
            <normal x="0.12881191" y="3.1269927E-4" z="0.991669"></normal>
            <texcoord u="9.19433" v="0.797462"></texcoord>
          </vertex>
          <vertex>
            <position x="3.09619" y="0.758323" z="-0.754183"></position>
            <normal x="0.12882309" y="3.6167604E-4" z="0.9916675"></normal>
            <texcoord u="7.4892" v="0.719255"></texcoord>
          </vertex>
          <vertex>
            <position x="3.13732" y="0.756944" z="-0.759526"></position>
            <normal x="0.12885031" y="8.286065E-4" z="0.9916637"></normal>
            <texcoord u="9.05073" v="0.771175"></texcoord>
          </vertex>
          <vertex>
            <position x="3.13352" y="0.75755" z="-0.759032"></position>
            <normal x="0.12878935" y="-3.9537353E-4" z="0.9916719"></normal>
            <texcoord u="8.90653" v="0.748363"></texcoord>
          </vertex>
          <vertex>
            <position x="3.11053" y="0.759232" z="-0.756046"></position>
            <normal x="0.12877202" y="8.7754184E-4" z="0.9916738"></normal>
            <texcoord u="8.03361" v="0.68503904"></texcoord>
          </vertex>
          <vertex>
            <position x="3.12971" y="0.758063" z="-0.758537"></position>
            <normal x="0.12879348" y="1.3429006E-5" z="0.99167144"></normal>
            <texcoord u="8.76182" v="0.729038"></texcoord>
          </vertex>
          <vertex>
            <position x="3.12589" y="0.758484" z="-0.758041"></position>
            <normal x="0.12872681" y="-0.0015607986" z="0.9916789"></normal>
            <texcoord u="8.61669" v="0.713211"></texcoord>
          </vertex>
          <vertex>
            <position x="3.12206" y="0.758811" z="-0.757543"></position>
            <normal x="0.12860043" y="-0.004280893" z="0.9916873"></normal>
            <texcoord u="8.47122" v="0.700891"></texcoord>
          </vertex>
          <vertex>
            <position x="3.11822" y="0.759045" z="-0.757044"></position>
            <normal x="0.12880376" y="0.0044314284" z="0.9916602"></normal>
            <texcoord u="8.32549" v="0.692086"></texcoord>
          </vertex>
          <vertex>
            <position x="3.11437" y="0.759185" z="-0.756545"></position>
            <normal x="0.12901132" y="0.013553251" z="0.9915505"></normal>
            <texcoord u="8.17959" v="0.68680096"></texcoord>
          </vertex>
          <vertex>
            <position x="3.07052" y="0.759231" z="-1.06408"></position>
            <normal x="-0.12875576" y="0.0019929388" z="-0.9916743"></normal>
            <texcoord u="-8.03361" v="0.68503904"></texcoord>
          </vertex>
          <vertex>
            <position x="3.07437" y="0.759184" z="-1.06458"></position>
            <normal x="-0.1288413" y="0.0038429338" z="-0.99165785"></normal>
            <texcoord u="-8.17959" v="0.68680096"></texcoord>
          </vertex>
          <vertex>
            <position x="3.05618" y="0.758322" z="-1.06222"></position>
            <normal x="-0.12886369" y="0.0022810383" z="-0.9916597"></normal>
            <texcoord u="-7.4892" v="0.719255"></texcoord>
          </vertex>
          <vertex>
            <position x="3.07821" y="0.759044" z="-1.06508"></position>
            <normal x="-0.12889908" y="0.0048278803" z="-0.99164593"></normal>
            <texcoord u="-8.32549" v="0.692086"></texcoord>
          </vertex>
          <vertex>
            <position x="3.08205" y="0.75881" z="-1.06558"></position>
            <normal x="-0.1288923" y="0.0051094117" z="-0.9916455"></normal>
            <texcoord u="-8.47122" v="0.700891"></texcoord>
          </vertex>
          <vertex>
            <position x="3.08588" y="0.758482" z="-1.06608"></position>
            <normal x="-0.12879807" y="-0.005379486" z="-0.99165624"></normal>
            <texcoord u="-8.61669" v="0.713211"></texcoord>
          </vertex>
          <vertex>
            <position x="3.04183" y="0.757477" z="-1.06035"></position>
            <normal x="-0.12878849" y="-0.0058125015" z="-0.99165505"></normal>
            <texcoord u="-6.94465" v="0.75107"></texcoord>
          </vertex>
          <vertex>
            <position x="3.08971" y="0.758062" z="-1.06657"></position>
            <normal x="-0.1288304" y="-7.6539686E-4" z="-0.9916663"></normal>
            <texcoord u="-8.76182" v="0.729038"></texcoord>
          </vertex>
          <vertex>
            <position x="3.02749" y="0.756695" z="-1.05849"></position>
            <normal x="-0.12886597" y="0.003853004" z="-0.9916546"></normal>
            <texcoord u="-6.39996" v="0.780482"></texcoord>
          </vertex>
          <vertex>
            <position x="3.09352" y="0.757549" z="-1.06707"></position>
            <normal x="-0.12887497" y="0.0014118352" z="-0.9916599"></normal>
            <texcoord u="-8.90653" v="0.748363"></texcoord>
          </vertex>
          <vertex>
            <position x="3.09732" y="0.756943" z="-1.06756"></position>
            <normal x="-0.1287469" y="-0.0034246547" z="-0.9916716"></normal>
            <texcoord u="-9.05073" v="0.771175"></texcoord>
          </vertex>
          <vertex>
            <position x="3.01313" y="0.755978" z="-1.05663"></position>
            <normal x="-0.12870574" y="-0.0033386098" z="-0.9916772"></normal>
            <texcoord u="-5.85515" v="0.807491"></texcoord>
          </vertex>
          <vertex>
            <position x="2.99878" y="0.755324" z="-1.05476"></position>
            <normal x="-0.12876002" y="-0.0014770294" z="-0.99167466"></normal>
            <texcoord u="-5.31023" v="0.832097"></texcoord>
          </vertex>
          <vertex>
            <position x="3.1011" y="0.756244" z="-1.06805"></position>
            <normal x="-0.12882759" y="0.0039735814" z="-0.99165905"></normal>
            <texcoord u="-9.19433" v="0.797462"></texcoord>
          </vertex>
          <vertex>
            <position x="2.98442" y="0.754734" z="-1.0529"></position>
            <normal x="-0.12879957" y="4.8217239E-4" z="-0.99167055"></normal>
            <texcoord u="-4.7652" v="0.854299"></texcoord>
          </vertex>
          <vertex>
            <position x="3.10486" y="0.755454" z="-1.06854"></position>
            <normal x="-0.12877755" y="-0.001428613" z="-0.99167246"></normal>
            <texcoord u="-9.33727" v="0.827206"></texcoord>
          </vertex>
          <vertex>
            <position x="2.97006" y="0.754209" z="-1.05103"></position>
            <normal x="-0.12883277" y="0.0021457134" z="-0.99166405"></normal>
            <texcoord u="-4.22008" v="0.87409604"></texcoord>
          </vertex>
          <vertex>
            <position x="2.9557" y="0.753747" z="-1.04917"></position>
            <normal x="-0.12877478" y="-3.668168E-4" z="-0.99167377"></normal>
            <texcoord u="-3.67487" v="0.891489"></texcoord>
          </vertex>
          <vertex>
            <position x="2.94133" y="0.753348" z="-1.0473"></position>
            <normal x="-0.12880658" y="0.0032630817" z="-0.99166435"></normal>
            <texcoord u="-3.1296" v="0.906477"></texcoord>
          </vertex>
          <vertex>
            <position x="3.10861" y="0.754573" z="-1.06903"></position>
            <normal x="-0.12872617" y="-0.008153281" z="-0.99164665"></normal>
            <texcoord u="-9.47944" v="0.860392"></texcoord>
          </vertex>
          <vertex>
            <position x="2.92697" y="0.753014" z="-1.04544"></position>
            <normal x="-0.12878525" y="-6.9984404E-4" z="-0.9916723"></normal>
            <texcoord u="-2.58426" v="0.91906"></texcoord>
          </vertex>
          <vertex>
            <position x="2.9126" y="0.752744" z="-1.04357"></position>
            <normal x="-0.12839395" y="-0.03611269" z="-0.9910655"></normal>
            <texcoord u="-2.03888" v="0.929237"></texcoord>
          </vertex>
          <vertex>
            <position x="2.89823" y="0.752537" z="-1.0417"></position>
            <normal x="-0.12856276" y="-0.023784963" z="-0.9914161"></normal>
            <texcoord u="-1.49345" v="0.937008"></texcoord>
          </vertex>
          <vertex>
            <position x="2.89823" y="0.750864" z="-1.0417"></position>
            <normal x="-0.12880202" y="-9.1713475E-4" z="-0.9916699"></normal>
            <texcoord u="-1.49345" v="1.0"></texcoord>
          </vertex>
          <vertex>
            <position x="3.11233" y="0.7536" z="-1.06951"></position>
            <normal x="-0.12878716" y="-0.0018342695" z="-0.99167055"></normal>
            <texcoord u="-9.62077" v="0.897"></texcoord>
          </vertex>
          <vertex>
            <position x="3.11603" y="0.752537" z="-1.06999"></position>
            <normal x="-0.12880558" y="2.6225476E-5" z="-0.99166983"></normal>
            <texcoord u="-9.76117" v="0.937008"></texcoord>
          </vertex>
          <vertex>
            <position x="3.11603" y="0.750864" z="-1.06999"></position>
            <normal x="-0.12880763" y="0.0" z="-0.9916696"></normal>
            <texcoord u="-9.76117" v="1.0"></texcoord>
          </vertex>
          <vertex>
            <position x="3.33383" y="0.750864" z="-1.09828"></position>
            <normal x="3.9546336E-7" y="-1.0" z="3.0446179E-6"></normal>
            <texcoord u="-16.3977" v="-12.7252"></texcoord>
          </vertex>
          <vertex>
            <position x="3.37384" y="0.750865" z="-0.790244"></position>
            <normal x="3.9545148E-7" y="-1.0" z="3.044629E-6"></normal>
            <texcoord u="-17.9037" v="-1.1296899"></texcoord>
          </vertex>
          <vertex>
            <position x="3.33383" y="0.752537" z="-1.09828"></position>
            <normal x="0.9916699" y="0.0" z="-0.12880537"></normal>
            <texcoord u="11.4989" v="0.937008"></texcoord>
          </vertex>
          <vertex>
            <position x="3.37384" y="0.752538" z="-0.790244"></position>
            <normal x="0.9916699" y="0.0" z="-0.12880538"></normal>
            <texcoord u="-0.193966" v="0.937008"></texcoord>
          </vertex>
          <vertex>
            <position x="3.37384" y="0.750865" z="-0.790244"></position>
            <normal x="0.9916699" y="0.0" z="-0.12880537"></normal>
            <texcoord u="-0.193966" v="1.0"></texcoord>
          </vertex>
          <vertex>
            <position x="3.33383" y="0.750864" z="-1.09828"></position>
            <normal x="0.9916699" y="0.0" z="-0.12880535"></normal>
            <texcoord u="11.4989" v="1.0"></texcoord>
          </vertex>
          <vertex>
            <position x="3.11603" y="0.752537" z="-1.06999"></position>
            <normal x="-0.9916698" y="0.0" z="0.12880616"></normal>
            <texcoord u="-11.4989" v="0.937008"></texcoord>
          </vertex>
          <vertex>
            <position x="3.11603" y="0.750864" z="-1.06999"></position>
            <normal x="-0.9916698" y="0.0" z="0.12880614"></normal>
            <texcoord u="-11.4989" v="1.0"></texcoord>
          </vertex>
          <vertex>
            <position x="3.15604" y="0.750865" z="-0.761956"></position>
            <normal x="-0.9916698" y="0.0" z="0.12880616"></normal>
            <texcoord u="0.193966" v="1.0"></texcoord>
          </vertex>
          <vertex>
            <position x="3.15604" y="0.752538" z="-0.761956"></position>
            <normal x="-0.9916698" y="0.0" z="0.12880616"></normal>
            <texcoord u="0.193966" v="0.937008"></texcoord>
          </vertex>
          <vertex>
            <position x="3.17588" y="0.758322" z="-1.07777"></position>
            <normal x="-0.12919512" y="-0.0017411853" z="-0.9916177"></normal>
            <texcoord u="-12.0331" v="0.719255"></texcoord>
          </vertex>
          <vertex>
            <position x="3.1577" y="0.759184" z="-1.0754"></position>
            <normal x="-0.1290666" y="0.0043359743" z="-0.9916265"></normal>
            <texcoord u="-11.3427" v="0.68680096"></texcoord>
          </vertex>
          <vertex>
            <position x="3.16154" y="0.759231" z="-1.0759"></position>
            <normal x="-0.12914246" y="0.0027242885" z="-0.99162227"></normal>
            <texcoord u="-11.4887" v="0.68503904"></texcoord>
          </vertex>
          <vertex>
            <position x="3.15385" y="0.759044" z="-1.0749"></position>
            <normal x="-0.12908015" y="0.0032118307" z="-0.9916289"></normal>
            <texcoord u="-11.1968" v="0.692086"></texcoord>
          </vertex>
          <vertex>
            <position x="3.15001" y="0.75881" z="-1.0744"></position>
            <normal x="-0.12900682" y="6.855021E-4" z="-0.9916435"></normal>
            <texcoord u="-11.0511" v="0.700891"></texcoord>
          </vertex>
          <vertex>
            <position x="3.19023" y="0.757477" z="-1.07963"></position>
            <normal x="-0.12893368" y="-0.0033950151" z="-0.9916474"></normal>
            <texcoord u="-12.5777" v="0.75107"></texcoord>
          </vertex>
          <vertex>
            <position x="3.14618" y="0.758482" z="-1.07391"></position>
            <normal x="-0.128658" y="0.005001375" z="-0.9916764"></normal>
            <texcoord u="-10.9056" v="0.713211"></texcoord>
          </vertex>
          <vertex>
            <position x="3.14236" y="0.758062" z="-1.07341"></position>
            <normal x="-0.12894835" y="-0.007999565" z="-0.99161905"></normal>
            <texcoord u="-10.7605" v="0.729038"></texcoord>
          </vertex>
          <vertex>
            <position x="3.20458" y="0.756695" z="-1.08149"></position>
            <normal x="-0.12895708" y="-0.00839658" z="-0.99161464"></normal>
            <texcoord u="-13.1224" v="0.780482"></texcoord>
          </vertex>
          <vertex>
            <position x="3.13855" y="0.757549" z="-1.07291"></position>
            <normal x="-0.1288047" y="2.0184618E-4" z="-0.99167"></normal>
            <texcoord u="-10.6158" v="0.748363"></texcoord>
          </vertex>
          <vertex>
            <position x="3.21893" y="0.755978" z="-1.08335"></position>
            <normal x="-0.12876053" y="0.002097207" z="-0.9916736"></normal>
            <texcoord u="-13.6672" v="0.807491"></texcoord>
          </vertex>
          <vertex>
            <position x="3.23329" y="0.755324" z="-1.08522"></position>
            <normal x="-0.12875615" y="0.0024633799" z="-0.99167323"></normal>
            <texcoord u="-14.2121" v="0.832097"></texcoord>
          </vertex>
          <vertex>
            <position x="3.13475" y="0.756943" z="-1.07242"></position>
            <normal x="-0.12871107" y="0.004599521" z="-0.9916715"></normal>
            <texcoord u="-10.4716" v="0.771175"></texcoord>
          </vertex>
          <vertex>
            <position x="3.24764" y="0.754734" z="-1.08708"></position>
            <normal x="-0.12868233" y="0.0049708844" z="-0.99167347"></normal>
            <texcoord u="-14.7571" v="0.854299"></texcoord>
          </vertex>
          <vertex>
            <position x="3.262" y="0.754208" z="-1.08895"></position>
            <normal x="-0.12855947" y="0.012860242" z="-0.99161845"></normal>
            <texcoord u="-15.3023" v="0.87409604"></texcoord>
          </vertex>
          <vertex>
            <position x="3.13096" y="0.756244" z="-1.07193"></position>
            <normal x="-0.12872215" y="0.0048925495" z="-0.99166864"></normal>
            <texcoord u="-10.328" v="0.797462"></texcoord>
          </vertex>
          <vertex>
            <position x="3.27637" y="0.753746" z="-1.09082"></position>
            <normal x="-0.12899712" y="-0.010595355" z="-0.99158835"></normal>
            <texcoord u="-15.8475" v="0.891489"></texcoord>
          </vertex>
          <vertex>
            <position x="3.29073" y="0.753348" z="-1.09268"></position>
            <normal x="-0.12865528" y="0.0074739223" z="-0.99166125"></normal>
            <texcoord u="-16.3927" v="0.906477"></texcoord>
          </vertex>
          <vertex>
            <position x="3.3051" y="0.753014" z="-1.09455"></position>
            <normal x="-0.12829898" y="0.018764663" z="-0.99155796"></normal>
            <texcoord u="-16.9381" v="0.91906"></texcoord>
          </vertex>
          <vertex>
            <position x="3.33383" y="0.750864" z="-1.09828"></position>
            <normal x="-0.12877606" y="6.322426E-4" z="-0.9916735"></normal>
            <texcoord u="-18.0289" v="1.0"></texcoord>
          </vertex>
          <vertex>
            <position x="3.31947" y="0.752744" z="-1.09641"></position>
            <normal x="-0.12868203" y="0.003436744" z="-0.99167997"></normal>
            <texcoord u="-17.4835" v="0.929237"></texcoord>
          </vertex>
          <vertex>
            <position x="3.33383" y="0.752537" z="-1.09828"></position>
            <normal x="-0.12912522" y="0.0" z="-0.99162835"></normal>
            <texcoord u="-18.0289" v="0.937008"></texcoord>
          </vertex>
          <vertex>
            <position x="3.1272" y="0.755454" z="-1.07144"></position>
            <normal x="-0.12875141" y="0.0027332841" z="-0.9916732"></normal>
            <texcoord u="-10.1851" v="0.827206"></texcoord>
          </vertex>
          <vertex>
            <position x="3.12345" y="0.754573" z="-1.07096"></position>
            <normal x="-0.12877262" y="3.383175E-4" z="-0.9916741"></normal>
            <texcoord u="-10.0429" v="0.860392"></texcoord>
          </vertex>
          <vertex>
            <position x="3.11973" y="0.7536" z="-1.07047"></position>
            <normal x="-0.12884788" y="-0.0030367752" z="-0.9916597"></normal>
            <texcoord u="-9.90157" v="0.897"></texcoord>
          </vertex>
          <vertex>
            <position x="3.37384" y="0.750865" z="-0.790244"></position>
            <normal x="0.12879877" y="0.0" z="0.9916707"></normal>
            <texcoord u="18.0289" v="1.0"></texcoord>
          </vertex>
          <vertex>
            <position x="3.37384" y="0.752538" z="-0.790244"></position>
            <normal x="0.12879369" y="6.6750956E-4" z="0.9916712"></normal>
            <texcoord u="18.0289" v="0.937008"></texcoord>
          </vertex>
          <vertex>
            <position x="3.35947" y="0.752745" z="-0.788378"></position>
            <normal x="0.12880452" y="-4.0874054E-4" z="0.9916699"></normal>
            <texcoord u="17.4835" v="0.929237"></texcoord>
          </vertex>
          <vertex>
            <position x="3.34511" y="0.753015" z="-0.786512"></position>
            <normal x="0.12880495" y="-7.7673973E-4" z="0.99166965"></normal>
            <texcoord u="16.9381" v="0.91906"></texcoord>
          </vertex>
          <vertex>
            <position x="3.33074" y="0.753349" z="-0.784646"></position>
            <normal x="0.12879814" y="-4.5193912E-4" z="0.99167067"></normal>
            <texcoord u="16.3927" v="0.906477"></texcoord>
          </vertex>
          <vertex>
            <position x="3.31638" y="0.753747" z="-0.78278"></position>
            <normal x="0.1287912" y="1.6444866E-4" z="0.9916718"></normal>
            <texcoord u="15.8475" v="0.891489"></texcoord>
          </vertex>
          <vertex>
            <position x="3.30201" y="0.75421" z="-0.780915"></position>
            <normal x="0.12878756" y="0.0012026627" z="0.9916715"></normal>
            <texcoord u="15.3023" v="0.87409604"></texcoord>
          </vertex>
          <vertex>
            <position x="3.28765" y="0.754735" z="-0.77905"></position>
            <normal x="0.12879714" y="2.4770567E-4" z="0.99167097"></normal>
            <texcoord u="14.7571" v="0.854299"></texcoord>
          </vertex>
          <vertex>
            <position x="3.15974" y="0.753601" z="-0.762437"></position>
            <normal x="0.12879777" y="1.6058434E-4" z="0.99167085"></normal>
            <texcoord u="9.90157" v="0.897"></texcoord>
          </vertex>
          <vertex>
            <position x="3.27329" y="0.755325" z="-0.777185"></position>
            <normal x="0.1288004" y="-7.498981E-5" z="0.9916705"></normal>
            <texcoord u="14.2121" v="0.832097"></texcoord>
          </vertex>
          <vertex>
            <position x="3.16346" y="0.754574" z="-0.76292"></position>
            <normal x="0.12880157" y="-1.7547868E-4" z="0.99167037"></normal>
            <texcoord u="10.0429" v="0.860392"></texcoord>
          </vertex>
          <vertex>
            <position x="3.25894" y="0.755979" z="-0.775321"></position>
            <normal x="0.12880139" y="-2.2182608E-4" z="0.99167037"></normal>
            <texcoord u="13.6672" v="0.807491"></texcoord>
          </vertex>
          <vertex>
            <position x="3.16721" y="0.755455" z="-0.763407"></position>
            <normal x="0.12879467" y="1.7344383E-4" z="0.99167126"></normal>
            <texcoord u="10.1851" v="0.827206"></texcoord>
          </vertex>
          <vertex>
            <position x="3.24459" y="0.756696" z="-0.773457"></position>
            <normal x="0.12879147" y="6.0203143E-5" z="0.9916717"></normal>
            <texcoord u="13.1224" v="0.780482"></texcoord>
          </vertex>
          <vertex>
            <position x="3.17097" y="0.756245" z="-0.763896"></position>
            <normal x="0.1287835" y="2.198636E-4" z="0.9916727"></normal>
            <texcoord u="10.328" v="0.797462"></texcoord>
          </vertex>
          <vertex>
            <position x="3.23024" y="0.757478" z="-0.771593"></position>
            <normal x="0.12878077" y="9.031437E-5" z="0.9916731"></normal>
            <texcoord u="12.5777" v="0.75107"></texcoord>
          </vertex>
          <vertex>
            <position x="3.17475" y="0.756944" z="-0.764387"></position>
            <normal x="0.12876973" y="5.8393634E-4" z="0.99167436"></normal>
            <texcoord u="10.4716" v="0.771175"></texcoord>
          </vertex>
          <vertex>
            <position x="3.21589" y="0.758323" z="-0.76973"></position>
            <normal x="0.12879358" y="-3.1163264E-4" z="0.9916714"></normal>
            <texcoord u="12.0331" v="0.719255"></texcoord>
          </vertex>
          <vertex>
            <position x="3.17855" y="0.75755" z="-0.764881"></position>
            <normal x="0.12879363" y="-7.428854E-4" z="0.9916712"></normal>
            <texcoord u="10.6158" v="0.748363"></texcoord>
          </vertex>
          <vertex>
            <position x="3.18237" y="0.758063" z="-0.765376"></position>
            <normal x="0.12882262" y="-0.0010995533" z="0.99166703"></normal>
            <texcoord u="10.7605" v="0.729038"></texcoord>
          </vertex>
          <vertex>
            <position x="3.20155" y="0.759232" z="-0.767867"></position>
            <normal x="0.12864524" y="0.004249308" z="0.9916816"></normal>
            <texcoord u="11.4887" v="0.68503904"></texcoord>
          </vertex>
          <vertex>
            <position x="3.18619" y="0.758483" z="-0.765872"></position>
            <normal x="0.12872644" y="0.0015662871" z="0.9916789"></normal>
            <texcoord u="10.9056" v="0.713211"></texcoord>
          </vertex>
          <vertex>
            <position x="3.19002" y="0.758811" z="-0.76637"></position>
            <normal x="0.12860937" y="0.004107613" z="0.9916868"></normal>
            <texcoord u="11.0511" v="0.700891"></texcoord>
          </vertex>
          <vertex>
            <position x="3.19386" y="0.759045" z="-0.766869"></position>
            <normal x="0.12847759" y="0.009198939" z="0.9916698"></normal>
            <texcoord u="11.1968" v="0.692086"></texcoord>
          </vertex>
          <vertex>
            <position x="3.1977" y="0.759185" z="-0.767368"></position>
            <normal x="0.12836033" y="0.013815508" z="0.9916314"></normal>
            <texcoord u="11.3427" v="0.68680096"></texcoord>
          </vertex>
        </vertexbuffer>
      </geometry>
    </submesh>
  </submeshes>
</mesh>
