<mesh>
  <submeshes>
    <submesh material="Material.80" usesharedvertices="false">
      <faces count="102">
        <face v1="0" v2="1" v3="2"></face>
        <face v1="0" v2="2" v3="3"></face>
        <face v1="4" v2="5" v3="6"></face>
        <face v1="4" v2="6" v3="7"></face>
        <face v1="8" v2="9" v3="10"></face>
        <face v1="8" v2="10" v3="11"></face>
        <face v1="7" v2="12" v3="13"></face>
        <face v1="7" v2="13" v3="4"></face>
        <face v1="9" v2="14" v3="15"></face>
        <face v1="9" v2="15" v3="10"></face>
        <face v1="14" v2="16" v3="17"></face>
        <face v1="14" v2="17" v3="15"></face>
        <face v1="16" v2="6" v3="5"></face>
        <face v1="16" v2="5" v3="17"></face>
        <face v1="12" v2="18" v3="19"></face>
        <face v1="12" v2="19" v3="13"></face>
        <face v1="18" v2="20" v3="21"></face>
        <face v1="18" v2="21" v3="19"></face>
        <face v1="20" v2="22" v3="23"></face>
        <face v1="20" v2="23" v3="21"></face>
        <face v1="24" v2="25" v3="26"></face>
        <face v1="24" v2="26" v3="27"></face>
        <face v1="24" v2="27" v3="28"></face>
        <face v1="24" v2="28" v3="29"></face>
        <face v1="24" v2="29" v3="30"></face>
        <face v1="24" v2="30" v3="31"></face>
        <face v1="24" v2="31" v3="32"></face>
        <face v1="24" v2="32" v3="33"></face>
        <face v1="24" v2="33" v3="34"></face>
        <face v1="24" v2="34" v3="35"></face>
        <face v1="11" v2="36" v3="37"></face>
        <face v1="11" v2="37" v3="8"></face>
        <face v1="38" v2="23" v3="22"></face>
        <face v1="38" v2="22" v3="39"></face>
      </faces>
      <geometry vertexcount="40">
        <vertexbuffer positions="true" normals="true" texture_coords="1">
          <vertex>
            <position x="2.44846" y="0.761712" z="-0.870683"></position>
            <normal x="0.0" y="0.0" z="1.0"></normal>
            <texcoord u="0.917619" v="0.922209"></texcoord>
          </vertex>
          <vertex>
            <position x="1.97502" y="0.761712" z="-0.870683"></position>
            <normal x="0.0" y="0.0" z="1.0"></normal>
            <texcoord u="0.076972" v="0.922209"></texcoord>
          </vertex>
          <vertex>
            <position x="1.97502" y="0.750865" z="-0.870683"></position>
            <normal x="0.0" y="0.0" z="1.0"></normal>
            <texcoord u="0.076972" v="0.922209"></texcoord>
          </vertex>
          <vertex>
            <position x="2.44846" y="0.750865" z="-0.870683"></position>
            <normal x="0.0" y="0.0" z="1.0"></normal>
            <texcoord u="0.917619" v="0.922209"></texcoord>
          </vertex>
          <vertex>
            <position x="1.98379" y="0.790853" z="-1.10986"></position>
            <normal x="-0.07105808" y="0.0" z="-0.9974721"></normal>
            <texcoord u="0.092553" v="0.07286203"></texcoord>
          </vertex>
          <vertex>
            <position x="2.43969" y="0.790853" z="-1.10986"></position>
            <normal x="0.071060255" y="0.0" z="-0.997472"></normal>
            <texcoord u="0.902038" v="0.07286203"></texcoord>
          </vertex>
          <vertex>
            <position x="2.43969" y="0.750864" z="-1.10986"></position>
            <normal x="0.071060255" y="0.0" z="-0.997472"></normal>
            <texcoord u="0.902038" v="0.07286203"></texcoord>
          </vertex>
          <vertex>
            <position x="1.98379" y="0.750864" z="-1.10986"></position>
            <normal x="-0.094717406" y="0.0" z="-0.9955042"></normal>
            <texcoord u="0.092553" v="0.07286203"></texcoord>
          </vertex>
          <vertex>
            <position x="2.44846" y="0.750864" z="-1.10108"></position>
            <normal x="0.9955023" y="0.0" z="-0.09473761"></normal>
            <texcoord u="0.917619" v="0.10402298"></texcoord>
          </vertex>
          <vertex>
            <position x="2.44791" y="0.750864" z="-1.10492"></position>
            <normal x="0.9180031" y="0.0" z="-0.3965732"></normal>
            <texcoord u="0.916645" v="0.09039003"></texcoord>
          </vertex>
          <vertex>
            <position x="2.44791" y="0.790252" z="-1.10492"></position>
            <normal x="0.96273714" y="0.0" z="-0.2704387"></normal>
            <texcoord u="0.916645" v="0.09039003"></texcoord>
          </vertex>
          <vertex>
            <position x="2.44846" y="0.789784" z="-1.10108"></position>
            <normal x="0.99747115" y="0.0" z="-0.07107325"></normal>
            <texcoord u="0.917619" v="0.10402298"></texcoord>
          </vertex>
          <vertex>
            <position x="1.97995" y="0.750864" z="-1.10931"></position>
            <normal x="-0.3982144" y="0.0" z="-0.91729236"></normal>
            <texcoord u="0.085736" v="0.07481003"></texcoord>
          </vertex>
          <vertex>
            <position x="1.97995" y="0.790787" z="-1.10931"></position>
            <normal x="-0.27126142" y="0.0" z="-0.96250564"></normal>
            <texcoord u="0.085736" v="0.07481003"></texcoord>
          </vertex>
          <vertex>
            <position x="2.44627" y="0.750864" z="-1.10766"></position>
            <normal x="0.6470373" y="0.0" z="-0.76245826"></normal>
            <texcoord u="0.913723" v="0.080652"></texcoord>
          </vertex>
          <vertex>
            <position x="2.44627" y="0.790586" z="-1.10766"></position>
            <normal x="0.7641854" y="0.0" z="-0.6449966"></normal>
            <texcoord u="0.913723" v="0.080652"></texcoord>
          </vertex>
          <vertex>
            <position x="2.44353" y="0.750864" z="-1.10931"></position>
            <normal x="0.33550248" y="0.0" z="-0.9420394"></normal>
            <texcoord u="0.908854" v="0.07481003"></texcoord>
          </vertex>
          <vertex>
            <position x="2.44353" y="0.790787" z="-1.10931"></position>
            <normal x="0.39821568" y="0.0" z="-0.9172918"></normal>
            <texcoord u="0.908854" v="0.07481003"></texcoord>
          </vertex>
          <vertex>
            <position x="1.97721" y="0.750864" z="-1.10766"></position>
            <normal x="-0.7641855" y="0.0" z="-0.6449966"></normal>
            <texcoord u="0.080867" v="0.080652"></texcoord>
          </vertex>
          <vertex>
            <position x="1.97721" y="0.790586" z="-1.10766"></position>
            <normal x="-0.6470373" y="0.0" z="-0.76245826"></normal>
            <texcoord u="0.080867" v="0.080652"></texcoord>
          </vertex>
          <vertex>
            <position x="1.97557" y="0.750864" z="-1.10492"></position>
            <normal x="-0.9627427" y="0.0" z="-0.27041897"></normal>
            <texcoord u="0.077946" v="0.09039003"></texcoord>
          </vertex>
          <vertex>
            <position x="1.97557" y="0.790252" z="-1.10492"></position>
            <normal x="-0.91800714" y="0.0" z="-0.39656407"></normal>
            <texcoord u="0.077946" v="0.09039003"></texcoord>
          </vertex>
          <vertex>
            <position x="1.97502" y="0.750864" z="-1.10108"></position>
            <normal x="-0.9974721" y="0.0" z="-0.07105807"></normal>
            <texcoord u="0.076972" v="0.10402298"></texcoord>
          </vertex>
          <vertex>
            <position x="1.97502" y="0.789784" z="-1.10108"></position>
            <normal x="-0.9955042" y="0.0" z="-0.094717406"></normal>
            <texcoord u="0.076972" v="0.10402298"></texcoord>
          </vertex>
          <vertex>
            <position x="1.97502" y="0.789784" z="-1.10108"></position>
            <normal x="2.2204113E-5" y="0.9926766" z="0.12080215"></normal>
            <texcoord u="0.076972" v="0.10402298"></texcoord>
          </vertex>
          <vertex>
            <position x="1.97502" y="0.761712" z="-0.870683"></position>
            <normal x="0.0" y="0.9926589" z="0.12094746"></normal>
            <texcoord u="0.076972" v="0.922209"></texcoord>
          </vertex>
          <vertex>
            <position x="2.44846" y="0.761712" z="-0.870683"></position>
            <normal x="0.0" y="0.9926589" z="0.12094746"></normal>
            <texcoord u="0.917619" v="0.922209"></texcoord>
          </vertex>
          <vertex>
            <position x="2.44846" y="0.789784" z="-1.10108"></position>
            <normal x="0.0" y="0.9926578" z="0.12095666"></normal>
            <texcoord u="0.917619" v="0.10402298"></texcoord>
          </vertex>
          <vertex>
            <position x="2.44791" y="0.790252" z="-1.10492"></position>
            <normal x="1.7989088E-7" y="0.9926541" z="0.12098771"></normal>
            <texcoord u="0.916645" v="0.09039003"></texcoord>
          </vertex>
          <vertex>
            <position x="2.44627" y="0.790586" z="-1.10766"></position>
            <normal x="-2.7672286E-7" y="0.9926568" z="0.12096463"></normal>
            <texcoord u="0.913723" v="0.080652"></texcoord>
          </vertex>
          <vertex>
            <position x="2.44353" y="0.790787" z="-1.10931"></position>
            <normal x="-1.4209242E-5" y="0.99275285" z="0.12017384"></normal>
            <texcoord u="0.908854" v="0.07481003"></texcoord>
          </vertex>
          <vertex>
            <position x="2.43969" y="0.790853" z="-1.10986"></position>
            <normal x="-1.37526295E-5" y="0.99275637" z="0.120145224"></normal>
            <texcoord u="0.902038" v="0.07286203"></texcoord>
          </vertex>
          <vertex>
            <position x="1.98379" y="0.790853" z="-1.10986"></position>
            <normal x="1.3764523E-4" y="0.9926527" z="0.12099793"></normal>
            <texcoord u="0.092553" v="0.07286203"></texcoord>
          </vertex>
          <vertex>
            <position x="1.97995" y="0.790787" z="-1.10931"></position>
            <normal x="1.6284519E-4" y="0.9926443" z="0.12106705"></normal>
            <texcoord u="0.085736" v="0.07481003"></texcoord>
          </vertex>
          <vertex>
            <position x="1.97721" y="0.790586" z="-1.10766"></position>
            <normal x="-2.3697401E-5" y="0.9926554" z="0.12097638"></normal>
            <texcoord u="0.080867" v="0.080652"></texcoord>
          </vertex>
          <vertex>
            <position x="1.97557" y="0.790252" z="-1.10492"></position>
            <normal x="-9.779473E-5" y="0.9926584" z="0.12095208"></normal>
            <texcoord u="0.077946" v="0.09039003"></texcoord>
          </vertex>
          <vertex>
            <position x="2.44846" y="0.761712" z="-0.870683"></position>
            <normal x="1.0" y="0.0" z="0.0"></normal>
            <texcoord u="0.917619" v="0.922209"></texcoord>
          </vertex>
          <vertex>
            <position x="2.44846" y="0.750865" z="-0.870683"></position>
            <normal x="1.0" y="0.0" z="0.0"></normal>
            <texcoord u="0.917619" v="0.922209"></texcoord>
          </vertex>
          <vertex>
            <position x="1.97502" y="0.761712" z="-0.870683"></position>
            <normal x="-1.0" y="0.0" z="0.0"></normal>
            <texcoord u="0.076972" v="0.922209"></texcoord>
          </vertex>
          <vertex>
            <position x="1.97502" y="0.750865" z="-0.870683"></position>
            <normal x="-1.0" y="0.0" z="0.0"></normal>
            <texcoord u="0.076972" v="0.922209"></texcoord>
          </vertex>
        </vertexbuffer>
      </geometry>
    </submesh>
  </submeshes>
</mesh>
