<mesh>
  <submeshes>
    <submesh material="Material.105" usesharedvertices="false">
      <faces count="474">
        <face v1="0" v2="1" v3="2"></face>
        <face v1="3" v2="2" v3="1"></face>
        <face v1="4" v2="5" v3="6"></face>
        <face v1="7" v2="6" v3="5"></face>
        <face v1="6" v2="7" v3="8"></face>
        <face v1="9" v2="8" v3="7"></face>
        <face v1="8" v2="9" v3="10"></face>
        <face v1="11" v2="10" v3="9"></face>
        <face v1="10" v2="11" v3="12"></face>
        <face v1="11" v2="13" v3="12"></face>
        <face v1="13" v2="14" v3="12"></face>
        <face v1="14" v2="15" v3="12"></face>
        <face v1="15" v2="16" v3="12"></face>
        <face v1="12" v2="16" v3="17"></face>
        <face v1="17" v2="16" v3="18"></face>
        <face v1="18" v2="16" v3="19"></face>
        <face v1="19" v2="16" v3="20"></face>
        <face v1="20" v2="16" v3="21"></face>
        <face v1="21" v2="16" v3="22"></face>
        <face v1="22" v2="16" v3="23"></face>
        <face v1="23" v2="16" v3="24"></face>
        <face v1="24" v2="16" v3="25"></face>
        <face v1="25" v2="16" v3="26"></face>
        <face v1="26" v2="16" v3="27"></face>
        <face v1="27" v2="16" v3="28"></face>
        <face v1="28" v2="16" v3="29"></face>
        <face v1="30" v2="27" v3="28"></face>
        <face v1="29" v2="16" v3="31"></face>
        <face v1="32" v2="27" v3="30"></face>
        <face v1="33" v2="27" v3="32"></face>
        <face v1="34" v2="27" v3="33"></face>
        <face v1="35" v2="31" v3="16"></face>
        <face v1="35" v2="36" v3="31"></face>
        <face v1="35" v2="37" v3="36"></face>
        <face v1="37" v2="35" v3="38"></face>
        <face v1="27" v2="34" v3="39"></face>
        <face v1="34" v2="40" v3="39"></face>
        <face v1="40" v2="41" v3="39"></face>
        <face v1="41" v2="42" v3="39"></face>
        <face v1="42" v2="43" v3="39"></face>
        <face v1="44" v2="39" v3="43"></face>
        <face v1="45" v2="38" v3="35"></face>
        <face v1="45" v2="46" v3="38"></face>
        <face v1="45" v2="47" v3="46"></face>
        <face v1="39" v2="44" v3="48"></face>
        <face v1="44" v2="49" v3="48"></face>
        <face v1="47" v2="45" v3="50"></face>
        <face v1="51" v2="48" v3="49"></face>
        <face v1="52" v2="50" v3="45"></face>
        <face v1="52" v2="53" v3="50"></face>
        <face v1="53" v2="52" v3="54"></face>
        <face v1="48" v2="51" v3="55"></face>
        <face v1="51" v2="56" v3="55"></face>
        <face v1="56" v2="57" v3="55"></face>
        <face v1="58" v2="55" v3="57"></face>
        <face v1="59" v2="54" v3="52"></face>
        <face v1="59" v2="60" v3="54"></face>
        <face v1="60" v2="59" v3="61"></face>
        <face v1="55" v2="58" v3="62"></face>
        <face v1="58" v2="63" v3="62"></face>
        <face v1="64" v2="62" v3="63"></face>
        <face v1="65" v2="61" v3="59"></face>
        <face v1="65" v2="66" v3="61"></face>
        <face v1="65" v2="67" v3="66"></face>
        <face v1="62" v2="64" v3="68"></face>
        <face v1="64" v2="69" v3="68"></face>
        <face v1="70" v2="68" v3="69"></face>
        <face v1="67" v2="65" v3="71"></face>
        <face v1="72" v2="73" v3="74"></face>
        <face v1="75" v2="73" v3="72"></face>
        <face v1="74" v2="73" v3="76"></face>
        <face v1="76" v2="73" v3="77"></face>
        <face v1="68" v2="70" v3="78"></face>
        <face v1="70" v2="79" v3="78"></face>
        <face v1="79" v2="80" v3="78"></face>
        <face v1="80" v2="81" v3="78"></face>
        <face v1="81" v2="82" v3="78"></face>
        <face v1="82" v2="83" v3="78"></face>
        <face v1="83" v2="73" v3="78"></face>
        <face v1="73" v2="75" v3="78"></face>
        <face v1="75" v2="84" v3="78"></face>
        <face v1="84" v2="85" v3="78"></face>
        <face v1="85" v2="86" v3="78"></face>
        <face v1="86" v2="87" v3="78"></face>
        <face v1="88" v2="71" v3="65"></face>
        <face v1="88" v2="89" v3="71"></face>
        <face v1="88" v2="90" v3="89"></face>
        <face v1="88" v2="91" v3="90"></face>
        <face v1="88" v2="92" v3="91"></face>
        <face v1="88" v2="73" v3="92"></face>
        <face v1="88" v2="77" v3="73"></face>
        <face v1="88" v2="93" v3="77"></face>
        <face v1="88" v2="94" v3="93"></face>
        <face v1="88" v2="95" v3="94"></face>
        <face v1="96" v2="78" v3="87"></face>
        <face v1="95" v2="88" v3="97"></face>
        <face v1="78" v2="96" v3="98"></face>
        <face v1="96" v2="99" v3="98"></face>
        <face v1="100" v2="98" v3="99"></face>
        <face v1="101" v2="97" v3="88"></face>
        <face v1="101" v2="102" v3="97"></face>
        <face v1="101" v2="103" v3="102"></face>
        <face v1="103" v2="101" v3="104"></face>
        <face v1="98" v2="100" v3="105"></face>
        <face v1="100" v2="106" v3="105"></face>
        <face v1="107" v2="105" v3="106"></face>
        <face v1="108" v2="104" v3="101"></face>
        <face v1="108" v2="109" v3="104"></face>
        <face v1="109" v2="108" v3="110"></face>
        <face v1="105" v2="107" v3="111"></face>
        <face v1="107" v2="112" v3="111"></face>
        <face v1="113" v2="111" v3="112"></face>
        <face v1="114" v2="110" v3="108"></face>
        <face v1="114" v2="115" v3="110"></face>
        <face v1="115" v2="114" v3="116"></face>
        <face v1="111" v2="113" v3="117"></face>
        <face v1="113" v2="118" v3="117"></face>
        <face v1="118" v2="119" v3="117"></face>
        <face v1="120" v2="117" v3="119"></face>
        <face v1="121" v2="116" v3="114"></face>
        <face v1="121" v2="122" v3="116"></face>
        <face v1="121" v2="123" v3="122"></face>
        <face v1="123" v2="121" v3="124"></face>
        <face v1="117" v2="120" v3="125"></face>
        <face v1="120" v2="126" v3="125"></face>
        <face v1="126" v2="127" v3="125"></face>
        <face v1="127" v2="128" v3="125"></face>
        <face v1="128" v2="129" v3="125"></face>
        <face v1="129" v2="130" v3="125"></face>
        <face v1="130" v2="131" v3="125"></face>
        <face v1="131" v2="132" v3="125"></face>
        <face v1="132" v2="133" v3="125"></face>
        <face v1="134" v2="124" v3="121"></face>
        <face v1="134" v2="135" v3="124"></face>
        <face v1="134" v2="136" v3="135"></face>
        <face v1="134" v2="137" v3="136"></face>
        <face v1="134" v2="133" v3="137"></face>
        <face v1="134" v2="125" v3="133"></face>
        <face v1="134" v2="138" v3="125"></face>
        <face v1="134" v2="139" v3="138"></face>
        <face v1="134" v2="140" v3="139"></face>
        <face v1="134" v2="141" v3="140"></face>
        <face v1="134" v2="142" v3="141"></face>
        <face v1="134" v2="143" v3="142"></face>
        <face v1="134" v2="144" v3="143"></face>
        <face v1="134" v2="145" v3="144"></face>
        <face v1="134" v2="146" v3="145"></face>
        <face v1="134" v2="147" v3="146"></face>
        <face v1="134" v2="148" v3="147"></face>
        <face v1="148" v2="134" v3="149"></face>
        <face v1="134" v2="150" v3="149"></face>
        <face v1="150" v2="151" v3="149"></face>
        <face v1="151" v2="152" v3="149"></face>
        <face v1="153" v2="149" v3="152"></face>
        <face v1="149" v2="153" v3="154"></face>
        <face v1="3" v2="154" v3="153"></face>
        <face v1="154" v2="3" v3="1"></face>
        <face v1="155" v2="1" v3="0"></face>
      </faces>
      <geometry vertexcount="156">
        <vertexbuffer positions="true" normals="true" texture_coords="1">
          <vertex>
            <position x="0.221663" y="0.677979" z="-1.3546"></position>
            <normal x="0.0" y="1.0" z="0.0"></normal>
            <texcoord u="2.44799" v="0.637522"></texcoord>
          </vertex>
          <vertex>
            <position x="0.221817" y="0.677979" z="-1.35018"></position>
            <normal x="0.0" y="1.0" z="0.0"></normal>
            <texcoord u="2.44779" v="0.64315903"></texcoord>
          </vertex>
          <vertex>
            <position x="0.222048" y="0.677979" z="-1.35676"></position>
            <normal x="0.0" y="1.0" z="0.0"></normal>
            <texcoord u="2.4475" v="0.63477004"></texcoord>
          </vertex>
          <vertex>
            <position x="0.222728" y="0.677979" z="-1.35884"></position>
            <normal x="0.0" y="1.0" z="0.0"></normal>
            <texcoord u="2.44663" v="0.632118"></texcoord>
          </vertex>
          <vertex>
            <position x="4.058" y="0.677979" z="-1.3524"></position>
            <normal x="0.0" y="1.0" z="0.0"></normal>
            <texcoord u="-2.4428" v="0.640332"></texcoord>
          </vertex>
          <vertex>
            <position x="4.05791" y="0.677979" z="-1.3546"></position>
            <normal x="0.0" y="1.0" z="0.0"></normal>
            <texcoord u="-2.4427" v="0.637522"></texcoord>
          </vertex>
          <vertex>
            <position x="4.05776" y="0.677979" z="-1.35018"></position>
            <normal x="0.0" y="1.0" z="0.0"></normal>
            <texcoord u="-2.4425" v="0.64315903"></texcoord>
          </vertex>
          <vertex>
            <position x="4.05753" y="0.677979" z="-1.35676"></position>
            <normal x="0.0" y="1.0" z="0.0"></normal>
            <texcoord u="-2.44221" v="0.63477004"></texcoord>
          </vertex>
          <vertex>
            <position x="4.05719" y="0.677979" z="-1.34799"></position>
            <normal x="0.0" y="1.0" z="0.0"></normal>
            <texcoord u="-2.44178" v="0.645959"></texcoord>
          </vertex>
          <vertex>
            <position x="4.05685" y="0.677979" z="-1.35884"></position>
            <normal x="0.0" y="1.0" z="0.0"></normal>
            <texcoord u="-2.44134" v="0.632118"></texcoord>
          </vertex>
          <vertex>
            <position x="4.05629" y="0.677979" z="-1.34584"></position>
            <normal x="2.9029145E-6" y="1.0" z="-7.7578726E-8"></normal>
            <texcoord u="-2.44063" v="0.648692"></texcoord>
          </vertex>
          <vertex>
            <position x="4.05589" y="0.677979" z="-1.36081"></position>
            <normal x="2.7878748E-6" y="1.0" z="-6.2955985E-7"></normal>
            <texcoord u="-2.44011" v="0.62960696"></texcoord>
          </vertex>
          <vertex>
            <position x="3.89046" y="0.67798" z="-1.02038"></position>
            <normal x="-1.1544312E-6" y="1.0" z="-3.4309846E-6"></normal>
            <texcoord u="-2.22922" v="1.06361"></texcoord>
          </vertex>
          <vertex>
            <position x="4.05465" y="0.677979" z="-1.36264"></position>
            <normal x="2.3449056E-6" y="1.0" z="-1.8356495E-6"></normal>
            <texcoord u="-2.43853" v="0.62727904"></texcoord>
          </vertex>
          <vertex>
            <position x="4.05315" y="0.677979" z="-1.36429"></position>
            <normal x="1.9385911E-6" y="1.0" z="-2.029279E-6"></normal>
            <texcoord u="-2.43662" v="0.625177"></texcoord>
          </vertex>
          <vertex>
            <position x="4.0514" y="0.677979" z="-1.36573"></position>
            <normal x="1.5603557E-6" y="1.0" z="-2.2069062E-6"></normal>
            <texcoord u="-2.43439" v="0.62334096"></texcoord>
          </vertex>
          <vertex>
            <position x="4.0494" y="0.677979" z="-1.36693"></position>
            <normal x="-2.5495829E-6" y="1.0" z="-3.916329E-6"></normal>
            <texcoord u="-2.43185" v="0.62181497"></texcoord>
          </vertex>
          <vertex>
            <position x="3.88927" y="0.67798" z="-1.0184"></position>
            <normal x="-1.4219697E-5" y="1.0" z="-9.440415E-6"></normal>
            <texcoord u="-2.2277" v="1.066133"></texcoord>
          </vertex>
          <vertex>
            <position x="3.88783" y="0.67798" z="-1.01666"></position>
            <normal x="-6.2101763E-6" y="1.0" z="-5.7574207E-6"></normal>
            <texcoord u="-2.22586" v="1.068351"></texcoord>
          </vertex>
          <vertex>
            <position x="3.88619" y="0.67798" z="-1.01517"></position>
            <normal x="-3.680183E-6" y="1.0" z="-4.5881507E-6"></normal>
            <texcoord u="-2.22377" v="1.07025"></texcoord>
          </vertex>
          <vertex>
            <position x="3.88437" y="0.67798" z="-1.01394"></position>
            <normal x="-2.3299774E-6" y="1.0" z="-3.9598663E-6"></normal>
            <texcoord u="-2.22145" v="1.071818"></texcoord>
          </vertex>
          <vertex>
            <position x="3.88241" y="0.67798" z="-1.01298"></position>
            <normal x="-1.4585153E-6" y="1.0" z="-3.5508913E-6"></normal>
            <texcoord u="-2.21895" v="1.07304"></texcoord>
          </vertex>
          <vertex>
            <position x="3.88034" y="0.67798" z="-1.01231"></position>
            <normal x="-8.30495E-7" y="1.0" z="-3.2532962E-6"></normal>
            <texcoord u="-2.21631" v="1.073904"></texcoord>
          </vertex>
          <vertex>
            <position x="3.87819" y="0.67798" z="-1.01192"></position>
            <normal x="-3.365393E-7" y="1.0" z="-3.016535E-6"></normal>
            <texcoord u="-2.21357" v="1.074395"></texcoord>
          </vertex>
          <vertex>
            <position x="3.87599" y="0.67798" z="-1.01184"></position>
            <normal x="8.9078725E-8" y="1.0" z="-2.810082E-6"></normal>
            <texcoord u="-2.21078" v="1.074501"></texcoord>
          </vertex>
          <vertex>
            <position x="3.87379" y="0.67798" z="-1.01207"></position>
            <normal x="4.608257E-7" y="1.0" z="-2.6273788E-6"></normal>
            <texcoord u="-2.20796" v="1.074207"></texcoord>
          </vertex>
          <vertex>
            <position x="3.8716" y="0.67798" z="-1.01262"></position>
            <normal x="8.1284014E-7" y="1.0" z="-2.4519518E-6"></normal>
            <texcoord u="-2.20517" v="1.073501"></texcoord>
          </vertex>
          <vertex>
            <position x="3.86947" y="0.67798" z="-1.01351"></position>
            <normal x="-4.098063E-6" y="1.0" z="-3.041493E-6"></normal>
            <texcoord u="-2.20245" v="1.072369"></texcoord>
          </vertex>
          <vertex>
            <position x="3.84946" y="0.677979" z="-1.30691"></position>
            <normal x="-4.905408E-6" y="1.0" z="-1.9678328E-6"></normal>
            <texcoord u="-2.17695" v="0.69833"></texcoord>
          </vertex>
          <vertex>
            <position x="3.84917" y="0.677979" z="-1.31042"></position>
            <normal x="0.0" y="1.0" z="0.0"></normal>
            <texcoord u="-2.17658" v="0.693848"></texcoord>
          </vertex>
          <vertex>
            <position x="3.84882" y="0.677979" z="-1.30343"></position>
            <normal x="-1.017012E-5" y="1.0" z="-2.7706524E-6"></normal>
            <texcoord u="-2.17614" v="0.702766"></texcoord>
          </vertex>
          <vertex>
            <position x="3.84785" y="0.677979" z="-1.31376"></position>
            <normal x="8.517896E-6" y="1.0" z="-8.804056E-6"></normal>
            <texcoord u="-2.17489" v="0.689592"></texcoord>
          </vertex>
          <vertex>
            <position x="3.84735" y="0.677979" z="-1.3002"></position>
            <normal x="-5.339683E-6" y="1.0" z="-3.1224158E-6"></normal>
            <texcoord u="-2.17426" v="0.706882"></texcoord>
          </vertex>
          <vertex>
            <position x="3.84514" y="0.677979" z="-1.29743"></position>
            <normal x="-3.2494895E-6" y="1.0" z="-3.2904316E-6"></normal>
            <texcoord u="-2.17145" v="0.710405"></texcoord>
          </vertex>
          <vertex>
            <position x="3.8423" y="0.677979" z="-1.29535"></position>
            <normal x="-1.4262228E-6" y="1.0" z="-2.2593292E-6"></normal>
            <texcoord u="-2.16782" v="0.71306396"></texcoord>
          </vertex>
          <vertex>
            <position x="3.71684" y="0.677978" z="-1.51724"></position>
            <normal x="7.310021E-6" y="1.0" z="-9.818428E-6"></normal>
            <texcoord u="-2.00788" v="0.430179"></texcoord>
          </vertex>
          <vertex>
            <position x="3.8454" y="0.677979" z="-1.31671"></position>
            <normal x="1.606292E-5" y="1.0" z="-1.5350963E-5"></normal>
            <texcoord u="-2.17177" v="0.685835"></texcoord>
          </vertex>
          <vertex>
            <position x="3.84173" y="0.677979" z="-1.31905"></position>
            <normal x="4.247137E-6" y="1.0" z="-7.789008E-6"></normal>
            <texcoord u="-2.16709" v="0.68285096"></texcoord>
          </vertex>
          <vertex>
            <position x="3.69914" y="0.677979" z="-1.3808"></position>
            <normal x="-1.7291717E-6" y="1.0" z="-1.5155887E-6"></normal>
            <texcoord u="-1.9853" v="0.60412896"></texcoord>
          </vertex>
          <vertex>
            <position x="3.56822" y="0.677979" z="-1.14956"></position>
            <normal x="-1.541833E-6" y="1.0" z="-2.68786E-6"></normal>
            <texcoord u="-1.81841" v="0.898926"></texcoord>
          </vertex>
          <vertex>
            <position x="3.83891" y="0.677979" z="-1.29416"></position>
            <normal x="0.0" y="1.0" z="0.0"></normal>
            <texcoord u="-2.1635" v="0.714584"></texcoord>
          </vertex>
          <vertex>
            <position x="3.83508" y="0.677979" z="-1.29407"></position>
            <normal x="0.0" y="1.0" z="0.0"></normal>
            <texcoord u="-2.15862" v="0.714693"></texcoord>
          </vertex>
          <vertex>
            <position x="3.83091" y="0.677979" z="-1.29531"></position>
            <normal x="0.0" y="1.0" z="0.0"></normal>
            <texcoord u="-2.15329" v="0.71311796"></texcoord>
          </vertex>
          <vertex>
            <position x="3.68922" y="0.677979" z="-1.35666"></position>
            <normal x="-2.8735335E-6" y="1.0" z="-1.6788878E-6"></normal>
            <texcoord u="-1.97267" v="0.634897"></texcoord>
          </vertex>
          <vertex>
            <position x="3.54555" y="0.677978" z="-1.41253"></position>
            <normal x="-9.880487E-7" y="1.0" z="-3.7776113E-6"></normal>
            <texcoord u="-1.78951" v="0.563678"></texcoord>
          </vertex>
          <vertex>
            <position x="3.3755" y="0.677978" z="-1.6375"></position>
            <normal x="-2.590809E-6" y="1.0" z="3.4026016E-8"></normal>
            <texcoord u="-1.57271" v="0.27687103"></texcoord>
          </vertex>
          <vertex>
            <position x="3.55454" y="0.677978" z="-1.43702"></position>
            <normal x="-5.3673643E-6" y="1.0" z="4.7933568E-6"></normal>
            <texcoord u="-1.80097" v="0.53245497"></texcoord>
          </vertex>
          <vertex>
            <position x="3.40812" y="0.677978" z="-1.48768"></position>
            <normal x="0.0" y="1.0" z="0.0"></normal>
            <texcoord u="-1.6143" v="0.467875"></texcoord>
          </vertex>
          <vertex>
            <position x="3.25903" y="0.677979" z="-1.2584"></position>
            <normal x="1.2720591E-6" y="1.0" z="-4.0407813E-6"></normal>
            <texcoord u="-1.42423" v="0.760172"></texcoord>
          </vertex>
          <vertex>
            <position x="3.40005" y="0.677978" z="-1.46286"></position>
            <normal x="1.3151467E-6" y="1.0" z="-4.0487976E-6"></normal>
            <texcoord u="-1.60402" v="0.49950802"></texcoord>
          </vertex>
          <vertex>
            <position x="3.26001" y="0.677978" z="-1.53273"></position>
            <normal x="-8.350564E-8" y="1.0" z="-3.161428E-6"></normal>
            <texcoord u="-1.42549" v="0.41043502"></texcoord>
          </vertex>
          <vertex>
            <position x="3.25289" y="0.677978" z="-1.50763"></position>
            <normal x="1.1257207E-6" y="1.0" z="-4.0854247E-6"></normal>
            <texcoord u="-1.41641" v="0.442433"></texcoord>
          </vertex>
          <vertex>
            <position x="3.02732" y="0.677977" z="-1.72769"></position>
            <normal x="6.309758E-7" y="1.0" z="-5.8996175E-6"></normal>
            <texcoord u="-1.12883" v="0.16188997"></texcoord>
          </vertex>
          <vertex>
            <position x="3.1104" y="0.677978" z="-1.57215"></position>
            <normal x="1.718291E-6" y="1.0" z="-7.049184E-6"></normal>
            <texcoord u="-1.23474" v="0.36018097"></texcoord>
          </vertex>
          <vertex>
            <position x="2.95942" y="0.677978" z="-1.6059"></position>
            <normal x="1.3776202E-6" y="1.0" z="-7.1619397E-6"></normal>
            <texcoord u="-1.04227" v="0.317159"></texcoord>
          </vertex>
          <vertex>
            <position x="2.94366" y="0.677979" z="-1.34003"></position>
            <normal x="9.0823E-7" y="1.0" z="-4.1335015E-6"></normal>
            <texcoord u="-1.02218" v="0.656106"></texcoord>
          </vertex>
          <vertex>
            <position x="3.10422" y="0.677978" z="-1.5468"></position>
            <normal x="1.0026022E-6" y="1.0" z="-4.1219764E-6"></normal>
            <texcoord u="-1.22687" v="0.39249903"></texcoord>
          </vertex>
          <vertex>
            <position x="2.95421" y="0.677978" z="-1.58033"></position>
            <normal x="8.520702E-7" y="1.0" z="-4.179315E-6"></normal>
            <texcoord u="-1.03563" v="0.349751"></texcoord>
          </vertex>
          <vertex>
            <position x="2.80302" y="0.677978" z="-1.60819"></position>
            <normal x="6.9723274E-7" y="1.0" z="-4.185738E-6"></normal>
            <texcoord u="-0.842876" v="0.31423402"></texcoord>
          </vertex>
          <vertex>
            <position x="2.67426" y="0.677977" z="-1.78782"></position>
            <normal x="1.0530117E-6" y="1.0" z="-7.191689E-6"></normal>
            <texcoord u="-0.678731" v="0.085235"></texcoord>
          </vertex>
          <vertex>
            <position x="2.80726" y="0.677978" z="-1.63394"></position>
            <normal x="1.1949676E-6" y="1.0" z="-7.230343E-6"></normal>
            <texcoord u="-0.848288" v="0.281415"></texcoord>
          </vertex>
          <vertex>
            <position x="2.65407" y="0.677978" z="-1.65623"></position>
            <normal x="8.163106E-7" y="1.0" z="-7.277591E-6"></normal>
            <texcoord u="-0.652989" v="0.25299603"></texcoord>
          </vertex>
          <vertex>
            <position x="2.62388" y="0.677979" z="-1.39445"></position>
            <normal x="-2.8786087E-7" y="1.0" z="-3.792572E-6"></normal>
            <texcoord u="-0.614503" v="0.586729"></texcoord>
          </vertex>
          <vertex>
            <position x="2.6508" y="0.677978" z="-1.63034"></position>
            <normal x="5.3486747E-7" y="1.0" z="-4.234517E-6"></normal>
            <texcoord u="-0.648818" v="0.28599602"></texcoord>
          </vertex>
          <vertex>
            <position x="2.49771" y="0.677978" z="-1.64675"></position>
            <normal x="-8.241194E-7" y="1.0" z="-2.2653198E-6"></normal>
            <texcoord u="-0.453661" v="0.265081"></texcoord>
          </vertex>
          <vertex>
            <position x="2.31827" y="0.677977" z="-1.81788"></position>
            <normal x="4.2733654E-7" y="1.0" z="-7.286465E-6"></normal>
            <texcoord u="-0.224896" v="0.04690802"></texcoord>
          </vertex>
          <vertex>
            <position x="2.50001" y="0.677978" z="-1.67274"></position>
            <normal x="6.5505145E-7" y="1.0" z="-7.390953E-6"></normal>
            <texcoord u="-0.456584" v="0.23194802"></texcoord>
          </vertex>
          <vertex>
            <position x="2.34524" y="0.677978" z="-1.68343"></position>
            <normal x="3.5962307E-7" y="1.0" z="-7.1652876E-6"></normal>
            <texcoord u="-0.259278" v="0.21831602"></texcoord>
          </vertex>
          <vertex>
            <position x="2.30145" y="0.677978" z="-1.42166"></position>
            <normal x="-1.4636213E-6" y="1.0" z="-1.2761574E-6"></normal>
            <texcoord u="-0.203447" v="0.55204"></texcoord>
          </vertex>
          <vertex>
            <position x="2.34393" y="0.677978" z="-1.65737"></position>
            <normal x="0.0" y="1.0" z="0.0"></normal>
            <texcoord u="-0.257609" v="0.251536"></texcoord>
          </vertex>
          <vertex>
            <position x="2.18961" y="0.677978" z="-1.66218"></position>
            <normal x="0.0" y="1.0" z="0.0"></normal>
            <texcoord u="-0.060868" v="0.24540597"></texcoord>
          </vertex>
          <vertex>
            <position x="2.18993" y="0.677978" z="-1.68827"></position>
            <normal x="-1.846011E-7" y="1.0" z="-6.828202E-6"></normal>
            <texcoord u="-0.061279" v="0.212147"></texcoord>
          </vertex>
          <vertex>
            <position x="2.10277" y="0.677978" z="-1.67361"></position>
            <normal x="0.0" y="1.0" z="0.0"></normal>
            <texcoord u="0.049841" v="0.23083502"></texcoord>
          </vertex>
          <vertex>
            <position x="2.17685" y="0.677978" z="-1.67716"></position>
            <normal x="-7.7855464E-7" y="1.0" z="-2.1960448E-6"></normal>
            <texcoord u="-0.044608" v="0.22631198"></texcoord>
          </vertex>
          <vertex>
            <position x="2.10272" y="0.677978" z="-1.67716"></position>
            <normal x="0.0" y="1.0" z="0.0"></normal>
            <texcoord u="0.049897" v="0.22631198"></texcoord>
          </vertex>
          <vertex>
            <position x="2.10195" y="0.677978" z="-1.67017"></position>
            <normal x="0.0" y="1.0" z="0.0"></normal>
            <texcoord u="0.050887" v="0.23522198"></texcoord>
          </vertex>
          <vertex>
            <position x="2.10182" y="0.677978" z="-1.68058"></position>
            <normal x="0.0" y="1.0" z="0.0"></normal>
            <texcoord u="0.05105" v="0.22195297"></texcoord>
          </vertex>
          <vertex>
            <position x="2.10006" y="0.677978" z="-1.68363"></position>
            <normal x="7.5359036E-5" y="1.0" z="-8.26208E-5"></normal>
            <texcoord u="0.053297" v="0.21805698"></texcoord>
          </vertex>
          <vertex>
            <position x="1.97813" y="0.677978" z="-1.42166"></position>
            <normal x="1.0318508E-6" y="1.0" z="-1.859616E-7"></normal>
            <texcoord u="0.208735" v="0.55204"></texcoord>
          </vertex>
          <vertex>
            <position x="2.1853" y="0.677978" z="-1.66284"></position>
            <normal x="0.0" y="1.0" z="0.0"></normal>
            <texcoord u="-0.055381" v="0.244564"></texcoord>
          </vertex>
          <vertex>
            <position x="2.18187" y="0.677978" z="-1.66455"></position>
            <normal x="0.0" y="1.0" z="0.0"></normal>
            <texcoord u="-0.051009" v="0.24238598"></texcoord>
          </vertex>
          <vertex>
            <position x="2.17932" y="0.677978" z="-1.66707"></position>
            <normal x="0.0" y="1.0" z="0.0"></normal>
            <texcoord u="-0.04775" v="0.23917198"></texcoord>
          </vertex>
          <vertex>
            <position x="2.17763" y="0.677978" z="-1.67017"></position>
            <normal x="0.0" y="1.0" z="0.0"></normal>
            <texcoord u="-0.045599" v="0.23522198"></texcoord>
          </vertex>
          <vertex>
            <position x="2.17681" y="0.677978" z="-1.67361"></position>
            <normal x="0.0" y="1.0" z="0.0"></normal>
            <texcoord u="-0.044553" v="0.23083502"></texcoord>
          </vertex>
          <vertex>
            <position x="2.10026" y="0.677978" z="-1.66707"></position>
            <normal x="0.0" y="1.0" z="0.0"></normal>
            <texcoord u="0.053038" v="0.23917198"></texcoord>
          </vertex>
          <vertex>
            <position x="2.0977" y="0.677978" z="-1.66455"></position>
            <normal x="0.0" y="1.0" z="0.0"></normal>
            <texcoord u="0.056297" v="0.24238598"></texcoord>
          </vertex>
          <vertex>
            <position x="2.09427" y="0.677978" z="-1.66284"></position>
            <normal x="0.0" y="1.0" z="0.0"></normal>
            <texcoord u="0.060669" v="0.244564"></texcoord>
          </vertex>
          <vertex>
            <position x="2.08997" y="0.677978" z="-1.66218"></position>
            <normal x="0.0" y="1.0" z="0.0"></normal>
            <texcoord u="0.066157" v="0.24540597"></texcoord>
          </vertex>
          <vertex>
            <position x="1.96131" y="0.677977" z="-1.81788"></position>
            <normal x="1.8379802E-5" y="1.0" z="-2.5643065E-5"></normal>
            <texcoord u="0.230184" v="0.04690802"></texcoord>
          </vertex>
          <vertex>
            <position x="2.18561" y="0.677978" z="-1.68771"></position>
            <normal x="-1.3359054E-6" y="1.0" z="-5.0244353E-6"></normal>
            <texcoord u="-0.055771" v="0.21285403"></texcoord>
          </vertex>
          <vertex>
            <position x="2.18214" y="0.677978" z="-1.68609"></position>
            <normal x="-2.2679192E-6" y="1.0" z="-3.4361437E-6"></normal>
            <texcoord u="-0.051347" v="0.21492398"></texcoord>
          </vertex>
          <vertex>
            <position x="2.17952" y="0.677978" z="-1.68363"></position>
            <normal x="-2.9328157E-6" y="1.0" z="-2.3367222E-6"></normal>
            <texcoord u="-0.048009" v="0.21805698"></texcoord>
          </vertex>
          <vertex>
            <position x="2.17776" y="0.677978" z="-1.68058"></position>
            <normal x="-3.4975983E-6" y="1.0" z="-1.4320443E-6"></normal>
            <texcoord u="-0.045762" v="0.22195297"></texcoord>
          </vertex>
          <vertex>
            <position x="2.09744" y="0.677978" z="-1.68609"></position>
            <normal x="1.15973475E-4" y="1.0" z="-1.2702888E-4"></normal>
            <texcoord u="0.056635" v="0.21492398"></texcoord>
          </vertex>
          <vertex>
            <position x="2.09397" y="0.677978" z="-1.68771"></position>
            <normal x="3.8097576E-6" y="1.0" z="-1.1209011E-5"></normal>
            <texcoord u="0.06106" v="0.21285403"></texcoord>
          </vertex>
          <vertex>
            <position x="2.08965" y="0.677978" z="-1.68827"></position>
            <normal x="4.3581636E-7" y="1.0" z="-7.789573E-6"></normal>
            <texcoord u="0.066567" v="0.212147"></texcoord>
          </vertex>
          <vertex>
            <position x="1.93565" y="0.677978" z="-1.65737"></position>
            <normal x="9.3609196E-7" y="1.0" z="-1.5725711E-6"></normal>
            <texcoord u="0.262898" v="0.251536"></texcoord>
          </vertex>
          <vertex>
            <position x="1.93434" y="0.677978" z="-1.68343"></position>
            <normal x="-4.4996736E-7" y="1.0" z="-7.2851863E-6"></normal>
            <texcoord u="0.264567" v="0.21831602"></texcoord>
          </vertex>
          <vertex>
            <position x="1.6557" y="0.677979" z="-1.39445"></position>
            <normal x="4.090756E-7" y="1.0" z="-3.29377E-6"></normal>
            <texcoord u="0.619791" v="0.586729"></texcoord>
          </vertex>
          <vertex>
            <position x="1.78187" y="0.677978" z="-1.64675"></position>
            <normal x="-3.710805E-7" y="1.0" z="-4.2017364E-6"></normal>
            <texcoord u="0.458949" v="0.265081"></texcoord>
          </vertex>
          <vertex>
            <position x="1.62878" y="0.677978" z="-1.63034"></position>
            <normal x="-5.890814E-7" y="1.0" z="-4.1827334E-6"></normal>
            <texcoord u="0.654106" v="0.28599602"></texcoord>
          </vertex>
          <vertex>
            <position x="1.60532" y="0.677977" z="-1.78782"></position>
            <normal x="-8.321517E-7" y="1.0" z="-7.240839E-6"></normal>
            <texcoord u="0.68402" v="0.085235"></texcoord>
          </vertex>
          <vertex>
            <position x="1.77957" y="0.677978" z="-1.67274"></position>
            <normal x="-6.4114784E-7" y="1.0" z="-7.3162523E-6"></normal>
            <texcoord u="0.461872" v="0.23194802"></texcoord>
          </vertex>
          <vertex>
            <position x="1.62551" y="0.677978" z="-1.65623"></position>
            <normal x="-8.977994E-7" y="1.0" z="-7.109565E-6"></normal>
            <texcoord u="0.658278" v="0.25299603"></texcoord>
          </vertex>
          <vertex>
            <position x="1.47232" y="0.677978" z="-1.63394"></position>
            <normal x="-1.1925631E-6" y="1.0" z="-7.152469E-6"></normal>
            <texcoord u="0.853577" v="0.281415"></texcoord>
          </vertex>
          <vertex>
            <position x="1.33592" y="0.677979" z="-1.34003"></position>
            <normal x="-7.905827E-7" y="1.0" z="-4.1641956E-6"></normal>
            <texcoord u="1.02747" v="0.656106"></texcoord>
          </vertex>
          <vertex>
            <position x="1.47656" y="0.677978" z="-1.60819"></position>
            <normal x="-6.830271E-7" y="1.0" z="-4.1368585E-6"></normal>
            <texcoord u="0.848165" v="0.31423402"></texcoord>
          </vertex>
          <vertex>
            <position x="1.32537" y="0.677978" z="-1.58033"></position>
            <normal x="-9.140958E-7" y="1.0" z="-4.1148774E-6"></normal>
            <texcoord u="1.04092" v="0.349751"></texcoord>
          </vertex>
          <vertex>
            <position x="1.25226" y="0.677977" z="-1.72769"></position>
            <normal x="-6.917919E-7" y="1.0" z="-6.6872853E-6"></normal>
            <texcoord u="1.13412" v="0.16188997"></texcoord>
          </vertex>
          <vertex>
            <position x="1.32015" y="0.677978" z="-1.6059"></position>
            <normal x="-1.4325319E-6" y="1.0" z="-7.031941E-6"></normal>
            <texcoord u="1.04756" v="0.317159"></texcoord>
          </vertex>
          <vertex>
            <position x="1.16918" y="0.677978" z="-1.57215"></position>
            <normal x="-7.36582E-8" y="1.0" z="-4.1269286E-6"></normal>
            <texcoord u="1.24003" v="0.36018097"></texcoord>
          </vertex>
          <vertex>
            <position x="1.02055" y="0.677979" z="-1.2584"></position>
            <normal x="-1.1233564E-6" y="1.0" z="-4.088788E-6"></normal>
            <texcoord u="1.42952" v="0.760172"></texcoord>
          </vertex>
          <vertex>
            <position x="1.17535" y="0.677978" z="-1.5468"></position>
            <normal x="-9.8528E-7" y="1.0" z="-4.0423024E-6"></normal>
            <texcoord u="1.23216" v="0.39249903"></texcoord>
          </vertex>
          <vertex>
            <position x="1.02669" y="0.677978" z="-1.50763"></position>
            <normal x="-1.232599E-6" y="1.0" z="-4.01959E-6"></normal>
            <texcoord u="1.4217" v="0.442433"></texcoord>
          </vertex>
          <vertex>
            <position x="0.90408" y="0.677978" z="-1.6375"></position>
            <normal x="6.677962E-7" y="1.0" z="-2.7089925E-6"></normal>
            <texcoord u="1.578" v="0.27687103"></texcoord>
          </vertex>
          <vertex>
            <position x="1.01956" y="0.677978" z="-1.53273"></position>
            <normal x="0.0" y="1.0" z="0.0"></normal>
            <texcoord u="1.43078" v="0.41043502"></texcoord>
          </vertex>
          <vertex>
            <position x="0.871459" y="0.677978" z="-1.48768"></position>
            <normal x="0.0" y="1.0" z="0.0"></normal>
            <texcoord u="1.61959" v="0.467875"></texcoord>
          </vertex>
          <vertex>
            <position x="0.711357" y="0.677979" z="-1.14956"></position>
            <normal x="8.829815E-7" y="1.0" z="-3.3702022E-6"></normal>
            <texcoord u="1.8237" v="0.898926"></texcoord>
          </vertex>
          <vertex>
            <position x="0.879521" y="0.677978" z="-1.46286"></position>
            <normal x="-1.2748733E-6" y="1.0" z="-3.918502E-6"></normal>
            <texcoord u="1.60931" v="0.49950802"></texcoord>
          </vertex>
          <vertex>
            <position x="0.734025" y="0.677978" z="-1.41253"></position>
            <normal x="2.1865458E-6" y="1.0" z="-3.6647314E-6"></normal>
            <texcoord u="1.7948" v="0.563678"></texcoord>
          </vertex>
          <vertex>
            <position x="0.590353" y="0.677979" z="-1.35666"></position>
            <normal x="2.2511013E-6" y="1.0" z="-2.9116627E-6"></normal>
            <texcoord u="1.97796" v="0.634897"></texcoord>
          </vertex>
          <vertex>
            <position x="0.562736" y="0.677978" z="-1.51724"></position>
            <normal x="4.76647E-7" y="1.0" z="-4.857764E-6"></normal>
            <texcoord u="2.01317" v="0.430179"></texcoord>
          </vertex>
          <vertex>
            <position x="0.72503" y="0.677978" z="-1.43702"></position>
            <normal x="1.9612096E-6" y="1.0" z="-3.967741E-6"></normal>
            <texcoord u="1.80626" v="0.53245497"></texcoord>
          </vertex>
          <vertex>
            <position x="0.580439" y="0.677979" z="-1.3808"></position>
            <normal x="4.386868E-7" y="1.0" z="-7.4834707E-6"></normal>
            <texcoord u="1.9906" v="0.60412896"></texcoord>
          </vertex>
          <vertex>
            <position x="0.437849" y="0.677979" z="-1.31905"></position>
            <normal x="-6.719438E-7" y="1.0" z="-3.8318585E-6"></normal>
            <texcoord u="2.17238" v="0.68285096"></texcoord>
          </vertex>
          <vertex>
            <position x="0.410112" y="0.67798" z="-1.01351"></position>
            <normal x="2.5553188E-6" y="1.0" z="-3.0976105E-6"></normal>
            <texcoord u="2.20774" v="1.072369"></texcoord>
          </vertex>
          <vertex>
            <position x="0.448669" y="0.677979" z="-1.29531"></position>
            <normal x="-1.3839798E-6" y="1.0" z="-3.7850991E-6"></normal>
            <texcoord u="2.15859" v="0.71311796"></texcoord>
          </vertex>
          <vertex>
            <position x="0.444493" y="0.677979" z="-1.29407"></position>
            <normal x="-5.1412985E-7" y="1.0" z="-3.6746337E-6"></normal>
            <texcoord u="2.16391" v="0.714693"></texcoord>
          </vertex>
          <vertex>
            <position x="0.440665" y="0.677979" z="-1.29416"></position>
            <normal x="6.532008E-7" y="1.0" z="-3.539361E-6"></normal>
            <texcoord u="2.16879" v="0.714584"></texcoord>
          </vertex>
          <vertex>
            <position x="0.437278" y="0.677979" z="-1.29535"></position>
            <normal x="1.8386452E-6" y="1.0" z="-3.4180048E-6"></normal>
            <texcoord u="2.17311" v="0.71306396"></texcoord>
          </vertex>
          <vertex>
            <position x="0.434433" y="0.677979" z="-1.29743"></position>
            <normal x="3.2491325E-6" y="1.0" z="-3.290563E-6"></normal>
            <texcoord u="2.17674" v="0.710405"></texcoord>
          </vertex>
          <vertex>
            <position x="0.432225" y="0.677979" z="-1.3002"></position>
            <normal x="5.3377894E-6" y="1.0" z="-3.1226919E-6"></normal>
            <texcoord u="2.17955" v="0.706882"></texcoord>
          </vertex>
          <vertex>
            <position x="0.430753" y="0.677979" z="-1.30343"></position>
            <normal x="1.0190032E-5" y="1.0" z="-2.7695455E-6"></normal>
            <texcoord u="2.18143" v="0.702766"></texcoord>
          </vertex>
          <vertex>
            <position x="0.430116" y="0.677979" z="-1.30691"></position>
            <normal x="4.9210385E-6" y="1.0" z="-1.966867E-6"></normal>
            <texcoord u="2.18224" v="0.69833"></texcoord>
          </vertex>
          <vertex>
            <position x="0.230174" y="0.677979" z="-1.36693"></position>
            <normal x="2.0741224E-6" y="1.0" z="-3.3898425E-6"></normal>
            <texcoord u="2.43713" v="0.62181497"></texcoord>
          </vertex>
          <vertex>
            <position x="0.434177" y="0.677979" z="-1.31671"></position>
            <normal x="0.0" y="1.0" z="0.0"></normal>
            <texcoord u="2.17706" v="0.685835"></texcoord>
          </vertex>
          <vertex>
            <position x="0.431731" y="0.677979" z="-1.31376"></position>
            <normal x="0.0" y="1.0" z="0.0"></normal>
            <texcoord u="2.18018" v="0.689592"></texcoord>
          </vertex>
          <vertex>
            <position x="0.430408" y="0.677979" z="-1.31042"></position>
            <normal x="0.0" y="1.0" z="0.0"></normal>
            <texcoord u="2.18187" v="0.693848"></texcoord>
          </vertex>
          <vertex>
            <position x="0.407976" y="0.67798" z="-1.01262"></position>
            <normal x="-8.1223544E-7" y="1.0" z="-2.4522642E-6"></normal>
            <texcoord u="2.21046" v="1.073501"></texcoord>
          </vertex>
          <vertex>
            <position x="0.40579" y="0.67798" z="-1.01207"></position>
            <normal x="-4.6091978E-7" y="1.0" z="-2.6273287E-6"></normal>
            <texcoord u="2.21325" v="1.074207"></texcoord>
          </vertex>
          <vertex>
            <position x="0.403583" y="0.67798" z="-1.01184"></position>
            <normal x="-8.85267E-8" y="1.0" z="-2.8103511E-6"></normal>
            <texcoord u="2.21606" v="1.074501"></texcoord>
          </vertex>
          <vertex>
            <position x="0.401388" y="0.67798" z="-1.01192"></position>
            <normal x="3.3725175E-7" y="1.0" z="-3.0168758E-6"></normal>
            <texcoord u="2.21886" v="1.074395"></texcoord>
          </vertex>
          <vertex>
            <position x="0.399242" y="0.67798" z="-1.01231"></position>
            <normal x="8.3044955E-7" y="1.0" z="-3.2532894E-6"></normal>
            <texcoord u="2.2216" v="1.073904"></texcoord>
          </vertex>
          <vertex>
            <position x="0.39717" y="0.67798" z="-1.01298"></position>
            <normal x="1.4573177E-6" y="1.0" z="-3.5503463E-6"></normal>
            <texcoord u="2.22424" v="1.07304"></texcoord>
          </vertex>
          <vertex>
            <position x="0.395209" y="0.67798" z="-1.01394"></position>
            <normal x="2.3326547E-6" y="1.0" z="-3.9611564E-6"></normal>
            <texcoord u="2.22674" v="1.071818"></texcoord>
          </vertex>
          <vertex>
            <position x="0.393392" y="0.67798" z="-1.01517"></position>
            <normal x="3.6742458E-6" y="1.0" z="-4.5854613E-6"></normal>
            <texcoord u="2.22906" v="1.07025"></texcoord>
          </vertex>
          <vertex>
            <position x="0.391748" y="0.67798" z="-1.01666"></position>
            <normal x="6.2200097E-6" y="1.0" z="-5.7620427E-6"></normal>
            <texcoord u="2.23115" v="1.068351"></texcoord>
          </vertex>
          <vertex>
            <position x="0.390311" y="0.67798" z="-1.0184"></position>
            <normal x="1.39536005E-5" y="1.0" z="-9.31847E-6"></normal>
            <texcoord u="2.23299" v="1.066133"></texcoord>
          </vertex>
          <vertex>
            <position x="0.389113" y="0.67798" z="-1.02038"></position>
            <normal x="8.125118E-6" y="1.0" z="-6.6503458E-6"></normal>
            <texcoord u="2.23451" v="1.06361"></texcoord>
          </vertex>
          <vertex>
            <position x="0.223281" y="0.677979" z="-1.34584"></position>
            <normal x="-1.2408307E-6" y="1.0" z="-4.0554977E-7"></normal>
            <texcoord u="2.44592" v="0.648692"></texcoord>
          </vertex>
          <vertex>
            <position x="0.228182" y="0.677979" z="-1.36573"></position>
            <normal x="0.0" y="1.0" z="0.0"></normal>
            <texcoord u="2.43968" v="0.62334096"></texcoord>
          </vertex>
          <vertex>
            <position x="0.226431" y="0.677979" z="-1.36429"></position>
            <normal x="0.0" y="1.0" z="0.0"></normal>
            <texcoord u="2.44191" v="0.625177"></texcoord>
          </vertex>
          <vertex>
            <position x="0.22493" y="0.677979" z="-1.36264"></position>
            <normal x="0.0" y="1.0" z="0.0"></normal>
            <texcoord u="2.44382" v="0.62728"></texcoord>
          </vertex>
          <vertex>
            <position x="0.223692" y="0.677979" z="-1.36081"></position>
            <normal x="0.0" y="1.0" z="0.0"></normal>
            <texcoord u="2.4454" v="0.62960696"></texcoord>
          </vertex>
          <vertex>
            <position x="0.22238" y="0.677979" z="-1.34799"></position>
            <normal x="0.0" y="1.0" z="0.0"></normal>
            <texcoord u="2.44707" v="0.645959"></texcoord>
          </vertex>
          <vertex>
            <position x="0.22158" y="0.677979" z="-1.3524"></position>
            <normal x="0.0" y="1.0" z="0.0"></normal>
            <texcoord u="2.44809" v="0.640332"></texcoord>
          </vertex>
        </vertexbuffer>
      </geometry>
    </submesh>
  </submeshes>
</mesh>
