<mesh>
  <submeshes>
    <submesh material="Material.119" usesharedvertices="false">
      <faces count="72">
        <face v1="0" v2="1" v3="2"></face>
        <face v1="0" v2="2" v3="3"></face>
        <face v1="4" v2="5" v3="6"></face>
        <face v1="4" v2="6" v3="7"></face>
        <face v1="8" v2="9" v3="10"></face>
        <face v1="8" v2="10" v3="11"></face>
        <face v1="12" v2="13" v3="14"></face>
        <face v1="12" v2="14" v3="15"></face>
        <face v1="16" v2="17" v3="18"></face>
        <face v1="16" v2="18" v3="19"></face>
        <face v1="20" v2="21" v3="22"></face>
        <face v1="20" v2="22" v3="23"></face>
        <face v1="24" v2="25" v3="26"></face>
        <face v1="24" v2="26" v3="27"></face>
        <face v1="28" v2="29" v3="30"></face>
        <face v1="28" v2="30" v3="31"></face>
        <face v1="32" v2="33" v3="34"></face>
        <face v1="32" v2="34" v3="35"></face>
        <face v1="36" v2="37" v3="38"></face>
        <face v1="36" v2="38" v3="39"></face>
        <face v1="40" v2="41" v3="42"></face>
        <face v1="40" v2="42" v3="43"></face>
        <face v1="44" v2="45" v3="46"></face>
        <face v1="44" v2="46" v3="47"></face>
      </faces>
      <geometry vertexcount="48">
        <vertexbuffer positions="true" normals="true" texture_coords="1">
          <vertex>
            <position x="3.26023" y="0.0160173" z="-2.1794"></position>
            <normal x="0.0" y="-1.0" z="3.3277333E-6"></normal>
            <texcoord u="-97.5731" v="-18.805"></texcoord>
          </vertex>
          <vertex>
            <position x="3.26023" y="0.016018" z="-1.96894"></position>
            <normal x="0.0" y="-1.0" z="3.3277333E-6"></normal>
            <texcoord u="-97.5731" v="-10.8828"></texcoord>
          </vertex>
          <vertex>
            <position x="3.0738" y="0.016018" z="-1.96894"></position>
            <normal x="0.0" y="-1.0" z="3.3277333E-6"></normal>
            <texcoord u="-90.5553" v="-10.8828"></texcoord>
          </vertex>
          <vertex>
            <position x="3.0738" y="0.0160173" z="-2.1794"></position>
            <normal x="0.0" y="-1.0" z="3.3277333E-6"></normal>
            <texcoord u="-90.5553" v="-18.805"></texcoord>
          </vertex>
          <vertex>
            <position x="3.26023" y="0.0243849" z="-1.97731"></position>
            <normal x="0.0" y="-1.0" z="3.4655575E-6"></normal>
            <texcoord u="-97.5731" v="-11.1977"></texcoord>
          </vertex>
          <vertex>
            <position x="3.0738" y="0.0243849" z="-1.97731"></position>
            <normal x="0.0" y="-1.0" z="3.4655575E-6"></normal>
            <texcoord u="-90.5553" v="-11.1977"></texcoord>
          </vertex>
          <vertex>
            <position x="3.0738" y="0.0243842" z="-2.1794"></position>
            <normal x="0.0" y="-1.0" z="3.4655575E-6"></normal>
            <texcoord u="-90.5553" v="-18.805"></texcoord>
          </vertex>
          <vertex>
            <position x="3.26023" y="0.0243842" z="-2.1794"></position>
            <normal x="0.0" y="-1.0" z="3.4655575E-6"></normal>
            <texcoord u="-97.5731" v="-18.805"></texcoord>
          </vertex>
          <vertex>
            <position x="3.26023" y="0.0243849" z="-1.97731"></position>
            <normal x="0.0" y="0.7072344" z="0.70697916"></normal>
            <texcoord u="97.5731" v="-8.27429"></texcoord>
          </vertex>
          <vertex>
            <position x="3.0738" y="0.0243849" z="-1.97731"></position>
            <normal x="0.0" y="0.7072344" z="0.70697916"></normal>
            <texcoord u="90.5553" v="-8.27429"></texcoord>
          </vertex>
          <vertex>
            <position x="3.0738" y="0.016018" z="-1.96894"></position>
            <normal x="0.0" y="0.7072344" z="0.70697916"></normal>
            <texcoord u="90.5553" v="-7.82887"></texcoord>
          </vertex>
          <vertex>
            <position x="3.26023" y="0.016018" z="-1.96894"></position>
            <normal x="0.0" y="0.7072344" z="0.70697916"></normal>
            <texcoord u="97.5731" v="-7.82887"></texcoord>
          </vertex>
          <vertex>
            <position x="3.26023" y="0.0243842" z="-2.1794"></position>
            <normal x="1.0" y="0.0" z="0.0"></normal>
            <texcoord u="19.805" v="0.08191502"></texcoord>
          </vertex>
          <vertex>
            <position x="3.26023" y="0.0243849" z="-1.97731"></position>
            <normal x="1.0" y="0.0" z="0.0"></normal>
            <texcoord u="12.1977" v="0.08191502"></texcoord>
          </vertex>
          <vertex>
            <position x="3.26023" y="0.016018" z="-1.96894"></position>
            <normal x="1.0" y="0.0" z="0.0"></normal>
            <texcoord u="11.8828" v="0.39687502"></texcoord>
          </vertex>
          <vertex>
            <position x="3.26023" y="0.0160173" z="-2.1794"></position>
            <normal x="1.0" y="0.0" z="0.0"></normal>
            <texcoord u="19.805" v="0.39687502"></texcoord>
          </vertex>
          <vertex>
            <position x="3.0738" y="0.0243842" z="-2.1794"></position>
            <normal x="0.0" y="0.0" z="-1.0"></normal>
            <texcoord u="-90.5553" v="0.08191502"></texcoord>
          </vertex>
          <vertex>
            <position x="3.26023" y="0.0243842" z="-2.1794"></position>
            <normal x="0.0" y="0.0" z="-1.0"></normal>
            <texcoord u="-97.5731" v="0.08191502"></texcoord>
          </vertex>
          <vertex>
            <position x="3.26023" y="0.0160173" z="-2.1794"></position>
            <normal x="0.0" y="0.0" z="-1.0"></normal>
            <texcoord u="-97.5731" v="0.39687502"></texcoord>
          </vertex>
          <vertex>
            <position x="3.0738" y="0.0160173" z="-2.1794"></position>
            <normal x="0.0" y="0.0" z="-1.0"></normal>
            <texcoord u="-90.5553" v="0.39687502"></texcoord>
          </vertex>
          <vertex>
            <position x="3.0738" y="0.0243849" z="-1.97731"></position>
            <normal x="-1.0" y="0.0" z="0.0"></normal>
            <texcoord u="-12.1977" v="0.08191502"></texcoord>
          </vertex>
          <vertex>
            <position x="3.0738" y="0.0243842" z="-2.1794"></position>
            <normal x="-1.0" y="0.0" z="0.0"></normal>
            <texcoord u="-19.805" v="0.08191502"></texcoord>
          </vertex>
          <vertex>
            <position x="3.0738" y="0.0160173" z="-2.1794"></position>
            <normal x="-1.0" y="0.0" z="0.0"></normal>
            <texcoord u="-19.805" v="0.39687502"></texcoord>
          </vertex>
          <vertex>
            <position x="3.0738" y="0.016018" z="-1.96894"></position>
            <normal x="-1.0" y="0.0" z="0.0"></normal>
            <texcoord u="-11.8828" v="0.39687502"></texcoord>
          </vertex>
          <vertex>
            <position x="1.21338" y="0.0160173" z="-2.17368"></position>
            <normal x="0.0" y="-1.0" z="3.3277313E-6"></normal>
            <texcoord u="-20.5228" v="-18.5897"></texcoord>
          </vertex>
          <vertex>
            <position x="1.21338" y="0.016018" z="-1.96322"></position>
            <normal x="0.0" y="-1.0" z="3.3277313E-6"></normal>
            <texcoord u="-20.5228" v="-10.6675"></texcoord>
          </vertex>
          <vertex>
            <position x="1.02696" y="0.016018" z="-1.96322"></position>
            <normal x="0.0" y="-1.0" z="3.3277313E-6"></normal>
            <texcoord u="-13.505" v="-10.6675"></texcoord>
          </vertex>
          <vertex>
            <position x="1.02696" y="0.0160173" z="-2.17368"></position>
            <normal x="0.0" y="-1.0" z="3.3277313E-6"></normal>
            <texcoord u="-13.505" v="-18.5897"></texcoord>
          </vertex>
          <vertex>
            <position x="1.21338" y="0.0243849" z="-1.97159"></position>
            <normal x="0.0" y="-1.0" z="3.465557E-6"></normal>
            <texcoord u="-20.5228" v="-10.9824"></texcoord>
          </vertex>
          <vertex>
            <position x="1.02696" y="0.0243849" z="-1.97159"></position>
            <normal x="0.0" y="-1.0" z="3.465557E-6"></normal>
            <texcoord u="-13.505" v="-10.9824"></texcoord>
          </vertex>
          <vertex>
            <position x="1.02696" y="0.0243842" z="-2.17368"></position>
            <normal x="0.0" y="-1.0" z="3.465557E-6"></normal>
            <texcoord u="-13.505" v="-18.5897"></texcoord>
          </vertex>
          <vertex>
            <position x="1.21338" y="0.0243842" z="-2.17368"></position>
            <normal x="0.0" y="-1.0" z="3.465557E-6"></normal>
            <texcoord u="-20.5228" v="-18.5897"></texcoord>
          </vertex>
          <vertex>
            <position x="1.21338" y="0.0243849" z="-1.97159"></position>
            <normal x="0.0" y="0.7072394" z="0.7069741"></normal>
            <texcoord u="20.5228" v="-8.12206"></texcoord>
          </vertex>
          <vertex>
            <position x="1.02696" y="0.0243849" z="-1.97159"></position>
            <normal x="0.0" y="0.7072394" z="0.7069741"></normal>
            <texcoord u="13.505" v="-8.12206"></texcoord>
          </vertex>
          <vertex>
            <position x="1.02696" y="0.016018" z="-1.96322"></position>
            <normal x="0.0" y="0.7072394" z="0.7069741"></normal>
            <texcoord u="13.505" v="-7.67663"></texcoord>
          </vertex>
          <vertex>
            <position x="1.21338" y="0.016018" z="-1.96322"></position>
            <normal x="0.0" y="0.7072394" z="0.7069741"></normal>
            <texcoord u="20.5228" v="-7.67663"></texcoord>
          </vertex>
          <vertex>
            <position x="1.21338" y="0.0243842" z="-2.17368"></position>
            <normal x="1.0" y="0.0" z="0.0"></normal>
            <texcoord u="19.5897" v="0.08191502"></texcoord>
          </vertex>
          <vertex>
            <position x="1.21338" y="0.0243849" z="-1.97159"></position>
            <normal x="1.0" y="0.0" z="0.0"></normal>
            <texcoord u="11.9824" v="0.08191502"></texcoord>
          </vertex>
          <vertex>
            <position x="1.21338" y="0.016018" z="-1.96322"></position>
            <normal x="1.0" y="0.0" z="0.0"></normal>
            <texcoord u="11.6675" v="0.39687502"></texcoord>
          </vertex>
          <vertex>
            <position x="1.21338" y="0.0160173" z="-2.17368"></position>
            <normal x="1.0" y="0.0" z="0.0"></normal>
            <texcoord u="19.5897" v="0.39687502"></texcoord>
          </vertex>
          <vertex>
            <position x="1.02696" y="0.0243842" z="-2.17368"></position>
            <normal x="0.0" y="0.0" z="-1.0"></normal>
            <texcoord u="-13.505" v="0.08191502"></texcoord>
          </vertex>
          <vertex>
            <position x="1.21338" y="0.0243842" z="-2.17368"></position>
            <normal x="0.0" y="0.0" z="-1.0"></normal>
            <texcoord u="-20.5228" v="0.08191502"></texcoord>
          </vertex>
          <vertex>
            <position x="1.21338" y="0.0160173" z="-2.17368"></position>
            <normal x="0.0" y="0.0" z="-1.0"></normal>
            <texcoord u="-20.5228" v="0.39687502"></texcoord>
          </vertex>
          <vertex>
            <position x="1.02696" y="0.0160173" z="-2.17368"></position>
            <normal x="0.0" y="0.0" z="-1.0"></normal>
            <texcoord u="-13.505" v="0.39687502"></texcoord>
          </vertex>
          <vertex>
            <position x="1.02696" y="0.0243849" z="-1.97159"></position>
            <normal x="-1.0" y="0.0" z="0.0"></normal>
            <texcoord u="-11.9824" v="0.08191502"></texcoord>
          </vertex>
          <vertex>
            <position x="1.02696" y="0.0243842" z="-2.17368"></position>
            <normal x="-1.0" y="0.0" z="0.0"></normal>
            <texcoord u="-19.5897" v="0.08191502"></texcoord>
          </vertex>
          <vertex>
            <position x="1.02696" y="0.0160173" z="-2.17368"></position>
            <normal x="-1.0" y="0.0" z="0.0"></normal>
            <texcoord u="-19.5897" v="0.39687502"></texcoord>
          </vertex>
          <vertex>
            <position x="1.02696" y="0.016018" z="-1.96322"></position>
            <normal x="-1.0" y="0.0" z="0.0"></normal>
            <texcoord u="-11.6675" v="0.39687502"></texcoord>
          </vertex>
        </vertexbuffer>
      </geometry>
    </submesh>
  </submeshes>
</mesh>
