<mesh>
  <submeshes>
    <submesh material="Material.94" usesharedvertices="false">
      <faces count="114">
        <face v1="0" v2="1" v3="2"></face>
        <face v1="0" v2="2" v3="3"></face>
        <face v1="0" v2="3" v3="4"></face>
        <face v1="0" v2="4" v3="5"></face>
        <face v1="0" v2="5" v3="6"></face>
        <face v1="0" v2="6" v3="7"></face>
        <face v1="8" v2="9" v3="10"></face>
        <face v1="11" v2="10" v3="9"></face>
        <face v1="12" v2="13" v3="14"></face>
        <face v1="15" v2="14" v3="13"></face>
        <face v1="16" v2="17" v3="18"></face>
        <face v1="19" v2="18" v3="17"></face>
        <face v1="20" v2="21" v3="22"></face>
        <face v1="23" v2="22" v3="21"></face>
        <face v1="10" v2="11" v3="24"></face>
        <face v1="25" v2="24" v3="11"></face>
        <face v1="26" v2="27" v3="28"></face>
        <face v1="29" v2="28" v3="27"></face>
        <face v1="18" v2="19" v3="30"></face>
        <face v1="31" v2="30" v3="19"></face>
        <face v1="32" v2="33" v3="34"></face>
        <face v1="35" v2="34" v3="33"></face>
        <face v1="24" v2="25" v3="36"></face>
        <face v1="37" v2="36" v3="25"></face>
        <face v1="38" v2="39" v3="40"></face>
        <face v1="41" v2="40" v3="39"></face>
        <face v1="30" v2="31" v3="42"></face>
        <face v1="43" v2="42" v3="31"></face>
        <face v1="44" v2="45" v3="46"></face>
        <face v1="47" v2="48" v3="49"></face>
        <face v1="50" v2="51" v3="52"></face>
        <face v1="53" v2="54" v3="55"></face>
        <face v1="56" v2="57" v3="58"></face>
        <face v1="57" v2="59" v3="60"></face>
        <face v1="61" v2="62" v3="63"></face>
        <face v1="64" v2="65" v3="66"></face>
        <face v1="67" v2="68" v3="69"></face>
        <face v1="70" v2="71" v3="72"></face>
      </faces>
      <geometry vertexcount="73">
        <vertexbuffer positions="true" normals="true" texture_coords="1">
          <vertex>
            <position x="1.82673" y="0.232238" z="-1.79024"></position>
            <normal x="1.5542453E-7" y="-1.0" z="2.7464116E-6"></normal>
            <texcoord u="11.8629" v="-26.1021"></texcoord>
          </vertex>
          <vertex>
            <position x="2.46522" y="0.232238" z="-1.79024"></position>
            <normal x="0.0" y="-1.0" z="0.0"></normal>
            <texcoord u="-12.1724" v="-26.1021"></texcoord>
          </vertex>
          <vertex>
            <position x="3.06947" y="0.232238" z="-1.69664"></position>
            <normal x="-2.1051059E-7" y="-1.0" z="2.7949768E-6"></normal>
            <texcoord u="-34.9185" v="-22.5787"></texcoord>
          </vertex>
          <vertex>
            <position x="3.01437" y="0.23224" z="-1.34092"></position>
            <normal x="6.8950203E-7" y="-1.0" z="2.6546256E-6"></normal>
            <texcoord u="-32.8442" v="-9.188"></texcoord>
          </vertex>
          <vertex>
            <position x="2.43751" y="0.232239" z="-1.43028"></position>
            <normal x="9.0001265E-7" y="-1.0" z="1.2464385E-6"></normal>
            <texcoord u="-11.1292" v="-12.5517"></texcoord>
          </vertex>
          <vertex>
            <position x="1.85386" y="0.232239" z="-1.43028"></position>
            <normal x="-6.421031E-7" y="-1.0" z="2.8219742E-6"></normal>
            <texcoord u="10.8414" v="-12.5517"></texcoord>
          </vertex>
          <vertex>
            <position x="1.26456" y="0.23224" z="-1.34092"></position>
            <normal x="-2.2322848E-7" y="-1.0" z="4.197819E-6"></normal>
            <texcoord u="33.0248" v="-9.188"></texcoord>
          </vertex>
          <vertex>
            <position x="1.21059" y="0.232238" z="-1.69682"></position>
            <normal x="8.377494E-7" y="-1.0" z="5.525269E-6"></normal>
            <texcoord u="35.0563" v="-22.5852"></texcoord>
          </vertex>
          <vertex>
            <position x="1.26299" y="0.649134" z="-1.35124"></position>
            <normal x="0.0" y="1.0" z="0.0"></normal>
            <texcoord u="-33.0837" v="-9.5765"></texcoord>
          </vertex>
          <vertex>
            <position x="1.26456" y="0.649134" z="-1.34092"></position>
            <normal x="0.0" y="1.0" z="0.0"></normal>
            <texcoord u="-33.0248" v="-9.188"></texcoord>
          </vertex>
          <vertex>
            <position x="1.85308" y="0.649134" z="-1.44071"></position>
            <normal x="0.0" y="1.0" z="0.0"></normal>
            <texcoord u="-10.871" v="-12.9446"></texcoord>
          </vertex>
          <vertex>
            <position x="1.85386" y="0.649134" z="-1.43028"></position>
            <normal x="0.0" y="1.0" z="0.0"></normal>
            <texcoord u="-10.8414" v="-12.5517"></texcoord>
          </vertex>
          <vertex>
            <position x="1.26299" y="0.242676" z="-1.35124"></position>
            <normal x="-0.14990747" y="0.0" z="-0.98870003"></normal>
            <texcoord u="31.1242" v="6.12633"></texcoord>
          </vertex>
          <vertex>
            <position x="1.26299" y="0.649134" z="-1.35124"></position>
            <normal x="-0.14990747" y="0.0" z="-0.98870003"></normal>
            <texcoord u="31.1242" v="-9.1742"></texcoord>
          </vertex>
          <vertex>
            <position x="1.85308" y="0.242676" z="-1.44071"></position>
            <normal x="-0.07516638" y="0.0" z="-0.99717104"></normal>
            <texcoord u="8.65761" v="6.12633"></texcoord>
          </vertex>
          <vertex>
            <position x="1.85308" y="0.649134" z="-1.44071"></position>
            <normal x="-0.07516638" y="0.0" z="-0.99717104"></normal>
            <texcoord u="8.65761" v="-9.1742"></texcoord>
          </vertex>
          <vertex>
            <position x="1.21059" y="0.242675" z="-1.69682"></position>
            <normal x="1.1794116E-6" y="1.0" z="-3.067825E-6"></normal>
            <texcoord u="-35.0563" v="-22.5852"></texcoord>
          </vertex>
          <vertex>
            <position x="1.26299" y="0.242676" z="-1.35124"></position>
            <normal x="1.583237E-7" y="1.0" z="-4.379051E-6"></normal>
            <texcoord u="-33.0837" v="-9.5765"></texcoord>
          </vertex>
          <vertex>
            <position x="1.82673" y="0.242674" z="-1.79024"></position>
            <normal x="1.05549134E-7" y="1.0" z="-4.837807E-6"></normal>
            <texcoord u="-11.8629" v="-26.1021"></texcoord>
          </vertex>
          <vertex>
            <position x="1.85308" y="0.242676" z="-1.44071"></position>
            <normal x="-2.8758808E-7" y="1.0" z="-5.733638E-6"></normal>
            <texcoord u="-10.871" v="-12.9446"></texcoord>
          </vertex>
          <vertex>
            <position x="1.21059" y="0.232238" z="-1.69682"></position>
            <normal x="-0.1499081" y="0.0" z="-0.9886999"></normal>
            <texcoord u="31.1242" v="6.51919"></texcoord>
          </vertex>
          <vertex>
            <position x="1.21059" y="0.242675" z="-1.69682"></position>
            <normal x="-0.1499081" y="0.0" z="-0.9886999"></normal>
            <texcoord u="31.1242" v="6.12633"></texcoord>
          </vertex>
          <vertex>
            <position x="1.82673" y="0.232238" z="-1.79024"></position>
            <normal x="-0.075166695" y="0.0" z="-0.997171"></normal>
            <texcoord u="7.66573" v="6.51919"></texcoord>
          </vertex>
          <vertex>
            <position x="1.82673" y="0.242674" z="-1.79024"></position>
            <normal x="-0.075166695" y="0.0" z="-0.997171"></normal>
            <texcoord u="7.66573" v="6.12633"></texcoord>
          </vertex>
          <vertex>
            <position x="2.43831" y="0.649134" z="-1.44071"></position>
            <normal x="0.0" y="1.0" z="0.0"></normal>
            <texcoord u="11.1594" v="-12.9446"></texcoord>
          </vertex>
          <vertex>
            <position x="2.43751" y="0.649134" z="-1.43028"></position>
            <normal x="0.0" y="1.0" z="0.0"></normal>
            <texcoord u="11.1292" v="-12.5517"></texcoord>
          </vertex>
          <vertex>
            <position x="1.85308" y="0.242676" z="-1.44071"></position>
            <normal x="-0.07516638" y="0.0" z="-0.99717104"></normal>
            <texcoord u="10.871" v="6.12633"></texcoord>
          </vertex>
          <vertex>
            <position x="1.85308" y="0.649134" z="-1.44071"></position>
            <normal x="-0.07516638" y="0.0" z="-0.99717104"></normal>
            <texcoord u="10.871" v="-9.1742"></texcoord>
          </vertex>
          <vertex>
            <position x="2.43831" y="0.242676" z="-1.44071"></position>
            <normal x="0.07676405" y="0.0" z="-0.9970493"></normal>
            <texcoord u="-11.1594" v="6.12633"></texcoord>
          </vertex>
          <vertex>
            <position x="2.43831" y="0.649134" z="-1.44071"></position>
            <normal x="0.10231274" y="-8.136641E-6" z="-0.9947522"></normal>
            <texcoord u="-11.1594" v="-9.1742"></texcoord>
          </vertex>
          <vertex>
            <position x="2.46522" y="0.242674" z="-1.79024"></position>
            <normal x="-2.5871634E-7" y="1.0" z="-5.7752363E-6"></normal>
            <texcoord u="12.1724" v="-26.1021"></texcoord>
          </vertex>
          <vertex>
            <position x="2.43831" y="0.242676" z="-1.44071"></position>
            <normal x="-1.1297077E-7" y="1.0" z="-4.7976937E-6"></normal>
            <texcoord u="11.1594" v="-12.9446"></texcoord>
          </vertex>
          <vertex>
            <position x="1.82673" y="0.232238" z="-1.79024"></position>
            <normal x="-0.075166695" y="0.0" z="-0.997171"></normal>
            <texcoord u="11.8629" v="6.51919"></texcoord>
          </vertex>
          <vertex>
            <position x="1.82673" y="0.242674" z="-1.79024"></position>
            <normal x="-0.075166695" y="0.0" z="-0.997171"></normal>
            <texcoord u="11.8629" v="6.12633"></texcoord>
          </vertex>
          <vertex>
            <position x="2.46522" y="0.232238" z="-1.79024"></position>
            <normal x="0.0767651" y="0.0" z="-0.99704915"></normal>
            <texcoord u="-12.1724" v="6.51919"></texcoord>
          </vertex>
          <vertex>
            <position x="2.46522" y="0.242674" z="-1.79024"></position>
            <normal x="0.102319784" y="0.0" z="-0.9947515"></normal>
            <texcoord u="-12.1724" v="6.12633"></texcoord>
          </vertex>
          <vertex>
            <position x="3.01597" y="0.649134" z="-1.35124"></position>
            <normal x="0.0" y="1.0" z="0.0"></normal>
            <texcoord u="32.9044" v="-9.5763"></texcoord>
          </vertex>
          <vertex>
            <position x="3.01437" y="0.649134" z="-1.34092"></position>
            <normal x="0.0" y="1.0" z="0.0"></normal>
            <texcoord u="32.8442" v="-9.188"></texcoord>
          </vertex>
          <vertex>
            <position x="2.43831" y="0.242676" z="-1.44071"></position>
            <normal x="0.07676405" y="0.0" z="-0.9970493"></normal>
            <texcoord u="-8.89329" v="6.12633"></texcoord>
          </vertex>
          <vertex>
            <position x="2.43831" y="0.649134" z="-1.44071"></position>
            <normal x="0.10231274" y="-8.136641E-6" z="-0.9947522"></normal>
            <texcoord u="-8.89329" v="-9.1742"></texcoord>
          </vertex>
          <vertex>
            <position x="3.01597" y="0.242676" z="-1.35123"></position>
            <normal x="0.15306671" y="-1.2172959E-5" z="-0.9882159"></normal>
            <texcoord u="-30.8976" v="6.12633"></texcoord>
          </vertex>
          <vertex>
            <position x="3.01597" y="0.649134" z="-1.35124"></position>
            <normal x="0.15305835" y="-2.4345918E-5" z="-0.98821723"></normal>
            <texcoord u="-30.8976" v="-9.1742"></texcoord>
          </vertex>
          <vertex>
            <position x="3.06947" y="0.242675" z="-1.69664"></position>
            <normal x="-1.6945616E-7" y="1.0" z="-4.318882E-6"></normal>
            <texcoord u="34.9185" v="-22.5787"></texcoord>
          </vertex>
          <vertex>
            <position x="3.01597" y="0.242676" z="-1.35123"></position>
            <normal x="4.3723674E-7" y="1.0" z="-2.822691E-6"></normal>
            <texcoord u="32.9044" v="-9.5763"></texcoord>
          </vertex>
          <vertex>
            <position x="2.46522" y="0.232238" z="-1.79024"></position>
            <normal x="0.0767651" y="0.0" z="-0.99704915"></normal>
            <texcoord u="-7.88027" v="6.51919"></texcoord>
          </vertex>
          <vertex>
            <position x="2.46522" y="0.242674" z="-1.79024"></position>
            <normal x="0.102319784" y="0.0" z="-0.9947515"></normal>
            <texcoord u="-7.88027" v="6.12633"></texcoord>
          </vertex>
          <vertex>
            <position x="3.06947" y="0.232238" z="-1.69664"></position>
            <normal x="0.1530772" y="0.0" z="-0.9882143"></normal>
            <texcoord u="-30.8976" v="6.51919"></texcoord>
          </vertex>
          <vertex>
            <position x="3.06947" y="0.242675" z="-1.69664"></position>
            <normal x="0.1530772" y="0.0" z="-0.9882143"></normal>
            <texcoord u="-30.8976" v="6.12639"></texcoord>
          </vertex>
          <vertex>
            <position x="3.06947" y="0.232238" z="-1.69664"></position>
            <normal x="0.1530772" y="0.0" z="-0.9882143"></normal>
            <texcoord u="-30.8976" v="6.51925"></texcoord>
          </vertex>
          <vertex>
            <position x="2.46522" y="0.242674" z="-1.79024"></position>
            <normal x="0.102319784" y="0.0" z="-0.9947515"></normal>
            <texcoord u="-7.88027" v="6.12639"></texcoord>
          </vertex>
          <vertex>
            <position x="1.21059" y="0.242675" z="-1.69682"></position>
            <normal x="-0.9886988" y="0.0" z="0.14991553"></normal>
            <texcoord u="-28.5742" v="6.12633"></texcoord>
          </vertex>
          <vertex>
            <position x="1.21059" y="0.232238" z="-1.69682"></position>
            <normal x="-0.9886977" y="-2.3750031E-4" z="0.14992253"></normal>
            <texcoord u="-28.5742" v="6.51919"></texcoord>
          </vertex>
          <vertex>
            <position x="1.26299" y="0.242676" z="-1.35124"></position>
            <normal x="-0.9886736" y="-1.5833354E-4" z="0.15008138"></normal>
            <texcoord u="-15.4168" v="6.12633"></texcoord>
          </vertex>
          <vertex>
            <position x="1.21059" y="0.232238" z="-1.69682"></position>
            <normal x="-0.9886977" y="-2.3750031E-4" z="0.14992253"></normal>
            <texcoord u="-28.5742" v="6.5193"></texcoord>
          </vertex>
          <vertex>
            <position x="1.26456" y="0.23224" z="-1.34092"></position>
            <normal x="-0.98866105" y="-2.3750032E-4" z="0.1501643"></normal>
            <texcoord u="-15.0239" v="6.5193"></texcoord>
          </vertex>
          <vertex>
            <position x="1.26299" y="0.242676" z="-1.35124"></position>
            <normal x="-0.9886736" y="-1.5833354E-4" z="0.15008138"></normal>
            <texcoord u="-15.4168" v="6.12644"></texcoord>
          </vertex>
          <vertex>
            <position x="1.26456" y="0.23224" z="-1.34092"></position>
            <normal x="-0.98866105" y="-2.3750032E-4" z="0.1501643"></normal>
            <texcoord u="-15.0238" v="6.51918"></texcoord>
          </vertex>
          <vertex>
            <position x="1.26456" y="0.649134" z="-1.34092"></position>
            <normal x="-0.98862535" y="0.0" z="0.15039904"></normal>
            <texcoord u="-15.0238" v="-9.1742"></texcoord>
          </vertex>
          <vertex>
            <position x="1.26299" y="0.242676" z="-1.35124"></position>
            <normal x="-0.9886736" y="-1.5833354E-4" z="0.15008138"></normal>
            <texcoord u="-15.4167" v="6.12632"></texcoord>
          </vertex>
          <vertex>
            <position x="1.26299" y="0.649134" z="-1.35124"></position>
            <normal x="-0.98862535" y="0.0" z="0.15039904"></normal>
            <texcoord u="-15.4166" v="-9.1742"></texcoord>
          </vertex>
          <vertex>
            <position x="1.26299" y="0.242676" z="-1.35124"></position>
            <normal x="-0.9886736" y="-1.5833354E-4" z="0.15008138"></normal>
            <texcoord u="-15.4166" v="6.12632"></texcoord>
          </vertex>
          <vertex>
            <position x="3.01597" y="0.649134" z="-1.35124"></position>
            <normal x="0.98819363" y="3.7744298E-6" z="0.1532099"></normal>
            <texcoord u="15.4887" v="-9.1742"></texcoord>
          </vertex>
          <vertex>
            <position x="3.01437" y="0.649134" z="-1.34092"></position>
            <normal x="0.9881824" y="1.8872149E-6" z="0.15328255"></normal>
            <texcoord u="15.0958" v="-9.1742"></texcoord>
          </vertex>
          <vertex>
            <position x="3.01597" y="0.242676" z="-1.35123"></position>
            <normal x="0.9881992" y="-7.082846E-5" z="0.15317494"></normal>
            <texcoord u="15.4887" v="6.12633"></texcoord>
          </vertex>
          <vertex>
            <position x="3.01437" y="0.649134" z="-1.34092"></position>
            <normal x="0.9881824" y="1.8872149E-6" z="0.15328255"></normal>
            <texcoord u="15.0954" v="-9.1742"></texcoord>
          </vertex>
          <vertex>
            <position x="3.01437" y="0.23224" z="-1.34092"></position>
            <normal x="0.9881931" y="-1.4354411E-4" z="0.15321338"></normal>
            <texcoord u="15.0954" v="6.5192"></texcoord>
          </vertex>
          <vertex>
            <position x="3.01597" y="0.242676" z="-1.35123"></position>
            <normal x="0.9881992" y="-7.082846E-5" z="0.15317494"></normal>
            <texcoord u="15.4882" v="6.12634"></texcoord>
          </vertex>
          <vertex>
            <position x="3.01437" y="0.23224" z="-1.34092"></position>
            <normal x="0.9881931" y="-1.4354411E-4" z="0.15321338"></normal>
            <texcoord u="15.0957" v="6.51947"></texcoord>
          </vertex>
          <vertex>
            <position x="3.06947" y="0.232238" z="-1.69664"></position>
            <normal x="0.98821574" y="-1.4354411E-4" z="0.1530673"></normal>
            <texcoord u="28.646" v="6.51947"></texcoord>
          </vertex>
          <vertex>
            <position x="3.01597" y="0.242676" z="-1.35123"></position>
            <normal x="0.9881992" y="-7.082846E-5" z="0.15317494"></normal>
            <texcoord u="15.4885" v="6.12662"></texcoord>
          </vertex>
          <vertex>
            <position x="3.06947" y="0.232238" z="-1.69664"></position>
            <normal x="0.98821574" y="-1.4354411E-4" z="0.1530673"></normal>
            <texcoord u="28.646" v="6.51966"></texcoord>
          </vertex>
          <vertex>
            <position x="3.06947" y="0.242675" z="-1.69664"></position>
            <normal x="0.9882164" y="0.0" z="0.15306306"></normal>
            <texcoord u="28.646" v="6.1268"></texcoord>
          </vertex>
          <vertex>
            <position x="3.01597" y="0.242676" z="-1.35123"></position>
            <normal x="0.9881992" y="-7.082846E-5" z="0.15317494"></normal>
            <texcoord u="15.4885" v="6.1268"></texcoord>
          </vertex>
        </vertexbuffer>
      </geometry>
    </submesh>
  </submeshes>
</mesh>
