<mesh>
  <submeshes>
    <submesh material="Material.182" usesharedvertices="false">
      <faces count="12">
        <face v1="0" v2="1" v3="2"></face>
        <face v1="3" v2="2" v3="1"></face>
        <face v1="2" v2="3" v3="4"></face>
        <face v1="0" v2="5" v3="1"></face>
      </faces>
      <geometry vertexcount="6">
        <vertexbuffer positions="true" normals="true" texture_coords="1">
          <vertex>
            <position x="-11.7574" y="3.0" z="-3.74302"></position>
            <normal x="0.5932802" y="0.0" z="0.8049961"></normal>
            <texcoord u="2.22045E-15" v="-254.0"></texcoord>
          </vertex>
          <vertex>
            <position x="-10.7803" y="0.4" z="-4.46314"></position>
            <normal x="0.5331691" y="0.0" z="0.8460087"></normal>
            <texcoord u="0.404602" v="-253.133"></texcoord>
          </vertex>
          <vertex>
            <position x="-10.7803" y="3.0" z="-4.46314"></position>
            <normal x="0.5331691" y="0.0" z="0.8460087"></normal>
            <texcoord u="0.404602" v="-254.0"></texcoord>
          </vertex>
          <vertex>
            <position x="-9.56377" y="0.4" z="-5.11133"></position>
            <normal x="0.4702347" y="0.0" z="0.8825414"></normal>
            <texcoord u="0.859218" v="-253.133"></texcoord>
          </vertex>
          <vertex>
            <position x="-9.56377" y="3.0" z="-5.11133"></position>
            <normal x="0.4702347" y="0.0" z="0.8825414"></normal>
            <texcoord u="0.859218" v="-254.0"></texcoord>
          </vertex>
          <vertex>
            <position x="-11.7574" y="0.4" z="-3.74302"></position>
            <normal x="0.5932802" y="0.0" z="0.8049961"></normal>
            <texcoord u="2.22045E-15" v="-253.133"></texcoord>
          </vertex>
        </vertexbuffer>
      </geometry>
    </submesh>
  </submeshes>
</mesh>
