<mesh>
  <submeshes>
    <submesh material="Material.52" usesharedvertices="false">
      <faces count="6">
        <face v1="0" v2="1" v3="2"></face>
        <face v1="0" v2="2" v3="3"></face>
      </faces>
      <geometry vertexcount="4">
        <vertexbuffer positions="true" normals="true" texture_coords="1">
          <vertex>
            <position x="2.16141" y="1.06831" z="-1.55228"></position>
            <normal x="-0.072123565" y="0.22952415" z="0.97062707"></normal>
            <texcoord u="0.0" v="0.0"></texcoord>
          </vertex>
          <vertex>
            <position x="2.15554" y="0.732385" z="-1.47328"></position>
            <normal x="-0.072123565" y="0.22952415" z="0.97062707"></normal>
            <texcoord u="0.0" v="1.0"></texcoord>
          </vertex>
          <vertex>
            <position x="2.71875" y="0.732385" z="-1.43143"></position>
            <normal x="-0.072123565" y="0.22952415" z="0.97062707"></normal>
            <texcoord u="1.0" v="1.0"></texcoord>
          </vertex>
          <vertex>
            <position x="2.72462" y="1.06831" z="-1.51043"></position>
            <normal x="-0.072123565" y="0.22952415" z="0.97062707"></normal>
            <texcoord u="1.0" v="0.0"></texcoord>
          </vertex>
        </vertexbuffer>
      </geometry>
    </submesh>
  </submeshes>
</mesh>
