<mesh>
  <submeshes>
    <submesh material="Material.104" usesharedvertices="false">
      <faces count="6">
        <face v1="0" v2="1" v3="2"></face>
        <face v1="0" v2="2" v3="3"></face>
      </faces>
      <geometry vertexcount="4">
        <vertexbuffer positions="true" normals="true" texture_coords="1">
          <vertex>
            <position x="0.884096" y="0.674429" z="-1.63063"></position>
            <normal x="1.6634753E-5" y="1.0" z="-5.2289328E-5"></normal>
            <texcoord u="47.3468" v="-20.0937"></texcoord>
          </vertex>
          <vertex>
            <position x="0.873839" y="0.674428" z="-1.66296"></position>
            <normal x="1.6634753E-5" y="1.0" z="-5.2289328E-5"></normal>
            <texcoord u="47.7329" v="-21.3108"></texcoord>
          </vertex>
          <vertex>
            <position x="0.828081" y="0.674429" z="-1.64845"></position>
            <normal x="1.6634753E-5" y="1.0" z="-5.2289328E-5"></normal>
            <texcoord u="49.4555" v="-20.7643"></texcoord>
          </vertex>
          <vertex>
            <position x="0.838335" y="0.674431" z="-1.61612"></position>
            <normal x="1.6634753E-5" y="1.0" z="-5.2289328E-5"></normal>
            <texcoord u="49.0694" v="-19.5473"></texcoord>
          </vertex>
        </vertexbuffer>
      </geometry>
    </submesh>
  </submeshes>
</mesh>
