<mesh>
  <submeshes>
    <submesh material="Material.66" usesharedvertices="false">
      <faces count="336">
        <face v1="0" v2="1" v3="2"></face>
        <face v1="2" v2="1" v3="3"></face>
        <face v1="4" v2="5" v3="1"></face>
        <face v1="1" v2="5" v3="3"></face>
        <face v1="5" v2="6" v3="3"></face>
        <face v1="7" v2="8" v3="9"></face>
        <face v1="10" v2="9" v3="8"></face>
        <face v1="11" v2="12" v3="13"></face>
        <face v1="14" v2="13" v3="12"></face>
        <face v1="15" v2="16" v3="17"></face>
        <face v1="18" v2="17" v3="16"></face>
        <face v1="19" v2="20" v3="21"></face>
        <face v1="22" v2="21" v3="20"></face>
        <face v1="23" v2="24" v3="25"></face>
        <face v1="26" v2="25" v3="24"></face>
        <face v1="27" v2="28" v3="29"></face>
        <face v1="30" v2="29" v3="28"></face>
        <face v1="31" v2="32" v3="33"></face>
        <face v1="34" v2="33" v3="32"></face>
        <face v1="35" v2="36" v3="37"></face>
        <face v1="38" v2="37" v3="36"></face>
        <face v1="39" v2="40" v3="41"></face>
        <face v1="42" v2="43" v3="40"></face>
        <face v1="40" v2="43" v3="41"></face>
        <face v1="44" v2="45" v3="43"></face>
        <face v1="43" v2="45" v3="41"></face>
        <face v1="45" v2="46" v3="41"></face>
        <face v1="47" v2="48" v3="49"></face>
        <face v1="50" v2="51" v3="48"></face>
        <face v1="48" v2="51" v3="49"></face>
        <face v1="52" v2="53" v3="51"></face>
        <face v1="51" v2="53" v3="49"></face>
        <face v1="53" v2="54" v3="49"></face>
        <face v1="55" v2="56" v3="57"></face>
        <face v1="58" v2="57" v3="56"></face>
        <face v1="59" v2="60" v3="61"></face>
        <face v1="62" v2="61" v3="60"></face>
        <face v1="63" v2="64" v3="65"></face>
        <face v1="66" v2="65" v3="64"></face>
        <face v1="67" v2="68" v3="69"></face>
        <face v1="70" v2="69" v3="68"></face>
        <face v1="71" v2="72" v3="73"></face>
        <face v1="74" v2="73" v3="72"></face>
        <face v1="75" v2="76" v3="77"></face>
        <face v1="78" v2="77" v3="76"></face>
        <face v1="79" v2="80" v3="81"></face>
        <face v1="82" v2="81" v3="80"></face>
        <face v1="83" v2="84" v3="85"></face>
        <face v1="86" v2="85" v3="84"></face>
        <face v1="87" v2="88" v3="89"></face>
        <face v1="90" v2="91" v3="92"></face>
        <face v1="93" v2="94" v3="95"></face>
        <face v1="96" v2="97" v3="98"></face>
        <face v1="99" v2="100" v3="101"></face>
        <face v1="102" v2="103" v3="104"></face>
        <face v1="105" v2="106" v3="107"></face>
        <face v1="108" v2="109" v3="110"></face>
        <face v1="111" v2="112" v3="113"></face>
        <face v1="114" v2="115" v3="116"></face>
        <face v1="112" v2="117" v3="113"></face>
        <face v1="118" v2="119" v3="120"></face>
        <face v1="121" v2="122" v3="123"></face>
        <face v1="124" v2="125" v3="126"></face>
        <face v1="127" v2="128" v3="129"></face>
        <face v1="130" v2="131" v3="132"></face>
        <face v1="133" v2="134" v3="135"></face>
        <face v1="136" v2="137" v3="138"></face>
        <face v1="139" v2="140" v3="141"></face>
        <face v1="142" v2="141" v3="140"></face>
        <face v1="143" v2="144" v3="145"></face>
        <face v1="146" v2="147" v3="148"></face>
        <face v1="149" v2="150" v3="151"></face>
        <face v1="152" v2="153" v3="154"></face>
        <face v1="155" v2="156" v3="157"></face>
        <face v1="158" v2="159" v3="160"></face>
        <face v1="161" v2="162" v3="163"></face>
        <face v1="164" v2="165" v3="166"></face>
        <face v1="167" v2="168" v3="169"></face>
        <face v1="170" v2="171" v3="168"></face>
        <face v1="168" v2="171" v3="169"></face>
        <face v1="172" v2="173" v3="171"></face>
        <face v1="171" v2="173" v3="169"></face>
        <face v1="173" v2="174" v3="169"></face>
        <face v1="175" v2="176" v3="177"></face>
        <face v1="178" v2="179" v3="176"></face>
        <face v1="176" v2="179" v3="177"></face>
        <face v1="180" v2="181" v3="179"></face>
        <face v1="179" v2="181" v3="177"></face>
        <face v1="181" v2="182" v3="177"></face>
        <face v1="183" v2="184" v3="185"></face>
        <face v1="186" v2="185" v3="184"></face>
        <face v1="187" v2="188" v3="189"></face>
        <face v1="190" v2="189" v3="188"></face>
        <face v1="191" v2="192" v3="193"></face>
        <face v1="194" v2="193" v3="192"></face>
        <face v1="195" v2="196" v3="197"></face>
        <face v1="198" v2="197" v3="196"></face>
        <face v1="199" v2="200" v3="201"></face>
        <face v1="202" v2="201" v3="200"></face>
        <face v1="203" v2="204" v3="205"></face>
        <face v1="206" v2="205" v3="204"></face>
        <face v1="207" v2="208" v3="209"></face>
        <face v1="210" v2="209" v3="208"></face>
        <face v1="211" v2="212" v3="213"></face>
        <face v1="214" v2="213" v3="212"></face>
        <face v1="215" v2="216" v3="217"></face>
        <face v1="218" v2="219" v3="216"></face>
        <face v1="216" v2="219" v3="217"></face>
        <face v1="220" v2="221" v3="219"></face>
        <face v1="219" v2="221" v3="217"></face>
        <face v1="221" v2="222" v3="217"></face>
        <face v1="223" v2="2" v3="3"></face>
      </faces>
      <geometry vertexcount="224">
        <vertexbuffer positions="true" normals="true" texture_coords="1">
          <vertex>
            <position x="0.664579" y="0.697878" z="-1.38553"></position>
            <normal x="0.0" y="1.0" z="0.0"></normal>
            <texcoord u="3.63373" v="-3.6866999"></texcoord>
          </vertex>
          <vertex>
            <position x="0.67084" y="0.697878" z="-1.3828"></position>
            <normal x="0.0" y="1.0" z="0.0"></normal>
            <texcoord u="3.81667" v="-3.5060701"></texcoord>
          </vertex>
          <vertex>
            <position x="0.656504" y="0.697878" z="-1.40606"></position>
            <normal x="0.0" y="1.0" z="0.0"></normal>
            <texcoord u="3.62846" v="-4.51742"></texcoord>
          </vertex>
          <vertex>
            <position x="0.679769" y="0.697878" z="-1.4204"></position>
            <normal x="0.0" y="1.0" z="0.0"></normal>
            <texcoord u="4.63981" v="-4.70563"></texcoord>
          </vertex>
          <vertex>
            <position x="0.691379" y="0.697878" z="-1.39087"></position>
            <normal x="0.0" y="1.0" z="0.0"></normal>
            <texcoord u="4.6474" v="-3.5113401"></texcoord>
          </vertex>
          <vertex>
            <position x="0.694106" y="0.697878" z="-1.39714"></position>
            <normal x="0.0" y="1.0" z="0.0"></normal>
            <texcoord u="4.82802" v="-3.6942801"></texcoord>
          </vertex>
          <vertex>
            <position x="0.686031" y="0.697878" z="-1.41767"></position>
            <normal x="0.0" y="1.0" z="0.0"></normal>
            <texcoord u="4.82275" v="-4.52501"></texcoord>
          </vertex>
          <vertex>
            <position x="0.67084" y="0.697878" z="-1.3828"></position>
            <normal x="0.36569574" y="0.0" z="0.93073446"></normal>
            <texcoord u="3.84522" v="0.250871"></texcoord>
          </vertex>
          <vertex>
            <position x="0.67084" y="0.686972" z="-1.3828"></position>
            <normal x="0.36569574" y="0.0" z="0.93073446"></normal>
            <texcoord u="3.84522" v="0.661411"></texcoord>
          </vertex>
          <vertex>
            <position x="0.691379" y="0.697878" z="-1.39087"></position>
            <normal x="0.36569574" y="0.0" z="0.93073446"></normal>
            <texcoord u="4.67596" v="0.250871"></texcoord>
          </vertex>
          <vertex>
            <position x="0.691379" y="0.686972" z="-1.39087"></position>
            <normal x="0.36569574" y="0.0" z="0.93073446"></normal>
            <texcoord u="4.67596" v="0.66141"></texcoord>
          </vertex>
          <vertex>
            <position x="0.694106" y="0.697878" z="-1.39714"></position>
            <normal x="0.93060267" y="0.0" z="-0.36603117"></normal>
            <texcoord u="4.66352" v="0.250897"></texcoord>
          </vertex>
          <vertex>
            <position x="0.694106" y="0.686972" z="-1.39714"></position>
            <normal x="0.93060267" y="0.0" z="-0.36603117"></normal>
            <texcoord u="4.66352" v="0.66143596"></texcoord>
          </vertex>
          <vertex>
            <position x="0.686031" y="0.697878" z="-1.41767"></position>
            <normal x="0.93060267" y="0.0" z="-0.36603117"></normal>
            <texcoord u="5.49426" v="0.25090098"></texcoord>
          </vertex>
          <vertex>
            <position x="0.686031" y="0.686972" z="-1.41767"></position>
            <normal x="0.93060267" y="0.0" z="-0.36603117"></normal>
            <texcoord u="5.49426" v="0.66144"></texcoord>
          </vertex>
          <vertex>
            <position x="0.679769" y="0.697878" z="-1.4204"></position>
            <normal x="-0.36612" y="0.0" z="-0.9305676"></normal>
            <texcoord u="-4.67627" v="0.250871"></texcoord>
          </vertex>
          <vertex>
            <position x="0.679769" y="0.686972" z="-1.4204"></position>
            <normal x="-0.36612" y="0.0" z="-0.9305676"></normal>
            <texcoord u="-4.67627" v="0.66141"></texcoord>
          </vertex>
          <vertex>
            <position x="0.659232" y="0.697878" z="-1.41232"></position>
            <normal x="-0.36612" y="0.0" z="-0.9305676"></normal>
            <texcoord u="-3.84553" v="0.250871"></texcoord>
          </vertex>
          <vertex>
            <position x="0.659232" y="0.686972" z="-1.41232"></position>
            <normal x="-0.36612" y="0.0" z="-0.9305676"></normal>
            <texcoord u="-3.84553" v="0.661411"></texcoord>
          </vertex>
          <vertex>
            <position x="0.656504" y="0.697878" z="-1.40606"></position>
            <normal x="-0.93060267" y="0.0" z="0.36603117"></normal>
            <texcoord u="-5.49426" v="0.25090098"></texcoord>
          </vertex>
          <vertex>
            <position x="0.656504" y="0.686972" z="-1.40606"></position>
            <normal x="-0.93060267" y="0.0" z="0.36603117"></normal>
            <texcoord u="-5.49426" v="0.66144"></texcoord>
          </vertex>
          <vertex>
            <position x="0.664579" y="0.697878" z="-1.38553"></position>
            <normal x="-0.93060267" y="0.0" z="0.36603117"></normal>
            <texcoord u="-4.66352" v="0.250897"></texcoord>
          </vertex>
          <vertex>
            <position x="0.664579" y="0.686972" z="-1.38553"></position>
            <normal x="-0.93060267" y="0.0" z="0.36603117"></normal>
            <texcoord u="-4.66352" v="0.66143596"></texcoord>
          </vertex>
          <vertex>
            <position x="0.691379" y="0.697878" z="-1.39087"></position>
            <normal x="0.9170239" y="0.0" z="0.39883226"></normal>
            <texcoord u="6.47547" v="0.250894"></texcoord>
          </vertex>
          <vertex>
            <position x="0.691379" y="0.686972" z="-1.39087"></position>
            <normal x="0.9170239" y="0.0" z="0.39883226"></normal>
            <texcoord u="6.47547" v="0.661433"></texcoord>
          </vertex>
          <vertex>
            <position x="0.694106" y="0.697878" z="-1.39714"></position>
            <normal x="0.9170239" y="0.0" z="0.39883226"></normal>
            <texcoord u="6.73255" v="0.25089502"></texcoord>
          </vertex>
          <vertex>
            <position x="0.694106" y="0.686972" z="-1.39714"></position>
            <normal x="0.9170239" y="0.0" z="0.39883226"></normal>
            <texcoord u="6.73255" v="0.661434"></texcoord>
          </vertex>
          <vertex>
            <position x="0.67084" y="0.686972" z="-1.3828"></position>
            <normal x="-0.3996883" y="0.0" z="0.9166511"></normal>
            <texcoord u="-0.450094" v="0.661415"></texcoord>
          </vertex>
          <vertex>
            <position x="0.67084" y="0.697878" z="-1.3828"></position>
            <normal x="-0.3996883" y="0.0" z="0.9166511"></normal>
            <texcoord u="-0.450096" v="0.250875"></texcoord>
          </vertex>
          <vertex>
            <position x="0.664579" y="0.686972" z="-1.38553"></position>
            <normal x="-0.3996883" y="0.0" z="0.9166511"></normal>
            <texcoord u="-0.70718" v="0.661416"></texcoord>
          </vertex>
          <vertex>
            <position x="0.664579" y="0.697878" z="-1.38553"></position>
            <normal x="-0.3996883" y="0.0" z="0.9166511"></normal>
            <texcoord u="-0.707181" v="0.250876"></texcoord>
          </vertex>
          <vertex>
            <position x="0.686031" y="0.697878" z="-1.41767"></position>
            <normal x="0.3996371" y="0.0" z="-0.9166734"></normal>
            <texcoord u="0.450085" v="0.250875"></texcoord>
          </vertex>
          <vertex>
            <position x="0.686031" y="0.686972" z="-1.41767"></position>
            <normal x="0.3996371" y="0.0" z="-0.9166734"></normal>
            <texcoord u="0.450083" v="0.661415"></texcoord>
          </vertex>
          <vertex>
            <position x="0.679769" y="0.697878" z="-1.4204"></position>
            <normal x="0.3996371" y="0.0" z="-0.9166734"></normal>
            <texcoord u="0.70717" v="0.250876"></texcoord>
          </vertex>
          <vertex>
            <position x="0.679769" y="0.686972" z="-1.4204"></position>
            <normal x="0.3996371" y="0.0" z="-0.9166734"></normal>
            <texcoord u="0.707169" v="0.661416"></texcoord>
          </vertex>
          <vertex>
            <position x="0.659232" y="0.697878" z="-1.41232"></position>
            <normal x="-0.91673297" y="0.0" z="-0.3995006"></normal>
            <texcoord u="-6.73236" v="0.25089502"></texcoord>
          </vertex>
          <vertex>
            <position x="0.659232" y="0.686972" z="-1.41232"></position>
            <normal x="-0.91673297" y="0.0" z="-0.3995006"></normal>
            <texcoord u="-6.73236" v="0.661434"></texcoord>
          </vertex>
          <vertex>
            <position x="0.656504" y="0.697878" z="-1.40606"></position>
            <normal x="-0.91673297" y="0.0" z="-0.3995006"></normal>
            <texcoord u="-6.47531" v="0.250894"></texcoord>
          </vertex>
          <vertex>
            <position x="0.656504" y="0.686972" z="-1.40606"></position>
            <normal x="-0.91673297" y="0.0" z="-0.3995006"></normal>
            <texcoord u="-6.4753" v="0.661433"></texcoord>
          </vertex>
          <vertex>
            <position x="0.653142" y="0.845741" z="-1.41005"></position>
            <normal x="0.0" y="-1.0" z="0.0"></normal>
            <texcoord u="-3.56442" v="-4.70295"></texcoord>
          </vertex>
          <vertex>
            <position x="0.646788" y="0.845741" z="-1.39546"></position>
            <normal x="0.0" y="-1.0" z="0.0"></normal>
            <texcoord u="-3.14353" v="-4.27663"></texcoord>
          </vertex>
          <vertex>
            <position x="0.639993" y="0.845741" z="-1.44349"></position>
            <normal x="0.0" y="-1.0" z="0.0"></normal>
            <texcoord u="-3.5558" v="-6.05555"></texcoord>
          </vertex>
          <vertex>
            <position x="0.621744" y="0.845741" z="-1.38561"></position>
            <normal x="0.0" y="-1.0" z="0.0"></normal>
            <texcoord u="-2.13056" v="-4.2702"></texcoord>
          </vertex>
          <vertex>
            <position x="0.607153" y="0.845741" z="-1.39197"></position>
            <normal x="0.0" y="-1.0" z="0.0"></normal>
            <texcoord u="-1.70425" v="-4.69113"></texcoord>
          </vertex>
          <vertex>
            <position x="0.594005" y="0.845741" z="-1.42541"></position>
            <normal x="0.0" y="-1.0" z="0.0"></normal>
            <texcoord u="-1.69568" v="-6.04374"></texcoord>
          </vertex>
          <vertex>
            <position x="0.60036" y="0.845741" z="-1.44"></position>
            <normal x="0.0" y="-1.0" z="0.0"></normal>
            <texcoord u="-2.11659" v="-6.47001"></texcoord>
          </vertex>
          <vertex>
            <position x="0.625402" y="0.845741" z="-1.44985"></position>
            <normal x="0.0" y="-1.0" z="0.0"></normal>
            <texcoord u="-3.12951" v="-6.47649"></texcoord>
          </vertex>
          <vertex>
            <position x="0.60036" y="0.88624" z="-1.44"></position>
            <normal x="0.0" y="1.0" z="0.0"></normal>
            <texcoord u="2.11659" v="-6.47001"></texcoord>
          </vertex>
          <vertex>
            <position x="0.594005" y="0.88624" z="-1.42541"></position>
            <normal x="0.0" y="1.0" z="0.0"></normal>
            <texcoord u="1.69568" v="-6.04374"></texcoord>
          </vertex>
          <vertex>
            <position x="0.625402" y="0.88624" z="-1.44985"></position>
            <normal x="0.0" y="1.0" z="0.0"></normal>
            <texcoord u="3.12951" v="-6.47649"></texcoord>
          </vertex>
          <vertex>
            <position x="0.607153" y="0.88624" z="-1.39197"></position>
            <normal x="0.0" y="1.0" z="0.0"></normal>
            <texcoord u="1.70425" v="-4.69113"></texcoord>
          </vertex>
          <vertex>
            <position x="0.621744" y="0.88624" z="-1.38561"></position>
            <normal x="0.0" y="1.0" z="0.0"></normal>
            <texcoord u="2.13056" v="-4.2702"></texcoord>
          </vertex>
          <vertex>
            <position x="0.646788" y="0.88624" z="-1.39546"></position>
            <normal x="0.0" y="1.0" z="0.0"></normal>
            <texcoord u="3.14353" v="-4.27663"></texcoord>
          </vertex>
          <vertex>
            <position x="0.653142" y="0.88624" z="-1.41005"></position>
            <normal x="0.0" y="1.0" z="0.0"></normal>
            <texcoord u="3.56442" v="-4.70295"></texcoord>
          </vertex>
          <vertex>
            <position x="0.639993" y="0.88624" z="-1.44349"></position>
            <normal x="0.0" y="1.0" z="0.0"></normal>
            <texcoord u="3.5558" v="-6.05555"></texcoord>
          </vertex>
          <vertex>
            <position x="0.621744" y="0.88624" z="-1.38561"></position>
            <normal x="0.36601615" y="0.0" z="0.9306085"></normal>
            <texcoord u="2.16399" v="-6.83975"></texcoord>
          </vertex>
          <vertex>
            <position x="0.621744" y="0.845741" z="-1.38561"></position>
            <normal x="0.36601615" y="0.0" z="0.9306085"></normal>
            <texcoord u="2.16399" v="-5.31522"></texcoord>
          </vertex>
          <vertex>
            <position x="0.646788" y="0.88624" z="-1.39546"></position>
            <normal x="0.36601615" y="0.0" z="0.9306085"></normal>
            <texcoord u="3.17698" v="-6.83975"></texcoord>
          </vertex>
          <vertex>
            <position x="0.646788" y="0.845741" z="-1.39546"></position>
            <normal x="0.36601615" y="0.0" z="0.9306085"></normal>
            <texcoord u="3.17698" v="-5.31522"></texcoord>
          </vertex>
          <vertex>
            <position x="0.653142" y="0.88624" z="-1.41005"></position>
            <normal x="0.93063945" y="0.0" z="-0.36593738"></normal>
            <texcoord u="5.68017" v="-6.83972"></texcoord>
          </vertex>
          <vertex>
            <position x="0.653142" y="0.845741" z="-1.41005"></position>
            <normal x="0.93063945" y="0.0" z="-0.36593738"></normal>
            <texcoord u="5.68016" v="-5.31519"></texcoord>
          </vertex>
          <vertex>
            <position x="0.639993" y="0.88624" z="-1.44349"></position>
            <normal x="0.93063945" y="0.0" z="-0.36593738"></normal>
            <texcoord u="7.0328" v="-6.83971"></texcoord>
          </vertex>
          <vertex>
            <position x="0.639993" y="0.845741" z="-1.44349"></position>
            <normal x="0.93063945" y="0.0" z="-0.36593738"></normal>
            <texcoord u="7.0328" v="-5.31518"></texcoord>
          </vertex>
          <vertex>
            <position x="0.625402" y="0.88624" z="-1.44985"></position>
            <normal x="-0.36603796" y="0.0" z="-0.9305999"></normal>
            <texcoord u="-3.17727" v="-6.83975"></texcoord>
          </vertex>
          <vertex>
            <position x="0.625402" y="0.845741" z="-1.44985"></position>
            <normal x="-0.36603796" y="0.0" z="-0.9305999"></normal>
            <texcoord u="-3.17727" v="-5.31522"></texcoord>
          </vertex>
          <vertex>
            <position x="0.60036" y="0.88624" z="-1.44"></position>
            <normal x="-0.36603796" y="0.0" z="-0.9305999"></normal>
            <texcoord u="-2.16433" v="-6.83975"></texcoord>
          </vertex>
          <vertex>
            <position x="0.60036" y="0.845741" z="-1.44"></position>
            <normal x="-0.36603796" y="0.0" z="-0.9305999"></normal>
            <texcoord u="-2.16433" v="-5.31522"></texcoord>
          </vertex>
          <vertex>
            <position x="0.594005" y="0.88624" z="-1.42541"></position>
            <normal x="-0.9306485" y="0.0" z="0.3659144"></normal>
            <texcoord u="-7.03289" v="-6.83971"></texcoord>
          </vertex>
          <vertex>
            <position x="0.594005" y="0.845741" z="-1.42541"></position>
            <normal x="-0.9306485" y="0.0" z="0.3659144"></normal>
            <texcoord u="-7.03289" v="-5.31518"></texcoord>
          </vertex>
          <vertex>
            <position x="0.607153" y="0.88624" z="-1.39197"></position>
            <normal x="-0.9306485" y="0.0" z="0.3659144"></normal>
            <texcoord u="-5.68026" v="-6.83972"></texcoord>
          </vertex>
          <vertex>
            <position x="0.607153" y="0.845741" z="-1.39197"></position>
            <normal x="-0.9306485" y="0.0" z="0.3659144"></normal>
            <texcoord u="-5.68025" v="-5.31519"></texcoord>
          </vertex>
          <vertex>
            <position x="0.646788" y="0.88624" z="-1.39546"></position>
            <normal x="0.91682893" y="0.0" z="0.3992802"></normal>
            <texcoord u="5.96352" v="-6.83973"></texcoord>
          </vertex>
          <vertex>
            <position x="0.646788" y="0.845741" z="-1.39546"></position>
            <normal x="0.91682893" y="0.0" z="0.3992802"></normal>
            <texcoord u="5.96351" v="-5.3152"></texcoord>
          </vertex>
          <vertex>
            <position x="0.653142" y="0.88624" z="-1.41005"></position>
            <normal x="0.91682893" y="0.0" z="0.3992802"></normal>
            <texcoord u="6.56259" v="-6.83973"></texcoord>
          </vertex>
          <vertex>
            <position x="0.653142" y="0.845741" z="-1.41005"></position>
            <normal x="0.91682893" y="0.0" z="0.3992802"></normal>
            <texcoord u="6.56259" v="-5.31519"></texcoord>
          </vertex>
          <vertex>
            <position x="0.621744" y="0.845741" z="-1.38561"></position>
            <normal x="-0.3995793" y="0.0" z="0.91669863"></normal>
            <texcoord u="-2.18679" v="-5.31521"></texcoord>
          </vertex>
          <vertex>
            <position x="0.621744" y="0.88624" z="-1.38561"></position>
            <normal x="-0.3995793" y="0.0" z="0.91669863"></normal>
            <texcoord u="-2.1868" v="-6.83974"></texcoord>
          </vertex>
          <vertex>
            <position x="0.607153" y="0.845741" z="-1.39197"></position>
            <normal x="-0.3995793" y="0.0" z="0.91669863"></normal>
            <texcoord u="-2.7859" v="-5.3152"></texcoord>
          </vertex>
          <vertex>
            <position x="0.607153" y="0.88624" z="-1.39197"></position>
            <normal x="-0.3995793" y="0.0" z="0.91669863"></normal>
            <texcoord u="-2.78591" v="-6.83974"></texcoord>
          </vertex>
          <vertex>
            <position x="0.639993" y="0.88624" z="-1.44349"></position>
            <normal x="0.39957163" y="0.0" z="-0.916702"></normal>
            <texcoord u="2.42722" v="-6.83974"></texcoord>
          </vertex>
          <vertex>
            <position x="0.639993" y="0.845741" z="-1.44349"></position>
            <normal x="0.39957163" y="0.0" z="-0.916702"></normal>
            <texcoord u="2.42722" v="-5.31521"></texcoord>
          </vertex>
          <vertex>
            <position x="0.625402" y="0.88624" z="-1.44985"></position>
            <normal x="0.39957163" y="0.0" z="-0.916702"></normal>
            <texcoord u="3.02632" v="-6.83974"></texcoord>
          </vertex>
          <vertex>
            <position x="0.625402" y="0.845741" z="-1.44985"></position>
            <normal x="0.39957163" y="0.0" z="-0.916702"></normal>
            <texcoord u="3.02631" v="-5.3152"></texcoord>
          </vertex>
          <vertex>
            <position x="0.60036" y="0.88624" z="-1.44"></position>
            <normal x="-0.9168056" y="0.0" z="-0.39933372"></normal>
            <texcoord u="-6.80258" v="-6.83973"></texcoord>
          </vertex>
          <vertex>
            <position x="0.60036" y="0.845741" z="-1.44"></position>
            <normal x="-0.9168056" y="0.0" z="-0.39933372"></normal>
            <texcoord u="-6.80257" v="-5.31519"></texcoord>
          </vertex>
          <vertex>
            <position x="0.594005" y="0.88624" z="-1.42541"></position>
            <normal x="-0.9168056" y="0.0" z="-0.39933372"></normal>
            <texcoord u="-6.20352" v="-6.83973"></texcoord>
          </vertex>
          <vertex>
            <position x="0.594005" y="0.845741" z="-1.42541"></position>
            <normal x="-0.9168056" y="0.0" z="-0.39933372"></normal>
            <texcoord u="-6.20351" v="-5.3152"></texcoord>
          </vertex>
          <vertex>
            <position x="0.69796" y="0.860186" z="-1.29566"></position>
            <normal x="0.93064165" y="-6.7806424E-5" z="-0.36593193"></normal>
            <texcoord u="1.0554" v="-5.85898"></texcoord>
          </vertex>
          <vertex>
            <position x="0.695132" y="0.84824" z="-1.30285"></position>
            <normal x="0.9306495" y="-1.2820402E-4" z="-0.36591178"></normal>
            <texcoord u="1.34631" v="-5.40929"></texcoord>
          </vertex>
          <vertex>
            <position x="0.695768" y="0.888143" z="-1.30124"></position>
            <normal x="0.93063307" y="5.8393936E-5" z="-0.36595365"></normal>
            <texcoord u="1.28103" v="-6.91137"></texcoord>
          </vertex>
          <vertex>
            <position x="0.681027" y="0.839977" z="-1.33872"></position>
            <normal x="0.9306538" y="-2.4763864E-4" z="-0.3659008"></normal>
            <texcoord u="2.79718" v="-5.09874"></texcoord>
          </vertex>
          <vertex>
            <position x="0.676657" y="0.847705" z="-1.34984"></position>
            <normal x="0.930671" y="-5.8160098E-5" z="-0.3658573"></normal>
            <texcoord u="3.24685" v="-5.38965"></texcoord>
          </vertex>
          <vertex>
            <position x="0.695132" y="0.84824" z="-1.30285"></position>
            <normal x="0.9306495" y="-1.2820402E-4" z="-0.36591178"></normal>
            <texcoord u="1.34623" v="-5.40979"></texcoord>
          </vertex>
          <vertex>
            <position x="0.695132" y="0.84824" z="-1.30285"></position>
            <normal x="0.9306495" y="-1.2820402E-4" z="-0.36591178"></normal>
            <texcoord u="1.34622" v="-5.40929"></texcoord>
          </vertex>
          <vertex>
            <position x="0.676657" y="0.847705" z="-1.34984"></position>
            <normal x="0.930671" y="-5.8160098E-5" z="-0.3658573"></normal>
            <texcoord u="3.24684" v="-5.38915"></texcoord>
          </vertex>
          <vertex>
            <position x="0.695768" y="0.888143" z="-1.30124"></position>
            <normal x="0.93063307" y="5.8393936E-5" z="-0.36595365"></normal>
            <texcoord u="1.28094" v="-6.91137"></texcoord>
          </vertex>
          <vertex>
            <position x="0.674464" y="0.875662" z="-1.35542"></position>
            <normal x="0.93075746" y="3.3845867E-5" z="-0.36563712"></normal>
            <texcoord u="3.47247" v="-6.44149"></texcoord>
          </vertex>
          <vertex>
            <position x="0.677292" y="0.887607" z="-1.34822"></position>
            <normal x="0.930665" y="1.3479835E-4" z="-0.36587238"></normal>
            <texcoord u="3.18151" v="-6.89118"></texcoord>
          </vertex>
          <vertex>
            <position x="0.676657" y="0.847705" z="-1.34984"></position>
            <normal x="0.930671" y="-5.8160098E-5" z="-0.3658573"></normal>
            <texcoord u="3.24684" v="-5.38909"></texcoord>
          </vertex>
          <vertex>
            <position x="0.676657" y="0.847705" z="-1.34984"></position>
            <normal x="0.930671" y="-5.8160098E-5" z="-0.3658573"></normal>
            <texcoord u="3.2468" v="-5.38909"></texcoord>
          </vertex>
          <vertex>
            <position x="0.677292" y="0.887607" z="-1.34822"></position>
            <normal x="0.930665" y="1.3479835E-4" z="-0.36587238"></normal>
            <texcoord u="3.18147" v="-6.89118"></texcoord>
          </vertex>
          <vertex>
            <position x="0.695768" y="0.888143" z="-1.30124"></position>
            <normal x="0.93063307" y="5.8393936E-5" z="-0.36595365"></normal>
            <texcoord u="1.28089" v="-6.91131"></texcoord>
          </vertex>
          <vertex>
            <position x="0.677292" y="0.887607" z="-1.34822"></position>
            <normal x="0.930665" y="1.3479835E-4" z="-0.36587238"></normal>
            <texcoord u="3.18147" v="-6.89097"></texcoord>
          </vertex>
          <vertex>
            <position x="0.691396" y="0.895871" z="-1.31235"></position>
            <normal x="0.93061817" y="3.202298E-4" z="-0.36599135"></normal>
            <texcoord u="1.73056" v="-7.2020197"></texcoord>
          </vertex>
          <vertex>
            <position x="0.695768" y="0.888143" z="-1.30124"></position>
            <normal x="0.93063307" y="5.8393936E-5" z="-0.36595365"></normal>
            <texcoord u="1.28089" v="-6.9111"></texcoord>
          </vertex>
          <vertex>
            <position x="0.631629" y="0.887607" z="-1.33027"></position>
            <normal x="-0.9306711" y="1.1989642E-4" z="0.36585698"></normal>
            <texcoord u="-3.18155" v="-6.8912"></texcoord>
          </vertex>
          <vertex>
            <position x="0.628801" y="0.875661" z="-1.33746"></position>
            <normal x="-0.93059766" y="5.4570555E-5" z="0.36604375"></normal>
            <texcoord u="-3.47246" v="-6.44151"></texcoord>
          </vertex>
          <vertex>
            <position x="0.645731" y="0.895871" z="-1.2944"></position>
            <normal x="-0.93065983" y="-1.0305749E-6" z="0.36588562"></normal>
            <texcoord u="-1.73069" v="-7.2022495"></texcoord>
          </vertex>
          <vertex>
            <position x="0.630994" y="0.847704" z="-1.33188"></position>
            <normal x="-0.93048334" y="1.2832698E-4" z="0.3663341"></normal>
            <texcoord u="-3.24646" v="-5.3892"></texcoord>
          </vertex>
          <vertex>
            <position x="0.635367" y="0.839976" z="-1.32077"></position>
            <normal x="-0.93062675" y="4.8790214E-5" z="0.36596972"></normal>
            <texcoord u="-2.79678" v="-5.09829"></texcoord>
          </vertex>
          <vertex>
            <position x="0.628801" y="0.875661" z="-1.33746"></position>
            <normal x="-0.93059766" y="5.4570555E-5" z="0.36604375"></normal>
            <texcoord u="-3.47209" v="-6.4416"></texcoord>
          </vertex>
          <vertex>
            <position x="0.628801" y="0.875661" z="-1.33746"></position>
            <normal x="-0.93059766" y="5.4570555E-5" z="0.36604375"></normal>
            <texcoord u="-3.47243" v="-6.44143"></texcoord>
          </vertex>
          <vertex>
            <position x="0.635367" y="0.839976" z="-1.32077"></position>
            <normal x="-0.93062675" y="4.8790214E-5" z="0.36596972"></normal>
            <texcoord u="-2.79712" v="-5.09812"></texcoord>
          </vertex>
          <vertex>
            <position x="0.645731" y="0.895871" z="-1.2944"></position>
            <normal x="-0.93065983" y="-1.0305749E-6" z="0.36588562"></normal>
            <texcoord u="-1.73065" v="-7.2021704"></texcoord>
          </vertex>
          <vertex>
            <position x="0.649469" y="0.84824" z="-1.28489"></position>
            <normal x="-0.93071" y="1.8508662E-4" z="0.36575788"></normal>
            <texcoord u="-1.34636" v="-5.4095"></texcoord>
          </vertex>
          <vertex>
            <position x="0.652297" y="0.860186" z="-1.2777"></position>
            <normal x="-0.93068" y="4.852655E-5" z="0.36583444"></normal>
            <texcoord u="-1.05545" v="-5.85919"></texcoord>
          </vertex>
          <vertex>
            <position x="0.635367" y="0.839976" z="-1.32077"></position>
            <normal x="-0.93062675" y="4.8790214E-5" z="0.36596972"></normal>
            <texcoord u="-2.79727" v="-5.09845"></texcoord>
          </vertex>
          <vertex>
            <position x="0.652297" y="0.860186" z="-1.2777"></position>
            <normal x="-0.93068" y="4.852655E-5" z="0.36583444"></normal>
            <texcoord u="-1.0553" v="-5.85886"></texcoord>
          </vertex>
          <vertex>
            <position x="0.652297" y="0.860186" z="-1.2777"></position>
            <normal x="-0.93068" y="4.852655E-5" z="0.36583444"></normal>
            <texcoord u="-1.05523" v="-5.85889"></texcoord>
          </vertex>
          <vertex>
            <position x="0.650103" y="0.888143" z="-1.28328"></position>
            <normal x="-0.9306547" y="-5.765946E-6" z="0.36589858"></normal>
            <texcoord u="-1.28091" v="-6.91129"></texcoord>
          </vertex>
          <vertex>
            <position x="0.645731" y="0.895871" z="-1.2944"></position>
            <normal x="-0.93065983" y="-1.0305749E-6" z="0.36588562"></normal>
            <texcoord u="-1.73058" v="-7.2022104"></texcoord>
          </vertex>
          <vertex>
            <position x="0.635367" y="0.839976" z="-1.32077"></position>
            <normal x="0.07670408" y="-0.9777873" z="0.19506024"></normal>
            <texcoord u="1.74808" v="2.45663"></texcoord>
          </vertex>
          <vertex>
            <position x="0.681027" y="0.839977" z="-1.33872"></position>
            <normal x="0.07671437" y="-0.97778535" z="0.19506598"></normal>
            <texcoord u="3.59502" v="2.45661"></texcoord>
          </vertex>
          <vertex>
            <position x="0.649469" y="0.84824" z="-1.28489"></position>
            <normal x="0.07671437" y="-0.97778535" z="0.19506598"></normal>
            <texcoord u="1.74796" v="0.972754"></texcoord>
          </vertex>
          <vertex>
            <position x="0.695132" y="0.84824" z="-1.30285"></position>
            <normal x="0.07672466" y="-0.9777834" z="0.1950717"></normal>
            <texcoord u="3.59498" v="0.97281003"></texcoord>
          </vertex>
          <vertex>
            <position x="0.649469" y="0.84824" z="-1.28489"></position>
            <normal x="0.07671437" y="-0.97778535" z="0.19506598"></normal>
            <texcoord u="1.74793" v="0.972834"></texcoord>
          </vertex>
          <vertex>
            <position x="0.681027" y="0.839977" z="-1.33872"></position>
            <normal x="0.07671437" y="-0.97778535" z="0.19506598"></normal>
            <texcoord u="3.59496" v="2.45673"></texcoord>
          </vertex>
          <vertex>
            <position x="0.652297" y="0.860186" z="-1.2777"></position>
            <normal x="0.35788545" y="0.20970047" z="0.90991414"></normal>
            <texcoord u="1.74796" v="-5.92772"></texcoord>
          </vertex>
          <vertex>
            <position x="0.69796" y="0.860186" z="-1.29566"></position>
            <normal x="0.35787866" y="0.2096862" z="0.9099201"></normal>
            <texcoord u="3.59496" v="-5.92773"></texcoord>
          </vertex>
          <vertex>
            <position x="0.650103" y="0.888143" z="-1.28328"></position>
            <normal x="0.35787866" y="0.2096862" z="0.9099201"></normal>
            <texcoord u="1.74793" v="-7.0040503"></texcoord>
          </vertex>
          <vertex>
            <position x="0.695768" y="0.888143" z="-1.30124"></position>
            <normal x="0.3578719" y="0.20967197" z="0.9099261"></normal>
            <texcoord u="3.59496" v="-7.00408"></texcoord>
          </vertex>
          <vertex>
            <position x="0.650103" y="0.888143" z="-1.28328"></position>
            <normal x="0.35787866" y="0.2096862" z="0.9099201"></normal>
            <texcoord u="1.7479" v="-7.00408"></texcoord>
          </vertex>
          <vertex>
            <position x="0.69796" y="0.860186" z="-1.29566"></position>
            <normal x="0.35787866" y="0.2096862" z="0.9099201"></normal>
            <texcoord u="3.59494" v="-5.92776"></texcoord>
          </vertex>
          <vertex>
            <position x="0.645731" y="0.895871" z="-1.2944"></position>
            <normal x="-0.07669601" y="0.977777" z="-0.19511499"></normal>
            <texcoord u="-1.74789" v="0.972831"></texcoord>
          </vertex>
          <vertex>
            <position x="0.691396" y="0.895871" z="-1.31235"></position>
            <normal x="-0.07669666" y="0.97777736" z="-0.19511296"></normal>
            <texcoord u="-3.59494" v="0.972805"></texcoord>
          </vertex>
          <vertex>
            <position x="0.631629" y="0.887607" z="-1.33027"></position>
            <normal x="-0.07669666" y="0.97777736" z="-0.19511296"></normal>
            <texcoord u="-1.7479" v="2.45666"></texcoord>
          </vertex>
          <vertex>
            <position x="0.677292" y="0.887607" z="-1.34822"></position>
            <normal x="-0.076697305" y="0.9777777" z="-0.19511093"></normal>
            <texcoord u="-3.59498" v="2.45666"></texcoord>
          </vertex>
          <vertex>
            <position x="0.631629" y="0.887607" z="-1.33027"></position>
            <normal x="-0.07669666" y="0.97777736" z="-0.19511296"></normal>
            <texcoord u="-1.74795" v="2.45667"></texcoord>
          </vertex>
          <vertex>
            <position x="0.691396" y="0.895871" z="-1.31235"></position>
            <normal x="-0.07669666" y="0.97777736" z="-0.19511296"></normal>
            <texcoord u="-3.59497" v="0.97278297"></texcoord>
          </vertex>
          <vertex>
            <position x="0.628801" y="0.875661" z="-1.33746"></position>
            <normal x="-0.35788035" y="-0.20968807" z="-0.9099191"></normal>
            <texcoord u="-1.74802" v="-7.0040703"></texcoord>
          </vertex>
          <vertex>
            <position x="0.674464" y="0.875662" z="-1.35542"></position>
            <normal x="-0.35788152" y="-0.20968622" z="-0.909919"></normal>
            <texcoord u="-3.59505" v="-7.00408"></texcoord>
          </vertex>
          <vertex>
            <position x="0.630994" y="0.847704" z="-1.33188"></position>
            <normal x="-0.35788152" y="-0.20968622" z="-0.909919"></normal>
            <texcoord u="-1.74799" v="-5.92775"></texcoord>
          </vertex>
          <vertex>
            <position x="0.676657" y="0.847705" z="-1.34984"></position>
            <normal x="-0.35788268" y="-0.20968436" z="-0.909919"></normal>
            <texcoord u="-3.59504" v="-5.92776"></texcoord>
          </vertex>
          <vertex>
            <position x="0.649469" y="0.84824" z="-1.28489"></position>
            <normal x="0.30734155" y="-0.5430794" z="0.7814128"></normal>
            <texcoord u="1.74792" v="-3.6501198"></texcoord>
          </vertex>
          <vertex>
            <position x="0.695132" y="0.84824" z="-1.30285"></position>
            <normal x="0.30734307" y="-0.54307663" z="0.7814141"></normal>
            <texcoord u="3.59497" v="-3.6501298"></texcoord>
          </vertex>
          <vertex>
            <position x="0.652297" y="0.860186" z="-1.2777"></position>
            <normal x="0.30734307" y="-0.54307663" z="0.7814141"></normal>
            <texcoord u="1.74796" v="-4.18571"></texcoord>
          </vertex>
          <vertex>
            <position x="0.69796" y="0.860186" z="-1.29566"></position>
            <normal x="0.30734462" y="-0.5430739" z="0.7814154"></normal>
            <texcoord u="3.59497" v="-4.18571"></texcoord>
          </vertex>
          <vertex>
            <position x="0.652297" y="0.860186" z="-1.2777"></position>
            <normal x="0.30734307" y="-0.54307663" z="0.7814141"></normal>
            <texcoord u="1.74796" v="-4.1857"></texcoord>
          </vertex>
          <vertex>
            <position x="0.695132" y="0.84824" z="-1.30285"></position>
            <normal x="0.30734307" y="-0.54307663" z="0.7814141"></normal>
            <texcoord u="3.59497" v="-3.6501198"></texcoord>
          </vertex>
          <vertex>
            <position x="0.681027" y="0.839977" z="-1.33872"></position>
            <normal x="-0.19868588" y="-0.83966726" z="-0.5054531"></normal>
            <texcoord u="-3.59498" v="-4.66092"></texcoord>
          </vertex>
          <vertex>
            <position x="0.635367" y="0.839976" z="-1.32077"></position>
            <normal x="-0.19877778" y="-0.8395808" z="-0.50556064"></normal>
            <texcoord u="-1.74804" v="-4.66092"></texcoord>
          </vertex>
          <vertex>
            <position x="0.676657" y="0.847705" z="-1.34984"></position>
            <normal x="-0.19877778" y="-0.8395808" z="-0.50556064"></normal>
            <texcoord u="-3.59503" v="-5.1965"></texcoord>
          </vertex>
          <vertex>
            <position x="0.630994" y="0.847704" z="-1.33188"></position>
            <normal x="-0.19886968" y="-0.8394942" z="-0.50566816"></normal>
            <texcoord u="-1.74797" v="-5.19647"></texcoord>
          </vertex>
          <vertex>
            <position x="0.676657" y="0.847705" z="-1.34984"></position>
            <normal x="-0.19877778" y="-0.8395808" z="-0.50556064"></normal>
            <texcoord u="-3.59503" v="-5.19649"></texcoord>
          </vertex>
          <vertex>
            <position x="0.635367" y="0.839976" z="-1.32077"></position>
            <normal x="-0.19877778" y="-0.8395808" z="-0.50556064"></normal>
            <texcoord u="-1.74803" v="-4.6609"></texcoord>
          </vertex>
          <vertex>
            <position x="0.650103" y="0.888143" z="-1.28328"></position>
            <normal x="0.19877177" y="0.8396803" z="0.5053977"></normal>
            <texcoord u="1.7479" v="-4.37286"></texcoord>
          </vertex>
          <vertex>
            <position x="0.695768" y="0.888143" z="-1.30124"></position>
            <normal x="0.19877833" y="0.8395848" z="0.50555366"></normal>
            <texcoord u="3.59496" v="-4.37286"></texcoord>
          </vertex>
          <vertex>
            <position x="0.645731" y="0.895871" z="-1.2944"></position>
            <normal x="0.19877833" y="0.8395848" z="0.50555366"></normal>
            <texcoord u="1.74787" v="-4.90842"></texcoord>
          </vertex>
          <vertex>
            <position x="0.691396" y="0.895871" z="-1.31235"></position>
            <normal x="0.1987849" y="0.8394893" z="0.50570965"></normal>
            <texcoord u="3.59491" v="-4.9085"></texcoord>
          </vertex>
          <vertex>
            <position x="0.645731" y="0.895871" z="-1.2944"></position>
            <normal x="0.19877833" y="0.8395848" z="0.50555366"></normal>
            <texcoord u="1.74786" v="-4.90849"></texcoord>
          </vertex>
          <vertex>
            <position x="0.695768" y="0.888143" z="-1.30124"></position>
            <normal x="0.19877833" y="0.8395848" z="0.50555366"></normal>
            <texcoord u="3.59495" v="-4.37293"></texcoord>
          </vertex>
          <vertex>
            <position x="0.631629" y="0.887607" z="-1.33027"></position>
            <normal x="-0.30719444" y="0.5430739" z="-0.7814746"></normal>
            <texcoord u="-1.74794" v="-3.89752"></texcoord>
          </vertex>
          <vertex>
            <position x="0.677292" y="0.887607" z="-1.34822"></position>
            <normal x="-0.30721533" y="0.5433209" z="-0.78129447"></normal>
            <texcoord u="-3.59497" v="-3.89753"></texcoord>
          </vertex>
          <vertex>
            <position x="0.628801" y="0.875661" z="-1.33746"></position>
            <normal x="-0.30721533" y="0.5433209" z="-0.78129447"></normal>
            <texcoord u="-1.74794" v="-3.36194"></texcoord>
          </vertex>
          <vertex>
            <position x="0.674464" y="0.875662" z="-1.35542"></position>
            <normal x="-0.30723625" y="0.5435679" z="-0.78111446"></normal>
            <texcoord u="-3.59506" v="-3.3614602"></texcoord>
          </vertex>
          <vertex>
            <position x="0.628801" y="0.875661" z="-1.33746"></position>
            <normal x="-0.30721533" y="0.5433209" z="-0.78129447"></normal>
            <texcoord u="-1.74803" v="-3.3614502"></texcoord>
          </vertex>
          <vertex>
            <position x="0.677292" y="0.887607" z="-1.34822"></position>
            <normal x="-0.30721533" y="0.5433209" z="-0.78129447"></normal>
            <texcoord u="-3.59505" v="-3.89706"></texcoord>
          </vertex>
          <vertex>
            <position x="0.615265" y="0.686972" z="-1.36614"></position>
            <normal x="0.0" y="-1.0" z="0.0"></normal>
            <texcoord u="-1.63908" v="-3.6739802"></texcoord>
          </vertex>
          <vertex>
            <position x="0.612539" y="0.686972" z="-1.35988"></position>
            <normal x="0.0" y="-1.0" z="0.0"></normal>
            <texcoord u="-1.45852" v="-3.4910898"></texcoord>
          </vertex>
          <vertex>
            <position x="0.60719" y="0.686972" z="-1.38667"></position>
            <normal x="0.0" y="-1.0" z="0.0"></normal>
            <texcoord u="-1.6338" v="-4.50475"></texcoord>
          </vertex>
          <vertex>
            <position x="0.592" y="0.686972" z="-1.3518"></position>
            <normal x="0.0" y="-1.0" z="0.0"></normal>
            <texcoord u="-0.627725" v="-3.4857602"></texcoord>
          </vertex>
          <vertex>
            <position x="0.58574" y="0.686972" z="-1.35453"></position>
            <normal x="0.0" y="-1.0" z="0.0"></normal>
            <texcoord u="-0.444832" v="-3.66639"></texcoord>
          </vertex>
          <vertex>
            <position x="0.577664" y="0.686972" z="-1.37507"></position>
            <normal x="0.0" y="-1.0" z="0.0"></normal>
            <texcoord u="-0.439555" v="-4.49716"></texcoord>
          </vertex>
          <vertex>
            <position x="0.580391" y="0.686972" z="-1.38133"></position>
            <normal x="0.0" y="-1.0" z="0.0"></normal>
            <texcoord u="-0.620138" v="-4.68005"></texcoord>
          </vertex>
          <vertex>
            <position x="0.600929" y="0.686972" z="-1.3894"></position>
            <normal x="0.0" y="-1.0" z="0.0"></normal>
            <texcoord u="-1.45091" v="-4.68538"></texcoord>
          </vertex>
          <vertex>
            <position x="0.580391" y="0.697878" z="-1.38133"></position>
            <normal x="0.0" y="1.0" z="0.0"></normal>
            <texcoord u="0.620138" v="-4.68005"></texcoord>
          </vertex>
          <vertex>
            <position x="0.577664" y="0.697878" z="-1.37507"></position>
            <normal x="0.0" y="1.0" z="0.0"></normal>
            <texcoord u="0.439555" v="-4.49716"></texcoord>
          </vertex>
          <vertex>
            <position x="0.600929" y="0.697878" z="-1.3894"></position>
            <normal x="0.0" y="1.0" z="0.0"></normal>
            <texcoord u="1.45091" v="-4.68538"></texcoord>
          </vertex>
          <vertex>
            <position x="0.58574" y="0.697878" z="-1.35453"></position>
            <normal x="0.0" y="1.0" z="0.0"></normal>
            <texcoord u="0.444832" v="-3.66639"></texcoord>
          </vertex>
          <vertex>
            <position x="0.592" y="0.697878" z="-1.3518"></position>
            <normal x="0.0" y="1.0" z="0.0"></normal>
            <texcoord u="0.627725" v="-3.4857602"></texcoord>
          </vertex>
          <vertex>
            <position x="0.612539" y="0.697878" z="-1.35988"></position>
            <normal x="0.0" y="1.0" z="0.0"></normal>
            <texcoord u="1.45852" v="-3.4910898"></texcoord>
          </vertex>
          <vertex>
            <position x="0.615265" y="0.697878" z="-1.36614"></position>
            <normal x="0.0" y="1.0" z="0.0"></normal>
            <texcoord u="1.63908" v="-3.6739802"></texcoord>
          </vertex>
          <vertex>
            <position x="0.60719" y="0.697878" z="-1.38667"></position>
            <normal x="0.0" y="1.0" z="0.0"></normal>
            <texcoord u="1.6338" v="-4.50475"></texcoord>
          </vertex>
          <vertex>
            <position x="0.592" y="0.697878" z="-1.3518"></position>
            <normal x="0.36608875" y="0.0" z="0.93058"></normal>
            <texcoord u="0.656453" v="0.25087303"></texcoord>
          </vertex>
          <vertex>
            <position x="0.592" y="0.686972" z="-1.3518"></position>
            <normal x="0.36608875" y="0.0" z="0.93058"></normal>
            <texcoord u="0.656453" v="0.661412"></texcoord>
          </vertex>
          <vertex>
            <position x="0.612539" y="0.697878" z="-1.35988"></position>
            <normal x="0.36608875" y="0.0" z="0.93058"></normal>
            <texcoord u="1.48726" v="0.25087202"></texcoord>
          </vertex>
          <vertex>
            <position x="0.612539" y="0.686972" z="-1.35988"></position>
            <normal x="0.36608875" y="0.0" z="0.93058"></normal>
            <texcoord u="1.48726" v="0.661412"></texcoord>
          </vertex>
          <vertex>
            <position x="0.615265" y="0.697878" z="-1.36614"></position>
            <normal x="0.93060267" y="0.0" z="-0.36603117"></normal>
            <texcoord u="4.66348" v="0.250897"></texcoord>
          </vertex>
          <vertex>
            <position x="0.615265" y="0.686972" z="-1.36614"></position>
            <normal x="0.93060267" y="0.0" z="-0.36603117"></normal>
            <texcoord u="4.66348" v="0.66143596"></texcoord>
          </vertex>
          <vertex>
            <position x="0.60719" y="0.697878" z="-1.38667"></position>
            <normal x="0.93060267" y="0.0" z="-0.36603117"></normal>
            <texcoord u="5.49427" v="0.25090098"></texcoord>
          </vertex>
          <vertex>
            <position x="0.60719" y="0.686972" z="-1.38667"></position>
            <normal x="0.93060267" y="0.0" z="-0.36603117"></normal>
            <texcoord u="5.49426" v="0.66144"></texcoord>
          </vertex>
          <vertex>
            <position x="0.600929" y="0.697878" z="-1.3894"></position>
            <normal x="-0.36571047" y="0.0" z="-0.9307287"></normal>
            <texcoord u="-1.4873" v="0.25087202"></texcoord>
          </vertex>
          <vertex>
            <position x="0.600929" y="0.686972" z="-1.3894"></position>
            <normal x="-0.36571047" y="0.0" z="-0.9307287"></normal>
            <texcoord u="-1.4873" v="0.661412"></texcoord>
          </vertex>
          <vertex>
            <position x="0.580391" y="0.697878" z="-1.38133"></position>
            <normal x="-0.36571047" y="0.0" z="-0.9307287"></normal>
            <texcoord u="-0.656516" v="0.25087303"></texcoord>
          </vertex>
          <vertex>
            <position x="0.580391" y="0.686972" z="-1.38133"></position>
            <normal x="-0.36571047" y="0.0" z="-0.9307287"></normal>
            <texcoord u="-0.656516" v="0.661412"></texcoord>
          </vertex>
          <vertex>
            <position x="0.577664" y="0.697878" z="-1.37507"></position>
            <normal x="-0.9306486" y="0.0" z="0.36591408"></normal>
            <texcoord u="-5.49426" v="0.25090098"></texcoord>
          </vertex>
          <vertex>
            <position x="0.577664" y="0.686972" z="-1.37507"></position>
            <normal x="-0.9306486" y="0.0" z="0.36591408"></normal>
            <texcoord u="-5.49426" v="0.66144"></texcoord>
          </vertex>
          <vertex>
            <position x="0.58574" y="0.697878" z="-1.35453"></position>
            <normal x="-0.9306486" y="0.0" z="0.36591408"></normal>
            <texcoord u="-4.66348" v="0.250897"></texcoord>
          </vertex>
          <vertex>
            <position x="0.58574" y="0.686972" z="-1.35453"></position>
            <normal x="-0.9306486" y="0.0" z="0.36591408"></normal>
            <texcoord u="-4.66348" v="0.66143596"></texcoord>
          </vertex>
          <vertex>
            <position x="0.612539" y="0.697878" z="-1.35988"></position>
            <normal x="0.9168416" y="0.0" z="0.39925113"></normal>
            <texcoord u="4.22067" v="0.25088698"></texcoord>
          </vertex>
          <vertex>
            <position x="0.612539" y="0.686972" z="-1.35988"></position>
            <normal x="0.9168416" y="0.0" z="0.39925113"></normal>
            <texcoord u="4.22067" v="0.661426"></texcoord>
          </vertex>
          <vertex>
            <position x="0.615265" y="0.697878" z="-1.36614"></position>
            <normal x="0.9168416" y="0.0" z="0.39925113"></normal>
            <texcoord u="4.47768" v="0.25088698"></texcoord>
          </vertex>
          <vertex>
            <position x="0.615265" y="0.686972" z="-1.36614"></position>
            <normal x="0.9168416" y="0.0" z="0.39925113"></normal>
            <texcoord u="4.47768" v="0.661427"></texcoord>
          </vertex>
          <vertex>
            <position x="0.592" y="0.686972" z="-1.3518"></position>
            <normal x="-0.3997426" y="0.0" z="0.9166274"></normal>
            <texcoord u="-2.70548" v="0.66142297"></texcoord>
          </vertex>
          <vertex>
            <position x="0.592" y="0.697878" z="-1.3518"></position>
            <normal x="-0.3997426" y="0.0" z="0.9166274"></normal>
            <texcoord u="-2.70548" v="0.250884"></texcoord>
          </vertex>
          <vertex>
            <position x="0.58574" y="0.686972" z="-1.35453"></position>
            <normal x="-0.3997426" y="0.0" z="0.9166274"></normal>
            <texcoord u="-2.96253" v="0.66142404"></texcoord>
          </vertex>
          <vertex>
            <position x="0.58574" y="0.697878" z="-1.35453"></position>
            <normal x="-0.3997426" y="0.0" z="0.9166274"></normal>
            <texcoord u="-2.96253" v="0.250885"></texcoord>
          </vertex>
          <vertex>
            <position x="0.60719" y="0.697878" z="-1.38667"></position>
            <normal x="0.39969146" y="0.0" z="-0.91664976"></normal>
            <texcoord u="2.70567" v="0.250884"></texcoord>
          </vertex>
          <vertex>
            <position x="0.60719" y="0.686972" z="-1.38667"></position>
            <normal x="0.39969146" y="0.0" z="-0.91664976"></normal>
            <texcoord u="2.70567" v="0.66142297"></texcoord>
          </vertex>
          <vertex>
            <position x="0.600929" y="0.697878" z="-1.3894"></position>
            <normal x="0.39969146" y="0.0" z="-0.91664976"></normal>
            <texcoord u="2.96272" v="0.250885"></texcoord>
          </vertex>
          <vertex>
            <position x="0.600929" y="0.686972" z="-1.3894"></position>
            <normal x="0.39969146" y="0.0" z="-0.91664976"></normal>
            <texcoord u="2.96272" v="0.66142404"></texcoord>
          </vertex>
          <vertex>
            <position x="0.580391" y="0.697878" z="-1.38133"></position>
            <normal x="-0.9167905" y="0.0" z="-0.39936852"></normal>
            <texcoord u="-4.47754" v="0.25088698"></texcoord>
          </vertex>
          <vertex>
            <position x="0.580391" y="0.686972" z="-1.38133"></position>
            <normal x="-0.9167905" y="0.0" z="-0.39936852"></normal>
            <texcoord u="-4.47754" v="0.661427"></texcoord>
          </vertex>
          <vertex>
            <position x="0.577664" y="0.697878" z="-1.37507"></position>
            <normal x="-0.9167905" y="0.0" z="-0.39936852"></normal>
            <texcoord u="-4.22052" v="0.25088698"></texcoord>
          </vertex>
          <vertex>
            <position x="0.577664" y="0.686972" z="-1.37507"></position>
            <normal x="-0.9167905" y="0.0" z="-0.39936852"></normal>
            <texcoord u="-4.22052" v="0.661426"></texcoord>
          </vertex>
          <vertex>
            <position x="0.694106" y="0.686972" z="-1.39714"></position>
            <normal x="0.0" y="-1.0" z="0.0"></normal>
            <texcoord u="-4.82802" v="-3.6942801"></texcoord>
          </vertex>
          <vertex>
            <position x="0.691379" y="0.686972" z="-1.39087"></position>
            <normal x="0.0" y="-1.0" z="0.0"></normal>
            <texcoord u="-4.6474" v="-3.5113401"></texcoord>
          </vertex>
          <vertex>
            <position x="0.686031" y="0.686972" z="-1.41767"></position>
            <normal x="0.0" y="-1.0" z="0.0"></normal>
            <texcoord u="-4.82275" v="-4.52501"></texcoord>
          </vertex>
          <vertex>
            <position x="0.67084" y="0.686972" z="-1.3828"></position>
            <normal x="0.0" y="-1.0" z="0.0"></normal>
            <texcoord u="-3.81667" v="-3.5060701"></texcoord>
          </vertex>
          <vertex>
            <position x="0.664579" y="0.686972" z="-1.38553"></position>
            <normal x="0.0" y="-1.0" z="0.0"></normal>
            <texcoord u="-3.63373" v="-3.6866999"></texcoord>
          </vertex>
          <vertex>
            <position x="0.656504" y="0.686972" z="-1.40606"></position>
            <normal x="0.0" y="-1.0" z="0.0"></normal>
            <texcoord u="-3.62846" v="-4.51742"></texcoord>
          </vertex>
          <vertex>
            <position x="0.659232" y="0.686972" z="-1.41232"></position>
            <normal x="0.0" y="-1.0" z="0.0"></normal>
            <texcoord u="-3.80909" v="-4.70031"></texcoord>
          </vertex>
          <vertex>
            <position x="0.679769" y="0.686972" z="-1.4204"></position>
            <normal x="0.0" y="-1.0" z="0.0"></normal>
            <texcoord u="-4.63981" v="-4.70563"></texcoord>
          </vertex>
          <vertex>
            <position x="0.659232" y="0.697878" z="-1.41232"></position>
            <normal x="0.0" y="1.0" z="0.0"></normal>
            <texcoord u="3.80909" v="-4.70031"></texcoord>
          </vertex>
        </vertexbuffer>
      </geometry>
    </submesh>
  </submeshes>
</mesh>
