<mesh>
  <submeshes>
    <submesh material="Material.73" usesharedvertices="false">
      <faces count="126">
        <face v1="0" v2="1" v3="2"></face>
        <face v1="3" v2="1" v3="0"></face>
        <face v1="1" v2="3" v3="4"></face>
        <face v1="3" v2="5" v3="4"></face>
        <face v1="6" v2="0" v3="2"></face>
        <face v1="6" v2="7" v3="0"></face>
        <face v1="6" v2="5" v3="7"></face>
        <face v1="5" v2="6" v3="4"></face>
        <face v1="8" v2="9" v3="10"></face>
        <face v1="8" v2="10" v3="11"></face>
        <face v1="12" v2="13" v3="14"></face>
        <face v1="12" v2="14" v3="15"></face>
        <face v1="16" v2="17" v3="18"></face>
        <face v1="16" v2="18" v3="19"></face>
        <face v1="20" v2="21" v3="22"></face>
        <face v1="20" v2="22" v3="23"></face>
        <face v1="24" v2="25" v3="26"></face>
        <face v1="24" v2="26" v3="27"></face>
        <face v1="28" v2="29" v3="30"></face>
        <face v1="28" v2="30" v3="31"></face>
        <face v1="32" v2="33" v3="34"></face>
        <face v1="32" v2="34" v3="35"></face>
        <face v1="36" v2="37" v3="38"></face>
        <face v1="36" v2="38" v3="39"></face>
        <face v1="40" v2="41" v3="42"></face>
        <face v1="40" v2="42" v3="43"></face>
        <face v1="44" v2="45" v3="46"></face>
        <face v1="47" v2="45" v3="44"></face>
        <face v1="48" v2="45" v3="47"></face>
        <face v1="49" v2="44" v3="46"></face>
        <face v1="49" v2="50" v3="44"></face>
        <face v1="49" v2="48" v3="50"></face>
        <face v1="51" v2="48" v3="49"></face>
        <face v1="51" v2="45" v3="48"></face>
        <face v1="52" v2="53" v3="54"></face>
        <face v1="52" v2="54" v3="55"></face>
        <face v1="56" v2="57" v3="58"></face>
        <face v1="56" v2="58" v3="59"></face>
        <face v1="60" v2="61" v3="62"></face>
        <face v1="60" v2="62" v3="63"></face>
        <face v1="64" v2="65" v3="66"></face>
        <face v1="64" v2="66" v3="67"></face>
      </faces>
      <geometry vertexcount="68">
        <vertexbuffer positions="true" normals="true" texture_coords="1">
          <vertex>
            <position x="2.13209" y="0.733009" z="-1.47065"></position>
            <normal x="0.07127594" y="0.22953048" z="0.9706881"></normal>
            <texcoord u="21.6535" v="0.015748024"></texcoord>
          </vertex>
          <vertex>
            <position x="1.55885" y="0.707561" z="-1.42254"></position>
            <normal x="0.07123961" y="0.22952764" z="0.97069144"></normal>
            <texcoord u="0.0" v="1.0"></texcoord>
          </vertex>
          <vertex>
            <position x="2.14296" y="0.70756" z="-1.46543"></position>
            <normal x="0.07127046" y="0.22954261" z="0.97068566"></normal>
            <texcoord u="22.0472" v="1.0"></texcoord>
          </vertex>
          <vertex>
            <position x="1.56884" y="0.733009" z="-1.42929"></position>
            <normal x="0.07118217" y="0.22952592" z="0.97069615"></normal>
            <texcoord u="0.393701" v="0.015748024"></texcoord>
          </vertex>
          <vertex>
            <position x="1.55243" y="1.07911" z="-1.50993"></position>
            <normal x="0.07118002" y="0.22959612" z="0.9706797"></normal>
            <texcoord u="0.0" v="-13.3701"></texcoord>
          </vertex>
          <vertex>
            <position x="1.56304" y="1.06893" z="-1.5083"></position>
            <normal x="0.07121815" y="0.22959745" z="0.97067654"></normal>
            <texcoord u="0.393701" v="-12.9764"></texcoord>
          </vertex>
          <vertex>
            <position x="2.13654" y="1.07911" z="-1.55282"></position>
            <normal x="0.071274936" y="0.22958331" z="0.97067577"></normal>
            <texcoord u="22.0472" v="-13.3701"></texcoord>
          </vertex>
          <vertex>
            <position x="2.12629" y="1.06893" z="-1.54966"></position>
            <normal x="0.07128111" y="0.22954269" z="0.9706849"></normal>
            <texcoord u="21.6535" v="-12.9764"></texcoord>
          </vertex>
          <vertex>
            <position x="2.1248" y="1.06413" z="-1.56996"></position>
            <normal x="-0.033262353" y="0.12604475" z="0.9914668"></normal>
            <texcoord u="21.2633" v="-12.9764"></texcoord>
          </vertex>
          <vertex>
            <position x="1.91555" y="0.956456" z="-1.56329"></position>
            <normal x="0.020362612" y="0.022308493" z="0.9995437"></normal>
            <texcoord u="13.291" v="-9.1063"></texcoord>
          </vertex>
          <vertex>
            <position x="1.91832" y="0.79613" z="-1.52559"></position>
            <normal x="-0.038278878" y="0.3563058" z="0.933585"></normal>
            <texcoord u="13.291" v="-2.90551"></texcoord>
          </vertex>
          <vertex>
            <position x="2.1306" y="0.728208" z="-1.49096"></position>
            <normal x="0.0109528825" y="0.48112836" z="0.8765817"></normal>
            <texcoord u="21.2633" v="0.015748024"></texcoord>
          </vertex>
          <vertex>
            <position x="2.13505" y="1.07431" z="-1.57312"></position>
            <normal x="0.9973181" y="1.9398181E-5" z="-0.07318866"></normal>
            <texcoord u="0.787402" v="-13.3701"></texcoord>
          </vertex>
          <vertex>
            <position x="2.13654" y="1.07911" z="-1.55282"></position>
            <normal x="0.99731725" y="1.610971E-5" z="-0.07319979"></normal>
            <texcoord u="0.0" v="-13.3701"></texcoord>
          </vertex>
          <vertex>
            <position x="2.14296" y="0.70756" z="-1.46543"></position>
            <normal x="0.9973181" y="1.9398181E-5" z="-0.07318866"></normal>
            <texcoord u="0.0" v="1.0"></texcoord>
          </vertex>
          <vertex>
            <position x="2.14147" y="0.702759" z="-1.48574"></position>
            <normal x="0.9973189" y="2.2686652E-5" z="-0.073177524"></normal>
            <texcoord u="0.787402" v="1.0"></texcoord>
          </vertex>
          <vertex>
            <position x="1.91832" y="0.79613" z="-1.52559"></position>
            <normal x="-0.071290985" y="-0.22951585" z="-0.9706905"></normal>
            <texcoord u="-13.7795" v="-2.90551"></texcoord>
          </vertex>
          <vertex>
            <position x="1.77229" y="0.79613" z="-1.51486"></position>
            <normal x="-0.0713232" y="-0.22954424" z="-0.9706814"></normal>
            <texcoord u="-8.26772" v="-2.90551"></texcoord>
          </vertex>
          <vertex>
            <position x="1.76952" y="0.956456" z="-1.55257"></position>
            <normal x="-0.071290985" y="-0.22951585" z="-0.9706905"></normal>
            <texcoord u="-8.26772" v="-9.1063"></texcoord>
          </vertex>
          <vertex>
            <position x="1.91555" y="0.956456" z="-1.56329"></position>
            <normal x="-0.07125876" y="-0.22948748" z="-0.97069955"></normal>
            <texcoord u="-13.7795" v="-9.1063"></texcoord>
          </vertex>
          <vertex>
            <position x="2.1306" y="0.728208" z="-1.49096"></position>
            <normal x="-0.016804285" y="0.97331786" z="-0.22884484"></normal>
            <texcoord u="21.6535" v="0.21259803"></texcoord>
          </vertex>
          <vertex>
            <position x="1.56735" y="0.728208" z="-1.4496"></position>
            <normal x="-0.016804362" y="0.97331774" z="-0.22884554"></normal>
            <texcoord u="0.393701" v="0.21259803"></texcoord>
          </vertex>
          <vertex>
            <position x="1.56884" y="0.733009" z="-1.42929"></position>
            <normal x="-0.016804285" y="0.97331786" z="-0.22884484"></normal>
            <texcoord u="0.393701" v="1.0"></texcoord>
          </vertex>
          <vertex>
            <position x="2.13209" y="0.733009" z="-1.47065"></position>
            <normal x="-0.01680421" y="0.97331804" z="-0.22884417"></normal>
            <texcoord u="21.6535" v="1.0"></texcoord>
          </vertex>
          <vertex>
            <position x="1.55736" y="0.702759" z="-1.44285"></position>
            <normal x="-0.9973181" y="-1.943587E-5" z="0.073188454"></normal>
            <texcoord u="-0.787402" v="1.0"></texcoord>
          </vertex>
          <vertex>
            <position x="1.55885" y="0.707561" z="-1.42254"></position>
            <normal x="-0.9973194" y="-2.2522288E-5" z="0.07317124"></normal>
            <texcoord u="0.0" v="1.0"></texcoord>
          </vertex>
          <vertex>
            <position x="1.55243" y="1.07911" z="-1.50993"></position>
            <normal x="-0.9973181" y="-1.943587E-5" z="0.073188454"></normal>
            <texcoord u="0.0" v="-13.3701"></texcoord>
          </vertex>
          <vertex>
            <position x="1.55094" y="1.07431" z="-1.53023"></position>
            <normal x="-0.99731684" y="-1.6349459E-5" z="0.07320568"></normal>
            <texcoord u="-0.787402" v="-13.3701"></texcoord>
          </vertex>
          <vertex>
            <position x="1.56735" y="0.728208" z="-1.4496"></position>
            <normal x="0.9973184" y="7.192111E-6" z="-0.0731858"></normal>
            <texcoord u="0.787402" v="0.015748024"></texcoord>
          </vertex>
          <vertex>
            <position x="1.56155" y="1.06413" z="-1.5286"></position>
            <normal x="0.99731714" y="4.239892E-6" z="-0.07320283"></normal>
            <texcoord u="0.787402" v="-12.9764"></texcoord>
          </vertex>
          <vertex>
            <position x="1.56304" y="1.06893" z="-1.5083"></position>
            <normal x="0.9973184" y="7.192111E-6" z="-0.0731858"></normal>
            <texcoord u="0.0" v="-12.9764"></texcoord>
          </vertex>
          <vertex>
            <position x="1.56884" y="0.733009" z="-1.42929"></position>
            <normal x="0.9973196" y="1.0144328E-5" z="-0.07316876"></normal>
            <texcoord u="0.0" v="0.015748024"></texcoord>
          </vertex>
          <vertex>
            <position x="1.56155" y="1.06413" z="-1.5286"></position>
            <normal x="0.1258607" y="0.02231667" z="0.99179685"></normal>
            <texcoord u="0.393701" v="-12.0602"></texcoord>
          </vertex>
          <vertex>
            <position x="1.76952" y="0.956456" z="-1.55257"></position>
            <normal x="0.17772543" y="0.1260417" z="0.975975"></normal>
            <texcoord u="8.26772" v="-7.99382"></texcoord>
          </vertex>
          <vertex>
            <position x="1.91555" y="0.956456" z="-1.56329"></position>
            <normal x="0.020362612" y="0.022308493" z="0.9995437"></normal>
            <texcoord u="13.7795" v="-7.99382"></texcoord>
          </vertex>
          <vertex>
            <position x="2.1248" y="1.06413" z="-1.56996"></position>
            <normal x="-0.033262353" y="0.12604475" z="0.9914668"></normal>
            <texcoord u="21.6535" v="-12.0602"></texcoord>
          </vertex>
          <vertex>
            <position x="2.1248" y="1.06413" z="-1.56996"></position>
            <normal x="-0.9973179" y="-5.9202357E-6" z="0.0731911"></normal>
            <texcoord u="-0.787402" v="-12.9764"></texcoord>
          </vertex>
          <vertex>
            <position x="2.1306" y="0.728208" z="-1.49096"></position>
            <normal x="-0.99731916" y="-1.0977577E-5" z="0.073174335"></normal>
            <texcoord u="-0.787402" v="0.015748024"></texcoord>
          </vertex>
          <vertex>
            <position x="2.13209" y="0.733009" z="-1.47065"></position>
            <normal x="-0.9973179" y="-5.9202357E-6" z="0.0731911"></normal>
            <texcoord u="0.0" v="0.015748024"></texcoord>
          </vertex>
          <vertex>
            <position x="2.12629" y="1.06893" z="-1.54966"></position>
            <normal x="-0.99731666" y="-8.628936E-7" z="0.07320786"></normal>
            <texcoord u="0.0" v="-12.9764"></texcoord>
          </vertex>
          <vertex>
            <position x="2.1306" y="0.728208" z="-1.49096"></position>
            <normal x="0.0109528825" y="0.48112836" z="0.8765817"></normal>
            <texcoord u="21.6535" v="-0.21446002"></texcoord>
          </vertex>
          <vertex>
            <position x="1.91832" y="0.79613" z="-1.52559"></position>
            <normal x="-0.038278878" y="0.3563058" z="0.933585"></normal>
            <texcoord u="13.7795" v="-3.39115"></texcoord>
          </vertex>
          <vertex>
            <position x="1.77229" y="0.79613" z="-1.51486"></position>
            <normal x="0.117222175" y="0.48113713" z="0.86877275"></normal>
            <texcoord u="8.26772" v="-3.39115"></texcoord>
          </vertex>
          <vertex>
            <position x="1.56735" y="0.728208" z="-1.4496"></position>
            <normal x="0.17425077" y="0.356276" z="0.91798913"></normal>
            <texcoord u="0.393701" v="-0.21446002"></texcoord>
          </vertex>
          <vertex>
            <position x="2.1248" y="1.06413" z="-1.56996"></position>
            <normal x="-0.07125999" y="-0.22957106" z="-0.9706797"></normal>
            <texcoord u="-21.6535" v="-12.9764"></texcoord>
          </vertex>
          <vertex>
            <position x="1.55094" y="1.07431" z="-1.53023"></position>
            <normal x="-0.07120608" y="-0.22957107" z="-0.9706837"></normal>
            <texcoord u="0.0" v="-13.3701"></texcoord>
          </vertex>
          <vertex>
            <position x="2.13505" y="1.07431" z="-1.57312"></position>
            <normal x="-0.07129156" y="-0.22953102" z="-0.9706869"></normal>
            <texcoord u="-22.0472" v="-13.3701"></texcoord>
          </vertex>
          <vertex>
            <position x="1.56155" y="1.06413" z="-1.5286"></position>
            <normal x="-0.07117562" y="-0.22961113" z="-0.9706764"></normal>
            <texcoord u="-0.393701" v="-12.9764"></texcoord>
          </vertex>
          <vertex>
            <position x="1.56735" y="0.728208" z="-1.4496"></position>
            <normal x="-0.07120705" y="-0.22951558" z="-0.97069675"></normal>
            <texcoord u="-0.393701" v="0.015748024"></texcoord>
          </vertex>
          <vertex>
            <position x="2.14147" y="0.702759" z="-1.48574"></position>
            <normal x="-0.07126096" y="-0.22951558" z="-0.97069275"></normal>
            <texcoord u="-22.0472" v="1.0"></texcoord>
          </vertex>
          <vertex>
            <position x="2.1306" y="0.728208" z="-1.49096"></position>
            <normal x="-0.071229815" y="-0.22953099" z="-0.97069144"></normal>
            <texcoord u="-21.6535" v="0.015748024"></texcoord>
          </vertex>
          <vertex>
            <position x="1.55736" y="0.702759" z="-1.44285"></position>
            <normal x="-0.07123708" y="-0.22950017" z="-0.9706982"></normal>
            <texcoord u="0.0" v="1.0"></texcoord>
          </vertex>
          <vertex>
            <position x="1.56735" y="0.728208" z="-1.4496"></position>
            <normal x="0.17425077" y="0.356276" z="0.91798913"></normal>
            <texcoord u="0.512111" v="0.015748024"></texcoord>
          </vertex>
          <vertex>
            <position x="1.77229" y="0.79613" z="-1.51486"></position>
            <normal x="0.117222175" y="0.48113713" z="0.86877275"></normal>
            <texcoord u="8.48442" v="-2.90551"></texcoord>
          </vertex>
          <vertex>
            <position x="1.76952" y="0.956456" z="-1.55257"></position>
            <normal x="0.17772543" y="0.1260417" z="0.975975"></normal>
            <texcoord u="8.48442" v="-9.1063"></texcoord>
          </vertex>
          <vertex>
            <position x="1.56155" y="1.06413" z="-1.5286"></position>
            <normal x="0.1258607" y="0.02231667" z="0.99179685"></normal>
            <texcoord u="0.512111" v="-12.9764"></texcoord>
          </vertex>
          <vertex>
            <position x="1.55094" y="1.07431" z="-1.53023"></position>
            <normal x="-0.0168084" y="0.97330236" z="-0.22891036"></normal>
            <texcoord u="0.0" v="0.21259803"></texcoord>
          </vertex>
          <vertex>
            <position x="1.55243" y="1.07911" z="-1.50993"></position>
            <normal x="-0.016808398" y="0.9733024" z="-0.22891031"></normal>
            <texcoord u="0.0" v="1.0"></texcoord>
          </vertex>
          <vertex>
            <position x="2.13654" y="1.07911" z="-1.55282"></position>
            <normal x="-0.0168084" y="0.97330236" z="-0.22891036"></normal>
            <texcoord u="22.0472" v="1.0"></texcoord>
          </vertex>
          <vertex>
            <position x="2.13505" y="1.07431" z="-1.57312"></position>
            <normal x="-0.016808402" y="0.97330236" z="-0.22891039"></normal>
            <texcoord u="22.0472" v="0.21259803"></texcoord>
          </vertex>
          <vertex>
            <position x="2.14147" y="0.702759" z="-1.48574"></position>
            <normal x="0.016804457" y="-0.97331244" z="0.22886783"></normal>
            <texcoord u="-22.0472" v="0.21259803"></texcoord>
          </vertex>
          <vertex>
            <position x="2.14296" y="0.70756" z="-1.46543"></position>
            <normal x="0.016802004" y="-0.97331774" z="0.22884561"></normal>
            <texcoord u="-22.0472" v="1.0"></texcoord>
          </vertex>
          <vertex>
            <position x="1.55885" y="0.707561" z="-1.42254"></position>
            <normal x="0.016804457" y="-0.97331244" z="0.22886783"></normal>
            <texcoord u="0.0" v="1.0"></texcoord>
          </vertex>
          <vertex>
            <position x="1.55736" y="0.702759" z="-1.44285"></position>
            <normal x="0.016806914" y="-0.9733072" z="0.22889008"></normal>
            <texcoord u="0.0" v="0.21259803"></texcoord>
          </vertex>
          <vertex>
            <position x="1.56155" y="1.06413" z="-1.5286"></position>
            <normal x="0.016809108" y="-0.9733025" z="0.22891021"></normal>
            <texcoord u="-0.393701" v="0.21259803"></texcoord>
          </vertex>
          <vertex>
            <position x="2.1248" y="1.06413" z="-1.56996"></position>
            <normal x="0.016809108" y="-0.9733025" z="0.22891016"></normal>
            <texcoord u="-21.6535" v="0.21259803"></texcoord>
          </vertex>
          <vertex>
            <position x="2.12629" y="1.06893" z="-1.54966"></position>
            <normal x="0.016809108" y="-0.9733025" z="0.22891021"></normal>
            <texcoord u="-21.6535" v="1.0"></texcoord>
          </vertex>
          <vertex>
            <position x="1.56304" y="1.06893" z="-1.5083"></position>
            <normal x="0.01680911" y="-0.9733025" z="0.22891024"></normal>
            <texcoord u="-0.393701" v="1.0"></texcoord>
          </vertex>
        </vertexbuffer>
      </geometry>
    </submesh>
  </submeshes>
</mesh>
