<mesh>
  <submeshes>
    <submesh material="Material.102" usesharedvertices="false">
      <faces count="474">
        <face v1="0" v2="1" v3="2"></face>
        <face v1="3" v2="4" v3="5"></face>
        <face v1="6" v2="5" v3="4"></face>
        <face v1="7" v2="6" v3="4"></face>
        <face v1="6" v2="7" v3="8"></face>
        <face v1="9" v2="8" v3="7"></face>
        <face v1="8" v2="9" v3="10"></face>
        <face v1="11" v2="10" v3="9"></face>
        <face v1="12" v2="11" v3="9"></face>
        <face v1="13" v2="12" v3="9"></face>
        <face v1="14" v2="13" v3="9"></face>
        <face v1="13" v2="14" v3="15"></face>
        <face v1="13" v2="15" v3="16"></face>
        <face v1="13" v2="16" v3="17"></face>
        <face v1="13" v2="17" v3="18"></face>
        <face v1="13" v2="18" v3="19"></face>
        <face v1="13" v2="19" v3="20"></face>
        <face v1="13" v2="20" v3="21"></face>
        <face v1="13" v2="21" v3="22"></face>
        <face v1="13" v2="22" v3="23"></face>
        <face v1="13" v2="23" v3="24"></face>
        <face v1="13" v2="24" v3="25"></face>
        <face v1="13" v2="25" v3="26"></face>
        <face v1="13" v2="26" v3="27"></face>
        <face v1="13" v2="27" v3="28"></face>
        <face v1="13" v2="28" v3="29"></face>
        <face v1="13" v2="29" v3="30"></face>
        <face v1="13" v2="30" v3="31"></face>
        <face v1="32" v2="26" v3="25"></face>
        <face v1="33" v2="32" v3="25"></face>
        <face v1="34" v2="33" v3="25"></face>
        <face v1="35" v2="34" v3="25"></face>
        <face v1="36" v2="35" v3="25"></face>
        <face v1="37" v2="36" v3="25"></face>
        <face v1="38" v2="37" v3="25"></face>
        <face v1="39" v2="38" v3="25"></face>
        <face v1="40" v2="39" v3="25"></face>
        <face v1="41" v2="31" v3="30"></face>
        <face v1="31" v2="41" v3="42"></face>
        <face v1="31" v2="42" v3="43"></face>
        <face v1="31" v2="43" v3="44"></face>
        <face v1="39" v2="40" v3="45"></face>
        <face v1="46" v2="45" v3="40"></face>
        <face v1="47" v2="46" v3="40"></face>
        <face v1="48" v2="47" v3="40"></face>
        <face v1="49" v2="44" v3="43"></face>
        <face v1="44" v2="49" v3="50"></face>
        <face v1="44" v2="50" v3="51"></face>
        <face v1="47" v2="48" v3="52"></face>
        <face v1="53" v2="52" v3="48"></face>
        <face v1="54" v2="53" v3="48"></face>
        <face v1="55" v2="51" v3="50"></face>
        <face v1="51" v2="55" v3="56"></face>
        <face v1="51" v2="56" v3="57"></face>
        <face v1="53" v2="54" v3="58"></face>
        <face v1="59" v2="58" v3="54"></face>
        <face v1="60" v2="59" v3="54"></face>
        <face v1="61" v2="57" v3="56"></face>
        <face v1="57" v2="61" v3="62"></face>
        <face v1="57" v2="62" v3="63"></face>
        <face v1="57" v2="63" v3="64"></face>
        <face v1="59" v2="60" v3="65"></face>
        <face v1="66" v2="65" v3="60"></face>
        <face v1="67" v2="66" v3="60"></face>
        <face v1="68" v2="64" v3="63"></face>
        <face v1="66" v2="67" v3="69"></face>
        <face v1="64" v2="68" v3="70"></face>
        <face v1="64" v2="70" v3="71"></face>
        <face v1="64" v2="71" v3="72"></face>
        <face v1="64" v2="72" v3="73"></face>
        <face v1="64" v2="73" v3="74"></face>
        <face v1="64" v2="74" v3="75"></face>
        <face v1="64" v2="75" v3="76"></face>
        <face v1="64" v2="76" v3="77"></face>
        <face v1="64" v2="77" v3="78"></face>
        <face v1="64" v2="78" v3="79"></face>
        <face v1="80" v2="69" v3="67"></face>
        <face v1="81" v2="80" v3="67"></face>
        <face v1="82" v2="81" v3="67"></face>
        <face v1="83" v2="82" v3="67"></face>
        <face v1="73" v2="83" v3="67"></face>
        <face v1="84" v2="73" v3="67"></face>
        <face v1="85" v2="84" v3="67"></face>
        <face v1="86" v2="85" v3="67"></face>
        <face v1="87" v2="86" v3="67"></face>
        <face v1="88" v2="87" v3="67"></face>
        <face v1="89" v2="88" v3="67"></face>
        <face v1="90" v2="89" v3="67"></face>
        <face v1="91" v2="73" v3="72"></face>
        <face v1="92" v2="73" v3="91"></face>
        <face v1="83" v2="73" v3="93"></face>
        <face v1="93" v2="73" v3="92"></face>
        <face v1="94" v2="79" v3="78"></face>
        <face v1="89" v2="90" v3="95"></face>
        <face v1="96" v2="95" v3="90"></face>
        <face v1="97" v2="96" v3="90"></face>
        <face v1="79" v2="94" v3="98"></face>
        <face v1="79" v2="98" v3="99"></face>
        <face v1="79" v2="99" v3="100"></face>
        <face v1="96" v2="97" v3="101"></face>
        <face v1="102" v2="101" v3="97"></face>
        <face v1="103" v2="102" v3="97"></face>
        <face v1="104" v2="100" v3="99"></face>
        <face v1="100" v2="104" v3="105"></face>
        <face v1="100" v2="105" v3="106"></face>
        <face v1="102" v2="103" v3="107"></face>
        <face v1="108" v2="107" v3="103"></face>
        <face v1="109" v2="108" v3="103"></face>
        <face v1="110" v2="109" v3="103"></face>
        <face v1="111" v2="106" v3="105"></face>
        <face v1="106" v2="111" v3="112"></face>
        <face v1="106" v2="112" v3="113"></face>
        <face v1="109" v2="110" v3="114"></face>
        <face v1="115" v2="113" v3="112"></face>
        <face v1="116" v2="114" v3="110"></face>
        <face v1="117" v2="116" v3="110"></face>
        <face v1="113" v2="115" v3="118"></face>
        <face v1="113" v2="118" v3="119"></face>
        <face v1="120" v2="121" v3="122"></face>
        <face v1="123" v2="122" v3="121"></face>
        <face v1="122" v2="123" v3="124"></face>
        <face v1="125" v2="124" v3="123"></face>
        <face v1="124" v2="125" v3="126"></face>
        <face v1="127" v2="126" v3="125"></face>
        <face v1="126" v2="127" v3="128"></face>
        <face v1="127" v2="129" v3="128"></face>
        <face v1="129" v2="130" v3="128"></face>
        <face v1="130" v2="131" v3="128"></face>
        <face v1="131" v2="1" v3="128"></face>
        <face v1="128" v2="1" v3="132"></face>
        <face v1="132" v2="1" v3="133"></face>
        <face v1="133" v2="1" v3="134"></face>
        <face v1="134" v2="1" v3="135"></face>
        <face v1="135" v2="1" v3="136"></face>
        <face v1="136" v2="1" v3="137"></face>
        <face v1="137" v2="1" v3="138"></face>
        <face v1="138" v2="1" v3="139"></face>
        <face v1="139" v2="1" v3="0"></face>
        <face v1="140" v2="4" v3="3"></face>
        <face v1="2" v2="1" v3="141"></face>
        <face v1="141" v2="1" v3="142"></face>
        <face v1="142" v2="1" v3="143"></face>
        <face v1="144" v2="141" v3="142"></face>
        <face v1="143" v2="1" v3="145"></face>
        <face v1="146" v2="141" v3="144"></face>
        <face v1="147" v2="141" v3="146"></face>
        <face v1="148" v2="141" v3="147"></face>
        <face v1="149" v2="145" v3="1"></face>
        <face v1="149" v2="150" v3="145"></face>
        <face v1="149" v2="151" v3="150"></face>
        <face v1="151" v2="149" v3="119"></face>
        <face v1="141" v2="148" v3="117"></face>
        <face v1="148" v2="152" v3="117"></face>
        <face v1="152" v2="153" v3="117"></face>
        <face v1="153" v2="154" v3="117"></face>
        <face v1="154" v2="155" v3="117"></face>
        <face v1="116" v2="117" v3="155"></face>
        <face v1="113" v2="119" v3="149"></face>
      </faces>
      <geometry vertexcount="156">
        <vertexbuffer positions="true" normals="true" texture_coords="1">
          <vertex>
            <position x="0.40579" y="0.67798" z="-1.01207"></position>
            <normal x="4.6092242E-7" y="-1.0" z="2.627326E-6"></normal>
            <texcoord u="-0.517325" v="-0.29025996"></texcoord>
          </vertex>
          <vertex>
            <position x="0.230174" y="0.677979" z="-1.36693"></position>
            <normal x="-2.5130714E-6" y="-1.0" z="3.89962E-6"></normal>
            <texcoord u="-0.293441" v="-0.74265003"></texcoord>
          </vertex>
          <vertex>
            <position x="0.407976" y="0.67798" z="-1.01262"></position>
            <normal x="8.122346E-7" y="-1.0" z="2.452262E-6"></normal>
            <texcoord u="-0.520113" v="-0.29095995"></texcoord>
          </vertex>
          <vertex>
            <position x="4.05791" y="0.677979" z="-1.3546"></position>
            <normal x="0.0" y="-1.0" z="0.0"></normal>
            <texcoord u="-5.17328" v="-0.72694004"></texcoord>
          </vertex>
          <vertex>
            <position x="4.05776" y="0.677979" z="-1.35018"></position>
            <normal x="0.0" y="-1.0" z="0.0"></normal>
            <texcoord u="-5.17308" v="-0.72131"></texcoord>
          </vertex>
          <vertex>
            <position x="4.05753" y="0.677979" z="-1.35676"></position>
            <normal x="0.0" y="-1.0" z="0.0"></normal>
            <texcoord u="-5.17278" v="-0.72968996"></texcoord>
          </vertex>
          <vertex>
            <position x="4.05685" y="0.677979" z="-1.35884"></position>
            <normal x="0.0" y="-1.0" z="0.0"></normal>
            <texcoord u="-5.17192" v="-0.73235"></texcoord>
          </vertex>
          <vertex>
            <position x="4.05719" y="0.677979" z="-1.34799"></position>
            <normal x="0.0" y="-1.0" z="0.0"></normal>
            <texcoord u="-5.17236" v="-0.71851003"></texcoord>
          </vertex>
          <vertex>
            <position x="4.05589" y="0.677979" z="-1.36081"></position>
            <normal x="0.0" y="-1.0" z="0.0"></normal>
            <texcoord u="-5.17069" v="-0.73485994"></texcoord>
          </vertex>
          <vertex>
            <position x="4.05629" y="0.677979" z="-1.34584"></position>
            <normal x="-1.2410301E-6" y="-1.0" z="4.0545532E-7"></normal>
            <texcoord u="-5.17121" v="-0.71577"></texcoord>
          </vertex>
          <vertex>
            <position x="4.05465" y="0.677979" z="-1.36264"></position>
            <normal x="0.0" y="-1.0" z="0.0"></normal>
            <texcoord u="-5.16911" v="-0.73719"></texcoord>
          </vertex>
          <vertex>
            <position x="4.05315" y="0.677979" z="-1.36429"></position>
            <normal x="0.0" y="-1.0" z="0.0"></normal>
            <texcoord u="-5.1672" v="-0.73929"></texcoord>
          </vertex>
          <vertex>
            <position x="4.0514" y="0.677979" z="-1.36573"></position>
            <normal x="0.0" y="-1.0" z="0.0"></normal>
            <texcoord u="-5.16497" v="-0.74112"></texcoord>
          </vertex>
          <vertex>
            <position x="4.0494" y="0.677979" z="-1.36693"></position>
            <normal x="2.2376732E-6" y="-1.0" z="3.617235E-6"></normal>
            <texcoord u="-5.16242" v="-0.74265003"></texcoord>
          </vertex>
          <vertex>
            <position x="3.89046" y="0.67798" z="-1.02038"></position>
            <normal x="8.410123E-6" y="-1.0" z="6.781078E-6"></normal>
            <texcoord u="-4.9598" v="-0.30086005"></texcoord>
          </vertex>
          <vertex>
            <position x="3.88927" y="0.67798" z="-1.0184"></position>
            <normal x="1.4219855E-5" y="-1.0" z="9.4405095E-6"></normal>
            <texcoord u="-4.95827" v="-0.29832995"></texcoord>
          </vertex>
          <vertex>
            <position x="3.88783" y="0.67798" z="-1.01666"></position>
            <normal x="6.21015E-6" y="-1.0" z="5.7574207E-6"></normal>
            <texcoord u="-4.95644" v="-0.29611003"></texcoord>
          </vertex>
          <vertex>
            <position x="3.88619" y="0.67798" z="-1.01517"></position>
            <normal x="3.6801807E-6" y="-1.0" z="4.5881307E-6"></normal>
            <texcoord u="-4.95435" v="-0.29420996"></texcoord>
          </vertex>
          <vertex>
            <position x="3.88437" y="0.67798" z="-1.01394"></position>
            <normal x="2.3299672E-6" y="-1.0" z="3.959865E-6"></normal>
            <texcoord u="-4.95203" v="-0.29264998"></texcoord>
          </vertex>
          <vertex>
            <position x="3.88241" y="0.67798" z="-1.01298"></position>
            <normal x="1.4585207E-6" y="-1.0" z="3.5508883E-6"></normal>
            <texcoord u="-4.94953" v="-0.29141998"></texcoord>
          </vertex>
          <vertex>
            <position x="3.88034" y="0.67798" z="-1.01231"></position>
            <normal x="8.3049383E-7" y="-1.0" z="3.253291E-6"></normal>
            <texcoord u="-4.94689" v="-0.29056"></texcoord>
          </vertex>
          <vertex>
            <position x="3.87819" y="0.67798" z="-1.01192"></position>
            <normal x="3.3653387E-7" y="-1.0" z="3.016526E-6"></normal>
            <texcoord u="-4.94415" v="-0.29007006"></texcoord>
          </vertex>
          <vertex>
            <position x="3.87599" y="0.67798" z="-1.01184"></position>
            <normal x="-8.9088E-8" y="-1.0" z="2.8100767E-6"></normal>
            <texcoord u="-4.94135" v="-0.28996003"></texcoord>
          </vertex>
          <vertex>
            <position x="3.87379" y="0.67798" z="-1.01207"></position>
            <normal x="-4.6082323E-7" y="-1.0" z="2.6273847E-6"></normal>
            <texcoord u="-4.93854" v="-0.29025996"></texcoord>
          </vertex>
          <vertex>
            <position x="3.8716" y="0.67798" z="-1.01262"></position>
            <normal x="-8.1284406E-7" y="-1.0" z="2.4519636E-6"></normal>
            <texcoord u="-4.93575" v="-0.29095995"></texcoord>
          </vertex>
          <vertex>
            <position x="3.86947" y="0.67798" z="-1.01351"></position>
            <normal x="2.5513136E-6" y="-1.0" z="3.0977062E-6"></normal>
            <texcoord u="-4.93303" v="-0.29209995"></texcoord>
          </vertex>
          <vertex>
            <position x="3.84946" y="0.677979" z="-1.30691"></position>
            <normal x="4.9054124E-6" y="-1.0" z="1.967832E-6"></normal>
            <texcoord u="-4.90753" v="-0.66612995"></texcoord>
          </vertex>
          <vertex>
            <position x="3.84917" y="0.677979" z="-1.31042"></position>
            <normal x="0.0" y="-1.0" z="0.0"></normal>
            <texcoord u="-4.90715" v="-0.67061996"></texcoord>
          </vertex>
          <vertex>
            <position x="3.84785" y="0.677979" z="-1.31376"></position>
            <normal x="0.0" y="-1.0" z="0.0"></normal>
            <texcoord u="-4.90547" v="-0.67487"></texcoord>
          </vertex>
          <vertex>
            <position x="3.8454" y="0.677979" z="-1.31671"></position>
            <normal x="0.0" y="-1.0" z="0.0"></normal>
            <texcoord u="-4.90234" v="-0.67863"></texcoord>
          </vertex>
          <vertex>
            <position x="3.84173" y="0.677979" z="-1.31905"></position>
            <normal x="-6.7194605E-7" y="-1.0" z="3.8318703E-6"></normal>
            <texcoord u="-4.89766" v="-0.68161"></texcoord>
          </vertex>
          <vertex>
            <position x="3.71684" y="0.677978" z="-1.51724"></position>
            <normal x="4.7659444E-7" y="-1.0" z="4.857745E-6"></normal>
            <texcoord u="-4.73846" v="-0.93429005"></texcoord>
          </vertex>
          <vertex>
            <position x="3.84882" y="0.677979" z="-1.30343"></position>
            <normal x="1.0170117E-5" y="-1.0" z="2.7706503E-6"></normal>
            <texcoord u="-4.90671" v="-0.6617"></texcoord>
          </vertex>
          <vertex>
            <position x="3.84735" y="0.677979" z="-1.3002"></position>
            <normal x="5.3396934E-6" y="-1.0" z="3.122414E-6"></normal>
            <texcoord u="-4.90484" v="-0.65758"></texcoord>
          </vertex>
          <vertex>
            <position x="3.84514" y="0.677979" z="-1.29743"></position>
            <normal x="3.2494959E-6" y="-1.0" z="3.29043E-6"></normal>
            <texcoord u="-4.90202" v="-0.65406"></texcoord>
          </vertex>
          <vertex>
            <position x="3.8423" y="0.677979" z="-1.29535"></position>
            <normal x="1.8401348E-6" y="-1.0" z="3.4178356E-6"></normal>
            <texcoord u="-4.8984" v="-0.65139997"></texcoord>
          </vertex>
          <vertex>
            <position x="3.83891" y="0.677979" z="-1.29416"></position>
            <normal x="6.5268006E-7" y="-1.0" z="3.5394019E-6"></normal>
            <texcoord u="-4.89408" v="-0.64988005"></texcoord>
          </vertex>
          <vertex>
            <position x="3.83508" y="0.677979" z="-1.29407"></position>
            <normal x="-5.1499757E-7" y="-1.0" z="3.6747565E-6"></normal>
            <texcoord u="-4.88919" v="-0.64977"></texcoord>
          </vertex>
          <vertex>
            <position x="3.83091" y="0.677979" z="-1.29531"></position>
            <normal x="-1.3847899E-6" y="-1.0" z="3.7852242E-6"></normal>
            <texcoord u="-4.88387" v="-0.65135"></texcoord>
          </vertex>
          <vertex>
            <position x="3.68922" y="0.677979" z="-1.35666"></position>
            <normal x="2.2511526E-6" y="-1.0" z="2.911629E-6"></normal>
            <texcoord u="-4.70324" v="-0.72957003"></texcoord>
          </vertex>
          <vertex>
            <position x="3.56822" y="0.677979" z="-1.14956"></position>
            <normal x="8.8298424E-7" y="-1.0" z="3.3701967E-6"></normal>
            <texcoord u="-4.54899" v="-0.46554005"></texcoord>
          </vertex>
          <vertex>
            <position x="3.69914" y="0.677979" z="-1.3808"></position>
            <normal x="4.3857187E-7" y="-1.0" z="7.483446E-6"></normal>
            <texcoord u="-4.71588" v="-0.76034"></texcoord>
          </vertex>
          <vertex>
            <position x="3.55454" y="0.677978" z="-1.43702"></position>
            <normal x="1.961108E-6" y="-1.0" z="3.9676843E-6"></normal>
            <texcoord u="-4.53155" v="-0.83201003"></texcoord>
          </vertex>
          <vertex>
            <position x="3.40812" y="0.677978" z="-1.48768"></position>
            <normal x="0.0" y="-1.0" z="0.0"></normal>
            <texcoord u="-4.34487" v="-0.89659"></texcoord>
          </vertex>
          <vertex>
            <position x="3.3755" y="0.677978" z="-1.6375"></position>
            <normal x="6.677962E-7" y="-1.0" z="2.708992E-6"></normal>
            <texcoord u="-4.30329" v="-1.08759"></texcoord>
          </vertex>
          <vertex>
            <position x="3.54555" y="0.677978" z="-1.41253"></position>
            <normal x="2.1866165E-6" y="-1.0" z="3.6647107E-6"></normal>
            <texcoord u="-4.52008" v="-0.80078995"></texcoord>
          </vertex>
          <vertex>
            <position x="3.40005" y="0.677978" z="-1.46286"></position>
            <normal x="-1.2749026E-6" y="-1.0" z="3.9185425E-6"></normal>
            <texcoord u="-4.3346" v="-0.86495996"></texcoord>
          </vertex>
          <vertex>
            <position x="3.25289" y="0.677978" z="-1.50763"></position>
            <normal x="-1.2326109E-6" y="-1.0" z="4.0196137E-6"></normal>
            <texcoord u="-4.14698" v="-0.92203"></texcoord>
          </vertex>
          <vertex>
            <position x="3.25903" y="0.677979" z="-1.2584"></position>
            <normal x="-1.1233603E-6" y="-1.0" z="4.088806E-6"></normal>
            <texcoord u="-4.15481" v="-0.60429"></texcoord>
          </vertex>
          <vertex>
            <position x="3.26001" y="0.677978" z="-1.53273"></position>
            <normal x="0.0" y="-1.0" z="0.0"></normal>
            <texcoord u="-4.15606" v="-0.95403004"></texcoord>
          </vertex>
          <vertex>
            <position x="3.1104" y="0.677978" z="-1.57215"></position>
            <normal x="-7.361924E-8" y="-1.0" z="4.1269077E-6"></normal>
            <texcoord u="-3.96532" v="-1.0042801"></texcoord>
          </vertex>
          <vertex>
            <position x="3.02732" y="0.677977" z="-1.72769"></position>
            <normal x="-6.917778E-7" y="-1.0" z="6.6872344E-6"></normal>
            <texcoord u="-3.85941" v="-1.20257"></texcoord>
          </vertex>
          <vertex>
            <position x="3.10422" y="0.677978" z="-1.5468"></position>
            <normal x="-9.85281E-7" y="-1.0" z="4.042338E-6"></normal>
            <texcoord u="-3.95745" v="-0.97196996"></texcoord>
          </vertex>
          <vertex>
            <position x="2.95421" y="0.677978" z="-1.58033"></position>
            <normal x="-9.141212E-7" y="-1.0" z="4.1149015E-6"></normal>
            <texcoord u="-3.76621" v="-1.01471"></texcoord>
          </vertex>
          <vertex>
            <position x="2.94366" y="0.677979" z="-1.34003"></position>
            <normal x="-7.905826E-7" y="-1.0" z="4.1641956E-6"></normal>
            <texcoord u="-3.75276" v="-0.70835996"></texcoord>
          </vertex>
          <vertex>
            <position x="2.95942" y="0.677978" z="-1.6059"></position>
            <normal x="-1.4325035E-6" y="-1.0" z="7.0318406E-6"></normal>
            <texcoord u="-3.77285" v="-1.0473101"></texcoord>
          </vertex>
          <vertex>
            <position x="2.80726" y="0.677978" z="-1.63394"></position>
            <normal x="-1.192583E-6" y="-1.0" z="7.1524228E-6"></normal>
            <texcoord u="-3.57887" v="-1.08305"></texcoord>
          </vertex>
          <vertex>
            <position x="2.67426" y="0.677977" z="-1.78782"></position>
            <normal x="-8.321519E-7" y="-1.0" z="7.2408398E-6"></normal>
            <texcoord u="-3.40931" v="-1.2792301"></texcoord>
          </vertex>
          <vertex>
            <position x="2.80302" y="0.677978" z="-1.60819"></position>
            <normal x="-6.830271E-7" y="-1.0" z="4.1368585E-6"></normal>
            <texcoord u="-3.57345" v="-1.05023"></texcoord>
          </vertex>
          <vertex>
            <position x="2.6508" y="0.677978" z="-1.63034"></position>
            <normal x="-5.890813E-7" y="-1.0" z="4.1827334E-6"></normal>
            <texcoord u="-3.3794" v="-1.07847"></texcoord>
          </vertex>
          <vertex>
            <position x="2.62388" y="0.677979" z="-1.39445"></position>
            <normal x="4.0907597E-7" y="-1.0" z="3.2937694E-6"></normal>
            <texcoord u="-3.34508" v="-0.77774"></texcoord>
          </vertex>
          <vertex>
            <position x="2.65407" y="0.677978" z="-1.65623"></position>
            <normal x="-8.977993E-7" y="-1.0" z="7.109565E-6"></normal>
            <texcoord u="-3.38357" v="-1.11147"></texcoord>
          </vertex>
          <vertex>
            <position x="2.50001" y="0.677978" z="-1.67274"></position>
            <normal x="-6.411483E-7" y="-1.0" z="7.316252E-6"></normal>
            <texcoord u="-3.18716" v="-1.13252"></texcoord>
          </vertex>
          <vertex>
            <position x="2.34524" y="0.677978" z="-1.68343"></position>
            <normal x="-4.499675E-7" y="-1.0" z="7.285187E-6"></normal>
            <texcoord u="-2.98986" v="-1.1461501"></texcoord>
          </vertex>
          <vertex>
            <position x="2.31827" y="0.677977" z="-1.81788"></position>
            <normal x="1.8322222E-5" y="-1.0" z="2.5583304E-5"></normal>
            <texcoord u="-2.95547" v="-1.31756"></texcoord>
          </vertex>
          <vertex>
            <position x="2.49771" y="0.677978" z="-1.64675"></position>
            <normal x="-3.7108043E-7" y="-1.0" z="4.2017355E-6"></normal>
            <texcoord u="-3.18424" v="-1.09938"></texcoord>
          </vertex>
          <vertex>
            <position x="2.34393" y="0.677978" z="-1.65737"></position>
            <normal x="9.3609236E-7" y="-1.0" z="1.5725708E-6"></normal>
            <texcoord u="-2.98819" v="-1.11293"></texcoord>
          </vertex>
          <vertex>
            <position x="2.30145" y="0.677978" z="-1.42166"></position>
            <normal x="1.0318512E-6" y="-1.0" z="1.8596165E-7"></normal>
            <texcoord u="-2.93402" v="-0.81243"></texcoord>
          </vertex>
          <vertex>
            <position x="2.18993" y="0.677978" z="-1.68827"></position>
            <normal x="4.358512E-7" y="-1.0" z="7.7896075E-6"></normal>
            <texcoord u="-2.79186" v="-1.1523199"></texcoord>
          </vertex>
          <vertex>
            <position x="2.18961" y="0.677978" z="-1.66218"></position>
            <normal x="0.0" y="-1.0" z="0.0"></normal>
            <texcoord u="-2.79145" v="-1.11906"></texcoord>
          </vertex>
          <vertex>
            <position x="2.18561" y="0.677978" z="-1.68771"></position>
            <normal x="3.8097899E-6" y="-1.0" z="1.120904E-5"></normal>
            <texcoord u="-2.78635" v="-1.1516099"></texcoord>
          </vertex>
          <vertex>
            <position x="2.18214" y="0.677978" z="-1.68609"></position>
            <normal x="1.15630944E-4" y="-1.0" z="1.2667496E-4"></normal>
            <texcoord u="-2.78192" v="-1.14954"></texcoord>
          </vertex>
          <vertex>
            <position x="2.17952" y="0.677978" z="-1.68363"></position>
            <normal x="7.513066E-5" y="-1.0" z="8.238484E-5"></normal>
            <texcoord u="-2.77858" v="-1.14641"></texcoord>
          </vertex>
          <vertex>
            <position x="2.10272" y="0.677978" z="-1.67716"></position>
            <normal x="-7.800413E-7" y="-1.0" z="2.193713E-6"></normal>
            <texcoord u="-2.68068" v="-1.13815"></texcoord>
          </vertex>
          <vertex>
            <position x="2.10182" y="0.677978" z="-1.68058"></position>
            <normal x="-3.5005253E-6" y="-1.0" z="1.4274269E-6"></normal>
            <texcoord u="-2.67953" v="-1.1425099"></texcoord>
          </vertex>
          <vertex>
            <position x="2.10006" y="0.677978" z="-1.68363"></position>
            <normal x="-2.9328626E-6" y="-1.0" z="2.336644E-6"></normal>
            <texcoord u="-2.67728" v="-1.14641"></texcoord>
          </vertex>
          <vertex>
            <position x="2.09744" y="0.677978" z="-1.68609"></position>
            <normal x="-2.2679665E-6" y="-1.0" z="3.4360667E-6"></normal>
            <texcoord u="-2.67394" v="-1.14954"></texcoord>
          </vertex>
          <vertex>
            <position x="2.09397" y="0.677978" z="-1.68771"></position>
            <normal x="-1.3358882E-6" y="-1.0" z="5.0244666E-6"></normal>
            <texcoord u="-2.66952" v="-1.1516099"></texcoord>
          </vertex>
          <vertex>
            <position x="2.08965" y="0.677978" z="-1.68827"></position>
            <normal x="-1.8458934E-7" y="-1.0" z="6.828222E-6"></normal>
            <texcoord u="-2.66401" v="-1.1523199"></texcoord>
          </vertex>
          <vertex>
            <position x="1.96131" y="0.677977" z="-1.81788"></position>
            <normal x="4.2733637E-7" y="-1.0" z="7.286465E-6"></normal>
            <texcoord u="-2.50039" v="-1.31756"></texcoord>
          </vertex>
          <vertex>
            <position x="2.1853" y="0.677978" z="-1.66284"></position>
            <normal x="0.0" y="-1.0" z="0.0"></normal>
            <texcoord u="-2.78596" v="-1.1199"></texcoord>
          </vertex>
          <vertex>
            <position x="2.18187" y="0.677978" z="-1.66455"></position>
            <normal x="0.0" y="-1.0" z="0.0"></normal>
            <texcoord u="-2.78159" v="-1.1220801"></texcoord>
          </vertex>
          <vertex>
            <position x="2.17932" y="0.677978" z="-1.66707"></position>
            <normal x="0.0" y="-1.0" z="0.0"></normal>
            <texcoord u="-2.77833" v="-1.1252899"></texcoord>
          </vertex>
          <vertex>
            <position x="2.17763" y="0.677978" z="-1.67017"></position>
            <normal x="0.0" y="-1.0" z="0.0"></normal>
            <texcoord u="-2.77618" v="-1.12924"></texcoord>
          </vertex>
          <vertex>
            <position x="2.10277" y="0.677978" z="-1.67361"></position>
            <normal x="0.0" y="-1.0" z="0.0"></normal>
            <texcoord u="-2.68074" v="-1.13363"></texcoord>
          </vertex>
          <vertex>
            <position x="2.10195" y="0.677978" z="-1.67017"></position>
            <normal x="0.0" y="-1.0" z="0.0"></normal>
            <texcoord u="-2.67969" v="-1.12924"></texcoord>
          </vertex>
          <vertex>
            <position x="2.10026" y="0.677978" z="-1.66707"></position>
            <normal x="0.0" y="-1.0" z="0.0"></normal>
            <texcoord u="-2.67754" v="-1.1252899"></texcoord>
          </vertex>
          <vertex>
            <position x="2.0977" y="0.677978" z="-1.66455"></position>
            <normal x="0.0" y="-1.0" z="0.0"></normal>
            <texcoord u="-2.67428" v="-1.1220801"></texcoord>
          </vertex>
          <vertex>
            <position x="2.09427" y="0.677978" z="-1.66284"></position>
            <normal x="0.0" y="-1.0" z="0.0"></normal>
            <texcoord u="-2.66991" v="-1.1199"></texcoord>
          </vertex>
          <vertex>
            <position x="2.08997" y="0.677978" z="-1.66218"></position>
            <normal x="0.0" y="-1.0" z="0.0"></normal>
            <texcoord u="-2.66442" v="-1.11906"></texcoord>
          </vertex>
          <vertex>
            <position x="1.97813" y="0.677978" z="-1.42166"></position>
            <normal x="-1.4636208E-6" y="-1.0" z="1.2761568E-6"></normal>
            <texcoord u="-2.52184" v="-0.81243"></texcoord>
          </vertex>
          <vertex>
            <position x="2.17776" y="0.677978" z="-1.68058"></position>
            <normal x="0.0" y="-1.0" z="0.0"></normal>
            <texcoord u="-2.77634" v="-1.1425099"></texcoord>
          </vertex>
          <vertex>
            <position x="2.17685" y="0.677978" z="-1.67716"></position>
            <normal x="0.0" y="-1.0" z="0.0"></normal>
            <texcoord u="-2.77519" v="-1.13815"></texcoord>
          </vertex>
          <vertex>
            <position x="2.17681" y="0.677978" z="-1.67361"></position>
            <normal x="0.0" y="-1.0" z="0.0"></normal>
            <texcoord u="-2.77513" v="-1.13363"></texcoord>
          </vertex>
          <vertex>
            <position x="1.93434" y="0.677978" z="-1.68343"></position>
            <normal x="3.5962304E-7" y="-1.0" z="7.1652867E-6"></normal>
            <texcoord u="-2.46601" v="-1.1461501"></texcoord>
          </vertex>
          <vertex>
            <position x="1.93565" y="0.677978" z="-1.65737"></position>
            <normal x="0.0" y="-1.0" z="0.0"></normal>
            <texcoord u="-2.46768" v="-1.11293"></texcoord>
          </vertex>
          <vertex>
            <position x="1.78187" y="0.677978" z="-1.64675"></position>
            <normal x="-8.2411907E-7" y="-1.0" z="2.2653196E-6"></normal>
            <texcoord u="-2.27163" v="-1.09938"></texcoord>
          </vertex>
          <vertex>
            <position x="1.6557" y="0.677979" z="-1.39445"></position>
            <normal x="-2.8786053E-7" y="-1.0" z="3.792572E-6"></normal>
            <texcoord u="-2.11079" v="-0.77774"></texcoord>
          </vertex>
          <vertex>
            <position x="1.77957" y="0.677978" z="-1.67274"></position>
            <normal x="6.5505094E-7" y="-1.0" z="7.390953E-6"></normal>
            <texcoord u="-2.2687" v="-1.13252"></texcoord>
          </vertex>
          <vertex>
            <position x="1.62551" y="0.677978" z="-1.65623"></position>
            <normal x="8.163106E-7" y="-1.0" z="7.277591E-6"></normal>
            <texcoord u="-2.0723" v="-1.11147"></texcoord>
          </vertex>
          <vertex>
            <position x="1.60532" y="0.677977" z="-1.78782"></position>
            <normal x="1.0529891E-6" y="-1.0" z="7.191688E-6"></normal>
            <texcoord u="-2.04656" v="-1.2792301"></texcoord>
          </vertex>
          <vertex>
            <position x="1.62878" y="0.677978" z="-1.63034"></position>
            <normal x="5.3486747E-7" y="-1.0" z="4.2345173E-6"></normal>
            <texcoord u="-2.07647" v="-1.07847"></texcoord>
          </vertex>
          <vertex>
            <position x="1.47656" y="0.677978" z="-1.60819"></position>
            <normal x="6.9723285E-7" y="-1.0" z="4.185738E-6"></normal>
            <texcoord u="-1.88241" v="-1.05023"></texcoord>
          </vertex>
          <vertex>
            <position x="1.33592" y="0.677979" z="-1.34003"></position>
            <normal x="9.082276E-7" y="-1.0" z="4.1334833E-6"></normal>
            <texcoord u="-1.70311" v="-0.70835996"></texcoord>
          </vertex>
          <vertex>
            <position x="1.47232" y="0.677978" z="-1.63394"></position>
            <normal x="1.1949148E-6" y="-1.0" z="7.2302964E-6"></normal>
            <texcoord u="-1.877" v="-1.08305"></texcoord>
          </vertex>
          <vertex>
            <position x="1.32015" y="0.677978" z="-1.6059"></position>
            <normal x="1.3776287E-6" y="-1.0" z="7.1619597E-6"></normal>
            <texcoord u="-1.68301" v="-1.0473101"></texcoord>
          </vertex>
          <vertex>
            <position x="1.25226" y="0.677977" z="-1.72769"></position>
            <normal x="6.309619E-7" y="-1.0" z="5.8995956E-6"></normal>
            <texcoord u="-1.59645" v="-1.20258"></texcoord>
          </vertex>
          <vertex>
            <position x="1.32537" y="0.677978" z="-1.58033"></position>
            <normal x="8.5203897E-7" y="-1.0" z="4.1793164E-6"></normal>
            <texcoord u="-1.68966" v="-1.01471"></texcoord>
          </vertex>
          <vertex>
            <position x="1.17535" y="0.677978" z="-1.5468"></position>
            <normal x="1.0025958E-6" y="-1.0" z="4.121932E-6"></normal>
            <texcoord u="-1.49841" v="-0.97196996"></texcoord>
          </vertex>
          <vertex>
            <position x="1.02669" y="0.677978" z="-1.50763"></position>
            <normal x="1.1257114E-6" y="-1.0" z="4.085394E-6"></normal>
            <texcoord u="-1.30888" v="-0.92203"></texcoord>
          </vertex>
          <vertex>
            <position x="1.02055" y="0.677979" z="-1.2584"></position>
            <normal x="1.2720386E-6" y="-1.0" z="4.04076E-6"></normal>
            <texcoord u="-1.30105" v="-0.60429"></texcoord>
          </vertex>
          <vertex>
            <position x="1.16918" y="0.677978" z="-1.57215"></position>
            <normal x="1.7182759E-6" y="-1.0" z="7.049175E-6"></normal>
            <texcoord u="-1.49054" v="-1.0042801"></texcoord>
          </vertex>
          <vertex>
            <position x="1.01956" y="0.677978" z="-1.53273"></position>
            <normal x="-8.356832E-8" y="-1.0" z="3.1613488E-6"></normal>
            <texcoord u="-1.2998" v="-0.95403004"></texcoord>
          </vertex>
          <vertex>
            <position x="0.90408" y="0.677978" z="-1.6375"></position>
            <normal x="-2.5911697E-6" y="-1.0" z="-3.451487E-8"></normal>
            <texcoord u="-1.15258" v="-1.08759"></texcoord>
          </vertex>
          <vertex>
            <position x="0.879521" y="0.677978" z="-1.46286"></position>
            <normal x="1.3151149E-6" y="-1.0" z="4.0487603E-6"></normal>
            <texcoord u="-1.12127" v="-0.86495996"></texcoord>
          </vertex>
          <vertex>
            <position x="0.871459" y="0.677978" z="-1.48768"></position>
            <normal x="0.0" y="-1.0" z="0.0"></normal>
            <texcoord u="-1.11099" v="-0.89659"></texcoord>
          </vertex>
          <vertex>
            <position x="0.734025" y="0.677978" z="-1.41253"></position>
            <normal x="-9.880152E-7" y="-1.0" z="3.777599E-6"></normal>
            <texcoord u="-0.935779" v="-0.80078995"></texcoord>
          </vertex>
          <vertex>
            <position x="0.711357" y="0.677979" z="-1.14956"></position>
            <normal x="-1.2334533E-6" y="-1.0" z="2.1503E-6"></normal>
            <texcoord u="-0.90688" v="-0.46554005"></texcoord>
          </vertex>
          <vertex>
            <position x="0.72503" y="0.677978" z="-1.43702"></position>
            <normal x="-5.3680424E-6" y="-1.0" z="-4.794231E-6"></normal>
            <texcoord u="-0.924312" v="-0.83201003"></texcoord>
          </vertex>
          <vertex>
            <position x="0.580439" y="0.677979" z="-1.3808"></position>
            <normal x="-1.7296479E-6" y="-1.0" z="1.514968E-6"></normal>
            <texcoord u="-0.73998" v="-0.76034"></texcoord>
          </vertex>
          <vertex>
            <position x="0.22158" y="0.677979" z="-1.3524"></position>
            <normal x="0.0" y="-1.0" z="0.0"></normal>
            <texcoord u="-0.282486" v="-0.72413003"></texcoord>
          </vertex>
          <vertex>
            <position x="0.221663" y="0.677979" z="-1.3546"></position>
            <normal x="0.0" y="-1.0" z="0.0"></normal>
            <texcoord u="-0.282588" v="-0.72694004"></texcoord>
          </vertex>
          <vertex>
            <position x="0.221817" y="0.677979" z="-1.35018"></position>
            <normal x="0.0" y="-1.0" z="0.0"></normal>
            <texcoord u="-0.282787" v="-0.72131"></texcoord>
          </vertex>
          <vertex>
            <position x="0.222048" y="0.677979" z="-1.35676"></position>
            <normal x="0.0" y="-1.0" z="0.0"></normal>
            <texcoord u="-0.283079" v="-0.72968996"></texcoord>
          </vertex>
          <vertex>
            <position x="0.22238" y="0.677979" z="-1.34799"></position>
            <normal x="0.0" y="-1.0" z="0.0"></normal>
            <texcoord u="-0.283505" v="-0.71851003"></texcoord>
          </vertex>
          <vertex>
            <position x="0.222728" y="0.677979" z="-1.35884"></position>
            <normal x="0.0" y="-1.0" z="0.0"></normal>
            <texcoord u="-0.283947" v="-0.73235"></texcoord>
          </vertex>
          <vertex>
            <position x="0.223281" y="0.677979" z="-1.34584"></position>
            <normal x="1.9326226E-6" y="-1.0" z="5.3060244E-8"></normal>
            <texcoord u="-0.284653" v="-0.71577"></texcoord>
          </vertex>
          <vertex>
            <position x="0.223692" y="0.677979" z="-1.36081"></position>
            <normal x="2.786142E-6" y="-1.0" z="6.304758E-7"></normal>
            <texcoord u="-0.285176" v="-0.73485994"></texcoord>
          </vertex>
          <vertex>
            <position x="0.389113" y="0.67798" z="-1.02038"></position>
            <normal x="-1.0597668E-6" y="-1.0" z="3.3876472E-6"></normal>
            <texcoord u="-0.496065" v="-0.30086005"></texcoord>
          </vertex>
          <vertex>
            <position x="0.22493" y="0.677979" z="-1.36264"></position>
            <normal x="2.3456791E-6" y="-1.0" z="1.8353248E-6"></normal>
            <texcoord u="-0.286754" v="-0.73719"></texcoord>
          </vertex>
          <vertex>
            <position x="0.226431" y="0.677979" z="-1.36429"></position>
            <normal x="1.9376316E-6" y="-1.0" z="2.0297787E-6"></normal>
            <texcoord u="-0.288667" v="-0.73929"></texcoord>
          </vertex>
          <vertex>
            <position x="0.228182" y="0.677979" z="-1.36573"></position>
            <normal x="1.5622586E-6" y="-1.0" z="2.2060608E-6"></normal>
            <texcoord u="-0.2909" v="-0.74112"></texcoord>
          </vertex>
          <vertex>
            <position x="0.390311" y="0.67798" z="-1.0184"></position>
            <normal x="-1.3953529E-5" y="-1.0" z="9.318453E-6"></normal>
            <texcoord u="-0.497592" v="-0.29832995"></texcoord>
          </vertex>
          <vertex>
            <position x="0.391748" y="0.67798" z="-1.01666"></position>
            <normal x="-6.2201025E-6" y="-1.0" z="5.762099E-6"></normal>
            <texcoord u="-0.499424" v="-0.29611003"></texcoord>
          </vertex>
          <vertex>
            <position x="0.393392" y="0.67798" z="-1.01517"></position>
            <normal x="-3.6742333E-6" y="-1.0" z="4.585476E-6"></normal>
            <texcoord u="-0.50152" v="-0.29420996"></texcoord>
          </vertex>
          <vertex>
            <position x="0.395209" y="0.67798" z="-1.01394"></position>
            <normal x="-2.3326647E-6" y="-1.0" z="3.961155E-6"></normal>
            <texcoord u="-0.503837" v="-0.29264998"></texcoord>
          </vertex>
          <vertex>
            <position x="0.39717" y="0.67798" z="-1.01298"></position>
            <normal x="-1.4573131E-6" y="-1.0" z="3.5503563E-6"></normal>
            <texcoord u="-0.506337" v="-0.29141998"></texcoord>
          </vertex>
          <vertex>
            <position x="0.399242" y="0.67798" z="-1.01231"></position>
            <normal x="-8.3045074E-7" y="-1.0" z="3.2532985E-6"></normal>
            <texcoord u="-0.508977" v="-0.29056"></texcoord>
          </vertex>
          <vertex>
            <position x="0.401388" y="0.67798" z="-1.01192"></position>
            <normal x="-3.37256E-7" y="-1.0" z="3.0168662E-6"></normal>
            <texcoord u="-0.511715" v="-0.29007006"></texcoord>
          </vertex>
          <vertex>
            <position x="0.403583" y="0.67798" z="-1.01184"></position>
            <normal x="8.851774E-8" y="-1.0" z="2.810341E-6"></normal>
            <texcoord u="-0.514511" v="-0.28996003"></texcoord>
          </vertex>
          <vertex>
            <position x="4.058" y="0.677979" z="-1.3524"></position>
            <normal x="0.0" y="-1.0" z="0.0"></normal>
            <texcoord u="-5.17338" v="-0.72413003"></texcoord>
          </vertex>
          <vertex>
            <position x="0.410112" y="0.67798" z="-1.01351"></position>
            <normal x="-4.1039707E-6" y="-1.0" z="3.0413842E-6"></normal>
            <texcoord u="-0.522836" v="-0.29209995"></texcoord>
          </vertex>
          <vertex>
            <position x="0.430116" y="0.677979" z="-1.30691"></position>
            <normal x="-4.9210257E-6" y="-1.0" z="1.9668664E-6"></normal>
            <texcoord u="-0.548337" v="-0.66612995"></texcoord>
          </vertex>
          <vertex>
            <position x="0.430408" y="0.677979" z="-1.31042"></position>
            <normal x="0.0" y="-1.0" z="0.0"></normal>
            <texcoord u="-0.54871" v="-0.67061996"></texcoord>
          </vertex>
          <vertex>
            <position x="0.430753" y="0.677979" z="-1.30343"></position>
            <normal x="-1.0190017E-5" y="-1.0" z="2.7695432E-6"></normal>
            <texcoord u="-0.54915" v="-0.6617"></texcoord>
          </vertex>
          <vertex>
            <position x="0.431731" y="0.677979" z="-1.31376"></position>
            <normal x="8.58117E-6" y="-1.0" z="8.844581E-6"></normal>
            <texcoord u="-0.550396" v="-0.67487"></texcoord>
          </vertex>
          <vertex>
            <position x="0.432225" y="0.677979" z="-1.3002"></position>
            <normal x="-5.337772E-6" y="-1.0" z="3.1226893E-6"></normal>
            <texcoord u="-0.551026" v="-0.65758"></texcoord>
          </vertex>
          <vertex>
            <position x="0.434433" y="0.677979" z="-1.29743"></position>
            <normal x="-3.2491225E-6" y="-1.0" z="3.2905614E-6"></normal>
            <texcoord u="-0.55384" v="-0.65406"></texcoord>
          </vertex>
          <vertex>
            <position x="0.437278" y="0.677979" z="-1.29535"></position>
            <normal x="-1.4249048E-6" y="-1.0" z="2.2594754E-6"></normal>
            <texcoord u="-0.557467" v="-0.65139997"></texcoord>
          </vertex>
          <vertex>
            <position x="0.562736" y="0.677978" z="-1.51724"></position>
            <normal x="7.3469623E-6" y="-1.0" z="9.842068E-6"></normal>
            <texcoord u="-0.717408" v="-0.93429005"></texcoord>
          </vertex>
          <vertex>
            <position x="0.434177" y="0.677979" z="-1.31671"></position>
            <normal x="1.6155296E-5" y="-1.0" z="1.5410094E-5"></normal>
            <texcoord u="-0.553517" v="-0.67863"></texcoord>
          </vertex>
          <vertex>
            <position x="0.437849" y="0.677979" z="-1.31905"></position>
            <normal x="4.244602E-6" y="-1.0" z="7.787345E-6"></normal>
            <texcoord u="-0.558197" v="-0.68161"></texcoord>
          </vertex>
          <vertex>
            <position x="0.440665" y="0.677979" z="-1.29416"></position>
            <normal x="0.0" y="-1.0" z="0.0"></normal>
            <texcoord u="-0.561785" v="-0.64988005"></texcoord>
          </vertex>
          <vertex>
            <position x="0.444493" y="0.677979" z="-1.29407"></position>
            <normal x="0.0" y="-1.0" z="0.0"></normal>
            <texcoord u="-0.566668" v="-0.64977"></texcoord>
          </vertex>
          <vertex>
            <position x="0.448669" y="0.677979" z="-1.29531"></position>
            <normal x="0.0" y="-1.0" z="0.0"></normal>
            <texcoord u="-0.571991" v="-0.65135"></texcoord>
          </vertex>
          <vertex>
            <position x="0.590353" y="0.677979" z="-1.35666"></position>
            <normal x="-2.8734814E-6" y="-1.0" z="1.678912E-6"></normal>
            <texcoord u="-0.752619" v="-0.72957003"></texcoord>
          </vertex>
        </vertexbuffer>
      </geometry>
    </submesh>
  </submeshes>
</mesh>
