<mesh>
  <submeshes>
    <submesh material="Material.85" usesharedvertices="false">
      <faces count="354">
        <face v1="0" v2="1" v3="2"></face>
        <face v1="1" v2="0" v3="3"></face>
        <face v1="4" v2="3" v3="0"></face>
        <face v1="4" v2="5" v3="3"></face>
        <face v1="6" v2="7" v3="8"></face>
        <face v1="8" v2="7" v3="9"></face>
        <face v1="10" v2="9" v3="7"></face>
        <face v1="11" v2="10" v3="7"></face>
        <face v1="12" v2="11" v3="7"></face>
        <face v1="13" v2="12" v3="7"></face>
        <face v1="14" v2="13" v3="7"></face>
        <face v1="15" v2="14" v3="7"></face>
        <face v1="16" v2="17" v3="18"></face>
        <face v1="18" v2="17" v3="19"></face>
        <face v1="20" v2="19" v3="17"></face>
        <face v1="21" v2="20" v3="17"></face>
        <face v1="22" v2="21" v3="17"></face>
        <face v1="23" v2="22" v3="17"></face>
        <face v1="24" v2="23" v3="17"></face>
        <face v1="25" v2="24" v3="17"></face>
        <face v1="26" v2="25" v3="17"></face>
        <face v1="27" v2="26" v3="17"></face>
        <face v1="14" v2="15" v3="28"></face>
        <face v1="14" v2="28" v3="29"></face>
        <face v1="14" v2="29" v3="30"></face>
        <face v1="24" v2="25" v3="31"></face>
        <face v1="31" v2="25" v3="29"></face>
        <face v1="29" v2="25" v3="30"></face>
        <face v1="30" v2="25" v3="32"></face>
        <face v1="32" v2="25" v3="33"></face>
        <face v1="33" v2="25" v3="34"></face>
        <face v1="34" v2="25" v3="35"></face>
        <face v1="35" v2="25" v3="36"></face>
        <face v1="36" v2="25" v3="37"></face>
        <face v1="37" v2="25" v3="38"></face>
        <face v1="38" v2="25" v3="39"></face>
        <face v1="39" v2="25" v3="40"></face>
        <face v1="26" v2="27" v3="41"></face>
        <face v1="26" v2="41" v3="42"></face>
        <face v1="26" v2="42" v3="43"></face>
        <face v1="26" v2="43" v3="44"></face>
        <face v1="45" v2="44" v3="43"></face>
        <face v1="44" v2="45" v3="46"></face>
        <face v1="44" v2="46" v3="47"></face>
        <face v1="44" v2="47" v3="48"></face>
        <face v1="49" v2="48" v3="47"></face>
        <face v1="50" v2="49" v3="47"></face>
        <face v1="51" v2="50" v3="47"></face>
        <face v1="52" v2="51" v3="47"></face>
        <face v1="51" v2="52" v3="53"></face>
        <face v1="54" v2="53" v3="52"></face>
        <face v1="53" v2="54" v3="55"></face>
        <face v1="53" v2="55" v3="56"></face>
        <face v1="57" v2="56" v3="55"></face>
        <face v1="56" v2="57" v3="58"></face>
        <face v1="56" v2="58" v3="4"></face>
        <face v1="4" v2="59" v3="60"></face>
        <face v1="59" v2="4" v3="58"></face>
        <face v1="4" v2="60" v3="5"></face>
        <face v1="61" v2="62" v3="63"></face>
        <face v1="64" v2="65" v3="63"></face>
        <face v1="65" v2="66" v3="63"></face>
        <face v1="67" v2="63" v3="66"></face>
        <face v1="67" v2="68" v3="63"></face>
        <face v1="67" v2="69" v3="68"></face>
        <face v1="67" v2="70" v3="69"></face>
        <face v1="67" v2="71" v3="70"></face>
        <face v1="67" v2="72" v3="71"></face>
        <face v1="67" v2="73" v3="72"></face>
        <face v1="67" v2="74" v3="73"></face>
        <face v1="67" v2="75" v3="74"></face>
        <face v1="67" v2="76" v3="75"></face>
        <face v1="67" v2="77" v3="76"></face>
        <face v1="67" v2="78" v3="77"></face>
        <face v1="67" v2="79" v3="78"></face>
        <face v1="67" v2="80" v3="79"></face>
        <face v1="67" v2="81" v3="80"></face>
        <face v1="67" v2="82" v3="81"></face>
        <face v1="67" v2="83" v3="82"></face>
        <face v1="83" v2="67" v3="84"></face>
        <face v1="67" v2="85" v3="84"></face>
        <face v1="85" v2="86" v3="84"></face>
        <face v1="86" v2="87" v3="84"></face>
        <face v1="87" v2="88" v3="84"></face>
        <face v1="89" v2="84" v3="88"></face>
        <face v1="84" v2="89" v3="90"></face>
        <face v1="89" v2="91" v3="90"></face>
        <face v1="91" v2="92" v3="90"></face>
        <face v1="92" v2="93" v3="90"></face>
        <face v1="93" v2="94" v3="90"></face>
        <face v1="94" v2="95" v3="90"></face>
        <face v1="95" v2="96" v3="90"></face>
        <face v1="96" v2="97" v3="90"></face>
        <face v1="98" v2="90" v3="97"></face>
        <face v1="98" v2="99" v3="90"></face>
        <face v1="98" v2="100" v3="99"></face>
        <face v1="98" v2="101" v3="100"></face>
        <face v1="98" v2="102" v3="101"></face>
        <face v1="102" v2="98" v3="103"></face>
        <face v1="98" v2="104" v3="103"></face>
        <face v1="104" v2="105" v3="103"></face>
        <face v1="106" v2="103" v3="105"></face>
        <face v1="103" v2="106" v3="107"></face>
        <face v1="106" v2="108" v3="107"></face>
        <face v1="108" v2="109" v3="107"></face>
        <face v1="110" v2="107" v3="109"></face>
        <face v1="107" v2="110" v3="111"></face>
        <face v1="112" v2="111" v3="110"></face>
        <face v1="112" v2="113" v3="111"></face>
        <face v1="112" v2="114" v3="113"></face>
        <face v1="112" v2="115" v3="114"></face>
        <face v1="115" v2="112" v3="116"></face>
        <face v1="117" v2="116" v3="112"></face>
        <face v1="117" v2="118" v3="116"></face>
        <face v1="119" v2="118" v3="117"></face>
        <face v1="120" v2="61" v3="63"></face>
        <face v1="61" v2="120" v3="121"></face>
        <face v1="62" v2="64" v3="63"></face>
      </faces>
      <geometry vertexcount="122">
        <vertexbuffer positions="true" normals="true" texture_coords="1">
          <vertex>
            <position x="3.84808" y="0.753208" z="-0.3214"></position>
            <normal x="-0.007371633" y="0.9999642" z="-0.00415802"></normal>
            <texcoord u="0.71388" v="1.540753"></texcoord>
          </vertex>
          <vertex>
            <position x="3.8291" y="0.753141" z="-0.303787"></position>
            <normal x="-0.007347255" y="0.99996454" z="-0.004113885"></normal>
            <texcoord u="0.702213" v="1.571629"></texcoord>
          </vertex>
          <vertex>
            <position x="3.83905" y="0.753181" z="-0.311924"></position>
            <normal x="-0.00765333" y="0.99996084" z="-0.0044437326"></normal>
            <texcoord u="0.708955" v="1.556692"></texcoord>
          </vertex>
          <vertex>
            <position x="3.81836" y="0.753091" z="-0.297018"></position>
            <normal x="-0.0073125763" y="0.99996483" z="-0.0041092113"></normal>
            <texcoord u="0.693796" v="1.585451"></texcoord>
          </vertex>
          <vertex>
            <position x="3.90259" y="0.753325" z="-0.389103"></position>
            <normal x="-0.0073761563" y="0.99996394" z="-0.004205237"></normal>
            <texcoord u="0.737682" v="1.4325299"></texcoord>
          </vertex>
          <vertex>
            <position x="3.80698" y="0.753029" z="-0.291644"></position>
            <normal x="-0.007349667" y="0.99996436" z="-0.0041732076"></normal>
            <texcoord u="0.683848" v="1.598047"></texcoord>
          </vertex>
          <vertex>
            <position x="4.08947" y="0.750726" z="-1.33671"></position>
            <normal x="-0.008544992" y="0.99994916" z="-0.005359329"></normal>
            <texcoord u="0.413184" v="0.244712"></texcoord>
          </vertex>
          <vertex>
            <position x="4.08803" y="0.750723" z="-1.33497"></position>
            <normal x="-0.0073983893" y="0.9999639" z="-0.004188823"></normal>
            <texcoord u="0.41253" v="0.24752098"></texcoord>
          </vertex>
          <vertex>
            <position x="4.09294" y="0.750741" z="-1.33944"></position>
            <normal x="-0.0076288655" y="0.9999615" z="-0.004352975"></normal>
            <texcoord u="0.415601" v="0.239631"></texcoord>
          </vertex>
          <vertex>
            <position x="4.09491" y="0.750751" z="-1.3404"></position>
            <normal x="-0.0068469075" y="0.9999704" z="-0.0035166428"></normal>
            <texcoord u="0.417301" v="0.23741901"></texcoord>
          </vertex>
          <vertex>
            <position x="4.09698" y="0.750763" z="-1.34107"></position>
            <normal x="-0.007218792" y="0.99996585" z="-0.0040354566"></normal>
            <texcoord u="0.419287" v="0.23546898"></texcoord>
          </vertex>
          <vertex>
            <position x="4.10355" y="0.750811" z="-1.3413"></position>
            <normal x="-0.007414634" y="0.99996334" z="-0.004281603"></normal>
            <texcoord u="0.426653" v="0.231484"></texcoord>
          </vertex>
          <vertex>
            <position x="4.10788" y="0.750849" z="-1.33984"></position>
            <normal x="-0.00737329" y="0.99996406" z="-0.00418106"></normal>
            <texcoord u="0.432423" v="0.23069102"></texcoord>
          </vertex>
          <vertex>
            <position x="4.22229" y="0.751936" z="-1.28167"></position>
            <normal x="-0.0073751705" y="0.99996406" z="-0.0041797115"></normal>
            <texcoord u="0.596061" v="0.23216498"></texcoord>
          </vertex>
          <vertex>
            <position x="4.23357" y="0.752047" z="-1.27502"></position>
            <normal x="-0.0071509583" y="0.9999666" z="-0.0039463444"></normal>
            <texcoord u="0.612701" v="0.23335302"></texcoord>
          </vertex>
          <vertex>
            <position x="3.91102" y="0.750876" z="-0.987601"></position>
            <normal x="-0.007496623" y="0.99996245" z="-0.004338917"></normal>
            <texcoord u="0.407612" v="0.74452496"></texcoord>
          </vertex>
          <vertex>
            <position x="3.86562" y="0.750615" z="-0.970169"></position>
            <normal x="-0.007055445" y="0.9999681" z="-0.0037471096"></normal>
            <texcoord u="0.365686" v="0.790187"></texcoord>
          </vertex>
          <vertex>
            <position x="3.86217" y="0.750606" z="-0.966075"></position>
            <normal x="-0.007282382" y="0.9999654" z="-0.004001047"></normal>
            <texcoord u="0.364062" v="0.796824"></texcoord>
          </vertex>
          <vertex>
            <position x="3.86985" y="0.750633" z="-0.97333"></position>
            <normal x="-0.0070513026" y="0.9999681" z="-0.0037427244"></normal>
            <texcoord u="0.36872" v="0.784178"></texcoord>
          </vertex>
          <vertex>
            <position x="3.87467" y="0.750659" z="-0.975465"></position>
            <normal x="-0.007152912" y="0.999967" z="-0.0038791245"></normal>
            <texcoord u="0.373005" v="0.779009"></texcoord>
          </vertex>
          <vertex>
            <position x="3.87724" y="0.750675" z="-0.976117"></position>
            <normal x="-0.0073507503" y="0.99996436" z="-0.0041581118"></normal>
            <texcoord u="0.375567" v="0.776807"></texcoord>
          </vertex>
          <vertex>
            <position x="3.88258" y="0.750713" z="-0.976531"></position>
            <normal x="-0.0074254293" y="0.99996334" z="-0.004262331"></normal>
            <texcoord u="0.381432" v="0.773301"></texcoord>
          </vertex>
          <vertex>
            <position x="3.88834" y="0.750758" z="-0.97598"></position>
            <normal x="-0.0074135214" y="0.9999635" z="-0.004242882"></normal>
            <texcoord u="0.388319" v="0.770662"></texcoord>
          </vertex>
          <vertex>
            <position x="3.89134" y="0.75078" z="-0.976042"></position>
            <normal x="-0.007391003" y="0.999964" z="-0.0041754027"></normal>
            <texcoord u="0.391706" v="0.76889"></texcoord>
          </vertex>
          <vertex>
            <position x="3.89713" y="0.750818" z="-0.977167"></position>
            <normal x="-0.0073314295" y="0.999965" z="-0.0040421835"></normal>
            <texcoord u="0.397679" v="0.764319"></texcoord>
          </vertex>
          <vertex>
            <position x="4.25372" y="0.753015" z="-1.07969"></position>
            <normal x="-0.007356141" y="0.99996424" z="-0.004179561"></normal>
            <texcoord u="0.746576" v="0.444897"></texcoord>
          </vertex>
          <vertex>
            <position x="4.22771" y="0.75317" z="-0.996931"></position>
            <normal x="-0.0074109305" y="0.9999635" z="-0.004241309"></normal>
            <texcoord u="0.763855" v="0.554132"></texcoord>
          </vertex>
          <vertex>
            <position x="3.56828" y="0.750866" z="-0.388054"></position>
            <normal x="-0.0073504085" y="0.9999643" z="-0.004176776"></normal>
            <texcoord u="0.356631" v="1.623466"></texcoord>
          </vertex>
          <vertex>
            <position x="3.90922" y="0.750873" z="-0.985204"></position>
            <normal x="-0.0068170447" y="0.9999703" z="-0.0035787222"></normal>
            <texcoord u="0.406917" v="0.748284"></texcoord>
          </vertex>
          <vertex>
            <position x="3.90492" y="0.750858" z="-0.981159"></position>
            <normal x="-0.007042702" y="0.9999678" z="-0.0038595444"></normal>
            <texcoord u="0.404308" v="0.755339"></texcoord>
          </vertex>
          <vertex>
            <position x="4.24374" y="0.752155" z="-1.26717"></position>
            <normal x="-0.0073713493" y="0.999964" z="-0.0041972836"></normal>
            <texcoord u="0.628775" v="0.23654002"></texcoord>
          </vertex>
          <vertex>
            <position x="3.90248" y="0.750847" z="-0.979539"></position>
            <normal x="-0.0074773245" y="0.99996156" z="-0.0045771794"></normal>
            <texcoord u="0.402438" v="0.75857604"></texcoord>
          </vertex>
          <vertex>
            <position x="4.25277" y="0.752259" z="-1.25824"></position>
            <normal x="-0.007372469" y="0.999964" z="-0.004194543"></normal>
            <texcoord u="0.644144" v="0.24160898"></texcoord>
          </vertex>
          <vertex>
            <position x="4.26058" y="0.752358" z="-1.24837"></position>
            <normal x="-0.0073684943" y="0.99996406" z="-0.004194262"></normal>
            <texcoord u="0.658665" v="0.24844801"></texcoord>
          </vertex>
          <vertex>
            <position x="4.26712" y="0.752451" z="-1.23768"></position>
            <normal x="-0.0073617324" y="0.9999641" z="-0.0041939784"></normal>
            <texcoord u="0.672197" v="0.25694197"></texcoord>
          </vertex>
          <vertex>
            <position x="4.27232" y="0.752537" z="-1.2263"></position>
            <normal x="-0.0073390403" y="0.9999643" z="-0.004191109"></normal>
            <texcoord u="0.6846" v="0.266976"></texcoord>
          </vertex>
          <vertex>
            <position x="4.27614" y="0.752615" z="-1.21436"></position>
            <normal x="-0.0074212127" y="0.99996364" z="-0.0042056786"></normal>
            <texcoord u="0.695731" v="0.27843702"></texcoord>
          </vertex>
          <vertex>
            <position x="4.27851" y="0.752685" z="-1.202"></position>
            <normal x="-0.007394897" y="0.99996394" z="-0.004196556"></normal>
            <texcoord u="0.705452" v="0.291211"></texcoord>
          </vertex>
          <vertex>
            <position x="4.27936" y="0.752744" z="-1.18933"></position>
            <normal x="-0.007184498" y="0.99996555" z="-0.00415144"></normal>
            <texcoord u="0.713618" v="0.30518198"></texcoord>
          </vertex>
          <vertex>
            <position x="4.27865" y="0.752792" z="-1.1765"></position>
            <normal x="-0.0073132403" y="0.9999645" z="-0.004186472"></normal>
            <texcoord u="0.72009" v="0.320238"></texcoord>
          </vertex>
          <vertex>
            <position x="4.27631" y="0.752829" z="-1.16362"></position>
            <normal x="-0.0075214007" y="0.9999627" z="-0.0042400733"></normal>
            <texcoord u="0.724726" v="0.336263"></texcoord>
          </vertex>
          <vertex>
            <position x="3.56772" y="0.750871" z="-0.385862"></position>
            <normal x="-0.0074603143" y="0.9999629" z="-0.004295433"></normal>
            <texcoord u="0.357235" v="1.626286"></texcoord>
          </vertex>
          <vertex>
            <position x="3.56748" y="0.750879" z="-0.38365"></position>
            <normal x="-0.007510403" y="0.99996233" z="-0.0043498063"></normal>
            <texcoord u="0.358221" v="1.628945"></texcoord>
          </vertex>
          <vertex>
            <position x="3.56794" y="0.750901" z="-0.379296"></position>
            <normal x="-0.0073387674" y="0.9999644" z="-0.0041597337"></normal>
            <texcoord u="0.36122" v="1.633652"></texcoord>
          </vertex>
          <vertex>
            <position x="4.19833" y="0.753296" z="-0.915447"></position>
            <normal x="-0.007358798" y="0.9999642" z="-0.004184164"></normal>
            <texcoord u="0.776564" v="0.663826"></texcoord>
          </vertex>
          <vertex>
            <position x="3.56958" y="0.750929" z="-0.375255"></position>
            <normal x="-0.0073278327" y="0.9999646" z="-0.0041474667"></normal>
            <texcoord u="0.365382" v="1.6373379"></texcoord>
          </vertex>
          <vertex>
            <position x="3.57081" y="0.750946" z="-0.37343"></position>
            <normal x="-0.007422328" y="0.9999634" z="-0.004257637"></normal>
            <texcoord u="0.367823" v="1.638721"></texcoord>
          </vertex>
          <vertex>
            <position x="3.57405" y="0.750983" z="-0.370343"></position>
            <normal x="-0.007373145" y="0.99996394" z="-0.0042010653"></normal>
            <texcoord u="0.373272" v="1.640408"></texcoord>
          </vertex>
          <vertex>
            <position x="4.16563" y="0.753391" z="-0.835336"></position>
            <normal x="-0.0073668933" y="0.99996406" z="-0.0041939667"></normal>
            <texcoord u="0.784704" v="0.773836"></texcoord>
          </vertex>
          <vertex>
            <position x="4.12967" y="0.753456" z="-0.756698"></position>
            <normal x="-0.0073710075" y="0.999964" z="-0.0041996944"></normal>
            <texcoord u="0.788277" v="0.884018"></texcoord>
          </vertex>
          <vertex>
            <position x="4.09048" y="0.753491" z="-0.679634"></position>
            <normal x="-0.0073700002" y="0.999964" z="-0.0041973223"></normal>
            <texcoord u="0.787285" v="0.994231"></texcoord>
          </vertex>
          <vertex>
            <position x="4.04813" y="0.753495" z="-0.604242"></position>
            <normal x="-0.007369358" y="0.999964" z="-0.0041960203"></normal>
            <texcoord u="0.781728" v="1.104331"></texcoord>
          </vertex>
          <vertex>
            <position x="3.72087" y="0.752379" z="-0.295502"></position>
            <normal x="-0.007364328" y="0.9999641" z="-0.0041905623"></normal>
            <texcoord u="0.58336" v="1.642517"></texcoord>
          </vertex>
          <vertex>
            <position x="4.00266" y="0.753469" z="-0.530623"></position>
            <normal x="-0.007362723" y="0.9999641" z="-0.0041881613"></normal>
            <texcoord u="0.771608" v="1.2141759"></texcoord>
          </vertex>
          <vertex>
            <position x="3.73288" y="0.752489" z="-0.290308"></position>
            <normal x="-0.007360096" y="0.9999642" z="-0.00418459"></normal>
            <texcoord u="0.600018" v="1.641628"></texcoord>
          </vertex>
          <vertex>
            <position x="3.74522" y="0.752595" z="-0.286709"></position>
            <normal x="-0.007367769" y="0.9999641" z="-0.004194312"></normal>
            <texcoord u="0.616148" v="1.638732"></texcoord>
          </vertex>
          <vertex>
            <position x="3.95413" y="0.753412" z="-0.458876"></position>
            <normal x="-0.0073706172" y="0.999964" z="-0.0041989577"></normal>
            <texcoord u="0.756925" v="1.323624"></texcoord>
          </vertex>
          <vertex>
            <position x="3.75775" y="0.752696" z="-0.284679"></position>
            <normal x="-0.007381602" y="0.9999639" z="-0.0042112865"></normal>
            <texcoord u="0.631605" v="1.633939"></texcoord>
          </vertex>
          <vertex>
            <position x="3.77033" y="0.752791" z="-0.284185"></position>
            <normal x="-0.007380111" y="0.99996394" z="-0.004212188"></normal>
            <texcoord u="0.646247" v="1.627363"></texcoord>
          </vertex>
          <vertex>
            <position x="3.78282" y="0.752879" z="-0.2852"></position>
            <normal x="-0.00738771" y="0.99996376" z="-0.004223946"></normal>
            <texcoord u="0.65993" v="1.619115"></texcoord>
          </vertex>
          <vertex>
            <position x="3.79508" y="0.752959" z="-0.287697"></position>
            <normal x="-0.007303343" y="0.9999648" z="-0.0041341092"></normal>
            <texcoord u="0.672512" v="1.609305"></texcoord>
          </vertex>
          <vertex>
            <position x="3.56883" y="0.721694" z="-0.377099"></position>
            <normal x="0.0073282104" y="-0.99996424" z="0.0042068837"></normal>
            <texcoord u="0.042439" v="2.2238"></texcoord>
          </vertex>
          <vertex>
            <position x="3.56777" y="0.721668" z="-0.381328"></position>
            <normal x="0.0073071085" y="-0.9999641" z="0.004301175"></normal>
            <texcoord u="0.038869" v="2.22806"></texcoord>
          </vertex>
          <vertex>
            <position x="3.72108" y="0.723158" z="-0.295377"></position>
            <normal x="0.0073871347" y="-0.999964" z="0.0041729533"></normal>
            <texcoord u="0.26255" v="2.21475"></texcoord>
          </vertex>
          <vertex>
            <position x="3.56769" y="0.721658" z="-0.383527"></position>
            <normal x="0.0074076224" y="-0.999964" z="0.004125921"></normal>
            <texcoord u="0.037555" v="2.23054"></texcoord>
          </vertex>
          <vertex>
            <position x="3.56793" y="0.721651" z="-0.38574"></position>
            <normal x="0.007439824" y="-0.999964" z="0.0040671546"></normal>
            <texcoord u="0.036595" v="2.2332"></texcoord>
          </vertex>
          <vertex>
            <position x="3.56849" y="0.721646" z="-0.387932"></position>
            <normal x="0.0073719583" y="-0.9999641" z="0.0041818316"></normal>
            <texcoord u="0.036019" v="2.23603"></texcoord>
          </vertex>
          <vertex>
            <position x="3.86238" y="0.721386" z="-0.965952"></position>
            <normal x="0.0073699006" y="-0.99996406" z="0.0041937167"></normal>
            <texcoord u="0.051575" v="3.06256"></texcoord>
          </vertex>
          <vertex>
            <position x="3.73309" y="0.723269" z="-0.290186"></position>
            <normal x="0.0073566255" y="-0.9999641" z="0.0041938215"></normal>
            <texcoord u="0.279216" v="2.2154799"></texcoord>
          </vertex>
          <vertex>
            <position x="3.74543" y="0.723374" z="-0.286586"></position>
            <normal x="0.0073345504" y="-0.9999643" z="0.004188757"></normal>
            <texcoord u="0.295373" v="2.21821"></texcoord>
          </vertex>
          <vertex>
            <position x="3.75796" y="0.723475" z="-0.284557"></position>
            <normal x="0.00738291" y="-0.99996394" z="0.004196996"></normal>
            <texcoord u="0.310877" v="2.2228498"></texcoord>
          </vertex>
          <vertex>
            <position x="3.77054" y="0.72357" z="-0.284063"></position>
            <normal x="0.0073882192" y="-0.9999639" z="0.004197794"></normal>
            <texcoord u="0.325583" v="2.22929"></texcoord>
          </vertex>
          <vertex>
            <position x="3.78303" y="0.723658" z="-0.285077"></position>
            <normal x="0.0073809233" y="-0.999964" z="0.004196959"></normal>
            <texcoord u="0.339346" v="2.2374"></texcoord>
          </vertex>
          <vertex>
            <position x="3.7953" y="0.723738" z="-0.287574"></position>
            <normal x="0.0073680277" y="-0.99996406" z="0.00419554"></normal>
            <texcoord u="0.352023" v="2.2470899"></texcoord>
          </vertex>
          <vertex>
            <position x="3.80719" y="0.723809" z="-0.291522"></position>
            <normal x="0.0073473" y="-0.9999642" z="0.0041937637"></normal>
            <texcoord u="0.36347" v="2.25823"></texcoord>
          </vertex>
          <vertex>
            <position x="3.81858" y="0.72387" z="-0.296896"></position>
            <normal x="0.0073669646" y="-0.99996406" z="0.004194788"></normal>
            <texcoord u="0.373541" v="2.27073"></texcoord>
          </vertex>
          <vertex>
            <position x="3.82931" y="0.723921" z="-0.303665"></position>
            <normal x="0.007371237" y="-0.999964" z="0.004195555"></normal>
            <texcoord u="0.382094" v="2.28447"></texcoord>
          </vertex>
          <vertex>
            <position x="3.83927" y="0.72396" z="-0.311802"></position>
            <normal x="0.0073705837" y="-0.9999641" z="0.004195075"></normal>
            <texcoord u="0.388983" v="2.29934"></texcoord>
          </vertex>
          <vertex>
            <position x="3.84829" y="0.723987" z="-0.321277"></position>
            <normal x="0.007379144" y="-0.99996394" z="0.004195675"></normal>
            <texcoord u="0.394063" v="2.31523"></texcoord>
          </vertex>
          <vertex>
            <position x="3.9028" y="0.724104" z="-0.388981"></position>
            <normal x="0.007361237" y="-0.9999641" z="0.0041948953"></normal>
            <texcoord u="0.418929" v="2.4232101"></texcoord>
          </vertex>
          <vertex>
            <position x="3.95435" y="0.724191" z="-0.458754"></position>
            <normal x="0.0073693926" y="-0.99996406" z="0.004193886"></normal>
            <texcoord u="0.439242" v="2.53192"></texcoord>
          </vertex>
          <vertex>
            <position x="4.00288" y="0.724248" z="-0.530501"></position>
            <normal x="0.0073691355" y="-0.99996406" z="0.004194524"></normal>
            <texcoord u="0.454999" v="2.64122"></texcoord>
          </vertex>
          <vertex>
            <position x="4.04835" y="0.724274" z="-0.60412"></position>
            <normal x="0.007367604" y="-0.99996406" z="0.0041945116"></normal>
            <texcoord u="0.466199" v="2.7509599"></texcoord>
          </vertex>
          <vertex>
            <position x="4.0907" y="0.72427" z="-0.679511"></position>
            <normal x="0.0073672384" y="-0.99996406" z="0.004195553"></normal>
            <texcoord u="0.472838" v="2.861"></texcoord>
          </vertex>
          <vertex>
            <position x="4.12988" y="0.724235" z="-0.756576"></position>
            <normal x="0.007384001" y="-0.99996406" z="0.004174589"></normal>
            <texcoord u="0.474914" v="2.9712"></texcoord>
          </vertex>
          <vertex>
            <position x="3.864" y="0.721389" z="-0.96811"></position>
            <normal x="0.0073632062" y="-0.99996406" z="0.0041987193"></normal>
            <texcoord u="0.052235" v="3.06594"></texcoord>
          </vertex>
          <vertex>
            <position x="3.86787" y="0.721402" z="-0.97175"></position>
            <normal x="0.0073329825" y="-0.9999641" z="0.0042365403"></normal>
            <texcoord u="0.054646" v="3.07226"></texcoord>
          </vertex>
          <vertex>
            <position x="3.87241" y="0.721424" z="-0.974409"></position>
            <normal x="0.007451196" y="-0.9999639" z="0.0040969662"></normal>
            <texcoord u="0.05838" v="3.07784"></texcoord>
          </vertex>
          <vertex>
            <position x="3.87488" y="0.721439" z="-0.975342"></position>
            <normal x="0.0074513946" y="-0.9999638" z="0.0040947474"></normal>
            <texcoord u="0.060694" v="3.08029"></texcoord>
          </vertex>
          <vertex>
            <position x="3.8801" y="0.721473" z="-0.976353"></position>
            <normal x="0.0072862613" y="-0.999964" z="0.0043458035"></normal>
            <texcoord u="0.066112" v="3.08435"></texcoord>
          </vertex>
          <vertex>
            <position x="4.16585" y="0.72417" z="-0.835213"></position>
            <normal x="0.007349907" y="-0.99996406" z="0.0042285738"></normal>
            <texcoord u="0.472424" v="3.08141"></texcoord>
          </vertex>
          <vertex>
            <position x="3.88279" y="0.721492" z="-0.976409"></position>
            <normal x="0.0072922017" y="-0.99996394" z="0.0043472103"></normal>
            <texcoord u="0.069176" v="3.08591"></texcoord>
          </vertex>
          <vertex>
            <position x="3.88855" y="0.721537" z="-0.975857"></position>
            <normal x="0.007408279" y="-0.9999641" z="0.0041141044"></normal>
            <texcoord u="0.076089" v="3.08848"></texcoord>
          </vertex>
          <vertex>
            <position x="3.89449" y="0.721579" z="-0.976319"></position>
            <normal x="0.0073875007" y="-0.99996406" z="0.0041546593"></normal>
            <texcoord u="0.082641" v="3.09231"></texcoord>
          </vertex>
          <vertex>
            <position x="3.90009" y="0.721613" z="-0.978081"></position>
            <normal x="0.007387232" y="-0.99996406" z="0.004155691"></normal>
            <texcoord u="0.08808" v="3.09745"></texcoord>
          </vertex>
          <vertex>
            <position x="3.90513" y="0.721638" z="-0.981037"></position>
            <normal x="0.007347277" y="-0.99996406" z="0.004226533"></normal>
            <texcoord u="0.092228" v="3.10365"></texcoord>
          </vertex>
          <vertex>
            <position x="3.90943" y="0.721652" z="-0.985081"></position>
            <normal x="0.007319315" y="-0.99996406" z="0.00427808"></normal>
            <texcoord u="0.094906" v="3.11068"></texcoord>
          </vertex>
          <vertex>
            <position x="3.91123" y="0.721655" z="-0.987478"></position>
            <normal x="0.0073539615" y="-0.99996406" z="0.0042193644"></normal>
            <texcoord u="0.095638" v="3.11443"></texcoord>
          </vertex>
          <vertex>
            <position x="4.08824" y="0.721502" z="-1.33485"></position>
            <normal x="0.007402563" y="-0.999964" z="0.004155622"></normal>
            <texcoord u="0.105441" v="3.61136"></texcoord>
          </vertex>
          <vertex>
            <position x="4.19855" y="0.724075" z="-0.915325"></position>
            <normal x="0.0073737456" y="-0.999964" z="0.0041940827"></normal>
            <texcoord u="0.465365" v="3.1915"></texcoord>
          </vertex>
          <vertex>
            <position x="4.22793" y="0.72395" z="-0.996809"></position>
            <normal x="0.0073692147" y="-0.99996406" z="0.0041963244"></normal>
            <texcoord u="0.453735" v="3.30131"></texcoord>
          </vertex>
          <vertex>
            <position x="4.25394" y="0.723794" z="-1.07957"></position>
            <normal x="0.007363325" y="-0.99996406" z="0.004198499"></normal>
            <texcoord u="0.437531" v="3.41071"></texcoord>
          </vertex>
          <vertex>
            <position x="4.27653" y="0.723608" z="-1.1635"></position>
            <normal x="0.007388413" y="-0.999964" z="0.0041714255"></normal>
            <texcoord u="0.41675" v="3.51955"></texcoord>
          </vertex>
          <vertex>
            <position x="4.27887" y="0.723572" z="-1.17637"></position>
            <normal x="0.0074003073" y="-0.99996394" z="0.0041587627"></normal>
            <texcoord u="0.412272" v="3.53562"></texcoord>
          </vertex>
          <vertex>
            <position x="4.08968" y="0.721506" z="-1.33659"></position>
            <normal x="0.0073334575" y="-0.9999641" z="0.004234963"></normal>
            <texcoord u="0.106123" v="3.61416"></texcoord>
          </vertex>
          <vertex>
            <position x="4.09133" y="0.721511" z="-1.33808"></position>
            <normal x="0.007340608" y="-0.9999642" z="0.0042314967"></normal>
            <texcoord u="0.107183" v="3.61679"></texcoord>
          </vertex>
          <vertex>
            <position x="4.09316" y="0.72152" z="-1.33931"></position>
            <normal x="0.0074269464" y="-0.9999639" z="0.0041278913"></normal>
            <texcoord u="0.108589" v="3.61922"></texcoord>
          </vertex>
          <vertex>
            <position x="4.27958" y="0.723523" z="-1.18921"></position>
            <normal x="0.0074261534" y="-0.9999639" z="0.004126933"></normal>
            <texcoord u="0.405948" v="3.55074"></texcoord>
          </vertex>
          <vertex>
            <position x="4.09935" y="0.721557" z="-1.34134"></position>
            <normal x="0.007339372" y="-0.9999641" z="0.004227657"></normal>
            <texcoord u="0.114575" v="3.62498"></texcoord>
          </vertex>
          <vertex>
            <position x="4.10376" y="0.72159" z="-1.34118"></position>
            <normal x="0.007515073" y="-0.99996364" z="0.0040248614"></normal>
            <texcoord u="0.119721" v="3.62726"></texcoord>
          </vertex>
          <vertex>
            <position x="4.10595" y="0.721609" z="-1.34062"></position>
            <normal x="0.0074867457" y="-0.99996376" z="0.0040568206"></normal>
            <texcoord u="0.122547" v="3.62783"></texcoord>
          </vertex>
          <vertex>
            <position x="4.27872" y="0.723464" z="-1.20187"></position>
            <normal x="0.007338127" y="-0.9999642" z="0.0042156377"></normal>
            <texcoord u="0.397919" v="3.56479"></texcoord>
          </vertex>
          <vertex>
            <position x="4.22251" y="0.722715" z="-1.28154"></position>
            <normal x="0.007365469" y="-0.999964" z="0.0041977353"></normal>
            <texcoord u="0.289114" v="3.62491"></texcoord>
          </vertex>
          <vertex>
            <position x="4.27636" y="0.723394" z="-1.21424"></position>
            <normal x="0.0073374677" y="-0.99996424" z="0.004217058"></normal>
            <texcoord u="0.388325" v="3.57766"></texcoord>
          </vertex>
          <vertex>
            <position x="4.27254" y="0.723316" z="-1.22618"></position>
            <normal x="0.00739936" y="-0.99996394" z="0.004168713"></normal>
            <texcoord u="0.377307" v="3.58923"></texcoord>
          </vertex>
          <vertex>
            <position x="4.26733" y="0.72323" z="-1.23755"></position>
            <normal x="0.007394255" y="-0.99996394" z="0.0041725957"></normal>
            <texcoord u="0.365003" v="3.59939"></texcoord>
          </vertex>
          <vertex>
            <position x="4.26079" y="0.723137" z="-1.24825"></position>
            <normal x="0.0073846364" y="-0.99996394" z="0.004184529"></normal>
            <texcoord u="0.351555" v="3.60801"></texcoord>
          </vertex>
          <vertex>
            <position x="4.23378" y="0.722826" z="-1.2749"></position>
            <normal x="0.0073723337" y="-0.999964" z="0.004198697"></normal>
            <texcoord u="0.305742" v="3.62356"></texcoord>
          </vertex>
          <vertex>
            <position x="4.25298" y="0.723038" z="-1.25812"></position>
            <normal x="0.007370398" y="-0.999964" z="0.0042009507"></normal>
            <texcoord u="0.337102" v="3.615"></texcoord>
          </vertex>
          <vertex>
            <position x="4.24396" y="0.722934" z="-1.26705"></position>
            <normal x="0.007363648" y="-0.999964" z="0.0042086714"></normal>
            <texcoord u="0.321784" v="3.62022"></texcoord>
          </vertex>
          <vertex>
            <position x="3.57625" y="0.721782" z="-0.36902"></position>
            <normal x="0.007342736" y="-0.9999645" z="0.0041526533"></normal>
            <texcoord u="0.055436" v="2.2186499"></texcoord>
          </vertex>
          <vertex>
            <position x="3.57103" y="0.721726" z="-0.373308"></position>
            <normal x="0.0072564315" y="-0.9999648" z="0.004231921"></normal>
            <texcoord u="0.047061" v="2.22067"></texcoord>
          </vertex>
        </vertexbuffer>
      </geometry>
    </submesh>
  </submeshes>
</mesh>
