<mesh>
  <submeshes>
    <submesh material="Material.100" usesharedvertices="false">
      <faces count="348">
        <face v1="0" v2="1" v3="2"></face>
        <face v1="3" v2="4" v3="5"></face>
        <face v1="3" v2="5" v3="6"></face>
        <face v1="3" v2="6" v3="7"></face>
        <face v1="8" v2="9" v3="10"></face>
        <face v1="8" v2="10" v3="11"></face>
        <face v1="8" v2="11" v3="12"></face>
        <face v1="8" v2="12" v3="13"></face>
        <face v1="8" v2="13" v3="14"></face>
        <face v1="8" v2="14" v3="15"></face>
        <face v1="16" v2="17" v3="18"></face>
        <face v1="17" v2="19" v3="18"></face>
        <face v1="19" v2="20" v3="18"></face>
        <face v1="20" v2="21" v3="18"></face>
        <face v1="21" v2="22" v3="18"></face>
        <face v1="22" v2="23" v3="18"></face>
        <face v1="24" v2="18" v3="25"></face>
        <face v1="26" v2="18" v3="24"></face>
        <face v1="27" v2="18" v3="26"></face>
        <face v1="28" v2="27" v3="29"></face>
        <face v1="28" v2="18" v3="27"></face>
        <face v1="25" v2="18" v3="23"></face>
        <face v1="30" v2="31" v3="32"></face>
        <face v1="33" v2="34" v3="35"></face>
        <face v1="36" v2="37" v3="38"></face>
        <face v1="39" v2="37" v3="36"></face>
        <face v1="40" v2="39" v3="36"></face>
        <face v1="41" v2="40" v3="36"></face>
        <face v1="42" v2="41" v3="36"></face>
        <face v1="43" v2="42" v3="36"></face>
        <face v1="44" v2="43" v3="36"></face>
        <face v1="40" v2="41" v3="45"></face>
        <face v1="43" v2="44" v3="46"></face>
        <face v1="47" v2="46" v3="44"></face>
        <face v1="48" v2="47" v3="44"></face>
        <face v1="49" v2="48" v3="44"></face>
        <face v1="50" v2="49" v3="44"></face>
        <face v1="51" v2="50" v3="44"></face>
        <face v1="52" v2="53" v3="54"></face>
        <face v1="55" v2="53" v3="52"></face>
        <face v1="47" v2="48" v3="56"></face>
        <face v1="53" v2="55" v3="57"></face>
        <face v1="53" v2="57" v3="58"></face>
        <face v1="53" v2="58" v3="59"></face>
        <face v1="53" v2="59" v3="60"></face>
        <face v1="53" v2="60" v3="51"></face>
        <face v1="53" v2="51" v3="61"></face>
        <face v1="50" v2="51" v3="60"></face>
        <face v1="62" v2="61" v3="51"></face>
        <face v1="61" v2="62" v3="63"></face>
        <face v1="64" v2="63" v3="62"></face>
        <face v1="65" v2="66" v3="54"></face>
        <face v1="67" v2="68" v3="64"></face>
        <face v1="68" v2="67" v3="34"></face>
        <face v1="69" v2="34" v3="67"></face>
        <face v1="34" v2="69" v3="70"></face>
        <face v1="34" v2="70" v3="71"></face>
        <face v1="34" v2="71" v3="35"></face>
        <face v1="38" v2="37" v3="72"></face>
        <face v1="35" v2="73" v3="74"></face>
        <face v1="75" v2="74" v3="73"></face>
        <face v1="76" v2="75" v3="73"></face>
        <face v1="77" v2="76" v3="73"></face>
        <face v1="78" v2="77" v3="73"></face>
        <face v1="79" v2="78" v3="73"></face>
        <face v1="80" v2="79" v3="73"></face>
        <face v1="81" v2="80" v3="73"></face>
        <face v1="82" v2="81" v3="73"></face>
        <face v1="83" v2="82" v3="73"></face>
        <face v1="84" v2="83" v3="73"></face>
        <face v1="85" v2="84" v3="73"></face>
        <face v1="86" v2="85" v3="73"></face>
        <face v1="87" v2="86" v3="73"></face>
        <face v1="74" v2="75" v3="88"></face>
        <face v1="74" v2="88" v3="89"></face>
        <face v1="74" v2="89" v3="90"></face>
        <face v1="74" v2="90" v3="91"></face>
        <face v1="74" v2="91" v3="92"></face>
        <face v1="74" v2="92" v3="93"></face>
        <face v1="74" v2="93" v3="94"></face>
        <face v1="74" v2="94" v3="32"></face>
        <face v1="78" v2="79" v3="95"></face>
        <face v1="84" v2="85" v3="96"></face>
        <face v1="86" v2="87" v3="97"></face>
        <face v1="98" v2="97" v3="87"></face>
        <face v1="99" v2="98" v3="87"></face>
        <face v1="100" v2="99" v3="87"></face>
        <face v1="101" v2="32" v3="94"></face>
        <face v1="102" v2="32" v3="101"></face>
        <face v1="103" v2="32" v3="102"></face>
        <face v1="104" v2="103" v3="102"></face>
        <face v1="105" v2="104" v3="102"></face>
        <face v1="106" v2="98" v3="99"></face>
        <face v1="32" v2="103" v3="30"></face>
        <face v1="73" v2="35" v3="71"></face>
        <face v1="65" v2="54" v3="53"></face>
        <face v1="65" v2="37" v3="66"></face>
        <face v1="65" v2="72" v3="37"></face>
        <face v1="14" v2="107" v3="15"></face>
        <face v1="14" v2="36" v3="107"></face>
        <face v1="14" v2="44" v3="36"></face>
        <face v1="63" v2="64" v3="68"></face>
        <face v1="108" v2="17" v3="16"></face>
        <face v1="108" v2="16" v3="109"></face>
        <face v1="110" v2="111" v3="112"></face>
        <face v1="102" v2="113" v3="114"></face>
        <face v1="102" v2="114" v3="115"></face>
        <face v1="102" v2="115" v3="116"></face>
        <face v1="117" v2="118" v3="119"></face>
        <face v1="117" v2="119" v3="120"></face>
        <face v1="120" v2="121" v3="122"></face>
        <face v1="123" v2="124" v3="125"></face>
        <face v1="120" v2="106" v3="99"></face>
        <face v1="120" v2="99" v3="117"></face>
        <face v1="29" v2="126" v3="87"></face>
        <face v1="29" v2="87" v3="28"></face>
      </faces>
      <geometry vertexcount="127">
        <vertexbuffer positions="true" normals="true" texture_coords="1">
          <vertex>
            <position x="3.32509" y="0.670007" z="-1.15507"></position>
            <normal x="1.0" y="0.0" z="0.0"></normal>
            <texcoord u="-44.5407" v="-2.19208"></texcoord>
          </vertex>
          <vertex>
            <position x="3.32509" y="0.670007" z="-1.168"></position>
            <normal x="1.0" y="0.0" z="0.0"></normal>
            <texcoord u="-44.5407" v="-2.67847"></texcoord>
          </vertex>
          <vertex>
            <position x="3.32509" y="0.670007" z="-1.17277"></position>
            <normal x="1.0" y="0.0" z="0.0"></normal>
            <texcoord u="-44.5407" v="-2.8582"></texcoord>
          </vertex>
          <vertex>
            <position x="3.32509" y="0.670007" z="-1.15507"></position>
            <normal x="0.0" y="1.0" z="0.0"></normal>
            <texcoord u="-44.5407" v="-2.19208"></texcoord>
          </vertex>
          <vertex>
            <position x="3.32509" y="0.670007" z="-1.17277"></position>
            <normal x="0.0" y="1.0" z="0.0"></normal>
            <texcoord u="-44.5407" v="-2.8582"></texcoord>
          </vertex>
          <vertex>
            <position x="3.31256" y="0.670007" z="-1.17277"></position>
            <normal x="0.0" y="1.0" z="0.0"></normal>
            <texcoord u="-44.0692" v="-2.8582"></texcoord>
          </vertex>
          <vertex>
            <position x="3.31256" y="0.670007" z="-1.17192"></position>
            <normal x="0.0" y="1.0" z="0.0"></normal>
            <texcoord u="-44.0692" v="-2.82622"></texcoord>
          </vertex>
          <vertex>
            <position x="3.06777" y="0.670007" z="-1.24864"></position>
            <normal x="0.0" y="1.0" z="0.0"></normal>
            <texcoord u="-34.8543" v="-5.71432"></texcoord>
          </vertex>
          <vertex>
            <position x="3.32509" y="0.670007" z="-1.15507"></position>
            <normal x="-1.0522265E-6" y="-1.0" z="2.475493E-6"></normal>
            <texcoord u="-44.5407" v="-2.19208"></texcoord>
          </vertex>
          <vertex>
            <position x="3.06777" y="0.670007" z="-1.24864"></position>
            <normal x="0.0" y="-1.0" z="0.0"></normal>
            <texcoord u="-34.8543" v="-5.71432"></texcoord>
          </vertex>
          <vertex>
            <position x="3.31853" y="0.670007" z="-1.17609"></position>
            <normal x="0.0" y="-1.0" z="0.0"></normal>
            <texcoord u="-44.2937" v="-2.98319"></texcoord>
          </vertex>
          <vertex>
            <position x="3.50509" y="0.670007" z="-1.11158"></position>
            <normal x="0.0" y="-1.0" z="0.0"></normal>
            <texcoord u="-51.3167" v="-0.55478"></texcoord>
          </vertex>
          <vertex>
            <position x="3.5425" y="0.670007" z="-1.09766"></position>
            <normal x="-4.1595277E-7" y="-1.0" z="1.5752016E-6"></normal>
            <texcoord u="-52.7249" v="-0.030699968"></texcoord>
          </vertex>
          <vertex>
            <position x="3.4264" y="0.670008" z="-0.806683"></position>
            <normal x="-1.0238534E-6" y="-1.0" z="3.2062212E-6"></normal>
            <texcoord u="-48.3543" v="10.9226"></texcoord>
          </vertex>
          <vertex>
            <position x="3.4072" y="0.670008" z="-0.813839"></position>
            <normal x="-8.4425005E-7" y="-1.0" z="1.6878921E-6"></normal>
            <texcoord u="-47.6318" v="10.6532"></texcoord>
          </vertex>
          <vertex>
            <position x="3.32509" y="0.670008" z="-0.864693"></position>
            <normal x="-1.0805995E-6" y="-1.0" z="1.7447646E-6"></normal>
            <texcoord u="-44.5407" v="8.7389"></texcoord>
          </vertex>
          <vertex>
            <position x="0.73721" y="0.670007" z="-1.09767"></position>
            <normal x="5.17934E-7" y="-1.0" z="1.5360955E-6"></normal>
            <texcoord u="52.8761" v="-0.031209946"></texcoord>
          </vertex>
          <vertex>
            <position x="0.952113" y="0.670007" z="-1.17013"></position>
            <normal x="-3.0839187E-6" y="-1.0" z="1.0240637E-6"></normal>
            <texcoord u="44.7864" v="-2.759"></texcoord>
          </vertex>
          <vertex>
            <position x="0.853618" y="0.670008" z="-0.807097"></position>
            <normal x="8.211544E-6" y="-1.0" z="4.578485E-6"></normal>
            <texcoord u="48.4941" v="10.90699"></texcoord>
          </vertex>
          <vertex>
            <position x="0.952113" y="0.670007" z="-1.15737"></position>
            <normal x="-1.0287624E-5" y="-1.0" z="0.0"></normal>
            <texcoord u="44.7864" v="-2.27869"></texcoord>
          </vertex>
          <vertex>
            <position x="0.952113" y="0.670007" z="-1.1264"></position>
            <normal x="2.926051E-5" y="-1.0" z="1.2199359E-5"></normal>
            <texcoord u="44.7864" v="-1.1128399"></texcoord>
          </vertex>
          <vertex>
            <position x="0.952113" y="0.670008" z="-1.08487"></position>
            <normal x="3.4404322E-5" y="-1.0" z="1.2199359E-5"></normal>
            <texcoord u="44.7864" v="0.45071"></texcoord>
          </vertex>
          <vertex>
            <position x="0.952113" y="0.670008" z="-1.0724"></position>
            <normal x="0.0" y="-1.0" z="0.0"></normal>
            <texcoord u="44.7864" v="0.920025"></texcoord>
          </vertex>
          <vertex>
            <position x="0.952113" y="0.670008" z="-1.04412"></position>
            <normal x="0.0" y="-1.0" z="0.0"></normal>
            <texcoord u="44.7864" v="1.984698"></texcoord>
          </vertex>
          <vertex>
            <position x="0.952113" y="0.670008" z="-0.889481"></position>
            <normal x="0.0" y="-1.0" z="0.0"></normal>
            <texcoord u="44.7864" v="7.80577"></texcoord>
          </vertex>
          <vertex>
            <position x="0.952113" y="0.670008" z="-0.969784"></position>
            <normal x="0.0" y="-1.0" z="0.0"></normal>
            <texcoord u="44.7864" v="4.7829"></texcoord>
          </vertex>
          <vertex>
            <position x="0.952113" y="0.670008" z="-0.859066"></position>
            <normal x="0.0" y="-1.0" z="0.0"></normal>
            <texcoord u="44.7864" v="8.95071"></texcoord>
          </vertex>
          <vertex>
            <position x="0.964638" y="0.670008" z="-0.859066"></position>
            <normal x="0.0" y="-1.0" z="0.0"></normal>
            <texcoord u="44.3149" v="8.95071"></texcoord>
          </vertex>
          <vertex>
            <position x="0.987888" y="0.670008" z="-0.854826"></position>
            <normal x="0.0" y="-1.0" z="0.0"></normal>
            <texcoord u="43.4397" v="9.11033"></texcoord>
          </vertex>
          <vertex>
            <position x="0.964638" y="0.670008" z="-0.877349"></position>
            <normal x="0.0" y="-1.0" z="0.0"></normal>
            <texcoord u="44.3149" v="8.26247"></texcoord>
          </vertex>
          <vertex>
            <position x="0.958571" y="0.670007" z="-1.17231"></position>
            <normal x="0.0" y="-1.0" z="0.0"></normal>
            <texcoord u="44.5433" v="-2.84097"></texcoord>
          </vertex>
          <vertex>
            <position x="0.957636" y="0.670007" z="-1.17231"></position>
            <normal x="0.0" y="-1.0" z="0.0"></normal>
            <texcoord u="44.5785" v="-2.84097"></texcoord>
          </vertex>
          <vertex>
            <position x="0.97973" y="0.670007" z="-1.17945"></position>
            <normal x="0.0" y="-1.0" z="0.0"></normal>
            <texcoord u="43.7468" v="-3.10953"></texcoord>
          </vertex>
          <vertex>
            <position x="1.74256" y="0.670007" z="-1.34204"></position>
            <normal x="0.0" y="-1.0" z="0.0"></normal>
            <texcoord u="15.0312" v="-9.23"></texcoord>
          </vertex>
          <vertex>
            <position x="2.00159" y="0.670007" z="-1.36083"></position>
            <normal x="1.7839133E-7" y="-1.0" z="2.7649864E-6"></normal>
            <texcoord u="5.28038" v="-9.9374"></texcoord>
          </vertex>
          <vertex>
            <position x="1.48528" y="0.670007" z="-1.3055"></position>
            <normal x="4.2980207E-7" y="-1.0" z="2.425108E-6"></normal>
            <texcoord u="24.716" v="-7.8545704"></texcoord>
          </vertex>
          <vertex>
            <position x="3.31256" y="0.670008" z="-0.859523"></position>
            <normal x="-9.893098E-6" y="-1.0" z="4.656424E-6"></normal>
            <texcoord u="-44.0692" v="8.93349"></texcoord>
          </vertex>
          <vertex>
            <position x="3.23197" y="0.670007" z="-1.13955"></position>
            <normal x="-7.751179E-6" y="-1.0" z="4.4345893E-6"></normal>
            <texcoord u="-41.0353" v="-1.6076801"></texcoord>
          </vertex>
          <vertex>
            <position x="3.31256" y="0.670008" z="-0.872448"></position>
            <normal x="6.694881E-6" y="-1.0" z="1.7736251E-6"></normal>
            <texcoord u="-44.0692" v="8.44696"></texcoord>
          </vertex>
          <vertex>
            <position x="3.23208" y="0.670008" z="-1.08484"></position>
            <normal x="-2.6072827E-5" y="-1.0" z="9.312848E-6"></normal>
            <texcoord u="-41.0397" v="0.451746"></texcoord>
          </vertex>
          <vertex>
            <position x="3.23067" y="0.670008" z="-1.08341"></position>
            <normal x="0.0" y="-1.0" z="0.0"></normal>
            <texcoord u="-40.9864" v="0.50564003"></texcoord>
          </vertex>
          <vertex>
            <position x="3.23215" y="0.670008" z="-1.04993"></position>
            <normal x="0.0" y="-1.0" z="0.0"></normal>
            <texcoord u="-41.0421" v="1.7659531"></texcoord>
          </vertex>
          <vertex>
            <position x="3.23225" y="0.670008" z="-0.995217"></position>
            <normal x="0.0" y="-1.0" z="0.0"></normal>
            <texcoord u="-41.046" v="3.82551"></texcoord>
          </vertex>
          <vertex>
            <position x="3.22754" y="0.670008" z="-0.990489"></position>
            <normal x="0.0" y="-1.0" z="0.0"></normal>
            <texcoord u="-40.8685" v="4.0035"></texcoord>
          </vertex>
          <vertex>
            <position x="3.20924" y="0.670008" z="-0.88577"></position>
            <normal x="0.0" y="-1.0" z="0.0"></normal>
            <texcoord u="-40.18" v="7.94547"></texcoord>
          </vertex>
          <vertex>
            <position x="3.23073" y="0.670008" z="-1.05134"></position>
            <normal x="0.0" y="-1.0" z="0.0"></normal>
            <texcoord u="-40.9887" v="1.7127681"></texcoord>
          </vertex>
          <vertex>
            <position x="3.17142" y="0.670008" z="-0.991804"></position>
            <normal x="0.0" y="-1.0" z="0.0"></normal>
            <texcoord u="-38.7561" v="3.95398"></texcoord>
          </vertex>
          <vertex>
            <position x="3.13935" y="0.670008" z="-0.991739"></position>
            <normal x="0.0" y="-1.0" z="0.0"></normal>
            <texcoord u="-37.549" v="3.95644"></texcoord>
          </vertex>
          <vertex>
            <position x="3.13795" y="0.670008" z="-0.990329"></position>
            <normal x="0.0" y="-1.0" z="0.0"></normal>
            <texcoord u="-37.4962" v="4.00951"></texcoord>
          </vertex>
          <vertex>
            <position x="3.12227" y="0.670008" z="-0.990296"></position>
            <normal x="0.0" y="-1.0" z="0.0"></normal>
            <texcoord u="-36.9058" v="4.01075"></texcoord>
          </vertex>
          <vertex>
            <position x="3.08323" y="0.670008" z="-0.990214"></position>
            <normal x="0.0" y="-1.0" z="0.0"></normal>
            <texcoord u="-35.4363" v="4.01383"></texcoord>
          </vertex>
          <vertex>
            <position x="2.9827" y="0.670008" z="-0.951318"></position>
            <normal x="7.935625E-8" y="-1.0" z="2.0675081E-6"></normal>
            <texcoord u="-31.6519" v="5.47803"></texcoord>
          </vertex>
          <vertex>
            <position x="3.17112" y="0.670007" z="-1.1427"></position>
            <normal x="-3.3888255E-6" y="-1.0" z="3.3059741E-6"></normal>
            <texcoord u="-38.7449" v="-1.7261701"></texcoord>
          </vertex>
          <vertex>
            <position x="3.06777" y="0.670007" z="-1.24864"></position>
            <normal x="3.1625845E-5" y="-1.0" z="2.0001266E-6"></normal>
            <texcoord u="-34.8543" v="-5.71432"></texcoord>
          </vertex>
          <vertex>
            <position x="3.17254" y="0.670007" z="-1.14412"></position>
            <normal x="0.0" y="-1.0" z="0.0"></normal>
            <texcoord u="-38.7982" v="-1.7797401"></texcoord>
          </vertex>
          <vertex>
            <position x="3.07975" y="0.670008" z="-1.08311"></position>
            <normal x="3.982925E-5" y="-1.0" z="3.238823E-6"></normal>
            <texcoord u="-35.3055" v="0.51688004"></texcoord>
          </vertex>
          <vertex>
            <position x="3.0798" y="0.670008" z="-1.05104"></position>
            <normal x="0.0" y="-1.0" z="0.0"></normal>
            <texcoord u="-35.3074" v="1.7242119"></texcoord>
          </vertex>
          <vertex>
            <position x="3.0798" y="0.670008" z="-1.05104"></position>
            <normal x="4.5634904E-5" y="-1.0" z="2.3496787E-6"></normal>
            <texcoord u="-35.3074" v="1.7242119"></texcoord>
          </vertex>
          <vertex>
            <position x="3.07839" y="0.670008" z="-1.04963"></position>
            <normal x="5.215175E-5" y="-1.0" z="2.3085972E-6"></normal>
            <texcoord u="-35.2543" v="1.777281"></texcoord>
          </vertex>
          <vertex>
            <position x="3.07846" y="0.670008" z="-1.01742"></position>
            <normal x="9.952526E-5" y="-1.0" z="-2.1902792E-7"></normal>
            <texcoord u="-35.2568" v="2.9896"></texcoord>
          </vertex>
          <vertex>
            <position x="3.07851" y="0.670008" z="-0.99492"></position>
            <normal x="3.3787943E-5" y="-1.0" z="1.2322066E-6"></normal>
            <texcoord u="-35.2586" v="3.83667"></texcoord>
          </vertex>
          <vertex>
            <position x="2.81334" y="0.670007" z="-1.30359"></position>
            <normal x="-6.1934935E-7" y="-1.0" z="3.2244195E-6"></normal>
            <texcoord u="-25.2766" v="-7.78283"></texcoord>
          </vertex>
          <vertex>
            <position x="2.75283" y="0.670008" z="-1.00096"></position>
            <normal x="-5.455102E-7" y="-1.0" z="3.2391677E-6"></normal>
            <texcoord u="-22.999" v="3.60923"></texcoord>
          </vertex>
          <vertex>
            <position x="2.55617" y="0.670007" z="-1.34087"></position>
            <normal x="-3.9691258E-7" y="-1.0" z="3.2626376E-6"></normal>
            <texcoord u="-15.5958" v="-9.1861"></texcoord>
          </vertex>
          <vertex>
            <position x="2.52049" y="0.670008" z="-1.03464"></position>
            <normal x="-3.2216104E-7" y="-1.0" z="3.2713695E-6"></normal>
            <texcoord u="-14.2529" v="2.34146"></texcoord>
          </vertex>
          <vertex>
            <position x="3.31256" y="0.670007" z="-1.17192"></position>
            <normal x="0.0" y="-1.0" z="0.0"></normal>
            <texcoord u="-44.0692" v="-2.82622"></texcoord>
          </vertex>
          <vertex>
            <position x="3.22723" y="0.670007" z="-1.14425"></position>
            <normal x="0.0" y="-1.0" z="0.0"></normal>
            <texcoord u="-40.8572" v="-1.7846"></texcoord>
          </vertex>
          <vertex>
            <position x="2.28652" y="0.670008" z="-1.05229"></position>
            <normal x="-8.56292E-8" y="-1.0" z="3.2856879E-6"></normal>
            <texcoord u="-5.4454" v="1.67711"></texcoord>
          </vertex>
          <vertex>
            <position x="2.29719" y="0.670007" z="-1.3604"></position>
            <normal x="-1.6652618E-7" y="-1.0" z="3.2829037E-6"></normal>
            <texcoord u="-5.84702" v="-9.9214"></texcoord>
          </vertex>
          <vertex>
            <position x="2.01137" y="0.670008" z="-1.05268"></position>
            <normal x="1.16620264E-7" y="-1.0" z="3.2845649E-6"></normal>
            <texcoord u="4.91205" v="1.662247"></texcoord>
          </vertex>
          <vertex>
            <position x="1.77735" y="0.670008" z="-1.03571"></position>
            <normal x="3.6429782E-7" y="-1.0" z="3.3678925E-6"></normal>
            <texcoord u="13.7214" v="2.30132"></texcoord>
          </vertex>
          <vertex>
            <position x="1.54492" y="0.670008" z="-1.0027"></position>
            <normal x="5.0864173E-7" y="-1.0" z="3.3146316E-6"></normal>
            <texcoord u="22.4711" v="3.54398"></texcoord>
          </vertex>
          <vertex>
            <position x="3.31256" y="0.670007" z="-1.1581"></position>
            <normal x="4.082493E-7" y="-1.0" z="1.7736251E-6"></normal>
            <texcoord u="-44.0692" v="-2.30599"></texcoord>
          </vertex>
          <vertex>
            <position x="1.31491" y="0.670008" z="-0.953711"></position>
            <normal x="-2.2643135E-6" y="-1.0" z="4.452304E-6"></normal>
            <texcoord u="31.1294" v="5.38794"></texcoord>
          </vertex>
          <vertex>
            <position x="1.23069" y="0.670007" z="-1.25128"></position>
            <normal x="1.6561836E-6" y="-1.0" z="1.2338504E-6"></normal>
            <texcoord u="34.2996" v="-5.81355"></texcoord>
          </vertex>
          <vertex>
            <position x="1.19827" y="0.670007" z="-1.13955"></position>
            <normal x="-4.984631E-6" y="-1.0" z="6.7635265E-6"></normal>
            <texcoord u="35.52" v="-1.60766"></texcoord>
          </vertex>
          <vertex>
            <position x="1.19839" y="0.670008" z="-1.08484"></position>
            <normal x="-1.0447325E-5" y="-1.0" z="9.2833925E-6"></normal>
            <texcoord u="35.5155" v="0.451765"></texcoord>
          </vertex>
          <vertex>
            <position x="1.19698" y="0.670008" z="-1.08341"></position>
            <normal x="0.0" y="-1.0" z="0.0"></normal>
            <texcoord u="35.5689" v="0.505659"></texcoord>
          </vertex>
          <vertex>
            <position x="1.197" y="0.670008" z="-1.07028"></position>
            <normal x="0.0" y="-1.0" z="0.0"></normal>
            <texcoord u="35.5679" v="0.999876"></texcoord>
          </vertex>
          <vertex>
            <position x="1.19846" y="0.670008" z="-1.04993"></position>
            <normal x="0.0" y="-1.0" z="0.0"></normal>
            <texcoord u="35.5131" v="1.765972"></texcoord>
          </vertex>
          <vertex>
            <position x="1.19847" y="0.670008" z="-1.04343"></position>
            <normal x="0.0" y="-1.0" z="0.0"></normal>
            <texcoord u="35.5127" v="2.01048"></texcoord>
          </vertex>
          <vertex>
            <position x="1.19856" y="0.670008" z="-0.995216"></position>
            <normal x="0.0" y="-1.0" z="0.0"></normal>
            <texcoord u="35.5093" v="3.82553"></texcoord>
          </vertex>
          <vertex>
            <position x="1.19384" y="0.670008" z="-0.990488"></position>
            <normal x="0.0" y="-1.0" z="0.0"></normal>
            <texcoord u="35.6868" v="4.00352"></texcoord>
          </vertex>
          <vertex>
            <position x="1.16751" y="0.670008" z="-0.990443"></position>
            <normal x="0.0" y="-1.0" z="0.0"></normal>
            <texcoord u="36.6781" v="4.00522"></texcoord>
          </vertex>
          <vertex>
            <position x="1.13914" y="0.670008" z="-0.990394"></position>
            <normal x="0.0" y="-1.0" z="0.0"></normal>
            <texcoord u="37.746" v="4.00705"></texcoord>
          </vertex>
          <vertex>
            <position x="1.10566" y="0.670008" z="-0.991738"></position>
            <normal x="0.0" y="-1.0" z="0.0"></normal>
            <texcoord u="39.0062" v="3.95646"></texcoord>
          </vertex>
          <vertex>
            <position x="1.10426" y="0.670008" z="-0.990328"></position>
            <normal x="0.0" y="-1.0" z="0.0"></normal>
            <texcoord u="39.0591" v="4.00953"></texcoord>
          </vertex>
          <vertex>
            <position x="1.08818" y="0.670008" z="-0.888814"></position>
            <normal x="0.0" y="-1.0" z="0.0"></normal>
            <texcoord u="39.6645" v="7.83089"></texcoord>
          </vertex>
          <vertex>
            <position x="1.19354" y="0.670007" z="-1.14425"></position>
            <normal x="0.0" y="-1.0" z="0.0"></normal>
            <texcoord u="35.6981" v="-1.78458"></texcoord>
          </vertex>
          <vertex>
            <position x="1.13885" y="0.670007" z="-1.14412"></position>
            <normal x="0.0" y="-1.0" z="0.0"></normal>
            <texcoord u="37.757" v="-1.7797201"></texcoord>
          </vertex>
          <vertex>
            <position x="1.13743" y="0.670007" z="-1.1427"></position>
            <normal x="0.0" y="-1.0" z="0.0"></normal>
            <texcoord u="37.8103" v="-1.72615"></texcoord>
          </vertex>
          <vertex>
            <position x="1.10537" y="0.670007" z="-1.14265"></position>
            <normal x="0.0" y="-1.0" z="0.0"></normal>
            <texcoord u="39.0174" v="-1.72436"></texcoord>
          </vertex>
          <vertex>
            <position x="1.10395" y="0.670007" z="-1.14407"></position>
            <normal x="0.0" y="-1.0" z="0.0"></normal>
            <texcoord u="39.0706" v="-1.7779"></texcoord>
          </vertex>
          <vertex>
            <position x="1.08398" y="0.670007" z="-1.14404"></position>
            <normal x="0.0" y="-1.0" z="0.0"></normal>
            <texcoord u="39.8224" v="-1.77653"></texcoord>
          </vertex>
          <vertex>
            <position x="1.04923" y="0.670007" z="-1.14397"></position>
            <normal x="0.0" y="-1.0" z="0.0"></normal>
            <texcoord u="41.1304" v="-1.7741399"></texcoord>
          </vertex>
          <vertex>
            <position x="1.19704" y="0.670008" z="-1.05134"></position>
            <normal x="0.0" y="-1.0" z="0.0"></normal>
            <texcoord u="35.5665" v="1.712788"></texcoord>
          </vertex>
          <vertex>
            <position x="1.13773" y="0.670008" z="-0.991804"></position>
            <normal x="0.0" y="-1.0" z="0.0"></normal>
            <texcoord u="37.7991" v="3.95401"></texcoord>
          </vertex>
          <vertex>
            <position x="1.04954" y="0.670008" z="-0.990214"></position>
            <normal x="0.0" y="-1.0" z="0.0"></normal>
            <texcoord u="41.1189" v="4.01385"></texcoord>
          </vertex>
          <vertex>
            <position x="1.04482" y="0.670008" z="-0.99492"></position>
            <normal x="0.0" y="-1.0" z="0.0"></normal>
            <texcoord u="41.2967" v="3.83669"></texcoord>
          </vertex>
          <vertex>
            <position x="0.964638" y="0.670008" z="-1.041"></position>
            <normal x="0.0" y="-1.0" z="0.0"></normal>
            <texcoord u="44.3149" v="2.10218"></texcoord>
          </vertex>
          <vertex>
            <position x="0.964638" y="0.670008" z="-0.962331"></position>
            <normal x="0.0" y="-1.0" z="0.0"></normal>
            <texcoord u="44.3149" v="5.06345"></texcoord>
          </vertex>
          <vertex>
            <position x="1.04454" y="0.670007" z="-1.13924"></position>
            <normal x="0.0" y="-1.0" z="0.0"></normal>
            <texcoord u="41.3072" v="-1.59618"></texcoord>
          </vertex>
          <vertex>
            <position x="1.04454" y="0.670007" z="-1.13876"></position>
            <normal x="1.8477568E-4" y="-0.99999994" z="9.546736E-6"></normal>
            <texcoord u="41.3072" v="-1.5780101"></texcoord>
          </vertex>
          <vertex>
            <position x="0.964638" y="0.670007" z="-1.17231"></position>
            <normal x="0.0" y="-1.0" z="0.0"></normal>
            <texcoord u="44.3149" v="-2.84097"></texcoord>
          </vertex>
          <vertex>
            <position x="0.964638" y="0.670007" z="-1.16085"></position>
            <normal x="0.0" y="-1.0" z="0.0"></normal>
            <texcoord u="44.3149" v="-2.40966"></texcoord>
          </vertex>
          <vertex>
            <position x="0.964638" y="0.670007" z="-1.12808"></position>
            <normal x="1.5404703E-6" y="-1.0" z="1.1525018E-5"></normal>
            <texcoord u="44.3149" v="-1.17587"></texcoord>
          </vertex>
          <vertex>
            <position x="1.04476" y="0.670008" z="-1.02103"></position>
            <normal x="0.0" y="-1.0" z="0.0"></normal>
            <texcoord u="41.2987" v="2.8538098"></texcoord>
          </vertex>
          <vertex>
            <position x="3.32509" y="0.670008" z="-0.859523"></position>
            <normal x="0.0" y="-1.0" z="0.0"></normal>
            <texcoord u="-44.5407" v="8.93349"></texcoord>
          </vertex>
          <vertex>
            <position x="0.952113" y="0.670007" z="-1.17053"></position>
            <normal x="0.0" y="-1.0" z="0.0"></normal>
            <texcoord u="44.7864" v="-2.77385"></texcoord>
          </vertex>
          <vertex>
            <position x="0.857679" y="0.670007" z="-1.14004"></position>
            <normal x="0.0" y="-1.0" z="0.0"></normal>
            <texcoord u="48.3412" v="-1.62601"></texcoord>
          </vertex>
          <vertex>
            <position x="1.04454" y="0.670007" z="-1.13876"></position>
            <normal x="1.8719333E-5" y="1.0" z="-1.8719333E-5"></normal>
            <texcoord u="41.3072" v="-1.5780101"></texcoord>
          </vertex>
          <vertex>
            <position x="1.04464" y="0.670008" z="-1.08453"></position>
            <normal x="1.8719333E-5" y="1.0" z="-1.8719333E-5"></normal>
            <texcoord u="41.3033" v="0.46348298"></texcoord>
          </vertex>
          <vertex>
            <position x="1.04606" y="0.670008" z="-1.08311"></position>
            <normal x="1.8719333E-5" y="1.0" z="-1.8719333E-5"></normal>
            <texcoord u="41.2498" v="0.516904"></texcoord>
          </vertex>
          <vertex>
            <position x="1.04606" y="0.670008" z="-1.08311"></position>
            <normal x="7.370378E-4" y="-0.9999997" z="-1.921991E-6"></normal>
            <texcoord u="41.2498" v="0.516904"></texcoord>
          </vertex>
          <vertex>
            <position x="1.04607" y="0.670008" z="-1.07927"></position>
            <normal x="1.8400545E-4" y="-0.99999994" z="3.7842274E-6"></normal>
            <texcoord u="41.2496" v="0.661412"></texcoord>
          </vertex>
          <vertex>
            <position x="0.964638" y="0.670008" z="-1.08412"></position>
            <normal x="6.883083E-7" y="-1.0" z="1.3369645E-5"></normal>
            <texcoord u="44.315" v="0.4788"></texcoord>
          </vertex>
          <vertex>
            <position x="0.964638" y="0.670007" z="-1.12808"></position>
            <normal x="1.5404703E-6" y="-1.0" z="1.1525018E-5"></normal>
            <texcoord u="44.315" v="-1.1758599"></texcoord>
          </vertex>
          <vertex>
            <position x="0.964638" y="0.670008" z="-1.07093"></position>
            <normal x="0.0" y="-1.0" z="0.0"></normal>
            <texcoord u="44.3149" v="0.975458"></texcoord>
          </vertex>
          <vertex>
            <position x="0.964638" y="0.670008" z="-1.08412"></position>
            <normal x="6.883083E-7" y="-1.0" z="1.3369645E-5"></normal>
            <texcoord u="44.3149" v="0.47879398"></texcoord>
          </vertex>
          <vertex>
            <position x="1.04607" y="0.670008" z="-1.07927"></position>
            <normal x="1.8400545E-4" y="-0.99999994" z="3.7842274E-6"></normal>
            <texcoord u="41.2496" v="0.66140604"></texcoord>
          </vertex>
          <vertex>
            <position x="1.0461" y="0.670008" z="-1.06135"></position>
            <normal x="0.0" y="-1.0" z="0.0"></normal>
            <texcoord u="41.2485" v="1.336033"></texcoord>
          </vertex>
          <vertex>
            <position x="1.04612" y="0.670008" z="-1.05104"></position>
            <normal x="0.0" y="-1.0" z="0.0"></normal>
            <texcoord u="41.2478" v="1.72423"></texcoord>
          </vertex>
          <vertex>
            <position x="1.0447" y="0.670008" z="-1.04963"></position>
            <normal x="0.0" y="-1.0" z="0.0"></normal>
            <texcoord u="41.3009" v="1.7773"></texcoord>
          </vertex>
          <vertex>
            <position x="1.0461" y="0.670008" z="-1.06135"></position>
            <normal x="0.0" y="1.0" z="0.0"></normal>
            <texcoord u="41.2485" v="1.336033"></texcoord>
          </vertex>
          <vertex>
            <position x="1.0447" y="0.670008" z="-1.04963"></position>
            <normal x="0.0" y="1.0" z="0.0"></normal>
            <texcoord u="41.3009" v="1.7773"></texcoord>
          </vertex>
          <vertex>
            <position x="1.04476" y="0.670008" z="-1.02103"></position>
            <normal x="0.0" y="1.0" z="0.0"></normal>
            <texcoord u="41.2987" v="2.8538098"></texcoord>
          </vertex>
          <vertex>
            <position x="0.964638" y="0.670008" z="-0.962331"></position>
            <normal x="0.0" y="-1.0" z="0.0"></normal>
            <texcoord u="44.3149" v="5.06344"></texcoord>
          </vertex>
        </vertexbuffer>
      </geometry>
    </submesh>
  </submeshes>
</mesh>
