<mesh>
  <submeshes>
    <submesh material="Material.76" usesharedvertices="false">
      <faces count="144">
        <face v1="0" v2="1" v3="2"></face>
        <face v1="0" v2="2" v3="3"></face>
        <face v1="4" v2="5" v3="1"></face>
        <face v1="4" v2="1" v3="0"></face>
        <face v1="6" v2="7" v3="5"></face>
        <face v1="6" v2="5" v3="4"></face>
        <face v1="8" v2="9" v3="7"></face>
        <face v1="8" v2="7" v3="6"></face>
        <face v1="10" v2="11" v3="12"></face>
        <face v1="10" v2="12" v3="13"></face>
        <face v1="14" v2="15" v3="11"></face>
        <face v1="14" v2="11" v3="10"></face>
        <face v1="16" v2="17" v3="15"></face>
        <face v1="16" v2="15" v3="14"></face>
        <face v1="18" v2="19" v3="17"></face>
        <face v1="18" v2="17" v3="16"></face>
        <face v1="20" v2="21" v3="19"></face>
        <face v1="20" v2="19" v3="18"></face>
        <face v1="3" v2="2" v3="21"></face>
        <face v1="3" v2="21" v3="20"></face>
        <face v1="22" v2="23" v3="9"></face>
        <face v1="22" v2="9" v3="8"></face>
        <face v1="24" v2="25" v3="23"></face>
        <face v1="24" v2="23" v3="22"></face>
        <face v1="26" v2="27" v3="28"></face>
        <face v1="26" v2="28" v3="29"></face>
        <face v1="30" v2="31" v3="27"></face>
        <face v1="30" v2="27" v3="26"></face>
        <face v1="32" v2="33" v3="34"></face>
        <face v1="32" v2="34" v3="35"></face>
        <face v1="29" v2="28" v3="33"></face>
        <face v1="29" v2="33" v3="32"></face>
        <face v1="35" v2="34" v3="36"></face>
        <face v1="35" v2="36" v3="37"></face>
        <face v1="37" v2="36" v3="38"></face>
        <face v1="37" v2="38" v3="39"></face>
        <face v1="13" v2="12" v3="40"></face>
        <face v1="13" v2="40" v3="41"></face>
        <face v1="41" v2="40" v3="42"></face>
        <face v1="41" v2="42" v3="43"></face>
        <face v1="43" v2="42" v3="44"></face>
        <face v1="43" v2="44" v3="45"></face>
        <face v1="45" v2="44" v3="46"></face>
        <face v1="45" v2="46" v3="47"></face>
        <face v1="47" v2="46" v3="48"></face>
        <face v1="47" v2="48" v3="49"></face>
        <face v1="49" v2="48" v3="31"></face>
        <face v1="49" v2="31" v3="30"></face>
      </faces>
      <geometry vertexcount="50">
        <vertexbuffer positions="true" normals="true" texture_coords="1">
          <vertex>
            <position x="2.97006" y="0.754209" z="-1.05103"></position>
            <normal x="-0.033788394" y="0.99941945" z="0.0043843356"></normal>
            <texcoord u="0.329931" v="0.0"></texcoord>
          </vertex>
          <vertex>
            <position x="3.01007" y="0.75421" z="-0.742998"></position>
            <normal x="-0.033788394" y="0.99941945" z="0.0043843356"></normal>
            <texcoord u="0.329931" v="1.0"></texcoord>
          </vertex>
          <vertex>
            <position x="3.02443" y="0.754736" z="-0.744863"></position>
            <normal x="-0.038159207" y="0.9992595" z="0.004951163"></normal>
            <texcoord u="0.395893" v="1.0"></texcoord>
          </vertex>
          <vertex>
            <position x="2.98442" y="0.754734" z="-1.0529"></position>
            <normal x="-0.038159207" y="0.9992595" z="0.004951163"></normal>
            <texcoord u="0.395893" v="0.0"></texcoord>
          </vertex>
          <vertex>
            <position x="2.9557" y="0.753747" z="-1.04917"></position>
            <normal x="-0.029458448" y="0.9995587" z="0.0038225215"></normal>
            <texcoord u="0.26396" v="0.0"></texcoord>
          </vertex>
          <vertex>
            <position x="2.9957" y="0.753748" z="-0.741132"></position>
            <normal x="-0.029458448" y="0.9995587" z="0.0038225215"></normal>
            <texcoord u="0.26396" v="1.0"></texcoord>
          </vertex>
          <vertex>
            <position x="2.94133" y="0.753348" z="-1.0473"></position>
            <normal x="-0.025082175" y="0.99968004" z="0.0032542117"></normal>
            <texcoord u="0.19798" v="0.0"></texcoord>
          </vertex>
          <vertex>
            <position x="2.98134" y="0.753349" z="-0.739267"></position>
            <normal x="-0.025082175" y="0.99968004" z="0.0032542117"></normal>
            <texcoord u="0.19798" v="1.0"></texcoord>
          </vertex>
          <vertex>
            <position x="2.92697" y="0.753014" z="-1.04544"></position>
            <normal x="-0.020667534" y="0.99978286" z="0.0026808174"></normal>
            <texcoord u="0.131992" v="0.0"></texcoord>
          </vertex>
          <vertex>
            <position x="2.96697" y="0.753015" z="-0.737401"></position>
            <normal x="-0.020667534" y="0.99978286" z="0.0026808174"></normal>
            <texcoord u="0.131992" v="1.0"></texcoord>
          </vertex>
          <vertex>
            <position x="3.05618" y="0.758322" z="-1.06222"></position>
            <normal x="-0.060012095" y="0.9981673" z="0.0077915657"></normal>
            <texcoord u="0.725507" v="0.0"></texcoord>
          </vertex>
          <vertex>
            <position x="3.09619" y="0.758323" z="-0.754183"></position>
            <normal x="-0.060012095" y="0.9981673" z="0.0077915657"></normal>
            <texcoord u="0.725507" v="1.0"></texcoord>
          </vertex>
          <vertex>
            <position x="3.11053" y="0.759232" z="-0.756046"></position>
            <normal x="-0.025119" y="0.9996791" z="0.0032594495"></normal>
            <texcoord u="0.791382" v="1.0"></texcoord>
          </vertex>
          <vertex>
            <position x="3.07052" y="0.759231" z="-1.06408"></position>
            <normal x="-0.025119" y="0.9996791" z="0.0032594495"></normal>
            <texcoord u="0.791382" v="0.0"></texcoord>
          </vertex>
          <vertex>
            <position x="3.04183" y="0.757477" z="-1.06035"></position>
            <normal x="-0.055671588" y="0.998423" z="0.007227401"></normal>
            <texcoord u="0.659614" v="0.0"></texcoord>
          </vertex>
          <vertex>
            <position x="3.08184" y="0.757478" z="-0.75232"></position>
            <normal x="-0.055671588" y="0.998423" z="0.007227401"></normal>
            <texcoord u="0.659614" v="1.0"></texcoord>
          </vertex>
          <vertex>
            <position x="3.02749" y="0.756695" z="-1.05849"></position>
            <normal x="-0.051296268" y="0.99866134" z="0.0066586817"></normal>
            <texcoord u="0.593705" v="0.0"></texcoord>
          </vertex>
          <vertex>
            <position x="3.06749" y="0.756696" z="-0.750456"></position>
            <normal x="-0.051296268" y="0.99866134" z="0.0066586817"></normal>
            <texcoord u="0.593705" v="1.0"></texcoord>
          </vertex>
          <vertex>
            <position x="3.01313" y="0.755978" z="-1.05663"></position>
            <normal x="-0.046907745" y="0.9988807" z="0.006088692"></normal>
            <texcoord u="0.527781" v="0.0"></texcoord>
          </vertex>
          <vertex>
            <position x="3.05314" y="0.755979" z="-0.748592"></position>
            <normal x="-0.046907745" y="0.9988807" z="0.006088692"></normal>
            <texcoord u="0.527781" v="1.0"></texcoord>
          </vertex>
          <vertex>
            <position x="2.99878" y="0.755324" z="-1.05476"></position>
            <normal x="-0.0425551" y="0.99907887" z="0.005522591"></normal>
            <texcoord u="0.461843" v="0.0"></texcoord>
          </vertex>
          <vertex>
            <position x="3.03878" y="0.755325" z="-0.746728"></position>
            <normal x="-0.0425551" y="0.99907887" z="0.005522591"></normal>
            <texcoord u="0.461843" v="1.0"></texcoord>
          </vertex>
          <vertex>
            <position x="2.9126" y="0.752744" z="-1.04357"></position>
            <normal x="-0.016321661" y="0.9998646" z="0.0021164226"></normal>
            <texcoord u="0.065998" v="0.0"></texcoord>
          </vertex>
          <vertex>
            <position x="2.9526" y="0.752745" z="-0.735535"></position>
            <normal x="-0.016321661" y="0.9998646" z="0.0021164226"></normal>
            <texcoord u="0.065998" v="1.0"></texcoord>
          </vertex>
          <vertex>
            <position x="2.89823" y="0.752537" z="-1.0417"></position>
            <normal x="-0.014168137" y="0.99989796" z="0.0018368566"></normal>
            <texcoord u="0.0" v="0.0"></texcoord>
          </vertex>
          <vertex>
            <position x="2.93824" y="0.752538" z="-0.733669"></position>
            <normal x="-0.014168137" y="0.99989796" z="0.0018368566"></normal>
            <texcoord u="0.0" v="1.0"></texcoord>
          </vertex>
          <vertex>
            <position x="3.09732" y="0.756943" z="-1.06756"></position>
            <normal x="0.16678913" y="0.9857546" z="-0.021663163"></normal>
            <texcoord u="0.914457" v="0.0"></texcoord>
          </vertex>
          <vertex>
            <position x="3.13732" y="0.756944" z="-0.759526"></position>
            <normal x="0.16678913" y="0.9857546" z="-0.021663163"></normal>
            <texcoord u="0.914457" v="1.0"></texcoord>
          </vertex>
          <vertex>
            <position x="3.14111" y="0.756245" z="-0.760017"></position>
            <normal x="0.19047013" y="0.9813811" z="-0.024741635"></normal>
            <texcoord u="0.931834" v="1.0"></texcoord>
          </vertex>
          <vertex>
            <position x="3.1011" y="0.756244" z="-1.06805"></position>
            <normal x="0.19047013" y="0.9813811" z="-0.024741635"></normal>
            <texcoord u="0.931834" v="0.0"></texcoord>
          </vertex>
          <vertex>
            <position x="3.09352" y="0.757549" z="-1.06707"></position>
            <normal x="0.14308424" y="0.989536" z="-0.018583447"></normal>
            <texcoord u="0.897008" v="0.0"></texcoord>
          </vertex>
          <vertex>
            <position x="3.13352" y="0.75755" z="-0.759032"></position>
            <normal x="0.14308424" y="0.989536" z="-0.018583447"></normal>
            <texcoord u="0.897008" v="1.0"></texcoord>
          </vertex>
          <vertex>
            <position x="3.10486" y="0.755454" z="-1.06854"></position>
            <normal x="0.21365222" y="0.9765155" z="-0.027754059"></normal>
            <texcoord u="0.949129" v="0.0"></texcoord>
          </vertex>
          <vertex>
            <position x="3.14487" y="0.755455" z="-0.760506"></position>
            <normal x="0.21365222" y="0.9765155" z="-0.027754059"></normal>
            <texcoord u="0.949129" v="1.0"></texcoord>
          </vertex>
          <vertex>
            <position x="3.14862" y="0.754574" z="-0.760993"></position>
            <normal x="0.23701784" y="0.97101724" z="-0.030788863"></normal>
            <texcoord u="0.966332" v="1.0"></texcoord>
          </vertex>
          <vertex>
            <position x="3.10861" y="0.754573" z="-1.06903"></position>
            <normal x="0.23701784" y="0.97101724" z="-0.030788863"></normal>
            <texcoord u="0.966332" v="0.0"></texcoord>
          </vertex>
          <vertex>
            <position x="3.15234" y="0.753601" z="-0.761476"></position>
            <normal x="0.26037174" y="0.9649159" z="-0.033822306"></normal>
            <texcoord u="0.983433" v="1.0"></texcoord>
          </vertex>
          <vertex>
            <position x="3.11233" y="0.7536" z="-1.06951"></position>
            <normal x="0.26037174" y="0.9649159" z="-0.033822306"></normal>
            <texcoord u="0.983433" v="0.0"></texcoord>
          </vertex>
          <vertex>
            <position x="3.15604" y="0.752538" z="-0.761956"></position>
            <normal x="0.27171883" y="0.96172917" z="-0.035296224"></normal>
            <texcoord u="1.00042" v="1.0"></texcoord>
          </vertex>
          <vertex>
            <position x="3.11603" y="0.752537" z="-1.06999"></position>
            <normal x="0.27171883" y="0.96172917" z="-0.035296224"></normal>
            <texcoord u="1.00042" v="0.0"></texcoord>
          </vertex>
          <vertex>
            <position x="3.11437" y="0.759185" z="-0.756545"></position>
            <normal x="0.023899829" y="0.99970955" z="-0.0031072022"></normal>
            <texcoord u="0.809047" v="1.0"></texcoord>
          </vertex>
          <vertex>
            <position x="3.07437" y="0.759184" z="-1.06458"></position>
            <normal x="0.023899829" y="0.99970955" z="-0.0031072022"></normal>
            <texcoord u="0.809047" v="0.0"></texcoord>
          </vertex>
          <vertex>
            <position x="3.11822" y="0.759045" z="-0.757044"></position>
            <normal x="0.04780501" y="0.99883735" z="-0.0062122648"></normal>
            <texcoord u="0.826701" v="1.0"></texcoord>
          </vertex>
          <vertex>
            <position x="3.07821" y="0.759044" z="-1.06508"></position>
            <normal x="0.04780501" y="0.99883735" z="-0.0062122648"></normal>
            <texcoord u="0.826701" v="0.0"></texcoord>
          </vertex>
          <vertex>
            <position x="3.12206" y="0.758811" z="-0.757543"></position>
            <normal x="0.07180692" y="0.99737495" z="-0.009330869"></normal>
            <texcoord u="0.844334" v="1.0"></texcoord>
          </vertex>
          <vertex>
            <position x="3.08205" y="0.75881" z="-1.06558"></position>
            <normal x="0.07180692" y="0.99737495" z="-0.009330869"></normal>
            <texcoord u="0.844334" v="0.0"></texcoord>
          </vertex>
          <vertex>
            <position x="3.12589" y="0.758484" z="-0.758041"></position>
            <normal x="0.09564136" y="0.9953383" z="-0.0124266045"></normal>
            <texcoord u="0.861937" v="1.0"></texcoord>
          </vertex>
          <vertex>
            <position x="3.08588" y="0.758482" z="-1.06608"></position>
            <normal x="0.09564136" y="0.9953383" z="-0.0124266045"></normal>
            <texcoord u="0.861937" v="0.0"></texcoord>
          </vertex>
          <vertex>
            <position x="3.12971" y="0.758063" z="-0.758537"></position>
            <normal x="0.11937172" y="0.99272853" z="-0.015505965"></normal>
            <texcoord u="0.879498" v="1.0"></texcoord>
          </vertex>
          <vertex>
            <position x="3.08971" y="0.758062" z="-1.06657"></position>
            <normal x="0.11937172" y="0.99272853" z="-0.015505965"></normal>
            <texcoord u="0.879498" v="0.0"></texcoord>
          </vertex>
        </vertexbuffer>
      </geometry>
    </submesh>
  </submeshes>
</mesh>
