<mesh>
  <submeshes>
    <submesh material="Material.54" usesharedvertices="false">
      <faces count="336">
        <face v1="0" v2="1" v3="2"></face>
        <face v1="2" v2="1" v3="3"></face>
        <face v1="4" v2="5" v3="1"></face>
        <face v1="1" v2="5" v3="3"></face>
        <face v1="5" v2="6" v3="3"></face>
        <face v1="7" v2="8" v3="9"></face>
        <face v1="10" v2="9" v3="8"></face>
        <face v1="11" v2="12" v3="13"></face>
        <face v1="14" v2="13" v3="12"></face>
        <face v1="15" v2="16" v3="17"></face>
        <face v1="18" v2="17" v3="16"></face>
        <face v1="19" v2="20" v3="21"></face>
        <face v1="22" v2="21" v3="20"></face>
        <face v1="23" v2="24" v3="25"></face>
        <face v1="26" v2="25" v3="24"></face>
        <face v1="27" v2="28" v3="29"></face>
        <face v1="30" v2="29" v3="28"></face>
        <face v1="31" v2="32" v3="33"></face>
        <face v1="34" v2="33" v3="32"></face>
        <face v1="35" v2="36" v3="37"></face>
        <face v1="38" v2="37" v3="36"></face>
        <face v1="39" v2="40" v3="41"></face>
        <face v1="42" v2="43" v3="40"></face>
        <face v1="40" v2="43" v3="41"></face>
        <face v1="44" v2="45" v3="43"></face>
        <face v1="43" v2="45" v3="41"></face>
        <face v1="45" v2="46" v3="41"></face>
        <face v1="47" v2="48" v3="49"></face>
        <face v1="50" v2="51" v3="48"></face>
        <face v1="48" v2="51" v3="49"></face>
        <face v1="52" v2="53" v3="51"></face>
        <face v1="51" v2="53" v3="49"></face>
        <face v1="53" v2="54" v3="49"></face>
        <face v1="55" v2="56" v3="57"></face>
        <face v1="58" v2="57" v3="56"></face>
        <face v1="59" v2="60" v3="61"></face>
        <face v1="62" v2="61" v3="60"></face>
        <face v1="63" v2="64" v3="65"></face>
        <face v1="66" v2="65" v3="64"></face>
        <face v1="67" v2="68" v3="69"></face>
        <face v1="70" v2="69" v3="68"></face>
        <face v1="71" v2="72" v3="73"></face>
        <face v1="74" v2="73" v3="72"></face>
        <face v1="75" v2="76" v3="77"></face>
        <face v1="78" v2="77" v3="76"></face>
        <face v1="79" v2="80" v3="81"></face>
        <face v1="82" v2="81" v3="80"></face>
        <face v1="83" v2="84" v3="85"></face>
        <face v1="86" v2="85" v3="84"></face>
        <face v1="87" v2="88" v3="89"></face>
        <face v1="90" v2="91" v3="92"></face>
        <face v1="93" v2="94" v3="95"></face>
        <face v1="96" v2="97" v3="98"></face>
        <face v1="99" v2="100" v3="101"></face>
        <face v1="102" v2="103" v3="104"></face>
        <face v1="105" v2="106" v3="107"></face>
        <face v1="108" v2="109" v3="110"></face>
        <face v1="111" v2="112" v3="113"></face>
        <face v1="114" v2="115" v3="116"></face>
        <face v1="112" v2="117" v3="113"></face>
        <face v1="118" v2="119" v3="120"></face>
        <face v1="121" v2="122" v3="123"></face>
        <face v1="124" v2="125" v3="126"></face>
        <face v1="127" v2="128" v3="129"></face>
        <face v1="130" v2="131" v3="132"></face>
        <face v1="133" v2="134" v3="135"></face>
        <face v1="136" v2="137" v3="138"></face>
        <face v1="139" v2="140" v3="141"></face>
        <face v1="142" v2="141" v3="140"></face>
        <face v1="143" v2="144" v3="145"></face>
        <face v1="146" v2="147" v3="148"></face>
        <face v1="149" v2="150" v3="151"></face>
        <face v1="152" v2="153" v3="154"></face>
        <face v1="155" v2="156" v3="157"></face>
        <face v1="158" v2="159" v3="160"></face>
        <face v1="161" v2="162" v3="163"></face>
        <face v1="164" v2="165" v3="166"></face>
        <face v1="167" v2="168" v3="169"></face>
        <face v1="170" v2="171" v3="168"></face>
        <face v1="168" v2="171" v3="169"></face>
        <face v1="172" v2="173" v3="171"></face>
        <face v1="171" v2="173" v3="169"></face>
        <face v1="173" v2="174" v3="169"></face>
        <face v1="175" v2="176" v3="177"></face>
        <face v1="178" v2="179" v3="176"></face>
        <face v1="176" v2="179" v3="177"></face>
        <face v1="180" v2="181" v3="179"></face>
        <face v1="179" v2="181" v3="177"></face>
        <face v1="181" v2="182" v3="177"></face>
        <face v1="183" v2="184" v3="185"></face>
        <face v1="186" v2="185" v3="184"></face>
        <face v1="187" v2="188" v3="189"></face>
        <face v1="190" v2="189" v3="188"></face>
        <face v1="191" v2="192" v3="193"></face>
        <face v1="194" v2="193" v3="192"></face>
        <face v1="195" v2="196" v3="197"></face>
        <face v1="198" v2="197" v3="196"></face>
        <face v1="199" v2="200" v3="201"></face>
        <face v1="202" v2="201" v3="200"></face>
        <face v1="203" v2="204" v3="205"></face>
        <face v1="206" v2="205" v3="204"></face>
        <face v1="207" v2="208" v3="209"></face>
        <face v1="210" v2="209" v3="208"></face>
        <face v1="211" v2="212" v3="213"></face>
        <face v1="214" v2="213" v3="212"></face>
        <face v1="215" v2="216" v3="217"></face>
        <face v1="218" v2="219" v3="216"></face>
        <face v1="216" v2="219" v3="217"></face>
        <face v1="220" v2="221" v3="219"></face>
        <face v1="219" v2="221" v3="217"></face>
        <face v1="221" v2="222" v3="217"></face>
        <face v1="223" v2="2" v3="3"></face>
      </faces>
      <geometry vertexcount="224">
        <vertexbuffer positions="true" normals="true" texture_coords="1">
          <vertex>
            <position x="2.47882" y="0.697877" z="-1.64204"></position>
            <normal x="0.0" y="1.0" z="0.0"></normal>
            <texcoord u="3.63373" v="-3.6866999"></texcoord>
          </vertex>
          <vertex>
            <position x="2.48331" y="0.697877" z="-1.63689"></position>
            <normal x="0.0" y="1.0" z="0.0"></normal>
            <texcoord u="3.81667" v="-3.5060701"></texcoord>
          </vertex>
          <vertex>
            <position x="2.48031" y="0.697877" z="-1.66406"></position>
            <normal x="0.0" y="1.0" z="0.0"></normal>
            <texcoord u="3.62846" v="-4.51742"></texcoord>
          </vertex>
          <vertex>
            <position x="2.50748" y="0.697877" z="-1.66705"></position>
            <normal x="0.0" y="1.0" z="0.0"></normal>
            <texcoord u="4.63981" v="-4.70563"></texcoord>
          </vertex>
          <vertex>
            <position x="2.50533" y="0.697877" z="-1.6354"></position>
            <normal x="0.0" y="1.0" z="0.0"></normal>
            <texcoord u="4.6474" v="-3.5113401"></texcoord>
          </vertex>
          <vertex>
            <position x="2.51047" y="0.697877" z="-1.63989"></position>
            <normal x="0.0" y="1.0" z="0.0"></normal>
            <texcoord u="4.82802" v="-3.6942801"></texcoord>
          </vertex>
          <vertex>
            <position x="2.51197" y="0.697877" z="-1.66191"></position>
            <normal x="0.0" y="1.0" z="0.0"></normal>
            <texcoord u="4.82275" v="-4.52501"></texcoord>
          </vertex>
          <vertex>
            <position x="2.48331" y="0.697877" z="-1.63689"></position>
            <normal x="-0.067510925" y="0.0" z="0.9977185"></normal>
            <texcoord u="3.84522" v="0.250871"></texcoord>
          </vertex>
          <vertex>
            <position x="2.48331" y="0.686971" z="-1.63689"></position>
            <normal x="-0.067510925" y="0.0" z="0.9977185"></normal>
            <texcoord u="3.84522" v="0.661411"></texcoord>
          </vertex>
          <vertex>
            <position x="2.50533" y="0.697877" z="-1.6354"></position>
            <normal x="-0.067510925" y="0.0" z="0.9977185"></normal>
            <texcoord u="4.67596" v="0.250871"></texcoord>
          </vertex>
          <vertex>
            <position x="2.50533" y="0.686971" z="-1.6354"></position>
            <normal x="-0.067510925" y="0.0" z="0.9977185"></normal>
            <texcoord u="4.67596" v="0.66141"></texcoord>
          </vertex>
          <vertex>
            <position x="2.51047" y="0.697877" z="-1.63989"></position>
            <normal x="0.9976875" y="0.0" z="0.06796793"></normal>
            <texcoord u="4.66352" v="0.250897"></texcoord>
          </vertex>
          <vertex>
            <position x="2.51047" y="0.686971" z="-1.63989"></position>
            <normal x="0.9976875" y="0.0" z="0.06796793"></normal>
            <texcoord u="4.66352" v="0.66143596"></texcoord>
          </vertex>
          <vertex>
            <position x="2.51197" y="0.697877" z="-1.66191"></position>
            <normal x="0.9976875" y="0.0" z="0.06796793"></normal>
            <texcoord u="5.49426" v="0.25090098"></texcoord>
          </vertex>
          <vertex>
            <position x="2.51197" y="0.686971" z="-1.66191"></position>
            <normal x="0.9976875" y="0.0" z="0.06796793"></normal>
            <texcoord u="5.49426" v="0.66144"></texcoord>
          </vertex>
          <vertex>
            <position x="2.50748" y="0.697877" z="-1.66705"></position>
            <normal x="0.06796328" y="0.0" z="-0.9976878"></normal>
            <texcoord u="-4.67627" v="0.250871"></texcoord>
          </vertex>
          <vertex>
            <position x="2.50748" y="0.686971" z="-1.66705"></position>
            <normal x="0.06796328" y="0.0" z="-0.9976878"></normal>
            <texcoord u="-4.67627" v="0.66141"></texcoord>
          </vertex>
          <vertex>
            <position x="2.48546" y="0.697877" z="-1.66855"></position>
            <normal x="0.06796328" y="0.0" z="-0.9976878"></normal>
            <texcoord u="-3.84553" v="0.250871"></texcoord>
          </vertex>
          <vertex>
            <position x="2.48546" y="0.686971" z="-1.66855"></position>
            <normal x="0.06796328" y="0.0" z="-0.9976878"></normal>
            <texcoord u="-3.84553" v="0.661411"></texcoord>
          </vertex>
          <vertex>
            <position x="2.48031" y="0.697877" z="-1.66406"></position>
            <normal x="-0.9977189" y="0.0" z="-0.06750591"></normal>
            <texcoord u="-5.49426" v="0.25090098"></texcoord>
          </vertex>
          <vertex>
            <position x="2.48031" y="0.686971" z="-1.66406"></position>
            <normal x="-0.9977189" y="0.0" z="-0.06750591"></normal>
            <texcoord u="-5.49426" v="0.66144"></texcoord>
          </vertex>
          <vertex>
            <position x="2.47882" y="0.697877" z="-1.64204"></position>
            <normal x="-0.9977189" y="0.0" z="-0.06750591"></normal>
            <texcoord u="-4.66352" v="0.250897"></texcoord>
          </vertex>
          <vertex>
            <position x="2.47882" y="0.686971" z="-1.64204"></position>
            <normal x="-0.9977189" y="0.0" z="-0.06750591"></normal>
            <texcoord u="-4.66352" v="0.66143596"></texcoord>
          </vertex>
          <vertex>
            <position x="2.50533" y="0.697877" z="-1.6354"></position>
            <normal x="0.657886" y="0.0" z="0.75311744"></normal>
            <texcoord u="6.47547" v="0.250894"></texcoord>
          </vertex>
          <vertex>
            <position x="2.50533" y="0.686971" z="-1.6354"></position>
            <normal x="0.657886" y="0.0" z="0.75311744"></normal>
            <texcoord u="6.47547" v="0.661433"></texcoord>
          </vertex>
          <vertex>
            <position x="2.51047" y="0.697877" z="-1.63989"></position>
            <normal x="0.657886" y="0.0" z="0.75311744"></normal>
            <texcoord u="6.73255" v="0.25089502"></texcoord>
          </vertex>
          <vertex>
            <position x="2.51047" y="0.686971" z="-1.63989"></position>
            <normal x="0.657886" y="0.0" z="0.75311744"></normal>
            <texcoord u="6.73255" v="0.661434"></texcoord>
          </vertex>
          <vertex>
            <position x="2.48331" y="0.686971" z="-1.63689"></position>
            <normal x="-0.75375897" y="0.0" z="0.657151"></normal>
            <texcoord u="-0.450094" v="0.661415"></texcoord>
          </vertex>
          <vertex>
            <position x="2.48331" y="0.697877" z="-1.63689"></position>
            <normal x="-0.75375897" y="0.0" z="0.657151"></normal>
            <texcoord u="-0.450096" v="0.250875"></texcoord>
          </vertex>
          <vertex>
            <position x="2.47882" y="0.686971" z="-1.64204"></position>
            <normal x="-0.75375897" y="0.0" z="0.657151"></normal>
            <texcoord u="-0.70718" v="0.661416"></texcoord>
          </vertex>
          <vertex>
            <position x="2.47882" y="0.697877" z="-1.64204"></position>
            <normal x="-0.75375897" y="0.0" z="0.657151"></normal>
            <texcoord u="-0.707181" v="0.250876"></texcoord>
          </vertex>
          <vertex>
            <position x="2.51197" y="0.697877" z="-1.66191"></position>
            <normal x="0.7531077" y="0.0" z="-0.65789723"></normal>
            <texcoord u="0.450085" v="0.250875"></texcoord>
          </vertex>
          <vertex>
            <position x="2.51197" y="0.686971" z="-1.66191"></position>
            <normal x="0.7531077" y="0.0" z="-0.65789723"></normal>
            <texcoord u="0.450083" v="0.661415"></texcoord>
          </vertex>
          <vertex>
            <position x="2.50748" y="0.697877" z="-1.66705"></position>
            <normal x="0.7531077" y="0.0" z="-0.65789723"></normal>
            <texcoord u="0.70717" v="0.250876"></texcoord>
          </vertex>
          <vertex>
            <position x="2.50748" y="0.686971" z="-1.66705"></position>
            <normal x="0.7531077" y="0.0" z="-0.65789723"></normal>
            <texcoord u="0.707169" v="0.661416"></texcoord>
          </vertex>
          <vertex>
            <position x="2.48546" y="0.697877" z="-1.66855"></position>
            <normal x="-0.65715224" y="0.0" z="-0.7537579"></normal>
            <texcoord u="-6.73236" v="0.25089502"></texcoord>
          </vertex>
          <vertex>
            <position x="2.48546" y="0.686971" z="-1.66855"></position>
            <normal x="-0.65715224" y="0.0" z="-0.7537579"></normal>
            <texcoord u="-6.73236" v="0.661434"></texcoord>
          </vertex>
          <vertex>
            <position x="2.48031" y="0.697877" z="-1.66406"></position>
            <normal x="-0.65715224" y="0.0" z="-0.7537579"></normal>
            <texcoord u="-6.47531" v="0.250894"></texcoord>
          </vertex>
          <vertex>
            <position x="2.48031" y="0.686971" z="-1.66406"></position>
            <normal x="-0.65715224" y="0.0" z="-0.7537579"></normal>
            <texcoord u="-6.4753" v="0.661433"></texcoord>
          </vertex>
          <vertex>
            <position x="2.47898" y="0.84574" z="-1.6691"></position>
            <normal x="0.0" y="-1.0" z="0.0"></normal>
            <texcoord u="-3.56442" v="-4.70295"></texcoord>
          </vertex>
          <vertex>
            <position x="2.46699" y="0.84574" z="-1.65863"></position>
            <normal x="0.0" y="-1.0" z="0.0"></normal>
            <texcoord u="-3.14353" v="-4.27663"></texcoord>
          </vertex>
          <vertex>
            <position x="2.48142" y="0.84574" z="-1.70495"></position>
            <normal x="0.0" y="-1.0" z="0.0"></normal>
            <texcoord u="-3.5558" v="-6.05555"></texcoord>
          </vertex>
          <vertex>
            <position x="2.44014" y="0.84574" z="-1.66046"></position>
            <normal x="0.0" y="-1.0" z="0.0"></normal>
            <texcoord u="-2.13056" v="-4.2702"></texcoord>
          </vertex>
          <vertex>
            <position x="2.42968" y="0.84574" z="-1.67245"></position>
            <normal x="0.0" y="-1.0" z="0.0"></normal>
            <texcoord u="-1.70425" v="-4.69113"></texcoord>
          </vertex>
          <vertex>
            <position x="2.43212" y="0.84574" z="-1.7083"></position>
            <normal x="0.0" y="-1.0" z="0.0"></normal>
            <texcoord u="-1.69568" v="-6.04374"></texcoord>
          </vertex>
          <vertex>
            <position x="2.44411" y="0.84574" z="-1.71876"></position>
            <normal x="0.0" y="-1.0" z="0.0"></normal>
            <texcoord u="-2.11659" v="-6.47001"></texcoord>
          </vertex>
          <vertex>
            <position x="2.47095" y="0.84574" z="-1.71694"></position>
            <normal x="0.0" y="-1.0" z="0.0"></normal>
            <texcoord u="-3.12951" v="-6.47649"></texcoord>
          </vertex>
          <vertex>
            <position x="2.4441" y="0.886239" z="-1.71876"></position>
            <normal x="0.0" y="1.0" z="0.0"></normal>
            <texcoord u="2.11659" v="-6.47001"></texcoord>
          </vertex>
          <vertex>
            <position x="2.43212" y="0.886239" z="-1.7083"></position>
            <normal x="0.0" y="1.0" z="0.0"></normal>
            <texcoord u="1.69568" v="-6.04374"></texcoord>
          </vertex>
          <vertex>
            <position x="2.47095" y="0.886239" z="-1.71694"></position>
            <normal x="0.0" y="1.0" z="0.0"></normal>
            <texcoord u="3.12951" v="-6.47649"></texcoord>
          </vertex>
          <vertex>
            <position x="2.42968" y="0.886239" z="-1.67245"></position>
            <normal x="0.0" y="1.0" z="0.0"></normal>
            <texcoord u="1.70425" v="-4.69113"></texcoord>
          </vertex>
          <vertex>
            <position x="2.44014" y="0.886239" z="-1.66046"></position>
            <normal x="0.0" y="1.0" z="0.0"></normal>
            <texcoord u="2.13056" v="-4.2702"></texcoord>
          </vertex>
          <vertex>
            <position x="2.46699" y="0.886239" z="-1.65863"></position>
            <normal x="0.0" y="1.0" z="0.0"></normal>
            <texcoord u="3.14353" v="-4.27663"></texcoord>
          </vertex>
          <vertex>
            <position x="2.47898" y="0.886239" z="-1.6691"></position>
            <normal x="0.0" y="1.0" z="0.0"></normal>
            <texcoord u="3.56442" v="-4.70295"></texcoord>
          </vertex>
          <vertex>
            <position x="2.48142" y="0.886239" z="-1.70495"></position>
            <normal x="0.0" y="1.0" z="0.0"></normal>
            <texcoord u="3.5558" v="-6.05555"></texcoord>
          </vertex>
          <vertex>
            <position x="2.44014" y="0.886239" z="-1.66046"></position>
            <normal x="-0.06799804" y="0.0" z="0.99768543"></normal>
            <texcoord u="2.16399" v="-6.83975"></texcoord>
          </vertex>
          <vertex>
            <position x="2.44014" y="0.84574" z="-1.66046"></position>
            <normal x="-0.06799804" y="0.0" z="0.99768543"></normal>
            <texcoord u="2.16399" v="-5.31522"></texcoord>
          </vertex>
          <vertex>
            <position x="2.46699" y="0.886239" z="-1.65863"></position>
            <normal x="-0.06799804" y="0.0" z="0.99768543"></normal>
            <texcoord u="3.17698" v="-6.83975"></texcoord>
          </vertex>
          <vertex>
            <position x="2.46699" y="0.84574" z="-1.65863"></position>
            <normal x="-0.06799804" y="0.0" z="0.99768543"></normal>
            <texcoord u="3.17698" v="-5.31522"></texcoord>
          </vertex>
          <vertex>
            <position x="2.47898" y="0.886239" z="-1.6691"></position>
            <normal x="0.99769187" y="0.0" z="0.067903735"></normal>
            <texcoord u="5.68017" v="-6.83972"></texcoord>
          </vertex>
          <vertex>
            <position x="2.47898" y="0.84574" z="-1.6691"></position>
            <normal x="0.99769187" y="0.0" z="0.067903735"></normal>
            <texcoord u="5.68016" v="-5.31519"></texcoord>
          </vertex>
          <vertex>
            <position x="2.48142" y="0.886239" z="-1.70495"></position>
            <normal x="0.99769187" y="0.0" z="0.067903735"></normal>
            <texcoord u="7.0328" v="-6.83971"></texcoord>
          </vertex>
          <vertex>
            <position x="2.48142" y="0.84574" z="-1.70495"></position>
            <normal x="0.99769187" y="0.0" z="0.067903735"></normal>
            <texcoord u="7.0328" v="-5.31518"></texcoord>
          </vertex>
          <vertex>
            <position x="2.47095" y="0.886239" z="-1.71694"></position>
            <normal x="0.06762766" y="0.0" z="-0.9977106"></normal>
            <texcoord u="-3.17727" v="-6.83975"></texcoord>
          </vertex>
          <vertex>
            <position x="2.47095" y="0.84574" z="-1.71694"></position>
            <normal x="0.067640215" y="8.36375E-6" z="-0.99770975"></normal>
            <texcoord u="-3.17727" v="-5.31522"></texcoord>
          </vertex>
          <vertex>
            <position x="2.4441" y="0.886239" z="-1.71876"></position>
            <normal x="0.067640215" y="8.36375E-6" z="-0.99770975"></normal>
            <texcoord u="-2.16433" v="-6.83975"></texcoord>
          </vertex>
          <vertex>
            <position x="2.44411" y="0.84574" z="-1.71876"></position>
            <normal x="0.067652784" y="1.6727501E-5" z="-0.997709"></normal>
            <texcoord u="-2.16433" v="-5.31522"></texcoord>
          </vertex>
          <vertex>
            <position x="2.43212" y="0.886239" z="-1.7083"></position>
            <normal x="-0.9976919" y="0.0" z="-0.06790351"></normal>
            <texcoord u="-7.03289" v="-6.83971"></texcoord>
          </vertex>
          <vertex>
            <position x="2.43212" y="0.84574" z="-1.7083"></position>
            <normal x="-0.9976919" y="0.0" z="-0.06790351"></normal>
            <texcoord u="-7.03289" v="-5.31518"></texcoord>
          </vertex>
          <vertex>
            <position x="2.42968" y="0.886239" z="-1.67245"></position>
            <normal x="-0.9976919" y="0.0" z="-0.06790351"></normal>
            <texcoord u="-5.68026" v="-6.83972"></texcoord>
          </vertex>
          <vertex>
            <position x="2.42968" y="0.84574" z="-1.67245"></position>
            <normal x="-0.9976919" y="0.0" z="-0.06790351"></normal>
            <texcoord u="-5.68025" v="-5.31519"></texcoord>
          </vertex>
          <vertex>
            <position x="2.46699" y="0.886239" z="-1.65863"></position>
            <normal x="0.65774715" y="0.0" z="0.7532388"></normal>
            <texcoord u="5.96352" v="-6.83973"></texcoord>
          </vertex>
          <vertex>
            <position x="2.46699" y="0.84574" z="-1.65863"></position>
            <normal x="0.65774715" y="0.0" z="0.7532388"></normal>
            <texcoord u="5.96351" v="-5.3152"></texcoord>
          </vertex>
          <vertex>
            <position x="2.47898" y="0.886239" z="-1.6691"></position>
            <normal x="0.65774715" y="0.0" z="0.7532388"></normal>
            <texcoord u="6.56259" v="-6.83973"></texcoord>
          </vertex>
          <vertex>
            <position x="2.47898" y="0.84574" z="-1.6691"></position>
            <normal x="0.65774715" y="0.0" z="0.7532388"></normal>
            <texcoord u="6.56259" v="-5.31519"></texcoord>
          </vertex>
          <vertex>
            <position x="2.44014" y="0.84574" z="-1.66046"></position>
            <normal x="-0.75355095" y="0.0" z="0.65738946"></normal>
            <texcoord u="-2.18679" v="-5.31521"></texcoord>
          </vertex>
          <vertex>
            <position x="2.44014" y="0.886239" z="-1.66046"></position>
            <normal x="-0.75355095" y="0.0" z="0.65738946"></normal>
            <texcoord u="-2.1868" v="-6.83974"></texcoord>
          </vertex>
          <vertex>
            <position x="2.42968" y="0.84574" z="-1.67245"></position>
            <normal x="-0.75355095" y="0.0" z="0.65738946"></normal>
            <texcoord u="-2.7859" v="-5.3152"></texcoord>
          </vertex>
          <vertex>
            <position x="2.42968" y="0.886239" z="-1.67245"></position>
            <normal x="-0.75355095" y="0.0" z="0.65738946"></normal>
            <texcoord u="-2.78591" v="-6.83974"></texcoord>
          </vertex>
          <vertex>
            <position x="2.48142" y="0.886239" z="-1.70495"></position>
            <normal x="0.7532351" y="0.0" z="-0.6577514"></normal>
            <texcoord u="2.42722" v="-6.83974"></texcoord>
          </vertex>
          <vertex>
            <position x="2.48142" y="0.84574" z="-1.70495"></position>
            <normal x="0.7532351" y="0.0" z="-0.6577514"></normal>
            <texcoord u="2.42722" v="-5.31521"></texcoord>
          </vertex>
          <vertex>
            <position x="2.47095" y="0.886239" z="-1.71694"></position>
            <normal x="0.7532351" y="0.0" z="-0.6577514"></normal>
            <texcoord u="3.02632" v="-6.83974"></texcoord>
          </vertex>
          <vertex>
            <position x="2.47095" y="0.84574" z="-1.71694"></position>
            <normal x="0.7532351" y="0.0" z="-0.6577514"></normal>
            <texcoord u="3.02631" v="-5.3152"></texcoord>
          </vertex>
          <vertex>
            <position x="2.4441" y="0.886239" z="-1.71876"></position>
            <normal x="-0.6577093" y="-1.6262202E-4" z="-0.7532718"></normal>
            <texcoord u="-6.80258" v="-6.83973"></texcoord>
          </vertex>
          <vertex>
            <position x="2.44411" y="0.84574" z="-1.71876"></position>
            <normal x="-0.6575534" y="-8.131101E-5" z="-0.75340796"></normal>
            <texcoord u="-6.80257" v="-5.31519"></texcoord>
          </vertex>
          <vertex>
            <position x="2.43212" y="0.886239" z="-1.7083"></position>
            <normal x="-0.6575534" y="-8.131101E-5" z="-0.75340796"></normal>
            <texcoord u="-6.20352" v="-6.83973"></texcoord>
          </vertex>
          <vertex>
            <position x="2.43212" y="0.84574" z="-1.7083"></position>
            <normal x="-0.65739745" y="0.0" z="-0.75354403"></normal>
            <texcoord u="-6.20351" v="-5.3152"></texcoord>
          </vertex>
          <vertex>
            <position x="2.47051" y="0.860185" z="-1.54653"></position>
            <normal x="0.9977424" y="8.70885E-5" z="0.06715668"></normal>
            <texcoord u="1.0554" v="-5.85898"></texcoord>
          </vertex>
          <vertex>
            <position x="2.47103" y="0.848239" z="-1.55424"></position>
            <normal x="0.99771595" y="-1.2339666E-5" z="0.06754859"></normal>
            <texcoord u="1.34631" v="-5.40929"></texcoord>
          </vertex>
          <vertex>
            <position x="2.47091" y="0.888142" z="-1.55251"></position>
            <normal x="0.99770623" y="4.5517438E-5" z="0.067693196"></normal>
            <texcoord u="1.28103" v="-6.91137"></texcoord>
          </vertex>
          <vertex>
            <position x="2.47364" y="0.839976" z="-1.5927"></position>
            <normal x="0.99770254" y="-1.8565066E-4" z="0.067745835"></normal>
            <texcoord u="2.79718" v="-5.09874"></texcoord>
          </vertex>
          <vertex>
            <position x="2.47445" y="0.847704" z="-1.60461"></position>
            <normal x="0.99770254" y="-1.2260559E-4" z="0.06774712"></normal>
            <texcoord u="3.24685" v="-5.38965"></texcoord>
          </vertex>
          <vertex>
            <position x="2.47103" y="0.848239" z="-1.55424"></position>
            <normal x="0.99771595" y="-1.2339666E-5" z="0.06754859"></normal>
            <texcoord u="1.34623" v="-5.40979"></texcoord>
          </vertex>
          <vertex>
            <position x="2.47103" y="0.848239" z="-1.55424"></position>
            <normal x="0.99771595" y="-1.2339666E-5" z="0.06754859"></normal>
            <texcoord u="1.34622" v="-5.40929"></texcoord>
          </vertex>
          <vertex>
            <position x="2.47445" y="0.847704" z="-1.60461"></position>
            <normal x="0.99770254" y="-1.2260559E-4" z="0.06774712"></normal>
            <texcoord u="3.24684" v="-5.38915"></texcoord>
          </vertex>
          <vertex>
            <position x="2.47091" y="0.888142" z="-1.55251"></position>
            <normal x="0.99770623" y="4.5517438E-5" z="0.067693196"></normal>
            <texcoord u="1.28094" v="-6.91137"></texcoord>
          </vertex>
          <vertex>
            <position x="2.47486" y="0.875661" z="-1.61059"></position>
            <normal x="0.9977151" y="-1.7493131E-4" z="0.067560785"></normal>
            <texcoord u="3.47247" v="-6.44149"></texcoord>
          </vertex>
          <vertex>
            <position x="2.47434" y="0.887606" z="-1.60288"></position>
            <normal x="0.9976982" y="-4.7164423E-5" z="0.06781121"></normal>
            <texcoord u="3.18151" v="-6.89118"></texcoord>
          </vertex>
          <vertex>
            <position x="2.47445" y="0.847704" z="-1.60461"></position>
            <normal x="0.99770254" y="-1.2260559E-4" z="0.06774712"></normal>
            <texcoord u="3.24684" v="-5.38909"></texcoord>
          </vertex>
          <vertex>
            <position x="2.47445" y="0.847704" z="-1.60461"></position>
            <normal x="0.99770254" y="-1.2260559E-4" z="0.06774712"></normal>
            <texcoord u="3.2468" v="-5.38909"></texcoord>
          </vertex>
          <vertex>
            <position x="2.47434" y="0.887606" z="-1.60288"></position>
            <normal x="0.9976982" y="-4.7164423E-5" z="0.06781121"></normal>
            <texcoord u="3.18147" v="-6.89118"></texcoord>
          </vertex>
          <vertex>
            <position x="2.47091" y="0.888142" z="-1.55251"></position>
            <normal x="0.99770623" y="4.5517438E-5" z="0.067693196"></normal>
            <texcoord u="1.28089" v="-6.91131"></texcoord>
          </vertex>
          <vertex>
            <position x="2.47434" y="0.887606" z="-1.60288"></position>
            <normal x="0.9976982" y="-4.7164423E-5" z="0.06781121"></normal>
            <texcoord u="3.18147" v="-6.89097"></texcoord>
          </vertex>
          <vertex>
            <position x="2.47172" y="0.89587" z="-1.56443"></position>
            <normal x="0.9976897" y="2.248216E-4" z="0.06793422"></normal>
            <texcoord u="1.73056" v="-7.2020197"></texcoord>
          </vertex>
          <vertex>
            <position x="2.47091" y="0.888142" z="-1.55251"></position>
            <normal x="0.99770623" y="4.5517438E-5" z="0.067693196"></normal>
            <texcoord u="1.28089" v="-6.9111"></texcoord>
          </vertex>
          <vertex>
            <position x="2.42538" y="0.887606" z="-1.60621"></position>
            <normal x="-0.99771464" y="-6.584872E-4" z="-0.067565285"></normal>
            <texcoord u="-3.18155" v="-6.8912"></texcoord>
          </vertex>
          <vertex>
            <position x="2.42591" y="0.87566" z="-1.61392"></position>
            <normal x="-0.997705" y="-1.4740834E-4" z="-0.06771074"></normal>
            <texcoord u="-3.47246" v="-6.44151"></texcoord>
          </vertex>
          <vertex>
            <position x="2.42277" y="0.89587" z="-1.56775"></position>
            <normal x="-0.9977007" y="-9.6634416E-5" z="-0.06777382"></normal>
            <texcoord u="-1.73069" v="-7.2022495"></texcoord>
          </vertex>
          <vertex>
            <position x="2.4255" y="0.847703" z="-1.60794"></position>
            <normal x="-0.99770653" y="1.5600548E-4" z="-0.067688465"></normal>
            <texcoord u="-3.24646" v="-5.3892"></texcoord>
          </vertex>
          <vertex>
            <position x="2.42469" y="0.839975" z="-1.59602"></position>
            <normal x="-0.99770147" y="-8.980379E-5" z="-0.067762464"></normal>
            <texcoord u="-2.79678" v="-5.09829"></texcoord>
          </vertex>
          <vertex>
            <position x="2.42591" y="0.87566" z="-1.61392"></position>
            <normal x="-0.997705" y="-1.4740834E-4" z="-0.06771074"></normal>
            <texcoord u="-3.47209" v="-6.4416"></texcoord>
          </vertex>
          <vertex>
            <position x="2.42591" y="0.87566" z="-1.61392"></position>
            <normal x="-0.997705" y="-1.4740834E-4" z="-0.06771074"></normal>
            <texcoord u="-3.47243" v="-6.44143"></texcoord>
          </vertex>
          <vertex>
            <position x="2.42469" y="0.839975" z="-1.59602"></position>
            <normal x="-0.99770147" y="-8.980379E-5" z="-0.067762464"></normal>
            <texcoord u="-2.79712" v="-5.09812"></texcoord>
          </vertex>
          <vertex>
            <position x="2.42277" y="0.89587" z="-1.56775"></position>
            <normal x="-0.9977007" y="-9.6634416E-5" z="-0.06777382"></normal>
            <texcoord u="-1.73065" v="-7.2021704"></texcoord>
          </vertex>
          <vertex>
            <position x="2.42208" y="0.848239" z="-1.55757"></position>
            <normal x="-0.99771327" y="-6.453E-4" z="-0.06758562"></normal>
            <texcoord u="-1.34636" v="-5.4095"></texcoord>
          </vertex>
          <vertex>
            <position x="2.42155" y="0.860185" z="-1.54986"></position>
            <normal x="-0.9977026" y="-1.4453573E-4" z="-0.067745715"></normal>
            <texcoord u="-1.05545" v="-5.85919"></texcoord>
          </vertex>
          <vertex>
            <position x="2.42469" y="0.839975" z="-1.59602"></position>
            <normal x="-0.99770147" y="-8.980379E-5" z="-0.067762464"></normal>
            <texcoord u="-2.79727" v="-5.09845"></texcoord>
          </vertex>
          <vertex>
            <position x="2.42155" y="0.860185" z="-1.54986"></position>
            <normal x="-0.9977026" y="-1.4453573E-4" z="-0.067745715"></normal>
            <texcoord u="-1.0553" v="-5.85886"></texcoord>
          </vertex>
          <vertex>
            <position x="2.42155" y="0.860185" z="-1.54986"></position>
            <normal x="-0.9977026" y="-1.4453573E-4" z="-0.067745715"></normal>
            <texcoord u="-1.05523" v="-5.85889"></texcoord>
          </vertex>
          <vertex>
            <position x="2.42196" y="0.888142" z="-1.55584"></position>
            <normal x="-0.997702" y="1.4187013E-4" z="-0.06775423"></normal>
            <texcoord u="-1.28091" v="-6.91129"></texcoord>
          </vertex>
          <vertex>
            <position x="2.42277" y="0.89587" z="-1.56775"></position>
            <normal x="-0.9977007" y="-9.6634416E-5" z="-0.06777382"></normal>
            <texcoord u="-1.73058" v="-7.2022104"></texcoord>
          </vertex>
          <vertex>
            <position x="2.42469" y="0.839975" z="-1.59602"></position>
            <normal x="-0.014167819" y="-0.9777725" z="0.20918955"></normal>
            <texcoord u="1.74808" v="2.45663"></texcoord>
          </vertex>
          <vertex>
            <position x="2.47364" y="0.839976" z="-1.5927"></position>
            <normal x="-0.014196595" y="-0.9777807" z="0.20914926"></normal>
            <texcoord u="3.59502" v="2.45661"></texcoord>
          </vertex>
          <vertex>
            <position x="2.42208" y="0.848239" z="-1.55757"></position>
            <normal x="-0.014196595" y="-0.9777807" z="0.20914926"></normal>
            <texcoord u="1.74796" v="0.972754"></texcoord>
          </vertex>
          <vertex>
            <position x="2.47103" y="0.848239" z="-1.55424"></position>
            <normal x="-0.014225369" y="-0.97778887" z="0.20910895"></normal>
            <texcoord u="3.59498" v="0.97281003"></texcoord>
          </vertex>
          <vertex>
            <position x="2.42208" y="0.848239" z="-1.55757"></position>
            <normal x="-0.014196595" y="-0.9777807" z="0.20914926"></normal>
            <texcoord u="1.74793" v="0.972834"></texcoord>
          </vertex>
          <vertex>
            <position x="2.47364" y="0.839976" z="-1.5927"></position>
            <normal x="-0.014196595" y="-0.9777807" z="0.20914926"></normal>
            <texcoord u="3.59496" v="2.45673"></texcoord>
          </vertex>
          <vertex>
            <position x="2.42155" y="0.860185" z="-1.54986"></position>
            <normal x="-0.066349946" y="0.20963879" z="0.97552514"></normal>
            <texcoord u="1.74796" v="-5.92772"></texcoord>
          </vertex>
          <vertex>
            <position x="2.47051" y="0.860185" z="-1.54653"></position>
            <normal x="-0.06635687" y="0.20962742" z="0.9755271"></normal>
            <texcoord u="3.59496" v="-5.92773"></texcoord>
          </vertex>
          <vertex>
            <position x="2.42196" y="0.888142" z="-1.55584"></position>
            <normal x="-0.06635687" y="0.20962742" z="0.9755271"></normal>
            <texcoord u="1.74793" v="-7.0040503"></texcoord>
          </vertex>
          <vertex>
            <position x="2.47091" y="0.888142" z="-1.55251"></position>
            <normal x="-0.06636378" y="0.20961607" z="0.9755291"></normal>
            <texcoord u="3.59496" v="-7.00408"></texcoord>
          </vertex>
          <vertex>
            <position x="2.42196" y="0.888142" z="-1.55584"></position>
            <normal x="-0.06635687" y="0.20962742" z="0.9755271"></normal>
            <texcoord u="1.7479" v="-7.00408"></texcoord>
          </vertex>
          <vertex>
            <position x="2.47051" y="0.860185" z="-1.54653"></position>
            <normal x="-0.06635687" y="0.20962742" z="0.9755271"></normal>
            <texcoord u="3.59494" v="-5.92776"></texcoord>
          </vertex>
          <vertex>
            <position x="2.42277" y="0.89587" z="-1.56775"></position>
            <normal x="0.014184352" y="0.97778386" z="-0.2091349"></normal>
            <texcoord u="-1.74789" v="0.972831"></texcoord>
          </vertex>
          <vertex>
            <position x="2.47172" y="0.89587" z="-1.56443"></position>
            <normal x="0.014205841" y="0.9777788" z="-0.20915774"></normal>
            <texcoord u="-3.59494" v="0.972805"></texcoord>
          </vertex>
          <vertex>
            <position x="2.42538" y="0.887606" z="-1.60621"></position>
            <normal x="0.014205841" y="0.9777788" z="-0.20915774"></normal>
            <texcoord u="-1.7479" v="2.45666"></texcoord>
          </vertex>
          <vertex>
            <position x="2.47434" y="0.887606" z="-1.60288"></position>
            <normal x="0.014227328" y="0.97777355" z="-0.20918052"></normal>
            <texcoord u="-3.59498" v="2.45666"></texcoord>
          </vertex>
          <vertex>
            <position x="2.42538" y="0.887606" z="-1.60621"></position>
            <normal x="0.014205841" y="0.9777788" z="-0.20915774"></normal>
            <texcoord u="-1.74795" v="2.45667"></texcoord>
          </vertex>
          <vertex>
            <position x="2.47172" y="0.89587" z="-1.56443"></position>
            <normal x="0.014205841" y="0.9777788" z="-0.20915774"></normal>
            <texcoord u="-3.59497" v="0.97278297"></texcoord>
          </vertex>
          <vertex>
            <position x="2.42591" y="0.87566" z="-1.61392"></position>
            <normal x="0.066367775" y="-0.20963837" z="-0.975524"></normal>
            <texcoord u="-1.74802" v="-7.0040703"></texcoord>
          </vertex>
          <vertex>
            <position x="2.47486" y="0.875661" z="-1.61059"></position>
            <normal x="0.06636762" y="-0.20963809" z="-0.97552407"></normal>
            <texcoord u="-3.59505" v="-7.00408"></texcoord>
          </vertex>
          <vertex>
            <position x="2.4255" y="0.847703" z="-1.60794"></position>
            <normal x="0.06636762" y="-0.20963809" z="-0.97552407"></normal>
            <texcoord u="-1.74799" v="-5.92775"></texcoord>
          </vertex>
          <vertex>
            <position x="2.47445" y="0.847704" z="-1.60461"></position>
            <normal x="0.06636746" y="-0.20963782" z="-0.9755241"></normal>
            <texcoord u="-3.59504" v="-5.92776"></texcoord>
          </vertex>
          <vertex>
            <position x="2.42208" y="0.848239" z="-1.55757"></position>
            <normal x="-0.056986492" y="-0.5431717" z="0.8376855"></normal>
            <texcoord u="1.74792" v="-3.6501198"></texcoord>
          </vertex>
          <vertex>
            <position x="2.47103" y="0.848239" z="-1.55424"></position>
            <normal x="-0.05698143" y="-0.54315484" z="0.8376968"></normal>
            <texcoord u="3.59497" v="-3.6501298"></texcoord>
          </vertex>
          <vertex>
            <position x="2.42155" y="0.860185" z="-1.54986"></position>
            <normal x="-0.05698143" y="-0.54315484" z="0.8376968"></normal>
            <texcoord u="1.74796" v="-4.18571"></texcoord>
          </vertex>
          <vertex>
            <position x="2.47051" y="0.860185" z="-1.54653"></position>
            <normal x="-0.056976367" y="-0.543138" z="0.83770806"></normal>
            <texcoord u="3.59497" v="-4.18571"></texcoord>
          </vertex>
          <vertex>
            <position x="2.42155" y="0.860185" z="-1.54986"></position>
            <normal x="-0.05698143" y="-0.54315484" z="0.8376968"></normal>
            <texcoord u="1.74796" v="-4.1857"></texcoord>
          </vertex>
          <vertex>
            <position x="2.47103" y="0.848239" z="-1.55424"></position>
            <normal x="-0.05698143" y="-0.54315484" z="0.8376968"></normal>
            <texcoord u="3.59497" v="-3.6501198"></texcoord>
          </vertex>
          <vertex>
            <position x="2.47364" y="0.839976" z="-1.5927"></position>
            <normal x="0.03679078" y="-0.8394506" z="-0.5421892"></normal>
            <texcoord u="-3.59498" v="-4.66092"></texcoord>
          </vertex>
          <vertex>
            <position x="2.42469" y="0.839975" z="-1.59602"></position>
            <normal x="0.03683504" y="-0.8395541" z="-0.5420259"></normal>
            <texcoord u="-1.74804" v="-4.66092"></texcoord>
          </vertex>
          <vertex>
            <position x="2.47445" y="0.847704" z="-1.60461"></position>
            <normal x="0.03683504" y="-0.8395541" z="-0.5420259"></normal>
            <texcoord u="-3.59503" v="-5.1965"></texcoord>
          </vertex>
          <vertex>
            <position x="2.4255" y="0.847703" z="-1.60794"></position>
            <normal x="0.0368793" y="-0.8396576" z="-0.5418626"></normal>
            <texcoord u="-1.74797" v="-5.19647"></texcoord>
          </vertex>
          <vertex>
            <position x="2.47445" y="0.847704" z="-1.60461"></position>
            <normal x="0.03683504" y="-0.8395541" z="-0.5420259"></normal>
            <texcoord u="-3.59503" v="-5.19649"></texcoord>
          </vertex>
          <vertex>
            <position x="2.42469" y="0.839975" z="-1.59602"></position>
            <normal x="0.03683504" y="-0.8395541" z="-0.5420259"></normal>
            <texcoord u="-1.74803" v="-4.6609"></texcoord>
          </vertex>
          <vertex>
            <position x="2.42196" y="0.888142" z="-1.55584"></position>
            <normal x="-0.03688392" y="0.83945024" z="0.54218334"></normal>
            <texcoord u="1.7479" v="-4.37286"></texcoord>
          </vertex>
          <vertex>
            <position x="2.47091" y="0.888142" z="-1.55251"></position>
            <normal x="-0.036817882" y="0.83955395" z="0.54202735"></normal>
            <texcoord u="3.59496" v="-4.37286"></texcoord>
          </vertex>
          <vertex>
            <position x="2.42277" y="0.89587" z="-1.56775"></position>
            <normal x="-0.036817882" y="0.83955395" z="0.54202735"></normal>
            <texcoord u="1.74787" v="-4.90842"></texcoord>
          </vertex>
          <vertex>
            <position x="2.47172" y="0.89587" z="-1.56443"></position>
            <normal x="-0.03675184" y="0.83965755" z="0.54187125"></normal>
            <texcoord u="3.59491" v="-4.9085"></texcoord>
          </vertex>
          <vertex>
            <position x="2.42277" y="0.89587" z="-1.56775"></position>
            <normal x="-0.036817882" y="0.83955395" z="0.54202735"></normal>
            <texcoord u="1.74786" v="-4.90849"></texcoord>
          </vertex>
          <vertex>
            <position x="2.47091" y="0.888142" z="-1.55251"></position>
            <normal x="-0.036817882" y="0.83955395" z="0.54202735"></normal>
            <texcoord u="3.59495" v="-4.37293"></texcoord>
          </vertex>
          <vertex>
            <position x="2.42538" y="0.887606" z="-1.60621"></position>
            <normal x="0.056974895" y="0.54317176" z="-0.83768636"></normal>
            <texcoord u="-1.74794" v="-3.89752"></texcoord>
          </vertex>
          <vertex>
            <position x="2.47434" y="0.887606" z="-1.60288"></position>
            <normal x="0.05697512" y="0.5431711" z="-0.83768666"></normal>
            <texcoord u="-3.59497" v="-3.89753"></texcoord>
          </vertex>
          <vertex>
            <position x="2.42591" y="0.87566" z="-1.61392"></position>
            <normal x="0.05697512" y="0.5431711" z="-0.83768666"></normal>
            <texcoord u="-1.74794" v="-3.36194"></texcoord>
          </vertex>
          <vertex>
            <position x="2.47486" y="0.875661" z="-1.61059"></position>
            <normal x="0.05697535" y="0.54317045" z="-0.8376871"></normal>
            <texcoord u="-3.59506" v="-3.3614602"></texcoord>
          </vertex>
          <vertex>
            <position x="2.42591" y="0.87566" z="-1.61392"></position>
            <normal x="0.05697512" y="0.5431711" z="-0.83768666"></normal>
            <texcoord u="-1.74803" v="-3.3614502"></texcoord>
          </vertex>
          <vertex>
            <position x="2.47434" y="0.887606" z="-1.60288"></position>
            <normal x="0.05697512" y="0.5431711" z="-0.83768666"></normal>
            <texcoord u="-3.59505" v="-3.89706"></texcoord>
          </vertex>
          <vertex>
            <position x="2.42595" y="0.686971" z="-1.64563"></position>
            <normal x="0.0" y="-1.0" z="0.0"></normal>
            <texcoord u="-1.63908" v="-3.6739802"></texcoord>
          </vertex>
          <vertex>
            <position x="2.42081" y="0.686971" z="-1.64114"></position>
            <normal x="0.0" y="-1.0" z="0.0"></normal>
            <texcoord u="-1.45852" v="-3.4910898"></texcoord>
          </vertex>
          <vertex>
            <position x="2.42745" y="0.686971" z="-1.66765"></position>
            <normal x="0.0" y="-1.0" z="0.0"></normal>
            <texcoord u="-1.6338" v="-4.50475"></texcoord>
          </vertex>
          <vertex>
            <position x="2.39879" y="0.686971" z="-1.64263"></position>
            <normal x="0.0" y="-1.0" z="0.0"></normal>
            <texcoord u="-0.627725" v="-3.4857602"></texcoord>
          </vertex>
          <vertex>
            <position x="2.3943" y="0.686971" z="-1.64778"></position>
            <normal x="0.0" y="-1.0" z="0.0"></normal>
            <texcoord u="-0.444832" v="-3.66639"></texcoord>
          </vertex>
          <vertex>
            <position x="2.39579" y="0.686971" z="-1.6698"></position>
            <normal x="0.0" y="-1.0" z="0.0"></normal>
            <texcoord u="-0.439555" v="-4.49716"></texcoord>
          </vertex>
          <vertex>
            <position x="2.40094" y="0.686971" z="-1.67429"></position>
            <normal x="0.0" y="-1.0" z="0.0"></normal>
            <texcoord u="-0.620138" v="-4.68005"></texcoord>
          </vertex>
          <vertex>
            <position x="2.42296" y="0.686971" z="-1.67279"></position>
            <normal x="0.0" y="-1.0" z="0.0"></normal>
            <texcoord u="-1.45091" v="-4.68538"></texcoord>
          </vertex>
          <vertex>
            <position x="2.40094" y="0.697877" z="-1.67429"></position>
            <normal x="0.0" y="1.0" z="0.0"></normal>
            <texcoord u="0.620138" v="-4.68005"></texcoord>
          </vertex>
          <vertex>
            <position x="2.39579" y="0.697877" z="-1.6698"></position>
            <normal x="0.0" y="1.0" z="0.0"></normal>
            <texcoord u="0.439555" v="-4.49716"></texcoord>
          </vertex>
          <vertex>
            <position x="2.42296" y="0.697877" z="-1.67279"></position>
            <normal x="0.0" y="1.0" z="0.0"></normal>
            <texcoord u="1.45091" v="-4.68538"></texcoord>
          </vertex>
          <vertex>
            <position x="2.3943" y="0.697877" z="-1.64778"></position>
            <normal x="0.0" y="1.0" z="0.0"></normal>
            <texcoord u="0.444832" v="-3.66639"></texcoord>
          </vertex>
          <vertex>
            <position x="2.39879" y="0.697877" z="-1.64263"></position>
            <normal x="0.0" y="1.0" z="0.0"></normal>
            <texcoord u="0.627725" v="-3.4857602"></texcoord>
          </vertex>
          <vertex>
            <position x="2.42081" y="0.697877" z="-1.64114"></position>
            <normal x="0.0" y="1.0" z="0.0"></normal>
            <texcoord u="1.45852" v="-3.4910898"></texcoord>
          </vertex>
          <vertex>
            <position x="2.42595" y="0.697877" z="-1.64563"></position>
            <normal x="0.0" y="1.0" z="0.0"></normal>
            <texcoord u="1.63908" v="-3.6739802"></texcoord>
          </vertex>
          <vertex>
            <position x="2.42745" y="0.697877" z="-1.66765"></position>
            <normal x="0.0" y="1.0" z="0.0"></normal>
            <texcoord u="1.6338" v="-4.50475"></texcoord>
          </vertex>
          <vertex>
            <position x="2.39879" y="0.697877" z="-1.64263"></position>
            <normal x="-0.067510925" y="0.0" z="0.9977185"></normal>
            <texcoord u="0.656453" v="0.25087303"></texcoord>
          </vertex>
          <vertex>
            <position x="2.39879" y="0.686971" z="-1.64263"></position>
            <normal x="-0.067510925" y="0.0" z="0.9977185"></normal>
            <texcoord u="0.656453" v="0.661412"></texcoord>
          </vertex>
          <vertex>
            <position x="2.42081" y="0.697877" z="-1.64114"></position>
            <normal x="-0.067510925" y="0.0" z="0.9977185"></normal>
            <texcoord u="1.48726" v="0.25087202"></texcoord>
          </vertex>
          <vertex>
            <position x="2.42081" y="0.686971" z="-1.64114"></position>
            <normal x="-0.067510925" y="0.0" z="0.9977185"></normal>
            <texcoord u="1.48726" v="0.661412"></texcoord>
          </vertex>
          <vertex>
            <position x="2.42595" y="0.697877" z="-1.64563"></position>
            <normal x="0.99768823" y="0.0" z="0.06795754"></normal>
            <texcoord u="4.66348" v="0.250897"></texcoord>
          </vertex>
          <vertex>
            <position x="2.42595" y="0.686971" z="-1.64563"></position>
            <normal x="0.99768823" y="0.0" z="0.06795754"></normal>
            <texcoord u="4.66348" v="0.66143596"></texcoord>
          </vertex>
          <vertex>
            <position x="2.42745" y="0.697877" z="-1.66765"></position>
            <normal x="0.99768823" y="0.0" z="0.06795754"></normal>
            <texcoord u="5.49427" v="0.25090098"></texcoord>
          </vertex>
          <vertex>
            <position x="2.42745" y="0.686971" z="-1.66765"></position>
            <normal x="0.99768823" y="0.0" z="0.06795754"></normal>
            <texcoord u="5.49426" v="0.66144"></texcoord>
          </vertex>
          <vertex>
            <position x="2.42296" y="0.697877" z="-1.67279"></position>
            <normal x="0.06795718" y="0.0" z="-0.99768823"></normal>
            <texcoord u="-1.4873" v="0.25087202"></texcoord>
          </vertex>
          <vertex>
            <position x="2.42296" y="0.686971" z="-1.67279"></position>
            <normal x="0.06795718" y="0.0" z="-0.99768823"></normal>
            <texcoord u="-1.4873" v="0.661412"></texcoord>
          </vertex>
          <vertex>
            <position x="2.40094" y="0.697877" z="-1.67429"></position>
            <normal x="0.06795718" y="0.0" z="-0.99768823"></normal>
            <texcoord u="-0.656516" v="0.25087303"></texcoord>
          </vertex>
          <vertex>
            <position x="2.40094" y="0.686971" z="-1.67429"></position>
            <normal x="0.06795718" y="0.0" z="-0.99768823"></normal>
            <texcoord u="-0.656516" v="0.661412"></texcoord>
          </vertex>
          <vertex>
            <position x="2.39579" y="0.697877" z="-1.6698"></position>
            <normal x="-0.99771816" y="0.0" z="-0.067516305"></normal>
            <texcoord u="-5.49426" v="0.25090098"></texcoord>
          </vertex>
          <vertex>
            <position x="2.39579" y="0.686971" z="-1.6698"></position>
            <normal x="-0.99771816" y="0.0" z="-0.067516305"></normal>
            <texcoord u="-5.49426" v="0.66144"></texcoord>
          </vertex>
          <vertex>
            <position x="2.3943" y="0.697877" z="-1.64778"></position>
            <normal x="-0.99771816" y="0.0" z="-0.067516305"></normal>
            <texcoord u="-4.66348" v="0.250897"></texcoord>
          </vertex>
          <vertex>
            <position x="2.3943" y="0.686971" z="-1.64778"></position>
            <normal x="-0.99771816" y="0.0" z="-0.067516305"></normal>
            <texcoord u="-4.66348" v="0.66143596"></texcoord>
          </vertex>
          <vertex>
            <position x="2.42081" y="0.697877" z="-1.64114"></position>
            <normal x="0.6578787" y="0.0" z="0.7531239"></normal>
            <texcoord u="4.22067" v="0.25088698"></texcoord>
          </vertex>
          <vertex>
            <position x="2.42081" y="0.686971" z="-1.64114"></position>
            <normal x="0.6578787" y="0.0" z="0.7531239"></normal>
            <texcoord u="4.22067" v="0.661426"></texcoord>
          </vertex>
          <vertex>
            <position x="2.42595" y="0.697877" z="-1.64563"></position>
            <normal x="0.6578787" y="0.0" z="0.7531239"></normal>
            <texcoord u="4.47768" v="0.25088698"></texcoord>
          </vertex>
          <vertex>
            <position x="2.42595" y="0.686971" z="-1.64563"></position>
            <normal x="0.6578787" y="0.0" z="0.7531239"></normal>
            <texcoord u="4.47768" v="0.661427"></texcoord>
          </vertex>
          <vertex>
            <position x="2.39879" y="0.686971" z="-1.64263"></position>
            <normal x="-0.75375897" y="0.0" z="0.657151"></normal>
            <texcoord u="-2.70548" v="0.66142297"></texcoord>
          </vertex>
          <vertex>
            <position x="2.39879" y="0.697877" z="-1.64263"></position>
            <normal x="-0.75375897" y="0.0" z="0.657151"></normal>
            <texcoord u="-2.70548" v="0.250884"></texcoord>
          </vertex>
          <vertex>
            <position x="2.3943" y="0.686971" z="-1.64778"></position>
            <normal x="-0.75375897" y="0.0" z="0.657151"></normal>
            <texcoord u="-2.96253" v="0.66142404"></texcoord>
          </vertex>
          <vertex>
            <position x="2.3943" y="0.697877" z="-1.64778"></position>
            <normal x="-0.75375897" y="0.0" z="0.657151"></normal>
            <texcoord u="-2.96253" v="0.250885"></texcoord>
          </vertex>
          <vertex>
            <position x="2.42745" y="0.697877" z="-1.66765"></position>
            <normal x="0.7531326" y="0.0" z="-0.6578688"></normal>
            <texcoord u="2.70567" v="0.250884"></texcoord>
          </vertex>
          <vertex>
            <position x="2.42745" y="0.686971" z="-1.66765"></position>
            <normal x="0.7531326" y="0.0" z="-0.6578688"></normal>
            <texcoord u="2.70567" v="0.66142297"></texcoord>
          </vertex>
          <vertex>
            <position x="2.42296" y="0.697877" z="-1.67279"></position>
            <normal x="0.7531326" y="0.0" z="-0.6578688"></normal>
            <texcoord u="2.96272" v="0.250885"></texcoord>
          </vertex>
          <vertex>
            <position x="2.42296" y="0.686971" z="-1.67279"></position>
            <normal x="0.7531326" y="0.0" z="-0.6578688"></normal>
            <texcoord u="2.96272" v="0.66142404"></texcoord>
          </vertex>
          <vertex>
            <position x="2.40094" y="0.697877" z="-1.67429"></position>
            <normal x="-0.6571596" y="0.0" z="-0.75375146"></normal>
            <texcoord u="-4.47754" v="0.25088698"></texcoord>
          </vertex>
          <vertex>
            <position x="2.40094" y="0.686971" z="-1.67429"></position>
            <normal x="-0.6571596" y="0.0" z="-0.75375146"></normal>
            <texcoord u="-4.47754" v="0.661427"></texcoord>
          </vertex>
          <vertex>
            <position x="2.39579" y="0.697877" z="-1.6698"></position>
            <normal x="-0.6571596" y="0.0" z="-0.75375146"></normal>
            <texcoord u="-4.22052" v="0.25088698"></texcoord>
          </vertex>
          <vertex>
            <position x="2.39579" y="0.686971" z="-1.6698"></position>
            <normal x="-0.6571596" y="0.0" z="-0.75375146"></normal>
            <texcoord u="-4.22052" v="0.661426"></texcoord>
          </vertex>
          <vertex>
            <position x="2.51047" y="0.686971" z="-1.63989"></position>
            <normal x="0.0" y="-1.0" z="0.0"></normal>
            <texcoord u="-4.82802" v="-3.6942801"></texcoord>
          </vertex>
          <vertex>
            <position x="2.50533" y="0.686971" z="-1.6354"></position>
            <normal x="0.0" y="-1.0" z="0.0"></normal>
            <texcoord u="-4.6474" v="-3.5113401"></texcoord>
          </vertex>
          <vertex>
            <position x="2.51197" y="0.686971" z="-1.66191"></position>
            <normal x="0.0" y="-1.0" z="0.0"></normal>
            <texcoord u="-4.82275" v="-4.52501"></texcoord>
          </vertex>
          <vertex>
            <position x="2.48331" y="0.686971" z="-1.63689"></position>
            <normal x="0.0" y="-1.0" z="0.0"></normal>
            <texcoord u="-3.81667" v="-3.5060701"></texcoord>
          </vertex>
          <vertex>
            <position x="2.47882" y="0.686971" z="-1.64204"></position>
            <normal x="0.0" y="-1.0" z="0.0"></normal>
            <texcoord u="-3.63373" v="-3.6866999"></texcoord>
          </vertex>
          <vertex>
            <position x="2.48031" y="0.686971" z="-1.66406"></position>
            <normal x="0.0" y="-1.0" z="0.0"></normal>
            <texcoord u="-3.62846" v="-4.51742"></texcoord>
          </vertex>
          <vertex>
            <position x="2.48546" y="0.686971" z="-1.66855"></position>
            <normal x="0.0" y="-1.0" z="0.0"></normal>
            <texcoord u="-3.80909" v="-4.70031"></texcoord>
          </vertex>
          <vertex>
            <position x="2.50748" y="0.686971" z="-1.66705"></position>
            <normal x="0.0" y="-1.0" z="0.0"></normal>
            <texcoord u="-4.63981" v="-4.70563"></texcoord>
          </vertex>
          <vertex>
            <position x="2.48546" y="0.697877" z="-1.66855"></position>
            <normal x="0.0" y="1.0" z="0.0"></normal>
            <texcoord u="3.80909" v="-4.70031"></texcoord>
          </vertex>
        </vertexbuffer>
      </geometry>
    </submesh>
  </submeshes>
</mesh>
