<mesh>
  <submeshes>
    <submesh material="Material.99" usesharedvertices="false">
      <faces count="27">
        <face v1="0" v2="1" v3="2"></face>
        <face v1="0" v2="2" v3="3"></face>
        <face v1="4" v2="5" v3="6"></face>
        <face v1="4" v2="6" v3="7"></face>
        <face v1="8" v2="9" v3="10"></face>
        <face v1="8" v2="10" v3="11"></face>
        <face v1="11" v2="12" v3="8"></face>
        <face v1="13" v2="9" v3="8"></face>
        <face v1="8" v2="12" v3="13"></face>
      </faces>
      <geometry vertexcount="14">
        <vertexbuffer positions="true" normals="true" texture_coords="1">
          <vertex>
            <position x="2.77305" y="0.674428" z="-1.8091"></position>
            <normal x="0.0" y="-1.0" z="0.0"></normal>
            <texcoord u="-23.7599" v="-26.8119"></texcoord>
          </vertex>
          <vertex>
            <position x="2.82049" y="0.674428" z="-1.80176"></position>
            <normal x="0.0" y="-1.0" z="0.0"></normal>
            <texcoord u="-25.5458" v="-26.5355"></texcoord>
          </vertex>
          <vertex>
            <position x="2.8153" y="0.674428" z="-1.76824"></position>
            <normal x="0.0" y="-1.0" z="0.0"></normal>
            <texcoord u="-25.3505" v="-25.2737"></texcoord>
          </vertex>
          <vertex>
            <position x="2.76786" y="0.674428" z="-1.77558"></position>
            <normal x="0.0" y="-1.0" z="0.0"></normal>
            <texcoord u="-23.5646" v="-25.5502"></texcoord>
          </vertex>
          <vertex>
            <position x="3.41223" y="0.674428" z="-1.66296"></position>
            <normal x="5.5446885E-6" y="-1.0" z="1.7430424E-5"></normal>
            <texcoord u="-47.821" v="-21.3108"></texcoord>
          </vertex>
          <vertex>
            <position x="3.45799" y="0.674429" z="-1.64845"></position>
            <normal x="2.0118854E-5" y="-1.0" z="6.384675E-6"></normal>
            <texcoord u="-49.5436" v="-20.7644"></texcoord>
          </vertex>
          <vertex>
            <position x="3.44773" y="0.674429" z="-1.61612"></position>
            <normal x="5.5446885E-6" y="-1.0" z="1.7430424E-5"></normal>
            <texcoord u="-49.1575" v="-19.5473"></texcoord>
          </vertex>
          <vertex>
            <position x="3.40197" y="0.674429" z="-1.63063"></position>
            <normal x="-9.029477E-6" y="-1.0" z="2.8476172E-5"></normal>
            <texcoord u="-47.435" v="-20.0938"></texcoord>
          </vertex>
          <vertex>
            <position x="4.03502" y="0.32168" z="-1.39442"></position>
            <normal x="0.0" y="-1.0" z="0.0"></normal>
            <texcoord u="-71.2652" v="-11.2021"></texcoord>
          </vertex>
          <vertex>
            <position x="4.06447" y="0.32168" z="-1.399"></position>
            <normal x="0.0" y="-1.0" z="0.0"></normal>
            <texcoord u="-72.3736" v="-11.3745"></texcoord>
          </vertex>
          <vertex>
            <position x="4.04939" y="0.32168" z="-1.36862"></position>
            <normal x="0.0" y="-1.0" z="0.0"></normal>
            <texcoord u="-71.8059" v="-10.2308"></texcoord>
          </vertex>
          <vertex>
            <position x="4.04821" y="0.32168" z="-1.36921"></position>
            <normal x="0.0" y="-1.0" z="0.0"></normal>
            <texcoord u="-71.7616" v="-10.2528"></texcoord>
          </vertex>
          <vertex>
            <position x="4.00639" y="0.32168" z="-1.38997"></position>
            <normal x="0.0" y="-1.0" z="0.0"></normal>
            <texcoord u="-70.1872" v="-11.0344"></texcoord>
          </vertex>
          <vertex>
            <position x="4.02147" y="0.32168" z="-1.42035"></position>
            <normal x="0.0" y="-1.0" z="0.0"></normal>
            <texcoord u="-70.7549" v="-12.178"></texcoord>
          </vertex>
        </vertexbuffer>
      </geometry>
    </submesh>
  </submeshes>
</mesh>
