<mesh>
  <submeshes>
    <submesh material="Material.90" usesharedvertices="false">
      <faces count="180">
        <face v1="0" v2="1" v3="2"></face>
        <face v1="3" v2="2" v3="1"></face>
        <face v1="4" v2="5" v3="6"></face>
        <face v1="7" v2="6" v3="5"></face>
        <face v1="8" v2="9" v3="10"></face>
        <face v1="11" v2="10" v3="9"></face>
        <face v1="12" v2="13" v3="14"></face>
        <face v1="15" v2="14" v3="13"></face>
        <face v1="16" v2="17" v3="18"></face>
        <face v1="19" v2="18" v3="17"></face>
        <face v1="20" v2="21" v3="22"></face>
        <face v1="23" v2="22" v3="21"></face>
        <face v1="24" v2="25" v3="26"></face>
        <face v1="27" v2="26" v3="25"></face>
        <face v1="28" v2="29" v3="30"></face>
        <face v1="31" v2="32" v3="33"></face>
        <face v1="34" v2="33" v3="32"></face>
        <face v1="35" v2="36" v3="37"></face>
        <face v1="38" v2="37" v3="36"></face>
        <face v1="38" v2="36" v3="39"></face>
        <face v1="38" v2="39" v3="40"></face>
        <face v1="41" v2="42" v3="43"></face>
        <face v1="44" v2="43" v3="42"></face>
        <face v1="45" v2="46" v3="47"></face>
        <face v1="48" v2="47" v3="46"></face>
        <face v1="49" v2="50" v3="51"></face>
        <face v1="49" v2="51" v3="52"></face>
        <face v1="53" v2="54" v3="55"></face>
        <face v1="56" v2="55" v3="54"></face>
        <face v1="57" v2="58" v3="59"></face>
        <face v1="60" v2="59" v3="58"></face>
        <face v1="61" v2="62" v3="63"></face>
        <face v1="64" v2="63" v3="62"></face>
        <face v1="65" v2="66" v3="67"></face>
        <face v1="68" v2="67" v3="66"></face>
        <face v1="69" v2="70" v3="71"></face>
        <face v1="72" v2="71" v3="70"></face>
        <face v1="73" v2="74" v3="75"></face>
        <face v1="76" v2="75" v3="74"></face>
        <face v1="77" v2="78" v3="79"></face>
        <face v1="80" v2="79" v3="78"></face>
        <face v1="81" v2="82" v3="83"></face>
        <face v1="84" v2="81" v3="83"></face>
        <face v1="84" v2="83" v3="85"></face>
        <face v1="86" v2="87" v3="88"></face>
        <face v1="89" v2="88" v3="87"></face>
        <face v1="90" v2="91" v3="92"></face>
        <face v1="93" v2="92" v3="91"></face>
        <face v1="93" v2="91" v3="94"></face>
        <face v1="93" v2="94" v3="95"></face>
        <face v1="96" v2="97" v3="98"></face>
        <face v1="99" v2="98" v3="97"></face>
        <face v1="100" v2="101" v3="102"></face>
        <face v1="103" v2="102" v3="101"></face>
        <face v1="104" v2="105" v3="106"></face>
        <face v1="104" v2="106" v3="107"></face>
        <face v1="108" v2="109" v3="82"></face>
        <face v1="108" v2="82" v3="81"></face>
        <face v1="81" v2="84" v3="110"></face>
        <face v1="81" v2="110" v3="108"></face>
      </faces>
      <geometry vertexcount="111">
        <vertexbuffer positions="true" normals="true" texture_coords="1">
          <vertex>
            <position x="3.07276" y="0.0206657" z="-1.14615"></position>
            <normal x="0.0" y="-1.0" z="3.6805748E-6"></normal>
            <texcoord u="-35.0422" v="-1.85638"></texcoord>
          </vertex>
          <vertex>
            <position x="3.23974" y="0.0206657" z="-1.14615"></position>
            <normal x="0.0" y="-1.0" z="3.6805748E-6"></normal>
            <texcoord u="-41.328" v="-1.85638"></texcoord>
          </vertex>
          <vertex>
            <position x="3.07276" y="0.0206664" z="-0.955866"></position>
            <normal x="0.0" y="-1.0" z="3.6805748E-6"></normal>
            <texcoord u="-35.0422" v="5.30671"></texcoord>
          </vertex>
          <vertex>
            <position x="3.23974" y="0.0206664" z="-0.955866"></position>
            <normal x="0.0" y="-1.0" z="3.6805748E-6"></normal>
            <texcoord u="-41.328" v="5.30671"></texcoord>
          </vertex>
          <vertex>
            <position x="3.23374" y="0.0269277" z="-0.963364"></position>
            <normal x="0.0" y="1.0" z="-3.2812786E-6"></normal>
            <texcoord u="41.1022" v="5.02448"></texcoord>
          </vertex>
          <vertex>
            <position x="3.23374" y="0.0269271" z="-1.14615"></position>
            <normal x="0.0" y="1.0" z="-3.2812786E-6"></normal>
            <texcoord u="41.1022" v="-1.85638"></texcoord>
          </vertex>
          <vertex>
            <position x="3.07876" y="0.0269277" z="-0.963364"></position>
            <normal x="0.0" y="1.0" z="-3.2812786E-6"></normal>
            <texcoord u="35.268" v="5.02448"></texcoord>
          </vertex>
          <vertex>
            <position x="3.07876" y="0.0269271" z="-1.14615"></position>
            <normal x="0.0" y="1.0" z="-3.2812786E-6"></normal>
            <texcoord u="35.268" v="-1.85638"></texcoord>
          </vertex>
          <vertex>
            <position x="3.23974" y="0.0206664" z="-0.955866"></position>
            <normal x="0.0" y="0.7675692" z="0.6409661"></normal>
            <texcoord u="41.328" v="12.9488"></texcoord>
          </vertex>
          <vertex>
            <position x="3.23374" y="0.0269277" z="-0.963364"></position>
            <normal x="0.0" y="0.7675692" z="0.6409661"></normal>
            <texcoord u="41.1022" v="12.5811"></texcoord>
          </vertex>
          <vertex>
            <position x="3.07276" y="0.0206664" z="-0.955866"></position>
            <normal x="0.0" y="0.7675692" z="0.6409661"></normal>
            <texcoord u="35.0422" v="12.9488"></texcoord>
          </vertex>
          <vertex>
            <position x="3.07876" y="0.0269277" z="-0.963364"></position>
            <normal x="0.0" y="0.76756924" z="0.6409662"></normal>
            <texcoord u="35.268" v="12.5811"></texcoord>
          </vertex>
          <vertex>
            <position x="3.23974" y="0.0206657" z="-1.14615"></position>
            <normal x="0.72202885" y="0.69186294" z="-2.5463783E-6"></normal>
            <texcoord u="2.85638" v="39.3251"></texcoord>
          </vertex>
          <vertex>
            <position x="3.23374" y="0.0269271" z="-1.14615"></position>
            <normal x="0.72202677" y="0.69186515" z="-2.4092676E-6"></normal>
            <texcoord u="2.85638" v="38.9987"></texcoord>
          </vertex>
          <vertex>
            <position x="3.23974" y="0.0206664" z="-0.955866"></position>
            <normal x="0.72202677" y="0.69186515" z="-2.4092676E-6"></normal>
            <texcoord u="-4.30671" v="39.3251"></texcoord>
          </vertex>
          <vertex>
            <position x="3.23374" y="0.0269277" z="-0.963364"></position>
            <normal x="0.7220247" y="0.6918673" z="-2.2721565E-6"></normal>
            <texcoord u="-4.02448" v="38.9987"></texcoord>
          </vertex>
          <vertex>
            <position x="3.07276" y="0.0206657" z="-1.14615"></position>
            <normal x="0.0" y="0.0" z="-1.0"></normal>
            <texcoord u="-35.0422" v="14.4836"></texcoord>
          </vertex>
          <vertex>
            <position x="3.07876" y="0.0269271" z="-1.14615"></position>
            <normal x="0.0" y="0.0" z="-1.0"></normal>
            <texcoord u="-35.268" v="14.2479"></texcoord>
          </vertex>
          <vertex>
            <position x="3.23974" y="0.0206657" z="-1.14615"></position>
            <normal x="0.0" y="0.0" z="-1.0"></normal>
            <texcoord u="-41.328" v="14.4836"></texcoord>
          </vertex>
          <vertex>
            <position x="3.23374" y="0.0269271" z="-1.14615"></position>
            <normal x="0.0" y="0.0" z="-1.0"></normal>
            <texcoord u="-41.1022" v="14.2479"></texcoord>
          </vertex>
          <vertex>
            <position x="3.07276" y="0.0206664" z="-0.955866"></position>
            <normal x="-0.7220248" y="0.6918672" z="-2.5463933E-6"></normal>
            <texcoord u="4.30671" v="-13.5026"></texcoord>
          </vertex>
          <vertex>
            <position x="3.07876" y="0.0269277" z="-0.963364"></position>
            <normal x="-0.7220268" y="0.6918651" z="-2.4092678E-6"></normal>
            <texcoord u="4.02448" v="-13.829"></texcoord>
          </vertex>
          <vertex>
            <position x="3.07276" y="0.0206657" z="-1.14615"></position>
            <normal x="-0.7220268" y="0.6918651" z="-2.4092678E-6"></normal>
            <texcoord u="-2.85638" v="-13.5026"></texcoord>
          </vertex>
          <vertex>
            <position x="3.07876" y="0.0269271" z="-1.14615"></position>
            <normal x="-0.72202885" y="0.69186294" z="-2.2721422E-6"></normal>
            <texcoord u="-2.85638" v="-13.829"></texcoord>
          </vertex>
          <vertex>
            <position x="3.26303" y="0.24679" z="-1.50868"></position>
            <normal x="0.0" y="-1.0" z="0.0"></normal>
            <texcoord u="-42.2047" v="-15.503099"></texcoord>
          </vertex>
          <vertex>
            <position x="3.30938" y="0.24679" z="-1.50868"></position>
            <normal x="0.0" y="-1.0" z="0.0"></normal>
            <texcoord u="-43.9493" v="-15.503099"></texcoord>
          </vertex>
          <vertex>
            <position x="3.26303" y="0.24679" z="-1.41105"></position>
            <normal x="0.0" y="-1.0" z="0.0"></normal>
            <texcoord u="-42.2047" v="-11.8281"></texcoord>
          </vertex>
          <vertex>
            <position x="3.30938" y="0.24679" z="-1.41105"></position>
            <normal x="0.0" y="-1.0" z="0.0"></normal>
            <texcoord u="-43.9493" v="-11.8281"></texcoord>
          </vertex>
          <vertex>
            <position x="3.28874" y="0.596953" z="-1.46521"></position>
            <normal x="0.0" y="1.0" z="0.0"></normal>
            <texcoord u="43.1724" v="-13.8667"></texcoord>
          </vertex>
          <vertex>
            <position x="3.30938" y="0.596953" z="-1.46499"></position>
            <normal x="0.0" y="1.0" z="0.0"></normal>
            <texcoord u="43.9493" v="-13.8585"></texcoord>
          </vertex>
          <vertex>
            <position x="3.30938" y="0.596953" z="-1.50868"></position>
            <normal x="0.0" y="1.0" z="0.0"></normal>
            <texcoord u="43.9493" v="-15.503099"></texcoord>
          </vertex>
          <vertex>
            <position x="3.30938" y="0.24679" z="-1.41105"></position>
            <normal x="0.0" y="0.0" z="1.0"></normal>
            <texcoord u="43.9493" v="5.97145"></texcoord>
          </vertex>
          <vertex>
            <position x="3.30938" y="0.596953" z="-1.41105"></position>
            <normal x="0.0" y="0.0" z="1.0"></normal>
            <texcoord u="43.9493" v="-7.20992"></texcoord>
          </vertex>
          <vertex>
            <position x="3.26303" y="0.24679" z="-1.41105"></position>
            <normal x="0.0" y="0.0" z="1.0"></normal>
            <texcoord u="42.2047" v="5.97145"></texcoord>
          </vertex>
          <vertex>
            <position x="3.26303" y="0.596953" z="-1.41105"></position>
            <normal x="0.0" y="0.0" z="1.0"></normal>
            <texcoord u="42.2047" v="-7.20992"></texcoord>
          </vertex>
          <vertex>
            <position x="3.30938" y="0.24679" z="-1.50868"></position>
            <normal x="1.0" y="0.0" z="0.0"></normal>
            <texcoord u="16.5031" v="5.97145"></texcoord>
          </vertex>
          <vertex>
            <position x="3.30938" y="0.596953" z="-1.50868"></position>
            <normal x="1.0" y="0.0" z="0.0"></normal>
            <texcoord u="16.5031" v="-7.20992"></texcoord>
          </vertex>
          <vertex>
            <position x="3.30938" y="0.24679" z="-1.41105"></position>
            <normal x="1.0" y="0.0" z="0.0"></normal>
            <texcoord u="12.8281" v="5.97145"></texcoord>
          </vertex>
          <vertex>
            <position x="3.30938" y="0.596953" z="-1.41105"></position>
            <normal x="1.0" y="0.0" z="0.0"></normal>
            <texcoord u="12.8281" v="-7.20992"></texcoord>
          </vertex>
          <vertex>
            <position x="3.30938" y="0.596953" z="-1.46499"></position>
            <normal x="1.0" y="0.0" z="0.0"></normal>
            <texcoord u="14.8585" v="-7.20992"></texcoord>
          </vertex>
          <vertex>
            <position x="3.30938" y="0.596953" z="-1.44933"></position>
            <normal x="1.0" y="0.0" z="0.0"></normal>
            <texcoord u="14.269" v="-7.20992"></texcoord>
          </vertex>
          <vertex>
            <position x="3.26303" y="0.24679" z="-1.50868"></position>
            <normal x="0.0" y="0.0" z="-1.0"></normal>
            <texcoord u="-42.2047" v="5.97145"></texcoord>
          </vertex>
          <vertex>
            <position x="3.26303" y="0.596953" z="-1.50868"></position>
            <normal x="0.0" y="0.0" z="-1.0"></normal>
            <texcoord u="-42.2047" v="-7.20992"></texcoord>
          </vertex>
          <vertex>
            <position x="3.30938" y="0.24679" z="-1.50868"></position>
            <normal x="0.0" y="0.0" z="-1.0"></normal>
            <texcoord u="-43.9493" v="5.97145"></texcoord>
          </vertex>
          <vertex>
            <position x="3.30938" y="0.596953" z="-1.50868"></position>
            <normal x="0.0" y="0.0" z="-1.0"></normal>
            <texcoord u="-43.9493" v="-7.20992"></texcoord>
          </vertex>
          <vertex>
            <position x="3.26303" y="0.24679" z="-1.41105"></position>
            <normal x="-1.0" y="0.0" z="0.0"></normal>
            <texcoord u="-12.8281" v="5.97145"></texcoord>
          </vertex>
          <vertex>
            <position x="3.26303" y="0.596953" z="-1.41105"></position>
            <normal x="-1.0" y="0.0" z="0.0"></normal>
            <texcoord u="-12.8281" v="-7.20992"></texcoord>
          </vertex>
          <vertex>
            <position x="3.26303" y="0.24679" z="-1.50868"></position>
            <normal x="-1.0" y="0.0" z="0.0"></normal>
            <texcoord u="-16.5031" v="5.97145"></texcoord>
          </vertex>
          <vertex>
            <position x="3.26303" y="0.596953" z="-1.50868"></position>
            <normal x="-1.0" y="0.0" z="0.0"></normal>
            <texcoord u="-16.5031" v="-7.20992"></texcoord>
          </vertex>
          <vertex>
            <position x="3.26303" y="0.596953" z="-1.50868"></position>
            <normal x="1.0" y="0.0" z="0.0"></normal>
            <texcoord u="-16.5031" v="-7.20992"></texcoord>
          </vertex>
          <vertex>
            <position x="3.26303" y="0.596953" z="-1.41105"></position>
            <normal x="1.0" y="0.0" z="0.0"></normal>
            <texcoord u="-12.8281" v="-7.20992"></texcoord>
          </vertex>
          <vertex>
            <position x="3.26303" y="0.596953" z="-1.4479"></position>
            <normal x="1.0" y="0.0" z="0.0"></normal>
            <texcoord u="-14.2151" v="-7.20992"></texcoord>
          </vertex>
          <vertex>
            <position x="3.26303" y="0.596953" z="-1.46548"></position>
            <normal x="1.0" y="0.0" z="0.0"></normal>
            <texcoord u="-14.8769" v="-7.20992"></texcoord>
          </vertex>
          <vertex>
            <position x="1.03907" y="0.0206657" z="-1.14615"></position>
            <normal x="0.0" y="-1.0" z="3.680575E-6"></normal>
            <texcoord u="41.5131" v="-1.85638"></texcoord>
          </vertex>
          <vertex>
            <position x="1.20605" y="0.0206657" z="-1.14615"></position>
            <normal x="0.0" y="-1.0" z="3.680575E-6"></normal>
            <texcoord u="35.2273" v="-1.85638"></texcoord>
          </vertex>
          <vertex>
            <position x="1.03907" y="0.0206664" z="-0.955866"></position>
            <normal x="0.0" y="-1.0" z="3.680575E-6"></normal>
            <texcoord u="41.5131" v="5.30671"></texcoord>
          </vertex>
          <vertex>
            <position x="1.20605" y="0.0206664" z="-0.955866"></position>
            <normal x="0.0" y="-1.0" z="3.680575E-6"></normal>
            <texcoord u="35.2273" v="5.30671"></texcoord>
          </vertex>
          <vertex>
            <position x="1.20005" y="0.0269277" z="-0.963364"></position>
            <normal x="0.0" y="1.0" z="-3.2812784E-6"></normal>
            <texcoord u="-35.4531" v="5.02448"></texcoord>
          </vertex>
          <vertex>
            <position x="1.20005" y="0.0269271" z="-1.14615"></position>
            <normal x="0.0" y="1.0" z="-3.2812784E-6"></normal>
            <texcoord u="-35.4531" v="-1.85638"></texcoord>
          </vertex>
          <vertex>
            <position x="1.04507" y="0.0269277" z="-0.963364"></position>
            <normal x="0.0" y="1.0" z="-3.2812784E-6"></normal>
            <texcoord u="-41.2873" v="5.02448"></texcoord>
          </vertex>
          <vertex>
            <position x="1.04507" y="0.0269271" z="-1.14615"></position>
            <normal x="0.0" y="1.0" z="-3.2812784E-6"></normal>
            <texcoord u="-41.2873" v="-1.85638"></texcoord>
          </vertex>
          <vertex>
            <position x="1.20605" y="0.0206664" z="-0.955866"></position>
            <normal x="0.0" y="0.7675692" z="0.6409661"></normal>
            <texcoord u="-35.2273" v="12.9488"></texcoord>
          </vertex>
          <vertex>
            <position x="1.20005" y="0.0269277" z="-0.963364"></position>
            <normal x="0.0" y="0.7675691" z="0.6409661"></normal>
            <texcoord u="-35.4531" v="12.5811"></texcoord>
          </vertex>
          <vertex>
            <position x="1.03907" y="0.0206664" z="-0.955866"></position>
            <normal x="0.0" y="0.7675691" z="0.6409661"></normal>
            <texcoord u="-41.5131" v="12.9488"></texcoord>
          </vertex>
          <vertex>
            <position x="1.04507" y="0.0269277" z="-0.963364"></position>
            <normal x="0.0" y="0.7675691" z="0.6409661"></normal>
            <texcoord u="-41.2873" v="12.5811"></texcoord>
          </vertex>
          <vertex>
            <position x="1.20605" y="0.0206657" z="-1.14615"></position>
            <normal x="0.72201514" y="0.6918773" z="-2.5463298E-6"></normal>
            <texcoord u="2.85638" v="-13.6304"></texcoord>
          </vertex>
          <vertex>
            <position x="1.20005" y="0.0269271" z="-1.14615"></position>
            <normal x="0.722013" y="0.69187945" z="-2.408074E-6"></normal>
            <texcoord u="2.85638" v="-13.9568"></texcoord>
          </vertex>
          <vertex>
            <position x="1.20605" y="0.0206664" z="-0.955866"></position>
            <normal x="0.722013" y="0.69187945" z="-2.408074E-6"></normal>
            <texcoord u="-4.30671" v="-13.6304"></texcoord>
          </vertex>
          <vertex>
            <position x="1.20005" y="0.0269277" z="-0.963364"></position>
            <normal x="0.72201097" y="0.69188166" z="-2.2698182E-6"></normal>
            <texcoord u="-4.02448" v="-13.9568"></texcoord>
          </vertex>
          <vertex>
            <position x="1.03907" y="0.0206657" z="-1.14615"></position>
            <normal x="0.0" y="0.0" z="-1.0"></normal>
            <texcoord u="41.5131" v="14.4836"></texcoord>
          </vertex>
          <vertex>
            <position x="1.04507" y="0.0269271" z="-1.14615"></position>
            <normal x="0.0" y="0.0" z="-1.0"></normal>
            <texcoord u="41.2873" v="14.2479"></texcoord>
          </vertex>
          <vertex>
            <position x="1.20605" y="0.0206657" z="-1.14615"></position>
            <normal x="0.0" y="0.0" z="-1.0"></normal>
            <texcoord u="35.2273" v="14.4836"></texcoord>
          </vertex>
          <vertex>
            <position x="1.20005" y="0.0269271" z="-1.14615"></position>
            <normal x="0.0" y="0.0" z="-1.0"></normal>
            <texcoord u="35.4531" v="14.2479"></texcoord>
          </vertex>
          <vertex>
            <position x="1.03907" y="0.0206664" z="-0.955866"></position>
            <normal x="-0.7220111" y="0.6918815" z="-2.546345E-6"></normal>
            <texcoord u="4.30671" v="39.4529"></texcoord>
          </vertex>
          <vertex>
            <position x="1.04507" y="0.0269277" z="-0.963364"></position>
            <normal x="-0.7220131" y="0.6918794" z="-2.4080746E-6"></normal>
            <texcoord u="4.02448" v="39.1265"></texcoord>
          </vertex>
          <vertex>
            <position x="1.03907" y="0.0206657" z="-1.14615"></position>
            <normal x="-0.7220131" y="0.6918794" z="-2.4080746E-6"></normal>
            <texcoord u="-2.85638" v="39.4529"></texcoord>
          </vertex>
          <vertex>
            <position x="1.04507" y="0.0269271" z="-1.14615"></position>
            <normal x="-0.72201514" y="0.6918773" z="-2.2698039E-6"></normal>
            <texcoord u="-2.85638" v="39.1265"></texcoord>
          </vertex>
          <vertex>
            <position x="0.966941" y="0.24679" z="-1.50868"></position>
            <normal x="0.0" y="-1.0" z="0.0"></normal>
            <texcoord u="44.2282" v="-15.503099"></texcoord>
          </vertex>
          <vertex>
            <position x="1.01329" y="0.24679" z="-1.50868"></position>
            <normal x="0.0" y="-1.0" z="0.0"></normal>
            <texcoord u="42.4835" v="-15.503099"></texcoord>
          </vertex>
          <vertex>
            <position x="0.966941" y="0.24679" z="-1.41105"></position>
            <normal x="0.0" y="-1.0" z="0.0"></normal>
            <texcoord u="44.2282" v="-11.8281"></texcoord>
          </vertex>
          <vertex>
            <position x="1.01329" y="0.24679" z="-1.41105"></position>
            <normal x="0.0" y="-1.0" z="0.0"></normal>
            <texcoord u="42.4835" v="-11.8281"></texcoord>
          </vertex>
          <vertex>
            <position x="0.992778" y="0.596953" z="-1.46548"></position>
            <normal x="0.0" y="1.0" z="0.0"></normal>
            <texcoord u="-43.2556" v="-13.8767"></texcoord>
          </vertex>
          <vertex>
            <position x="1.01329" y="0.596953" z="-1.46568"></position>
            <normal x="0.0" y="1.0" z="0.0"></normal>
            <texcoord u="-42.4835" v="-13.8844"></texcoord>
          </vertex>
          <vertex>
            <position x="1.01329" y="0.596953" z="-1.50868"></position>
            <normal x="0.0" y="1.0" z="0.0"></normal>
            <texcoord u="-42.4835" v="-15.503099"></texcoord>
          </vertex>
          <vertex>
            <position x="0.966941" y="0.596953" z="-1.46522"></position>
            <normal x="0.0" y="1.0" z="0.0"></normal>
            <texcoord u="-44.2282" v="-13.8671"></texcoord>
          </vertex>
          <vertex>
            <position x="0.966941" y="0.596953" z="-1.50868"></position>
            <normal x="0.0" y="1.0" z="0.0"></normal>
            <texcoord u="-44.2282" v="-15.503099"></texcoord>
          </vertex>
          <vertex>
            <position x="1.01329" y="0.24679" z="-1.41105"></position>
            <normal x="0.0" y="0.0" z="1.0"></normal>
            <texcoord u="-42.4835" v="5.97145"></texcoord>
          </vertex>
          <vertex>
            <position x="1.01329" y="0.596953" z="-1.41105"></position>
            <normal x="0.0" y="0.0" z="1.0"></normal>
            <texcoord u="-42.4835" v="-7.20992"></texcoord>
          </vertex>
          <vertex>
            <position x="0.966941" y="0.24679" z="-1.41105"></position>
            <normal x="0.0" y="0.0" z="1.0"></normal>
            <texcoord u="-44.2282" v="5.97145"></texcoord>
          </vertex>
          <vertex>
            <position x="0.966941" y="0.596953" z="-1.41105"></position>
            <normal x="0.0" y="0.0" z="1.0"></normal>
            <texcoord u="-44.2282" v="-7.20992"></texcoord>
          </vertex>
          <vertex>
            <position x="1.01329" y="0.24679" z="-1.50868"></position>
            <normal x="1.0" y="0.0" z="0.0"></normal>
            <texcoord u="16.5031" v="5.97145"></texcoord>
          </vertex>
          <vertex>
            <position x="1.01329" y="0.596953" z="-1.50868"></position>
            <normal x="1.0" y="0.0" z="0.0"></normal>
            <texcoord u="16.5031" v="-7.20992"></texcoord>
          </vertex>
          <vertex>
            <position x="1.01329" y="0.24679" z="-1.41105"></position>
            <normal x="1.0" y="0.0" z="0.0"></normal>
            <texcoord u="12.8281" v="5.97145"></texcoord>
          </vertex>
          <vertex>
            <position x="1.01329" y="0.596953" z="-1.41105"></position>
            <normal x="1.0" y="0.0" z="0.0"></normal>
            <texcoord u="12.8281" v="-7.20992"></texcoord>
          </vertex>
          <vertex>
            <position x="1.01329" y="0.596953" z="-1.46568"></position>
            <normal x="1.0" y="0.0" z="0.0"></normal>
            <texcoord u="14.8844" v="-7.20992"></texcoord>
          </vertex>
          <vertex>
            <position x="1.01329" y="0.596953" z="-1.44853"></position>
            <normal x="1.0" y="0.0" z="0.0"></normal>
            <texcoord u="14.2387" v="-7.20992"></texcoord>
          </vertex>
          <vertex>
            <position x="0.966941" y="0.24679" z="-1.50868"></position>
            <normal x="0.0" y="0.0" z="-1.0"></normal>
            <texcoord u="44.2282" v="5.97145"></texcoord>
          </vertex>
          <vertex>
            <position x="0.966941" y="0.596953" z="-1.50868"></position>
            <normal x="0.0" y="0.0" z="-1.0"></normal>
            <texcoord u="44.2282" v="-7.20992"></texcoord>
          </vertex>
          <vertex>
            <position x="1.01329" y="0.24679" z="-1.50868"></position>
            <normal x="0.0" y="0.0" z="-1.0"></normal>
            <texcoord u="42.4835" v="5.97145"></texcoord>
          </vertex>
          <vertex>
            <position x="1.01329" y="0.596953" z="-1.50868"></position>
            <normal x="0.0" y="0.0" z="-1.0"></normal>
            <texcoord u="42.4835" v="-7.20992"></texcoord>
          </vertex>
          <vertex>
            <position x="0.966941" y="0.24679" z="-1.41105"></position>
            <normal x="-1.0" y="0.0" z="0.0"></normal>
            <texcoord u="-12.8281" v="5.97145"></texcoord>
          </vertex>
          <vertex>
            <position x="0.966941" y="0.596953" z="-1.41105"></position>
            <normal x="-1.0" y="0.0" z="0.0"></normal>
            <texcoord u="-12.8281" v="-7.20992"></texcoord>
          </vertex>
          <vertex>
            <position x="0.966941" y="0.24679" z="-1.50868"></position>
            <normal x="-1.0" y="0.0" z="0.0"></normal>
            <texcoord u="-16.5031" v="5.97145"></texcoord>
          </vertex>
          <vertex>
            <position x="0.966941" y="0.596953" z="-1.50868"></position>
            <normal x="-1.0" y="0.0" z="0.0"></normal>
            <texcoord u="-16.5031" v="-7.20992"></texcoord>
          </vertex>
          <vertex>
            <position x="0.966941" y="0.596953" z="-1.50868"></position>
            <normal x="1.0" y="0.0" z="0.0"></normal>
            <texcoord u="-16.5031" v="-7.20992"></texcoord>
          </vertex>
          <vertex>
            <position x="0.966941" y="0.596953" z="-1.41105"></position>
            <normal x="1.0" y="0.0" z="0.0"></normal>
            <texcoord u="-12.8281" v="-7.20992"></texcoord>
          </vertex>
          <vertex>
            <position x="0.966941" y="0.596953" z="-1.44996"></position>
            <normal x="1.0" y="0.0" z="0.0"></normal>
            <texcoord u="-14.2925" v="-7.20992"></texcoord>
          </vertex>
          <vertex>
            <position x="0.966941" y="0.596953" z="-1.46522"></position>
            <normal x="1.0" y="0.0" z="0.0"></normal>
            <texcoord u="-14.8671" v="-7.20992"></texcoord>
          </vertex>
          <vertex>
            <position x="0.985144" y="0.596953" z="-1.44939"></position>
            <normal x="0.0" y="1.0" z="0.0"></normal>
            <texcoord u="-43.543" v="-13.2713"></texcoord>
          </vertex>
          <vertex>
            <position x="1.01329" y="0.596953" z="-1.44853"></position>
            <normal x="0.0" y="1.0" z="0.0"></normal>
            <texcoord u="-42.4835" v="-13.2387"></texcoord>
          </vertex>
          <vertex>
            <position x="0.966941" y="0.596953" z="-1.44996"></position>
            <normal x="0.0" y="1.0" z="0.0"></normal>
            <texcoord u="-44.2282" v="-13.2925"></texcoord>
          </vertex>
        </vertexbuffer>
      </geometry>
    </submesh>
  </submeshes>
</mesh>
