<mesh>
  <submeshes>
    <submesh material="Material.144" usesharedvertices="false">
      <faces count="6">
        <face v1="0" v2="1" v3="2"></face>
        <face v1="0" v2="2" v3="3"></face>
      </faces>
      <geometry vertexcount="4">
        <vertexbuffer positions="true" normals="true" texture_coords="1">
          <vertex>
            <position x="1.65713" y="2.09103" z="-0.929617"></position>
            <normal x="-1.8695114E-6" y="1.0" z="-6.9780936E-6"></normal>
            <texcoord u="4.03076" v="-15.3015995"></texcoord>
          </vertex>
          <vertex>
            <position x="1.73795" y="2.09103" z="-0.951272"></position>
            <normal x="-1.8695114E-6" y="1.0" z="-6.9780936E-6"></normal>
            <texcoord u="4.03076" v="-15.681999"></texcoord>
          </vertex>
          <vertex>
            <position x="1.38774" y="2.09102" z="-2.25828"></position>
            <normal x="-1.8695114E-6" y="1.0" z="-6.9780936E-6"></normal>
            <texcoord u="0.991209" v="-15.681999"></texcoord>
          </vertex>
          <vertex>
            <position x="1.30692" y="2.09102" z="-2.23663"></position>
            <normal x="-1.8695114E-6" y="1.0" z="-6.9780936E-6"></normal>
            <texcoord u="0.991209" v="-15.3015995"></texcoord>
          </vertex>
        </vertexbuffer>
      </geometry>
    </submesh>
  </submeshes>
</mesh>
